CASE_ID,COLLISION_DATE,MONTH,HOUR,DAY_OF_WEEK,COLLISION_SEVERITY,NUMBER_KILLED,NUMBER_INJURED,PCF_VIOL_CATEGORY,TYPE_OF_COLLISION,PEDESTRIAN_ACCIDENT,BICYCLE_ACCIDENT,MOTORCYCLE_ACCIDENT,COUNT_PED_INJURED,COUNT_BICYCLIST_INJURED,COUNT_MC_INJURED,COUNT_PED_KILLED,COUNT_BICYCLIST_KILLED,COUNT_MC_KILLED,STWD_VEHTYPE_AT_FAULT,COUNTY
82000528,2023-02-14,2,16,2,possible injury,0,1,unsafe starting or backing,sideswipe,no,no,no,0,0,0,0,0,0,Not Stated,ORANGE
82000529,2023-02-14,2,16,2,minor injury,0,1,automobile right of way,broadside,no,no,no,0,0,0,0,0,0,Passenger Car/Station Wagon,ORANGE
82000534,2023-02-19,2,10,7,minor injury,0,2,unsafe speed,rear end,no,no,no,0,0,0,0,0,0,Passenger Car/Station Wagon,ORANGE
82000535,2023-02-21,2,11,2,possible injury,0,1,traffic signs,broadside,no,no,no,0,0,0,0,0,0,Passenger Car/Station Wagon,ORANGE
82000536,2023-02-21,2,20,2,possible injury,0,4,DUI,broadside,no,no,no,0,0,0,0,0,0,Passenger Car/Station Wagon,ORANGE
82000537,2023-02-21,2,20,2,possible injury,0,1,improper turning,sideswipe,no,no,no,0,0,0,0,0,0,Passenger Car/Station Wagon,ORANGE
82000540,2023-02-12,2,2,7,minor injury,0,2,DUI,hit object,no,no,no,0,0,0,0,0,0,Passenger Car/Station Wagon,RIVERSIDE
82000541,2023-02-17,2,11,5,minor injury,0,2,traffic signs,broadside,no,no,no,0,0,0,0,0,0,Passenger Car/Station Wagon,RIVERSIDE
82000542,2023-02-17,2,14,5,possible injury,0,1,unsafe speed,rear end,no,no,no,0,0,0,0,0,0,Pickup or Panel Truck,RIVERSIDE
82000550,2023-01-25,1,16,3,minor injury,0,2,automobile right of way,broadside,no,no,no,0,0,0,0,0,0,Passenger Car/Station Wagon,LOS ANGELES
82000551,2023-01-29,1,18,7,minor injury,0,1,DUI,broadside,no,no,no,0,0,0,0,0,0,Passenger Car/Station Wagon,LOS ANGELES
82000552,2023-01-31,1,9,2,minor injury,0,1,pedestrian right of way,vehicle/pedestrian,yes,no,no,1,0,0,0,0,0,Passenger Car/Station Wagon,LOS ANGELES
82000554,2023-02-04,2,11,6,possible injury,0,1,unsafe speed,rear end,no,no,no,0,0,0,0,0,0,Passenger Car/Station Wagon,LOS ANGELES
82000555,2023-01-28,1,10,6,minor injury,0,2,automobile right of way,broadside,no,no,no,0,0,0,0,0,0,Passenger Car/Station Wagon,MONTEREY
82000556,2023-02-07,2,19,2,minor injury,0,1,automobile right of way,broadside,no,yes,no,0,1,0,0,0,0,Passenger Car/Station Wagon,SONOMA
82000560,2023-02-06,2,0,1,minor injury,0,2,DUI,rear end,no,no,no,0,0,0,0,0,0,Passenger Car/Station Wagon,RIVERSIDE
82000568,2023-02-03,2,13,5,possible injury,0,1,unsafe speed,rear end,no,no,no,0,0,0,0,0,0,Pickup or Panel Truck,SAN LUIS OBISPO
82000573,2023-02-03,2,17,5,possible injury,0,3,unsafe speed,rear end,no,no,no,0,0,0,0,0,0,Passenger Car/Station Wagon,ORANGE
82000577,2023-02-14,2,20,2,possible injury,0,3,unsafe speed,rear end,no,no,no,0,0,0,0,0,0,Pickup or Panel Truck,ORANGE
82000578,2023-02-16,2,14,4,minor injury,0,1,traffic signs,other,no,yes,no,0,1,0,0,0,0,Other Vehicle,ORANGE
82000582,2023-02-03,2,6,5,possible injury,0,1,automobile right of way,head-on,no,no,no,0,0,0,0,0,0,Passenger Car/Station Wagon,SANTA CLARA
82000583,2023-02-16,2,14,4,minor injury,0,2,unsafe speed,rear end,no,no,no,0,0,0,0,0,0,Passenger Car/Station Wagon,SANTA CLARA
82000628,2023-01-04,1,17,3,minor injury,0,1,unsafe speed,rear end,no,no,no,0,0,0,0,0,0,Passenger Car/Station Wagon,ORANGE
82000629,2023-01-04,1,18,3,possible injury,0,1,automobile right of way,head-on,no,no,no,0,0,0,0,0,0,Passenger Car/Station Wagon,ORANGE
82000636,2023-01-07,1,16,6,minor injury,0,1,automobile right of way,broadside,no,no,yes,0,0,1,0,0,0,Pickup or Panel Truck,ORANGE
82000640,2023-01-10,1,17,2,possible injury,0,1,unsafe speed,rear end,no,no,no,0,0,0,0,0,0,Passenger Car/Station Wagon,ORANGE
82000645,2023-01-12,1,17,4,severe injury,0,1,improper turning,hit object,no,no,no,0,0,0,0,0,0,Pickup or Panel Truck,ORANGE
82000647,2023-01-13,1,13,5,possible injury,0,1,unsafe speed,rear end,no,no,no,0,0,0,0,0,0,Pickup or Panel Truck,ORANGE
82000648,2023-01-14,1,4,6,possible injury,0,1,unsafe speed,hit object,no,no,no,0,0,0,0,0,0,Passenger Car/Station Wagon,ORANGE
82000649,2023-01-14,1,7,6,possible injury,0,1,unsafe speed,rear end,no,no,no,0,0,0,0,0,0,Passenger Car/Station Wagon,ORANGE
82000656,2023-01-17,1,6,2,possible injury,0,1,pedestrian right of way,vehicle/pedestrian,yes,no,no,1,0,0,0,0,0,Pickup or Panel Truck,ORANGE
82000657,2023-01-18,1,8,3,possible injury,0,1,pedestrian right of way,vehicle/pedestrian,yes,no,no,1,0,0,0,0,0,Passenger Car/Station Wagon,ORANGE
82000663,2023-01-19,1,15,4,minor injury,0,1,automobile right of way,broadside,no,no,no,0,0,0,0,0,0,Not Stated,ORANGE
82000666,2023-01-20,1,7,5,possible injury,0,1,pedestrian right of way,vehicle/pedestrian,yes,no,no,1,0,0,0,0,0,Passenger Car/Station Wagon,ORANGE
82000673,2023-01-22,1,14,7,possible injury,0,1,traffic signs,broadside,no,no,no,0,0,0,0,0,0,Passenger Car/Station Wagon,ORANGE
82000674,2023-01-22,1,17,7,minor injury,0,1,unsafe speed,rear end,no,no,no,0,0,0,0,0,0,Passenger Car/Station Wagon,ORANGE
82000677,2023-01-22,1,22,7,severe injury,0,3,traffic signs,broadside,no,no,no,0,0,0,0,0,0,Passenger Car/Station Wagon,ORANGE
82000685,2023-01-24,1,16,2,possible injury,0,1,traffic signs,broadside,no,no,no,0,0,0,0,0,0,Not Stated,ORANGE
82000686,2023-01-24,1,17,2,minor injury,0,1,traffic signs,head-on,no,no,no,0,0,0,0,0,0,Passenger Car/Station Wagon,ORANGE
82000688,2023-01-25,1,10,3,minor injury,0,1,unknown,broadside,no,no,no,0,0,0,0,0,0,Not Stated,ORANGE
82000691,2023-01-25,1,14,3,possible injury,0,1,unknown,broadside,no,no,no,0,0,0,0,0,0,Not Stated,ORANGE
82000693,2023-01-25,1,15,3,possible injury,0,1,unknown,vehicle/pedestrian,yes,no,no,1,0,0,0,0,0,Not Stated,ORANGE
82000694,2023-01-25,1,16,3,possible injury,0,1,unsafe speed,rear end,no,no,no,0,0,0,0,0,0,Passenger Car/Station Wagon,ORANGE
82000695,2023-01-25,1,16,3,possible injury,0,1,unsafe speed,rear end,no,no,no,0,0,0,0,0,0,Passenger Car/Station Wagon,ORANGE
82000696,2023-01-25,1,17,3,possible injury,0,1,other hazardous violation,vehicle/pedestrian,yes,no,no,1,0,0,0,0,0,Pickup or Panel Truck,ORANGE
82000697,2023-01-25,1,18,3,possible injury,0,1,DUI,hit object,no,no,no,0,0,0,0,0,0,Passenger Car/Station Wagon,ORANGE
82000699,2023-01-25,1,22,3,possible injury,0,2,automobile right of way,head-on,no,no,no,0,0,0,0,0,0,Passenger Car/Station Wagon,ORANGE
82000705,2023-01-26,1,12,4,possible injury,0,2,traffic signs,broadside,no,no,no,0,0,0,0,0,0,Passenger Car/Station Wagon,ORANGE
82000707,2023-01-26,1,15,4,possible injury,0,1,traffic signs,other,no,yes,no,0,1,0,0,0,0,Bicycle,ORANGE
82000715,2023-01-27,1,11,5,possible injury,0,1,traffic signs,broadside,no,no,no,0,0,0,0,0,0,Passenger Car/Station Wagon,ORANGE
82000718,2023-01-27,1,15,5,possible injury,0,1,unsafe speed,rear end,no,no,no,0,0,0,0,0,0,Passenger Car/Station Wagon,ORANGE
82000719,2023-01-27,1,16,5,possible injury,0,1,improper turning,sideswipe,no,no,no,0,0,0,0,0,0,Passenger Car/Station Wagon,ORANGE
82000721,2023-01-27,1,11,5,possible injury,0,1,other improper driving,hit object,no,no,no,0,0,0,0,0,0,Not Stated,ORANGE
82000723,2023-01-28,1,17,6,possible injury,0,1,unsafe speed,rear end,no,no,no,0,0,0,0,0,0,Passenger Car/Station Wagon,ORANGE
82000724,2023-01-28,1,18,6,possible injury,0,1,improper passing,broadside,no,no,no,0,0,0,0,0,0,Passenger Car/Station Wagon,ORANGE
82000727,2023-01-29,1,4,7,minor injury,0,1,unknown,hit object,no,no,no,0,0,0,0,0,0,Not Stated,ORANGE
82000729,2023-01-29,1,10,7,possible injury,0,1,improper turning,broadside,no,yes,no,0,1,0,0,0,0,Passenger Car/Station Wagon,ORANGE
82000730,2023-01-29,1,12,7,possible injury,0,1,traffic signs,broadside,no,yes,no,0,1,0,0,0,0,Bicycle,ORANGE
82000731,2023-01-29,1,13,7,possible injury,0,2,automobile right of way,broadside,no,no,no,0,0,0,0,0,0,Passenger Car/Station Wagon,ORANGE
82000733,2023-01-29,1,17,7,minor injury,0,1,automobile right of way,hit object,no,no,yes,0,0,1,0,0,0,Passenger Car/Station Wagon,ORANGE
82000735,2023-01-29,1,19,7,minor injury,0,1,pedestrian violation,vehicle/pedestrian,yes,no,no,1,0,0,0,0,0,Pedestrian,ORANGE
82000738,2023-01-30,1,8,1,minor injury,0,3,automobile right of way,broadside,no,no,no,0,0,0,0,0,0,Passenger Car/Station Wagon,ORANGE
82000744,2023-01-30,1,18,1,possible injury,0,1,automobile right of way,broadside,no,no,no,0,0,0,0,0,0,Passenger Car/Station Wagon,ORANGE
82000747,2023-01-31,1,8,2,minor injury,0,1,unsafe speed,rear end,no,no,yes,0,0,1,0,0,0,Motorcycle/Scooter,ORANGE
82000748,2023-01-31,1,8,2,possible injury,0,1,automobile right of way,broadside,no,no,no,0,0,0,0,0,0,Passenger Car/Station Wagon,ORANGE
82000749,2023-01-31,1,9,2,possible injury,0,2,unknown,broadside,no,no,no,0,0,0,0,0,0,Not Stated,ORANGE
82000753,2023-01-31,1,14,2,possible injury,0,1,unsafe speed,rear end,no,no,no,0,0,0,0,0,0,Passenger Car/Station Wagon,ORANGE
82000757,2023-02-01,2,7,3,possible injury,0,1,unsafe speed,rear end,no,no,no,0,0,0,0,0,0,Passenger Car/Station Wagon,ORANGE
82000760,2023-02-01,2,9,3,possible injury,0,2,traffic signs,broadside,no,no,no,0,0,0,0,0,0,Passenger Car/Station Wagon,ORANGE
82000762,2023-02-01,2,9,3,minor injury,0,1,DUI,hit object,no,no,no,0,0,0,0,0,0,Pickup or Panel Truck,ORANGE
82000765,2023-02-01,2,17,3,possible injury,0,1,automobile right of way,broadside,no,yes,no,0,1,0,0,0,0,Bicycle,ORANGE
82000767,2023-02-02,2,6,4,possible injury,0,1,automobile right of way,broadside,no,no,no,0,0,0,0,0,0,Passenger Car/Station Wagon,ORANGE
82000768,2023-02-02,2,8,4,minor injury,0,3,unsafe speed,rear end,yes,no,no,2,0,0,0,0,0,Pickup or Panel Truck,ORANGE
82000770,2023-01-31,1,20,2,minor injury,0,1,wrong side of road,broadside,no,yes,no,0,1,0,0,0,0,Bicycle,SAN BERNARDINO
82000773,2023-02-02,2,13,4,severe injury,0,2,traffic signs,broadside,no,no,no,0,0,0,0,0,0,Passenger Car/Station Wagon,ORANGE
82000775,2023-02-02,2,17,4,possible injury,0,1,wrong side of road,broadside,no,yes,no,0,1,0,0,0,0,Bicycle,ORANGE
82000776,2023-02-03,2,8,5,possible injury,0,2,improper turning,broadside,no,no,no,0,0,0,0,0,0,Passenger Car/Station Wagon,SAN BERNARDINO
82000780,2023-02-03,2,0,5,severe injury,0,1,automobile right of way,broadside,no,yes,no,0,1,0,0,0,0,Passenger Car/Station Wagon,ORANGE
82000786,2023-02-08,2,7,3,minor injury,0,1,traffic signs,sideswipe,no,no,no,0,0,0,0,0,0,Passenger Car/Station Wagon,SAN BERNARDINO
82000788,2023-02-08,2,9,3,possible injury,0,1,improper turning,vehicle/pedestrian,yes,no,no,1,0,0,0,0,0,Passenger Car/Station Wagon,SAN BERNARDINO
82000789,2023-02-03,2,9,5,possible injury,0,1,automobile right of way,broadside,no,no,no,0,0,0,0,0,0,Passenger Car/Station Wagon,ORANGE
82000790,2023-02-08,2,15,3,minor injury,0,1,pedestrian right of way,vehicle/pedestrian,yes,no,no,1,0,0,0,0,0,Passenger Car/Station Wagon,SAN BERNARDINO
82000792,2023-02-09,2,8,4,minor injury,0,1,automobile right of way,broadside,no,no,no,0,0,0,0,0,0,Not Stated,SAN BERNARDINO
82000794,2023-01-22,1,2,7,severe injury,0,1,traffic signs,broadside,no,yes,no,0,1,0,0,0,0,Bicycle,FRESNO
82000796,2023-02-04,2,13,6,possible injury,0,1,automobile right of way,broadside,no,no,no,0,0,0,0,0,0,Pickup or Panel Truck,ORANGE
82000797,2023-02-12,2,3,7,possible injury,0,1,traffic signs,broadside,no,no,no,0,0,0,0,0,0,Passenger Car/Station Wagon,SAN BERNARDINO
82000798,2023-02-04,2,19,6,possible injury,0,1,unsafe speed,rear end,no,no,no,0,0,0,0,0,0,Pickup or Panel Truck,ORANGE
82000802,2023-02-05,2,12,7,possible injury,0,1,pedestrian right of way,vehicle/pedestrian,yes,no,no,1,0,0,0,0,0,Passenger Car/Station Wagon,FRESNO
82000803,2023-02-14,2,8,2,possible injury,0,3,DUI,head-on,no,no,no,0,0,0,0,0,0,Passenger Car/Station Wagon,SAN BERNARDINO
82000806,2023-02-11,2,17,6,possible injury,0,1,traffic signs,broadside,no,no,no,0,0,0,0,0,0,Passenger Car/Station Wagon,FRESNO
82000808,2023-02-12,2,16,7,minor injury,0,1,traffic signs,head-on,no,no,no,0,0,0,0,0,0,Passenger Car/Station Wagon,FRESNO
82000809,2023-02-05,2,14,7,possible injury,0,1,traffic signs,broadside,no,yes,no,0,1,0,0,0,0,Bicycle,ORANGE
82000812,2023-02-15,2,14,3,possible injury,0,2,unsafe speed,rear end,no,no,no,0,0,0,0,0,0,Passenger Car/Station Wagon,FRESNO
82000815,2023-02-06,2,12,1,possible injury,0,3,unsafe speed,rear end,no,no,no,0,0,0,0,0,0,Passenger Car/Station Wagon,ORANGE
82000818,2023-02-06,2,20,1,possible injury,0,1,pedestrian right of way,vehicle/pedestrian,yes,no,no,1,0,0,0,0,0,Pickup or Panel Truck,ORANGE
82000823,2023-02-07,2,12,2,severe injury,0,6,wrong side of road,head-on,no,no,no,0,0,0,0,0,0,Passenger Car/Station Wagon,ORANGE
82000826,2023-02-07,2,21,2,minor injury,0,1,pedestrian right of way,vehicle/pedestrian,yes,no,no,1,0,0,0,0,0,Passenger Car/Station Wagon,ORANGE
82000832,2023-02-09,2,9,4,possible injury,0,1,unsafe speed,other,no,yes,no,0,1,0,0,0,0,Bicycle,ORANGE
82000839,2023-02-09,2,19,4,possible injury,0,2,unsafe speed,rear end,no,no,no,0,0,0,0,0,0,Passenger Car/Station Wagon,ORANGE
82000841,2023-02-10,2,10,5,possible injury,0,1,unsafe speed,rear end,no,no,no,0,0,0,0,0,0,Passenger Car/Station Wagon,ORANGE
82000842,2023-02-10,2,11,5,possible injury,0,1,automobile right of way,broadside,no,no,no,0,0,0,0,0,0,Pickup or Panel Truck,ORANGE
82000846,2023-02-10,2,15,5,possible injury,0,2,unsafe speed,rear end,no,no,no,0,0,0,0,0,0,Pickup or Panel Truck,ORANGE
82000847,2023-02-10,2,17,5,possible injury,0,1,automobile right of way,broadside,no,no,no,0,0,0,0,0,0,Passenger Car/Station Wagon,ORANGE
82000852,2023-02-11,2,16,6,severe injury,0,1,DUI,broadside,no,yes,no,0,1,0,0,0,0,Passenger Car/Station Wagon,ORANGE
82000853,2023-02-12,2,14,7,possible injury,0,2,automobile right of way,sideswipe,no,no,no,0,0,0,0,0,0,Passenger Car/Station Wagon,ORANGE
82000858,2023-02-13,2,9,1,possible injury,0,1,traffic signs,broadside,no,no,no,0,0,0,0,0,0,Passenger Car/Station Wagon,ORANGE
82000859,2023-02-13,2,9,1,possible injury,0,1,unsafe speed,rear end,no,no,no,0,0,0,0,0,0,Passenger Car/Station Wagon,ORANGE
82000861,2023-02-13,2,17,1,possible injury,0,1,other hazardous violation,vehicle/pedestrian,yes,no,no,1,0,0,0,0,0,Passenger Car/Station Wagon,ORANGE
82000862,2023-02-14,2,7,2,possible injury,0,1,unsafe speed,rear end,no,no,no,0,0,0,0,0,0,Passenger Car/Station Wagon,ORANGE
82000868,2023-02-15,2,8,3,possible injury,0,1,wrong side of road,head-on,no,no,no,0,0,0,0,0,0,Pickup or Panel Truck,ORANGE
82000871,2023-02-15,2,14,3,minor injury,0,1,improper passing,sideswipe,no,no,yes,0,0,1,0,0,0,Motorcycle/Scooter,ORANGE
82000873,2023-01-09,1,12,1,possible injury,0,1,unsafe speed,hit object,no,no,no,0,0,0,0,0,0,Passenger Car/Station Wagon,SACRAMENTO
82000875,2023-02-06,2,17,1,possible injury,0,1,pedestrian right of way,vehicle/pedestrian,yes,no,no,1,0,0,0,0,0,Passenger Car/Station Wagon,SACRAMENTO
82000877,2023-02-06,2,18,1,minor injury,0,1,pedestrian violation,vehicle/pedestrian,yes,no,no,1,0,0,0,0,0,Pedestrian,SACRAMENTO
82000881,2023-02-15,2,23,3,minor injury,0,2,automobile right of way,other,no,yes,no,0,1,0,0,0,0,Bicycle,ORANGE
82000883,2023-02-16,2,13,4,possible injury,0,2,unsafe speed,rear end,no,no,no,0,0,0,0,0,0,Passenger Car/Station Wagon,ORANGE
82000884,2023-02-16,2,15,4,possible injury,0,1,traffic signs,broadside,no,no,no,0,0,0,0,0,0,Passenger Car/Station Wagon,ORANGE
82000886,2023-02-17,2,21,5,possible injury,0,1,unsafe speed,hit object,no,no,no,0,0,0,0,0,0,Passenger Car/Station Wagon,ORANGE
82000888,2023-02-20,2,9,1,minor injury,0,1,unsafe speed,broadside,no,yes,no,0,1,0,0,0,0,Bicycle,ORANGE
82000891,2023-02-11,2,8,6,minor injury,0,2,unsafe lane change,sideswipe,no,no,no,0,0,0,0,0,0,Passenger Car/Station Wagon,SACRAMENTO
82000895,2023-02-11,2,20,6,possible injury,0,1,DUI,rear end,no,no,no,0,0,0,0,0,0,Passenger Car/Station Wagon,SACRAMENTO
82000899,2023-01-11,1,7,3,possible injury,0,1,pedestrian right of way,vehicle/pedestrian,yes,no,no,1,0,0,0,0,0,Passenger Car/Station Wagon,ORANGE
82000900,2023-01-05,1,15,4,possible injury,0,1,wrong side of road,sideswipe,no,no,no,0,0,0,0,0,0,Not Stated,ORANGE
82000902,2023-02-01,2,16,3,severe injury,0,1,traffic signs,vehicle/pedestrian,yes,no,no,1,0,0,0,0,0,Passenger Car/Station Wagon,CONTRA COSTA
82000908,2023-02-22,2,17,3,possible injury,0,1,traffic signs,broadside,no,no,no,0,0,0,0,0,0,Passenger Car/Station Wagon,CONTRA COSTA
82000918,2023-02-08,2,14,3,possible injury,0,1,automobile right of way,broadside,no,no,no,0,0,0,0,0,0,Passenger Car/Station Wagon,SONOMA
82000920,2023-02-05,2,16,7,possible injury,0,1,unsafe starting or backing,rear end,no,no,no,0,0,0,0,0,0,Passenger Car/Station Wagon,ALAMEDA
82000925,2023-01-16,1,22,1,possible injury,0,1,traffic signs,broadside,no,no,no,0,0,0,0,0,0,Not Stated,RIVERSIDE
82000927,2023-01-18,1,17,3,possible injury,0,1,traffic signs,broadside,no,no,no,0,0,0,0,0,0,Passenger Car/Station Wagon,RIVERSIDE
82000930,2023-02-04,2,22,6,minor injury,0,2,improper turning,head-on,no,no,no,0,0,0,0,0,0,Passenger Car/Station Wagon,RIVERSIDE
82000938,2023-01-10,1,18,2,minor injury,0,1,pedestrian right of way,vehicle/pedestrian,yes,no,no,1,0,0,0,0,0,Pickup or Panel Truck,SAN JOAQUIN
82000939,2023-02-06,2,15,1,possible injury,0,1,traffic signs,broadside,no,no,no,0,0,0,0,0,0,Passenger Car/Station Wagon,SAN DIEGO
82000940,2023-02-09,2,13,4,possible injury,0,1,automobile right of way,broadside,no,no,no,0,0,0,0,0,0,Passenger Car/Station Wagon,SAN DIEGO
82000943,2023-02-15,2,18,3,severe injury,0,1,unsafe speed,overturned,no,yes,no,0,1,0,0,0,0,Bicycle,SAN DIEGO
82000944,2023-01-01,1,19,7,minor injury,0,4,automobile right of way,broadside,no,no,no,0,0,0,0,0,0,Passenger Car/Station Wagon,SAN JOAQUIN
82000945,2023-02-04,2,20,6,possible injury,0,1,following too closely,rear end,no,no,no,0,0,0,0,0,0,Passenger Car/Station Wagon,SANTA BARBARA
82000946,2023-02-06,2,10,1,possible injury,0,1,automobile right of way,broadside,no,no,no,0,0,0,0,0,0,Pickup or Panel Truck,SANTA BARBARA
82000947,2023-02-07,2,5,2,minor injury,0,1,pedestrian right of way,vehicle/pedestrian,yes,no,no,1,0,0,0,0,0,Not Stated,SANTA BARBARA
82000948,2023-02-07,2,14,2,possible injury,0,1,automobile right of way,broadside,no,no,no,0,0,0,0,0,0,Passenger Car/Station Wagon,SANTA BARBARA
82001050,2023-01-18,1,16,3,possible injury,0,1,unsafe speed,rear end,no,no,no,0,0,0,0,0,0,Passenger Car/Station Wagon,HUMBOLDT
82001228,2023-01-22,1,12,7,minor injury,0,2,wrong side of road,other,no,yes,no,0,2,0,0,0,0,Bicycle,SANTA CLARA
82001779,2023-02-02,2,19,4,possible injury,0,1,unsafe speed,rear end,no,no,no,0,0,0,0,0,0,Passenger Car/Station Wagon,RIVERSIDE
82001780,2023-02-03,2,17,5,severe injury,0,1,unsafe speed,rear end,no,no,yes,0,0,1,0,0,0,Motorcycle/Scooter,RIVERSIDE
82001782,2023-02-17,2,16,5,possible injury,0,2,automobile right of way,head-on,no,no,no,0,0,0,0,0,0,Passenger Car/Station Wagon,RIVERSIDE
82001783,2023-02-19,2,14,7,possible injury,0,1,unsafe speed,rear end,no,no,no,0,0,0,0,0,0,Passenger Car/Station Wagon,RIVERSIDE
82001784,2023-02-20,2,7,1,minor injury,0,2,other than driver or pedestrian,head-on,no,no,no,0,0,0,0,0,0,Not Stated,RIVERSIDE
82001792,2023-02-09,2,18,4,minor injury,0,1,pedestrian right of way,vehicle/pedestrian,yes,no,no,1,0,0,0,0,0,Passenger Car/Station Wagon,RIVERSIDE
82001801,2023-01-01,1,20,7,minor injury,0,3,improper turning,hit object,no,no,no,0,0,0,0,0,0,Passenger Car/Station Wagon,RIVERSIDE
82001804,2023-02-05,2,19,7,severe injury,0,1,lights,rear end,no,yes,no,0,1,0,0,0,0,Passenger Car/Station Wagon,RIVERSIDE
82001806,2023-02-14,2,15,2,possible injury,0,1,unsafe speed,rear end,no,no,no,0,0,0,0,0,0,Passenger Car/Station Wagon,RIVERSIDE
82001807,2023-02-17,2,16,5,possible injury,0,1,improper turning,head-on,no,no,yes,0,0,0,0,0,0,Passenger Car/Station Wagon,RIVERSIDE
82001808,2023-02-21,2,17,2,possible injury,0,1,other hazardous violation,rear end,no,no,no,0,0,0,0,0,0,Passenger Car/Station Wagon,RIVERSIDE
82001809,2023-02-22,2,6,3,possible injury,0,2,improper turning,broadside,no,no,no,0,0,0,0,0,0,Passenger Car/Station Wagon,RIVERSIDE
82001811,2023-01-13,1,11,5,minor injury,0,1,other hazardous violation,head-on,no,no,no,0,0,0,0,0,0,Passenger Car/Station Wagon,SONOMA
82001813,2023-02-22,2,18,3,severe injury,0,1,pedestrian violation,vehicle/pedestrian,yes,no,no,1,0,0,0,0,0,Pedestrian,SOLANO
82001814,2023-01-11,1,20,3,possible injury,0,1,unsafe speed,rear end,no,no,no,0,0,0,0,0,0,Passenger Car/Station Wagon,SACRAMENTO
82001817,2023-02-09,2,14,4,minor injury,0,1,wrong side of road,broadside,no,no,yes,0,0,1,0,0,0,Motorcycle/Scooter,LOS ANGELES
82001819,2023-01-21,1,12,6,possible injury,0,1,traffic signs,broadside,no,no,no,0,0,0,0,0,0,Passenger Car/Station Wagon,ORANGE
82001820,2023-01-26,1,8,4,possible injury,0,1,unsafe speed,rear end,no,no,no,0,0,0,0,0,0,Passenger Car/Station Wagon,ORANGE
82001821,2023-01-27,1,10,5,possible injury,0,1,traffic signs,head-on,no,no,no,0,0,0,0,0,0,Passenger Car/Station Wagon,ORANGE
82001824,2023-01-31,1,16,2,minor injury,0,1,pedestrian right of way,vehicle/pedestrian,yes,no,no,1,0,0,0,0,0,Passenger Car/Station Wagon,ORANGE
82001825,2023-02-01,2,16,3,possible injury,0,1,automobile right of way,broadside,no,no,yes,0,0,1,0,0,0,Passenger Car/Station Wagon,ORANGE
82001826,2023-02-08,2,19,3,possible injury,0,4,automobile right of way,head-on,no,no,no,0,0,0,0,0,0,Pickup or Panel Truck,ORANGE
82001827,2023-02-17,2,12,5,fatal injury,1,0,automobile right of way,broadside,no,no,yes,0,0,0,0,0,1,Passenger Car/Station Wagon,ORANGE
82001829,2023-02-22,2,19,3,possible injury,0,1,unsafe speed,rear end,no,no,no,0,0,0,0,0,0,Passenger Car/Station Wagon,ORANGE
82001834,2023-01-30,1,15,1,possible injury,0,4,unsafe speed,rear end,no,no,no,0,0,0,0,0,0,Passenger Car/Station Wagon,LOS ANGELES
82001840,2023-02-10,2,18,5,possible injury,0,1,pedestrian right of way,vehicle/pedestrian,yes,no,no,1,0,0,0,0,0,Passenger Car/Station Wagon,SAN LUIS OBISPO
82001841,2023-02-11,2,19,6,severe injury,0,1,unsafe speed,rear end,no,no,no,0,0,0,0,0,0,Passenger Car/Station Wagon,SAN LUIS OBISPO
82001842,2023-02-04,2,15,6,possible injury,0,2,improper turning,broadside,no,no,no,0,0,0,0,0,0,Passenger Car/Station Wagon,RIVERSIDE
82001843,2023-02-05,2,18,7,possible injury,0,1,unsafe speed,rear end,no,no,no,0,0,0,0,0,0,Passenger Car/Station Wagon,SONOMA
82001844,2023-02-10,2,13,5,minor injury,0,2,improper turning,rear end,no,no,yes,0,0,2,0,0,0,Passenger Car/Station Wagon,SONOMA
82001845,2023-02-12,2,11,7,possible injury,0,1,automobile right of way,broadside,no,no,no,0,0,0,0,0,0,Passenger Car/Station Wagon,SONOMA
82001846,2023-01-26,1,15,4,possible injury,0,1,pedestrian violation,vehicle/pedestrian,yes,no,no,1,0,0,0,0,0,Pedestrian,LOS ANGELES
82001848,2023-02-05,2,9,7,fatal injury,1,0,unsafe lane change,overturned,no,no,yes,0,0,0,0,0,1,Motorcycle/Scooter,RIVERSIDE
82001850,2023-01-26,1,9,4,minor injury,0,1,wrong side of road,sideswipe,no,no,no,0,0,0,0,0,0,Pickup or Panel Truck,SAN LUIS OBISPO
82001851,2023-01-26,1,14,4,minor injury,0,1,improper turning,overturned,no,no,no,0,0,0,0,0,0,Pickup or Panel Truck,SAN LUIS OBISPO
82001852,2023-02-03,2,21,5,possible injury,0,2,automobile right of way,broadside,no,no,no,0,0,0,0,0,0,Passenger Car/Station Wagon,VENTURA
82001855,2023-02-13,2,5,1,minor injury,0,1,automobile right of way,broadside,no,no,no,0,0,0,0,0,0,Passenger Car/Station Wagon,VENTURA
82001858,2023-02-04,2,14,6,possible injury,0,1,automobile right of way,broadside,no,no,no,0,0,0,0,0,0,Passenger Car/Station Wagon,SANTA CLARA
82001859,2023-02-06,2,16,1,possible injury,0,1,pedestrian right of way,vehicle/pedestrian,yes,no,no,1,0,0,0,0,0,Passenger Car/Station Wagon,SANTA CLARA