CASE_ID,COLLISION_DATE,MONTH,HOUR,DAY_OF_WEEK,COLLISION_SEVERITY,NUMBER_KILLED,NUMBER_INJURED,PCF_VIOL_CATEGORY,TYPE_OF_COLLISION,PEDESTRIAN_ACCIDENT,BICYCLE_ACCIDENT,MOTORCYCLE_ACCIDENT,COUNT_PED_INJURED,COUNT_BICYCLIST_INJURED,COUNT_MC_INJURED,COUNT_PED_KILLED,COUNT_BICYCLIST_KILLED,COUNT_MC_KILLED,STWD_VEHTYPE_AT_FAULT,COUNTY
82049995,2023-04-11,4,14,2,minor injury,0,1,wrong side of road,rear end,no,no,no,0,0,0,0,0,0,Not Stated,RIVERSIDE
82049998,2023-03-19,3,18,7,minor injury,0,1,unsafe lane change,hit object,no,no,no,0,0,0,0,0,0,Passenger Car/Station Wagon,SONOMA
82049999,2023-01-24,1,18,2,possible injury,0,1,automobile right of way,broadside,no,yes,no,0,1,0,0,0,0,Not Stated,SOLANO
82050000,2023-04-09,4,3,7,minor injury,0,1,improper turning,hit object,no,no,no,0,0,0,0,0,0,Passenger Car/Station Wagon,SONOMA
82050003,2023-04-02,4,6,7,minor injury,0,1,unsafe speed,broadside,no,no,no,0,0,0,0,0,0,Passenger Car/Station Wagon,SACRAMENTO
82050005,2023-04-05,4,22,3,possible injury,0,2,traffic signs,broadside,no,no,no,0,0,0,0,0,0,Passenger Car/Station Wagon,ORANGE
82050009,2023-02-22,2,11,3,possible injury,0,1,unsafe speed,hit object,no,no,no,0,0,0,0,0,0,Passenger Car/Station Wagon,RIVERSIDE
82050013,2023-04-08,4,12,6,minor injury,0,1,automobile right of way,broadside,no,no,no,0,0,0,0,0,0,Passenger Car/Station Wagon,RIVERSIDE
82050014,2023-04-10,4,15,1,possible injury,0,1,improper turning,broadside,no,no,no,0,0,0,0,0,0,Pickup or Panel Truck,RIVERSIDE
82050015,2023-04-11,4,13,2,possible injury,0,1,unsafe speed,rear end,no,no,no,0,0,0,0,0,0,Passenger Car/Station Wagon,RIVERSIDE
82050017,2023-04-13,4,8,4,possible injury,0,2,unsafe lane change,sideswipe,no,no,no,0,0,0,0,0,0,Not Stated,RIVERSIDE
82050019,2023-04-17,4,8,1,possible injury,0,1,automobile right of way,head-on,no,no,no,0,0,0,0,0,0,Passenger Car/Station Wagon,RIVERSIDE
82050021,2023-03-19,3,11,7,minor injury,0,2,automobile right of way,sideswipe,no,no,no,0,0,0,0,0,0,Passenger Car/Station Wagon,ORANGE
82050023,2023-04-09,4,0,7,fatal injury,2,2,wrong side of road,head-on,no,no,no,0,0,0,0,0,0,Passenger Car/Station Wagon,ORANGE
82050024,2023-04-13,4,17,4,possible injury,0,1,automobile right of way,broadside,no,yes,no,0,1,0,0,0,0,Pickup or Panel Truck,ORANGE
82050026,2023-04-15,4,22,6,possible injury,0,2,traffic signs,broadside,no,no,no,0,0,0,0,0,0,Passenger Car/Station Wagon,ORANGE
82050027,2023-04-15,4,23,6,possible injury,0,1,unsafe speed,rear end,no,no,no,0,0,0,0,0,0,Passenger Car/Station Wagon,ORANGE
82050029,2023-04-18,4,20,2,minor injury,0,1,improper turning,hit object,no,no,no,0,0,0,0,0,0,Passenger Car/Station Wagon,ORANGE
82050032,2023-04-20,4,8,4,possible injury,0,1,traffic signs,broadside,no,no,no,0,0,0,0,0,0,Pickup or Panel Truck,ORANGE
82050037,2023-04-15,4,20,6,possible injury,0,2,unsafe speed,rear end,no,no,no,0,0,0,0,0,0,Passenger Car/Station Wagon,RIVERSIDE
82050042,2023-04-19,4,8,3,possible injury,0,1,automobile right of way,broadside,no,no,no,0,0,0,0,0,0,Passenger Car/Station Wagon,RIVERSIDE
82050046,2023-04-08,4,22,6,minor injury,0,1,pedestrian violation,vehicle/pedestrian,yes,no,no,1,0,0,0,0,0,Pedestrian,STANISLAUS
82050051,2023-04-16,4,16,7,possible injury,0,1,improper turning,broadside,no,no,no,0,0,0,0,0,0,Passenger Car/Station Wagon,STANISLAUS
82050054,2023-03-31,3,9,5,minor injury,0,1,automobile right of way,broadside,no,no,no,0,0,0,0,0,0,Passenger Car/Station Wagon,STANISLAUS
82050055,2023-04-05,4,19,3,minor injury,0,1,automobile right of way,vehicle/pedestrian,yes,no,no,1,0,0,0,0,0,Passenger Car/Station Wagon,LOS ANGELES
82050056,2023-03-30,3,17,4,possible injury,0,2,unknown,broadside,no,no,no,0,0,0,0,0,0,Not Stated,LOS ANGELES
82050057,2023-04-06,4,16,4,possible injury,0,1,unsafe speed,rear end,no,no,no,0,0,0,0,0,0,Pickup or Panel Truck,LOS ANGELES
82050059,2023-03-12,3,23,7,possible injury,0,1,DUI,rear end,no,no,no,0,0,0,0,0,0,Passenger Car/Station Wagon,SAN BERNARDINO
82050060,2023-04-04,4,1,2,severe injury,0,3,DUI,broadside,no,no,no,0,0,0,0,0,0,Passenger Car/Station Wagon,SAN BERNARDINO
82050062,2023-03-30,3,4,4,severe injury,0,2,DUI,hit object,no,no,no,0,0,0,0,0,0,Passenger Car/Station Wagon,RIVERSIDE
82050064,2023-04-03,4,22,1,possible injury,0,2,automobile right of way,broadside,no,no,no,0,0,0,0,0,0,Passenger Car/Station Wagon,RIVERSIDE
82050065,2023-01-04,1,6,3,possible injury,0,1,unknown,vehicle/pedestrian,yes,no,no,1,0,0,0,0,0,Not Stated,SANTA CLARA
82050067,2023-03-10,3,18,5,minor injury,0,1,traffic signs,broadside,no,no,no,0,0,0,0,0,0,Passenger Car/Station Wagon,ORANGE
82050071,2023-03-29,3,12,3,minor injury,0,2,other than driver or pedestrian,broadside,no,no,no,0,0,0,0,0,0,Not Stated,ORANGE
82050074,2023-04-17,4,22,1,minor injury,0,1,unsafe speed,hit object,no,no,no,0,0,0,0,0,0,Passenger Car/Station Wagon,ORANGE
82050078,2023-02-06,2,5,1,possible injury,0,1,pedestrian right of way,vehicle/pedestrian,yes,no,no,1,0,0,0,0,0,Passenger Car/Station Wagon,ORANGE
82050083,2023-04-11,4,14,2,possible injury,0,1,unsafe speed,rear end,no,no,no,0,0,0,0,0,0,Passenger Car/Station Wagon,ORANGE
82050087,2023-04-14,4,8,5,possible injury,0,1,improper turning,vehicle/pedestrian,yes,no,no,1,0,0,0,0,0,Passenger Car/Station Wagon,ORANGE
82050088,2023-04-14,4,15,5,possible injury,0,2,automobile right of way,broadside,no,no,no,0,0,0,0,0,0,Passenger Car/Station Wagon,ORANGE
82050090,2023-04-17,4,15,1,possible injury,0,2,automobile right of way,head-on,no,no,no,0,0,0,0,0,0,Passenger Car/Station Wagon,ORANGE
82050091,2023-04-17,4,16,1,possible injury,0,1,unknown,vehicle/pedestrian,yes,no,no,1,0,0,0,0,0,Not Stated,ORANGE
82050093,2023-04-18,4,14,2,minor injury,0,3,unsafe speed,rear end,no,no,no,0,0,0,0,0,0,Pickup or Panel Truck,ORANGE
82050095,2023-04-19,4,8,3,possible injury,0,1,automobile right of way,broadside,no,no,no,0,0,0,0,0,0,Passenger Car/Station Wagon,ORANGE
82050099,2023-02-17,2,12,5,possible injury,0,1,unknown,unknown,no,no,no,0,0,0,0,0,0,Not Stated,LOS ANGELES
82050106,2023-03-29,3,22,3,possible injury,0,1,automobile right of way,broadside,no,no,no,0,0,0,0,0,0,Passenger Car/Station Wagon,SACRAMENTO
82050108,2023-03-30,3,2,4,severe injury,0,2,other hazardous violation,broadside,no,no,no,0,0,0,0,0,0,Passenger Car/Station Wagon,SACRAMENTO
82050110,2023-04-01,4,15,6,possible injury,0,2,traffic signs,broadside,no,no,no,0,0,0,0,0,0,Passenger Car/Station Wagon,SACRAMENTO
82050111,2023-04-05,4,12,3,possible injury,0,3,improper turning,broadside,no,no,no,0,0,0,0,0,0,Passenger Car/Station Wagon,SACRAMENTO
82050112,2023-04-06,4,18,4,possible injury,0,1,unsafe speed,rear end,no,no,no,0,0,0,0,0,0,Passenger Car/Station Wagon,SACRAMENTO
82050113,2023-04-07,4,5,5,minor injury,0,1,pedestrian violation,vehicle/pedestrian,yes,no,no,1,0,0,0,0,0,Pedestrian,SACRAMENTO
82050116,2023-04-08,4,17,6,minor injury,0,1,unsafe lane change,rear end,no,no,no,0,0,0,0,0,0,Passenger Car/Station Wagon,SACRAMENTO
82050117,2023-04-09,4,0,7,minor injury,0,1,unsafe lane change,sideswipe,no,no,no,0,0,0,0,0,0,Not Stated,SACRAMENTO
82050118,2023-04-09,4,1,7,minor injury,0,2,traffic signs,broadside,no,no,no,0,0,0,0,0,0,Passenger Car/Station Wagon,SACRAMENTO
82050121,2023-04-09,4,16,7,possible injury,0,1,automobile right of way,broadside,no,no,no,0,0,0,0,0,0,Passenger Car/Station Wagon,SACRAMENTO
82050122,2023-04-10,4,1,1,severe injury,0,1,unsafe speed,broadside,no,yes,no,0,1,0,0,0,0,Passenger Car/Station Wagon,SACRAMENTO
82050124,2023-04-13,4,9,4,minor injury,0,1,other than driver or pedestrian,vehicle/pedestrian,yes,no,no,1,0,0,0,0,0,Not Stated,CONTRA COSTA
82050125,2023-04-19,4,6,3,severe injury,0,1,automobile right of way,broadside,no,no,no,0,0,0,0,0,0,Passenger Car/Station Wagon,CONTRA COSTA
82050131,2023-04-14,4,20,5,minor injury,0,1,pedestrian violation,vehicle/pedestrian,yes,no,no,1,0,0,0,0,0,Pedestrian,KERN
82050134,2023-04-15,4,10,6,minor injury,0,1,unsafe speed,hit object,no,no,no,0,0,0,0,0,0,Passenger Car/Station Wagon,KERN
82050135,2023-04-15,4,18,6,possible injury,0,3,following too closely,rear end,no,no,no,0,0,0,0,0,0,Passenger Car/Station Wagon,KERN
82050141,2023-04-18,4,22,2,possible injury,0,1,DUI,broadside,no,no,no,0,0,0,0,0,0,Passenger Car/Station Wagon,KERN
82050142,2023-04-18,4,23,2,possible injury,0,1,unsafe speed,broadside,no,no,no,0,0,0,0,0,0,Passenger Car/Station Wagon,KERN
82050143,2023-04-19,4,17,3,possible injury,0,1,traffic signs,broadside,no,no,no,0,0,0,0,0,0,Not Stated,KERN
82050144,2023-04-19,4,20,3,possible injury,0,2,automobile right of way,head-on,no,no,no,0,0,0,0,0,0,Passenger Car/Station Wagon,KERN
82050147,2023-03-02,3,16,4,possible injury,0,1,following too closely,rear end,no,no,no,0,0,0,0,0,0,Passenger Car/Station Wagon,CONTRA COSTA
82050148,2023-03-05,3,4,7,possible injury,0,1,improper turning,head-on,no,no,no,0,0,0,0,0,0,Passenger Car/Station Wagon,CONTRA COSTA
82050149,2023-04-03,4,22,1,minor injury,0,1,other than driver or pedestrian,broadside,no,no,no,0,0,0,0,0,0,Not Stated,CONTRA COSTA
82050150,2023-04-08,4,16,6,minor injury,0,1,unsafe speed,hit object,no,no,yes,0,0,1,0,0,0,Motorcycle/Scooter,RIVERSIDE
82050151,2023-04-13,4,10,4,possible injury,0,2,unsafe speed,rear end,no,no,no,0,0,0,0,0,0,Passenger Car/Station Wagon,RIVERSIDE
82050152,2023-04-14,4,12,5,minor injury,0,1,traffic signs,broadside,no,no,no,0,0,0,0,0,0,Pickup or Panel Truck,RIVERSIDE
82050153,2023-04-15,4,11,6,possible injury,0,1,automobile right of way,broadside,no,yes,no,0,1,0,0,0,0,Passenger Car/Station Wagon,RIVERSIDE
82050154,2023-04-16,4,10,7,possible injury,0,1,unsafe speed,rear end,no,no,no,0,0,0,0,0,0,Passenger Car/Station Wagon,RIVERSIDE
82050155,2023-04-16,4,23,7,possible injury,0,1,automobile right of way,broadside,no,no,no,0,0,0,0,0,0,Passenger Car/Station Wagon,RIVERSIDE
82050156,2023-04-19,4,7,3,possible injury,0,2,unsafe speed,rear end,no,no,no,0,0,0,0,0,0,Passenger Car/Station Wagon,RIVERSIDE
82050158,2023-04-09,4,9,7,possible injury,0,1,unsafe starting or backing,other,no,no,no,0,0,0,0,0,0,Passenger Car/Station Wagon,LOS ANGELES
82050159,2023-04-19,4,16,3,possible injury,0,1,unsafe starting or backing,rear end,no,no,no,0,0,0,0,0,0,Passenger Car/Station Wagon,LOS ANGELES
82050163,2023-03-31,3,15,5,possible injury,0,1,traffic signs,broadside,no,no,no,0,0,0,0,0,0,Passenger Car/Station Wagon,RIVERSIDE
82050167,2023-04-04,4,17,2,possible injury,0,1,wrong side of road,broadside,no,no,no,0,0,0,0,0,0,Passenger Car/Station Wagon,RIVERSIDE
82050170,2023-04-05,4,22,3,possible injury,0,1,automobile right of way,broadside,no,no,no,0,0,0,0,0,0,Passenger Car/Station Wagon,LOS ANGELES
82050171,2023-04-06,4,8,4,possible injury,0,2,automobile right of way,head-on,no,no,no,0,0,0,0,0,0,Passenger Car/Station Wagon,LOS ANGELES
82050173,2023-04-08,4,11,6,minor injury,0,2,automobile right of way,broadside,no,no,no,0,0,0,0,0,0,Passenger Car/Station Wagon,LOS ANGELES
82050174,2023-04-10,4,7,1,minor injury,0,1,automobile right of way,broadside,no,yes,no,0,1,0,0,0,0,Passenger Car/Station Wagon,LOS ANGELES
82050178,2023-03-29,3,14,3,possible injury,0,1,unsafe speed,head-on,no,no,no,0,0,0,0,0,0,Passenger Car/Station Wagon,LOS ANGELES
82050183,2023-03-01,3,20,3,possible injury,0,1,automobile right of way,sideswipe,no,no,no,0,0,0,0,0,0,Passenger Car/Station Wagon,SAN JOAQUIN
82050186,2023-03-07,3,9,2,minor injury,0,2,traffic signs,broadside,no,no,no,0,0,0,0,0,0,Passenger Car/Station Wagon,SAN JOAQUIN
82050188,2023-03-08,3,14,3,minor injury,0,1,unsafe speed,broadside,no,no,yes,0,0,1,0,0,0,Motorcycle/Scooter,SAN JOAQUIN
82050190,2023-03-09,3,11,4,possible injury,0,1,unsafe speed,rear end,no,no,no,0,0,0,0,0,0,Truck or Truck Tractor with Trailer,SAN JOAQUIN
82050191,2023-03-09,3,11,4,possible injury,0,1,automobile right of way,broadside,no,no,no,0,0,0,0,0,0,Passenger Car/Station Wagon,SAN JOAQUIN
82050194,2023-03-10,3,17,5,possible injury,0,2,traffic signs,broadside,no,no,no,0,0,0,0,0,0,Pickup or Panel Truck,SAN JOAQUIN
82050195,2023-03-11,3,8,6,possible injury,0,1,traffic signs,broadside,no,no,no,0,0,0,0,0,0,Passenger Car/Station Wagon,SAN JOAQUIN
82050200,2023-03-13,3,12,1,severe injury,0,2,traffic signs,broadside,no,no,no,0,0,0,0,0,0,Passenger Car/Station Wagon,SAN JOAQUIN
82050201,2023-03-13,3,13,1,possible injury,0,3,traffic signs,broadside,no,no,no,0,0,0,0,0,0,Passenger Car/Station Wagon,SAN JOAQUIN
82050203,2023-03-13,3,22,1,severe injury,0,1,wrong side of road,head-on,no,no,no,0,0,0,0,0,0,Passenger Car/Station Wagon,SAN JOAQUIN
82050204,2023-03-14,3,2,2,possible injury,0,1,unsafe speed,hit object,no,no,no,0,0,0,0,0,0,Passenger Car/Station Wagon,SAN JOAQUIN
82050206,2023-03-14,3,11,2,minor injury,0,1,automobile right of way,broadside,no,no,no,0,0,0,0,0,0,Passenger Car/Station Wagon,SAN JOAQUIN
82050209,2023-03-14,3,19,2,severe injury,0,1,unsafe speed,vehicle/pedestrian,yes,no,no,1,0,0,0,0,0,Passenger Car/Station Wagon,SAN JOAQUIN
82050211,2023-03-15,3,17,3,possible injury,0,1,traffic signs,broadside,no,no,no,0,0,0,0,0,0,Passenger Car/Station Wagon,SAN JOAQUIN
82050212,2023-03-19,3,16,7,possible injury,0,3,automobile right of way,broadside,no,no,no,0,0,0,0,0,0,Passenger Car/Station Wagon,SAN JOAQUIN
82050216,2023-02-26,2,3,7,possible injury,0,1,DUI,head-on,no,no,no,0,0,0,0,0,0,Passenger Car/Station Wagon,ORANGE
82050217,2023-02-28,2,7,2,possible injury,0,1,unsafe speed,rear end,no,no,no,0,0,0,0,0,0,Passenger Car/Station Wagon,ORANGE
82050218,2023-02-28,2,8,2,possible injury,0,1,unsafe speed,rear end,no,no,no,0,0,0,0,0,0,Passenger Car/Station Wagon,ORANGE
82050220,2023-03-04,3,13,6,possible injury,0,1,automobile right of way,broadside,no,no,no,0,0,0,0,0,0,Passenger Car/Station Wagon,ORANGE
82050478,2023-04-02,4,8,7,minor injury,0,1,traffic signs,broadside,no,no,no,0,0,0,0,0,0,Passenger Car/Station Wagon,SAN MATEO
82050575,2023-04-13,4,16,4,minor injury,0,1,unknown,rear end,no,no,no,0,0,0,0,0,0,Passenger Car/Station Wagon,SAN MATEO
82050668,2023-04-14,4,14,5,minor injury,0,1,hazardous parking,rear end,no,no,no,0,0,0,0,0,0,Passenger Car/Station Wagon,SAN MATEO
82050707,2023-04-18,4,9,2,possible injury,0,1,automobile right of way,head-on,no,no,no,0,0,0,0,0,0,Passenger Car/Station Wagon,SAN MATEO
82050820,2023-03-30,3,16,4,minor injury,0,1,traffic signs,other,no,no,yes,0,0,1,0,0,0,Motorcycle/Scooter,CONTRA COSTA
82050826,2023-04-20,4,9,4,possible injury,0,1,unsafe speed,rear end,no,no,no,0,0,0,0,0,0,Passenger Car/Station Wagon,RIVERSIDE
82050829,2023-03-12,3,11,7,possible injury,0,1,unknown,broadside,no,no,no,0,0,0,0,0,0,Not Stated,LOS ANGELES
82050830,2023-04-07,4,16,5,minor injury,0,1,unsafe speed,rear end,no,no,no,0,0,0,0,0,0,Passenger Car/Station Wagon,SAN BERNARDINO
82050831,2023-04-08,4,9,6,minor injury,0,1,automobile right of way,broadside,no,no,no,0,0,0,0,0,0,Passenger Car/Station Wagon,SAN BERNARDINO
82050832,2023-04-09,4,16,7,minor injury,0,1,improper turning,sideswipe,no,no,yes,0,0,1,0,0,0,Motorcycle/Scooter,SAN BERNARDINO
82050838,2023-03-17,3,18,5,severe injury,0,1,improper turning,other,no,no,yes,0,0,1,0,0,0,Passenger Car/Station Wagon,SANTA CLARA
82050843,2023-04-18,4,17,2,minor injury,0,2,wrong side of road,head-on,no,no,no,0,0,0,0,0,0,Passenger Car/Station Wagon,SANTA CLARA
82050848,2023-04-06,4,16,4,possible injury,0,2,improper turning,hit object,no,no,no,0,0,0,0,0,0,Passenger Car/Station Wagon,ORANGE
82050849,2023-04-13,4,21,4,possible injury,0,1,traffic signs,head-on,no,no,no,0,0,0,0,0,0,Passenger Car/Station Wagon,ORANGE
82050851,2023-02-07,2,16,2,minor injury,0,1,unsafe speed,rear end,no,no,no,0,0,0,0,0,0,Passenger Car/Station Wagon,SACRAMENTO
82050856,2023-04-19,4,11,3,possible injury,0,3,automobile right of way,broadside,no,no,no,0,0,0,0,0,0,Passenger Car/Station Wagon,ORANGE
82050857,2023-03-16,3,9,4,minor injury,0,1,automobile right of way,broadside,no,no,no,0,0,0,0,0,0,Passenger Car/Station Wagon,SACRAMENTO
82050859,2023-03-17,3,17,5,minor injury,0,1,improper turning,sideswipe,no,no,no,0,0,0,0,0,0,Passenger Car/Station Wagon,SACRAMENTO
82050860,2023-04-20,4,16,4,possible injury,0,1,automobile right of way,broadside,no,no,no,0,0,0,0,0,0,Passenger Car/Station Wagon,ORANGE
82050864,2023-03-27,3,15,1,possible injury,0,2,automobile right of way,broadside,no,no,no,0,0,0,0,0,0,Passenger Car/Station Wagon,SACRAMENTO
82050865,2023-04-21,4,2,5,minor injury,0,2,improper turning,hit object,no,no,no,0,0,0,0,0,0,Pickup or Panel Truck,ORANGE
82050866,2023-03-28,3,15,2,possible injury,0,1,automobile right of way,head-on,no,no,no,0,0,0,0,0,0,Passenger Car/Station Wagon,SACRAMENTO
82050867,2023-04-21,4,5,5,possible injury,0,1,unknown,broadside,no,no,no,0,0,0,0,0,0,Not Stated,ORANGE
82050868,2023-03-29,3,17,3,severe injury,0,1,unsafe speed,hit object,no,no,no,0,0,0,0,0,0,Passenger Car/Station Wagon,SACRAMENTO
82050871,2023-03-30,3,11,4,possible injury,0,1,traffic signs,broadside,no,no,no,0,0,0,0,0,0,Passenger Car/Station Wagon,SACRAMENTO
82050874,2023-04-04,4,4,2,possible injury,0,1,traffic signs,vehicle/pedestrian,yes,no,no,1,0,0,0,0,0,Passenger Car/Station Wagon,SACRAMENTO
82050875,2023-04-06,4,12,4,severe injury,0,1,improper turning,rear end,no,no,yes,0,0,1,0,0,0,Motorcycle/Scooter,SACRAMENTO
82050877,2023-04-08,4,18,6,minor injury,0,1,unsafe speed,other,no,no,yes,0,0,1,0,0,0,Motorcycle/Scooter,SACRAMENTO
82050880,2023-04-03,4,17,1,minor injury,0,1,pedestrian right of way,vehicle/pedestrian,yes,no,no,1,0,0,0,0,0,Not Stated,SACRAMENTO
82050881,2023-04-06,4,2,4,possible injury,0,1,improper turning,hit object,no,no,no,0,0,0,0,0,0,Passenger Car/Station Wagon,SACRAMENTO
82050885,2023-04-10,4,9,1,possible injury,0,1,improper turning,sideswipe,no,no,no,0,0,0,0,0,0,Passenger Car/Station Wagon,SACRAMENTO
82050886,2023-04-10,4,11,1,possible injury,0,1,automobile right of way,broadside,no,yes,no,0,1,0,0,0,0,Passenger Car/Station Wagon,SACRAMENTO
82050887,2023-04-10,4,19,1,possible injury,0,1,pedestrian right of way,vehicle/pedestrian,yes,no,no,1,0,0,0,0,0,Truck or Truck Tractor,SACRAMENTO
82050890,2023-03-16,3,16,4,possible injury,0,3,automobile right of way,broadside,no,no,no,0,0,0,0,0,0,Passenger Car/Station Wagon,RIVERSIDE
82050891,2023-03-29,3,14,3,minor injury,0,1,automobile right of way,hit object,no,no,no,0,0,0,0,0,0,Passenger Car/Station Wagon,RIVERSIDE
82050892,2023-04-06,4,6,4,possible injury,0,1,traffic signs,broadside,no,no,no,0,0,0,0,0,0,Passenger Car/Station Wagon,RIVERSIDE
82050894,2023-04-03,4,11,1,severe injury,0,1,unsafe speed,overturned,no,no,yes,0,0,1,0,0,0,Motorcycle/Scooter,CONTRA COSTA
82050900,2023-03-28,3,14,2,possible injury,0,2,improper turning,sideswipe,no,no,no,0,0,0,0,0,0,Not Stated,LOS ANGELES
82050901,2023-03-31,3,16,5,possible injury,0,1,pedestrian right of way,vehicle/pedestrian,yes,no,no,1,0,0,0,0,0,Passenger Car/Station Wagon,LOS ANGELES
82050902,2023-04-05,4,15,3,possible injury,0,1,improper turning,broadside,no,no,no,0,0,0,0,0,0,Truck or Truck Tractor,LOS ANGELES
82050904,2023-04-10,4,12,1,possible injury,0,1,improper turning,head-on,no,no,no,0,0,0,0,0,0,Passenger Car/Station Wagon,LOS ANGELES
82050906,2023-03-12,3,15,7,minor injury,0,2,unsafe lane change,head-on,no,no,no,0,0,0,0,0,0,Passenger Car/Station Wagon,LOS ANGELES
82050914,2023-02-28,2,17,2,minor injury,0,2,automobile right of way,broadside,no,no,no,0,0,0,0,0,0,Passenger Car/Station Wagon,SAN JOAQUIN
82050916,2023-02-09,2,16,4,possible injury,0,2,automobile right of way,broadside,no,no,no,0,0,0,0,0,0,Passenger Car/Station Wagon,ORANGE
82050917,2023-02-18,2,1,6,possible injury,0,1,DUI,head-on,no,no,no,0,0,0,0,0,0,Passenger Car/Station Wagon,ORANGE
82050921,2023-03-14,3,17,2,possible injury,0,1,traffic signs,broadside,no,no,no,0,0,0,0,0,0,Passenger Car/Station Wagon,RIVERSIDE
82050923,2023-04-04,4,16,2,minor injury,0,2,traffic signs,broadside,no,no,no,0,0,0,0,0,0,Passenger Car/Station Wagon,RIVERSIDE
82050926,2023-04-12,4,15,3,possible injury,0,1,automobile right of way,broadside,no,no,no,0,0,0,0,0,0,Passenger Car/Station Wagon,RIVERSIDE
82050927,2023-04-18,4,7,2,minor injury,0,1,pedestrian violation,vehicle/pedestrian,yes,no,no,1,0,0,0,0,0,Pedestrian,RIVERSIDE
82050933,2023-04-21,4,9,5,possible injury,0,2,automobile right of way,broadside,no,no,no,0,0,0,0,0,0,Passenger Car/Station Wagon,RIVERSIDE
82050938,2023-04-02,4,19,7,possible injury,0,1,improper turning,sideswipe,no,no,no,0,0,0,0,0,0,Passenger Car/Station Wagon,SAN MATEO
82050960,2023-04-08,4,11,6,severe injury,0,2,traffic signs,broadside,no,no,no,0,0,0,0,0,0,Not Stated,ORANGE
82051011,2023-03-25,3,15,6,possible injury,0,1,traffic signs,broadside,no,no,no,0,0,0,0,0,0,Not Stated,ORANGE
82051013,2023-04-18,4,13,2,possible injury,0,2,automobile right of way,broadside,no,no,no,0,0,0,0,0,0,Passenger Car/Station Wagon,ORANGE
82051017,2023-04-15,4,18,6,possible injury,0,2,unsafe speed,rear end,no,no,no,0,0,0,0,0,0,Passenger Car/Station Wagon,RIVERSIDE
82051018,2023-03-22,3,16,3,possible injury,0,1,traffic signs,broadside,no,no,no,0,0,0,0,0,0,Passenger Car/Station Wagon,LOS ANGELES
82051020,2023-03-09,3,21,4,possible injury,0,2,automobile right of way,broadside,no,no,no,0,0,0,0,0,0,Passenger Car/Station Wagon,LOS ANGELES
82051021,2023-03-22,3,8,3,minor injury,0,1,automobile right of way,broadside,no,yes,no,0,1,0,0,0,0,Not Stated,LOS ANGELES
82051022,2023-03-26,3,12,7,minor injury,0,1,automobile right of way,broadside,no,no,no,0,0,0,0,0,0,Passenger Car/Station Wagon,LOS ANGELES
82051025,2023-03-26,3,14,7,minor injury,0,1,automobile right of way,broadside,no,no,no,0,0,0,0,0,0,Passenger Car/Station Wagon,ORANGE
82051027,2023-04-10,4,16,1,minor injury,0,1,pedestrian right of way,vehicle/pedestrian,yes,no,no,1,0,0,0,0,0,Passenger Car/Station Wagon,ORANGE
82051028,2023-02-25,2,20,6,possible injury,0,1,unknown,broadside,no,no,no,0,0,0,0,0,0,Not Stated,SACRAMENTO
82051030,2023-03-11,3,15,6,minor injury,0,1,improper turning,sideswipe,no,no,no,0,0,0,0,0,0,Passenger Car/Station Wagon,SACRAMENTO
82051034,2023-03-30,3,20,4,possible injury,0,1,pedestrian violation,vehicle/pedestrian,yes,no,no,1,0,0,0,0,0,Pedestrian,SACRAMENTO
82051039,2023-03-20,3,17,1,minor injury,0,1,unsafe speed,hit object,no,no,no,0,0,0,0,0,0,Passenger Car/Station Wagon,LOS ANGELES
82051043,2023-04-18,4,11,2,possible injury,0,1,unsafe speed,rear end,no,no,no,0,0,0,0,0,0,Passenger Car/Station Wagon,VENTURA
82051045,2023-04-19,4,7,3,possible injury,0,1,automobile right of way,other,no,no,no,0,0,0,0,0,0,Passenger Car/Station Wagon,VENTURA
82051048,2023-03-21,3,14,2,minor injury,0,3,unsafe speed,rear end,no,no,no,0,0,0,0,0,0,Passenger Car/Station Wagon,SACRAMENTO
82051050,2023-04-03,4,15,1,minor injury,0,1,automobile right of way,broadside,no,no,no,0,0,0,0,0,0,Passenger Car/Station Wagon,SACRAMENTO
82051054,2023-04-08,4,10,6,possible injury,0,1,traffic signs,broadside,no,no,no,0,0,0,0,0,0,Not Stated,SACRAMENTO
82051055,2023-04-10,4,11,1,possible injury,0,1,other hazardous violation,broadside,no,no,no,0,0,0,0,0,0,Passenger Car/Station Wagon,SACRAMENTO
82051059,2023-04-12,4,11,3,possible injury,0,4,traffic signs,head-on,no,no,no,0,0,0,0,0,0,Passenger Car/Station Wagon,SACRAMENTO
82051061,2023-03-23,3,12,4,possible injury,0,2,automobile right of way,broadside,no,no,no,0,0,0,0,0,0,Passenger Car/Station Wagon,RIVERSIDE
82051062,2023-04-05,4,10,3,possible injury,0,1,DUI,rear end,no,no,no,0,0,0,0,0,0,Pickup or Panel Truck,RIVERSIDE