CASE_ID,COLLISION_DATE,MONTH,HOUR,DAY_OF_WEEK,COLLISION_SEVERITY,NUMBER_KILLED,NUMBER_INJURED,PCF_VIOL_CATEGORY,TYPE_OF_COLLISION,PEDESTRIAN_ACCIDENT,BICYCLE_ACCIDENT,MOTORCYCLE_ACCIDENT,COUNT_PED_INJURED,COUNT_BICYCLIST_INJURED,COUNT_MC_INJURED,COUNT_PED_KILLED,COUNT_BICYCLIST_KILLED,COUNT_MC_KILLED,STWD_VEHTYPE_AT_FAULT,COUNTY
82059752,2023-03-11,3,16,6,minor injury,0,1,automobile right of way,sideswipe,no,no,no,0,0,0,0,0,0,Passenger Car/Station Wagon,SAN BERNARDINO
82059754,2023-04-14,4,21,5,possible injury,0,1,unsafe speed,rear end,no,no,no,0,0,0,0,0,0,Passenger Car/Station Wagon,SAN BERNARDINO
82059756,2023-04-18,4,15,2,severe injury,0,2,improper turning,head-on,no,no,no,0,0,0,0,0,0,Passenger Car/Station Wagon,SAN BERNARDINO
82059758,2023-04-26,4,11,3,minor injury,0,1,pedestrian violation,vehicle/pedestrian,yes,no,no,1,0,0,0,0,0,Pedestrian,SAN BERNARDINO
82059759,2023-04-26,4,11,3,minor injury,0,2,traffic signs,broadside,no,no,no,0,0,0,0,0,0,Passenger Car/Station Wagon,SAN BERNARDINO
82059760,2023-04-28,4,16,5,minor injury,0,4,DUI,head-on,no,no,no,0,0,0,0,0,0,Passenger Car/Station Wagon,SAN BERNARDINO
82059765,2023-04-14,4,18,5,minor injury,0,1,unsafe speed,rear end,no,no,no,0,0,0,0,0,0,Passenger Car/Station Wagon,SACRAMENTO
82059766,2023-04-15,4,23,6,possible injury,0,1,unsafe speed,head-on,no,no,no,0,0,0,0,0,0,Passenger Car/Station Wagon,SACRAMENTO
82059767,2023-04-17,4,14,1,possible injury,0,4,traffic signs,broadside,no,no,no,0,0,0,0,0,0,Passenger Car/Station Wagon,SACRAMENTO
82059768,2023-04-17,4,15,1,possible injury,0,1,unsafe speed,rear end,no,no,yes,0,0,1,0,0,0,Motorcycle/Scooter,SACRAMENTO
82059770,2023-04-20,4,7,4,possible injury,0,1,unsafe speed,broadside,no,yes,no,0,1,0,0,0,0,Passenger Car/Station Wagon,SACRAMENTO
82059773,2023-04-21,4,9,5,minor injury,0,1,improper turning,head-on,no,no,no,0,0,0,0,0,0,Truck or Truck Tractor,SACRAMENTO
82059774,2023-04-21,4,11,5,minor injury,0,1,wrong side of road,broadside,no,yes,no,0,1,0,0,0,0,Bicycle,SACRAMENTO
82059775,2023-04-21,4,18,5,minor injury,0,2,unsafe speed,rear end,no,no,no,0,0,0,0,0,0,Passenger Car/Station Wagon,SACRAMENTO
82059776,2023-04-21,4,23,5,possible injury,0,1,improper turning,hit object,no,no,no,0,0,0,0,0,0,Passenger Car/Station Wagon,SACRAMENTO
82059779,2023-02-15,2,18,3,minor injury,0,1,automobile right of way,broadside,no,no,no,0,0,0,0,0,0,Passenger Car/Station Wagon,ORANGE
82059780,2023-04-08,4,13,6,minor injury,0,3,unsafe speed,other,no,yes,yes,0,1,2,0,0,0,Motorcycle/Scooter,SACRAMENTO
82059782,2023-04-16,4,22,7,minor injury,0,1,unsafe speed,rear end,no,yes,no,0,1,0,0,0,0,Not Stated,CONTRA COSTA
82059784,2023-04-19,4,23,3,minor injury,0,2,unsafe speed,overturned,no,no,no,0,0,0,0,0,0,Passenger Car/Station Wagon,CONTRA COSTA
82059785,2023-04-23,4,21,7,possible injury,0,1,traffic signs,broadside,no,no,no,0,0,0,0,0,0,Passenger Car/Station Wagon,CONTRA COSTA
82059787,2023-04-25,4,14,2,possible injury,0,2,improper turning,sideswipe,no,no,no,0,0,0,0,0,0,Passenger Car/Station Wagon,CONTRA COSTA
82059788,2023-04-01,4,21,6,severe injury,0,1,DUI,rear end,no,no,yes,0,0,1,0,0,0,Pickup or Panel Truck,KERN
82059790,2023-04-25,4,10,2,minor injury,0,4,traffic signs,broadside,no,no,no,0,0,0,0,0,0,Passenger Car/Station Wagon,KERN
82059791,2023-04-26,4,15,3,minor injury,0,2,traffic signs,broadside,no,no,no,0,0,0,0,0,0,Pickup or Panel Truck,KERN
82059792,2023-04-27,4,12,4,possible injury,0,2,automobile right of way,head-on,no,no,no,0,0,0,0,0,0,Passenger Car/Station Wagon,KERN
82059793,2023-04-28,4,15,5,possible injury,0,1,DUI,rear end,no,no,no,0,0,0,0,0,0,Passenger Car/Station Wagon,KERN
82059795,2023-04-30,4,19,7,possible injury,0,1,traffic signs,broadside,no,no,no,0,0,0,0,0,0,Passenger Car/Station Wagon,KERN
82059796,2023-04-30,4,19,7,minor injury,0,1,pedestrian violation,vehicle/pedestrian,yes,no,no,1,0,0,0,0,0,Pedestrian,KERN
82059797,2023-04-30,4,20,7,minor injury,0,1,other than driver or pedestrian,other,no,no,no,0,0,0,0,0,0,Not Stated,KERN
82059799,2023-05-01,5,0,1,possible injury,0,1,improper turning,hit object,no,no,no,0,0,0,0,0,0,Passenger Car/Station Wagon,KERN
82059800,2023-05-01,5,11,1,possible injury,0,1,traffic signs,broadside,no,no,no,0,0,0,0,0,0,Passenger Car/Station Wagon,KERN
82059801,2023-05-01,5,14,1,possible injury,0,1,unsafe speed,rear end,no,no,no,0,0,0,0,0,0,Not Stated,KERN
82059803,2023-04-19,4,21,3,possible injury,0,2,unsafe speed,rear end,no,no,no,0,0,0,0,0,0,Passenger Car/Station Wagon,RIVERSIDE
82059805,2023-05-01,5,16,1,possible injury,0,1,unsafe speed,rear end,no,no,no,0,0,0,0,0,0,Passenger Car/Station Wagon,RIVERSIDE
82059806,2023-04-07,4,20,5,minor injury,0,1,pedestrian violation,vehicle/pedestrian,yes,no,no,1,0,0,0,0,0,Pedestrian,LOS ANGELES
82059809,2023-04-27,4,7,4,minor injury,0,1,automobile right of way,rear end,no,no,no,0,0,0,0,0,0,Passenger Car/Station Wagon,LOS ANGELES
82059810,2023-04-28,4,8,5,possible injury,0,1,unsafe speed,rear end,no,no,no,0,0,0,0,0,0,Passenger Car/Station Wagon,LOS ANGELES
82059812,2023-04-30,4,5,7,possible injury,0,2,improper turning,sideswipe,no,no,no,0,0,0,0,0,0,Passenger Car/Station Wagon,LOS ANGELES
82059813,2023-03-31,3,17,5,possible injury,0,2,DUI,sideswipe,no,no,no,0,0,0,0,0,0,Passenger Car/Station Wagon,ORANGE
82059814,2023-04-01,4,18,6,minor injury,0,1,DUI,hit object,no,no,no,0,0,0,0,0,0,Passenger Car/Station Wagon,ORANGE
82059815,2023-04-03,4,19,1,possible injury,0,1,unsafe speed,rear end,no,no,no,0,0,0,0,0,0,Passenger Car/Station Wagon,ORANGE
82059822,2023-04-17,4,17,1,possible injury,0,1,unsafe speed,hit object,no,no,no,0,0,0,0,0,0,Passenger Car/Station Wagon,SANTA BARBARA
82059823,2023-04-10,4,8,1,possible injury,0,1,improper turning,head-on,no,no,no,0,0,0,0,0,0,Passenger Car/Station Wagon,SANTA BARBARA
82059826,2023-04-30,4,16,7,possible injury,0,2,automobile right of way,sideswipe,no,no,no,0,0,0,0,0,0,Passenger Car/Station Wagon,RIVERSIDE
82060220,2023-04-22,4,22,6,minor injury,0,1,traffic signs,vehicle/pedestrian,yes,no,no,1,0,0,0,0,0,Passenger Car/Station Wagon,SOLANO
82060231,2023-04-10,4,20,1,minor injury,0,2,unsafe speed,hit object,no,no,no,0,0,0,0,0,0,Passenger Car/Station Wagon,SOLANO
82060243,2023-04-08,4,12,6,minor injury,0,1,unknown,broadside,no,no,no,0,0,0,0,0,0,Pickup or Panel Truck,SOLANO
82060251,2023-04-03,4,14,1,possible injury,0,1,unsafe starting or backing,rear end,no,no,no,0,0,0,0,0,0,Passenger Car/Station Wagon,SOLANO
82060282,2023-02-14,2,10,2,possible injury,0,2,unsafe speed,sideswipe,no,no,no,0,0,0,0,0,0,Passenger Car/Station Wagon,SOLANO
82060466,2023-04-29,4,1,6,minor injury,0,1,unsafe speed,hit object,no,no,no,0,0,0,0,0,0,Passenger Car/Station Wagon,HUMBOLDT
82060512,2023-04-26,4,8,3,severe injury,0,1,wrong side of road,other,no,no,no,0,0,0,0,0,0,Other Vehicle,ORANGE
82060513,2023-04-30,4,7,7,minor injury,0,1,unsafe speed,rear end,no,no,no,0,0,0,0,0,0,Passenger Car/Station Wagon,ORANGE
82060571,2023-04-18,4,8,2,minor injury,0,1,automobile right of way,broadside,no,no,no,0,0,0,0,0,0,Passenger Car/Station Wagon,HUMBOLDT
82060583,2023-04-26,4,21,3,minor injury,0,2,automobile right of way,head-on,no,no,no,0,0,0,0,0,0,Passenger Car/Station Wagon,SAN MATEO
82060687,2023-04-21,4,11,5,possible injury,0,4,other than driver or pedestrian,rear end,no,no,no,0,0,0,0,0,0,Not Stated,ORANGE
82060702,2023-04-28,4,16,5,possible injury,0,1,unsafe speed,sideswipe,no,no,no,0,0,0,0,0,0,Passenger Car/Station Wagon,RIVERSIDE
82060703,2023-03-23,3,23,4,possible injury,0,1,traffic signs,broadside,no,no,no,0,0,0,0,0,0,Passenger Car/Station Wagon,SONOMA
82060704,2023-03-18,3,16,6,possible injury,0,1,traffic signs,broadside,no,no,no,0,0,0,0,0,0,Passenger Car/Station Wagon,SOLANO
82060705,2023-04-01,4,11,6,possible injury,0,1,improper turning,broadside,no,no,no,0,0,0,0,0,0,Passenger Car/Station Wagon,SONOMA
82060709,2023-04-13,4,9,4,possible injury,0,1,following too closely,rear end,no,no,no,0,0,0,0,0,0,Passenger Car/Station Wagon,SONOMA
82060714,2023-04-25,4,19,2,possible injury,0,4,traffic signs,broadside,no,no,no,0,0,0,0,0,0,Passenger Car/Station Wagon,SACRAMENTO
82060717,2023-04-16,4,10,7,minor injury,0,3,other hazardous violation,rear end,no,no,no,0,0,0,0,0,0,Not Stated,CONTRA COSTA
82060720,2023-04-21,4,18,5,possible injury,0,2,automobile right of way,broadside,no,no,no,0,0,0,0,0,0,Passenger Car/Station Wagon,ORANGE
82060722,2023-04-25,4,10,2,possible injury,0,1,unsafe speed,broadside,no,yes,no,0,1,0,0,0,0,Bicycle,ORANGE
82060723,2023-04-27,4,15,4,possible injury,0,1,automobile right of way,broadside,no,no,no,0,0,0,0,0,0,Passenger Car/Station Wagon,ORANGE
82060724,2023-04-28,4,14,5,possible injury,0,1,automobile right of way,broadside,no,no,no,0,0,0,0,0,0,Passenger Car/Station Wagon,ORANGE
82060725,2023-04-30,4,6,7,possible injury,0,1,improper turning,hit object,no,no,no,0,0,0,0,0,0,Passenger Car/Station Wagon,ORANGE
82060726,2023-04-30,4,8,7,minor injury,0,3,traffic signs,broadside,no,no,no,0,0,0,0,0,0,Passenger Car/Station Wagon,ORANGE
82060727,2023-04-30,4,14,7,possible injury,0,4,unsafe speed,rear end,no,no,no,0,0,0,0,0,0,Passenger Car/Station Wagon,ORANGE
82060730,2023-05-01,5,17,1,possible injury,0,2,automobile right of way,broadside,no,no,no,0,0,0,0,0,0,Passenger Car/Station Wagon,ORANGE
82060735,2023-01-17,1,1,2,minor injury,0,1,improper turning,hit object,no,no,no,0,0,0,0,0,0,Passenger Car/Station Wagon,RIVERSIDE
82060736,2023-04-27,4,16,4,possible injury,0,2,automobile right of way,broadside,no,no,no,0,0,0,0,0,0,Passenger Car/Station Wagon,RIVERSIDE
82060737,2023-05-03,5,7,3,minor injury,0,1,automobile right of way,broadside,no,no,no,0,0,0,0,0,0,Pickup or Panel Truck,RIVERSIDE
82060739,2023-04-09,4,12,7,possible injury,0,1,pedestrian violation,vehicle/pedestrian,yes,no,no,1,0,0,0,0,0,Pedestrian,ORANGE
82060740,2023-04-23,4,14,7,minor injury,0,1,traffic signs,broadside,no,no,no,0,0,0,0,0,0,Not Stated,ORANGE
82060741,2023-04-27,4,9,4,minor injury,0,1,traffic signs,broadside,no,no,no,0,0,0,0,0,0,Not Stated,ORANGE
82060743,2023-04-27,4,22,4,severe injury,0,1,wrong side of road,rear end,no,yes,no,0,1,0,0,0,0,Bicycle,ORANGE
82060747,2023-04-29,4,13,6,possible injury,0,3,improper turning,head-on,no,no,no,0,0,0,0,0,0,Passenger Car/Station Wagon,ORANGE
82060748,2023-04-29,4,18,6,possible injury,0,1,automobile right of way,broadside,no,no,no,0,0,0,0,0,0,Passenger Car/Station Wagon,ORANGE
82060749,2023-04-29,4,22,6,possible injury,0,1,automobile right of way,head-on,no,no,no,0,0,0,0,0,0,Passenger Car/Station Wagon,ORANGE
82060751,2023-05-01,5,7,1,possible injury,0,2,automobile right of way,broadside,no,no,no,0,0,0,0,0,0,Passenger Car/Station Wagon,ORANGE
82060752,2023-05-01,5,16,1,minor injury,0,1,wrong side of road,broadside,no,yes,no,0,1,0,0,0,0,Bicycle,ORANGE
82060754,2023-04-26,4,10,3,possible injury,0,1,unsafe speed,rear end,no,no,no,0,0,0,0,0,0,Passenger Car/Station Wagon,RIVERSIDE
82060755,2023-05-01,5,15,1,possible injury,0,1,unsafe speed,rear end,no,no,no,0,0,0,0,0,0,Passenger Car/Station Wagon,RIVERSIDE
82060758,2023-04-20,4,18,4,possible injury,0,1,DUI,hit object,no,no,no,0,0,0,0,0,0,Passenger Car/Station Wagon,SAN LUIS OBISPO
82060760,2023-03-05,3,13,7,minor injury,0,2,improper turning,hit object,no,no,no,0,0,0,0,0,0,Passenger Car/Station Wagon,LOS ANGELES
82060761,2023-04-11,4,21,2,possible injury,0,2,traffic signs,broadside,no,no,no,0,0,0,0,0,0,Passenger Car/Station Wagon,LOS ANGELES
82060767,2023-04-04,4,1,2,minor injury,0,1,DUI,broadside,no,no,no,0,0,0,0,0,0,Passenger Car/Station Wagon,SAN BERNARDINO
82060772,2023-04-19,4,12,3,possible injury,0,1,automobile right of way,head-on,no,no,no,0,0,0,0,0,0,Truck or Truck Tractor,SAN BERNARDINO
82060774,2023-04-20,4,14,4,minor injury,0,1,improper passing,head-on,no,no,no,0,0,0,0,0,0,Passenger Car/Station Wagon,SAN BERNARDINO
82060779,2023-03-28,3,11,2,minor injury,0,1,other than driver or pedestrian,hit object,no,no,no,0,0,0,0,0,0,Not Stated,SANTA CLARA
82060780,2023-04-09,4,16,7,minor injury,0,1,improper turning,broadside,no,yes,no,0,1,0,0,0,0,Bicycle,SANTA CLARA
82060781,2023-03-12,3,21,7,possible injury,0,4,traffic signs,broadside,no,no,no,0,0,0,0,0,0,Passenger Car/Station Wagon,LOS ANGELES
82060784,2023-04-03,4,21,1,possible injury,0,1,other hazardous violation,broadside,no,no,yes,0,0,1,0,0,0,Moped,LOS ANGELES
82060785,2023-04-07,4,14,5,possible injury,0,2,unsafe speed,rear end,no,no,no,0,0,0,0,0,0,Not Stated,LOS ANGELES
82060787,2023-04-08,4,0,6,minor injury,0,1,improper turning,overturned,no,no,no,0,0,0,0,0,0,Passenger Car/Station Wagon,LOS ANGELES
82060791,2023-04-27,4,12,4,possible injury,0,1,unsafe speed,rear end,no,no,no,0,0,0,0,0,0,Passenger Car/Station Wagon,VENTURA
82060794,2023-04-28,4,14,5,possible injury,0,1,unsafe speed,overturned,no,no,no,0,0,0,0,0,0,Passenger Car/Station Wagon,VENTURA
82060803,2023-04-16,4,15,7,minor injury,0,3,traffic signs,broadside,no,no,no,0,0,0,0,0,0,Passenger Car/Station Wagon,SANTA CLARA
82060805,2023-04-17,4,14,1,minor injury,0,1,automobile right of way,broadside,no,no,no,0,0,0,0,0,0,Passenger Car/Station Wagon,SANTA CLARA
82060810,2023-01-17,1,2,2,severe injury,0,1,unsafe speed,hit object,no,no,no,0,0,0,0,0,0,Passenger Car/Station Wagon,ORANGE
82060812,2023-02-25,2,10,6,minor injury,0,3,wrong side of road,sideswipe,no,no,no,0,0,0,0,0,0,Passenger Car/Station Wagon,ORANGE
82060813,2023-03-11,3,22,6,possible injury,0,1,traffic signs,broadside,no,no,no,0,0,0,0,0,0,Passenger Car/Station Wagon,ORANGE
82060815,2023-03-24,3,19,5,minor injury,0,2,wrong side of road,head-on,no,no,no,0,0,0,0,0,0,Pickup or Panel Truck,ORANGE
82060817,2023-04-11,4,8,2,minor injury,0,2,automobile right of way,broadside,no,no,no,0,0,0,0,0,0,Passenger Car/Station Wagon,ORANGE
82060819,2023-04-11,4,21,2,possible injury,0,2,traffic signs,broadside,no,no,no,0,0,0,0,0,0,Passenger Car/Station Wagon,ORANGE
82060821,2023-04-12,4,10,3,possible injury,0,1,other improper driving,vehicle/pedestrian,yes,no,no,1,0,0,0,0,0,Pickup or Panel Truck,ORANGE
82060826,2023-04-18,4,7,2,possible injury,0,1,pedestrian violation,vehicle/pedestrian,yes,no,no,1,0,0,0,0,0,Pedestrian,ORANGE
82060827,2023-04-18,4,8,2,possible injury,0,3,automobile right of way,head-on,no,no,no,0,0,0,0,0,0,Pickup or Panel Truck,ORANGE
82060828,2023-04-19,4,9,3,minor injury,0,2,unsafe speed,rear end,no,no,no,0,0,0,0,0,0,Passenger Car/Station Wagon,ORANGE
82060829,2023-04-19,4,12,3,possible injury,0,1,automobile right of way,other,no,no,no,0,0,0,0,0,0,Passenger Car/Station Wagon,ORANGE
82060838,2023-04-23,4,12,7,possible injury,0,1,unsafe speed,rear end,no,no,no,0,0,0,0,0,0,Passenger Car/Station Wagon,ORANGE
82060846,2023-04-25,4,12,2,minor injury,0,1,pedestrian violation,vehicle/pedestrian,yes,no,no,1,0,0,0,0,0,Pedestrian,ORANGE
82060851,2023-04-26,4,11,3,minor injury,0,1,improper turning,hit object,no,no,no,0,0,0,0,0,0,Passenger Car/Station Wagon,ORANGE
82060852,2023-04-26,4,11,3,possible injury,0,3,traffic signs,broadside,no,no,no,0,0,0,0,0,0,Passenger Car/Station Wagon,ORANGE
82060853,2023-04-26,4,14,3,minor injury,0,3,improper turning,hit object,no,no,no,0,0,0,0,0,0,Passenger Car/Station Wagon,ORANGE
82060855,2023-04-26,4,22,3,possible injury,0,2,unsafe speed,rear end,no,no,no,0,0,0,0,0,0,Pickup or Panel Truck,ORANGE
82060856,2023-04-27,4,7,4,possible injury,0,1,unsafe speed,rear end,no,no,no,0,0,0,0,0,0,Passenger Car/Station Wagon,ORANGE
82060857,2023-04-27,4,9,4,possible injury,0,1,automobile right of way,broadside,no,no,no,0,0,0,0,0,0,Passenger Car/Station Wagon,ORANGE
82060859,2023-04-27,4,15,4,minor injury,0,1,unsafe speed,other,no,yes,no,0,1,0,0,0,0,Bicycle,ORANGE
82060860,2023-04-27,4,16,4,possible injury,0,1,unsafe speed,rear end,no,no,no,0,0,0,0,0,0,Pickup or Panel Truck,ORANGE
82060865,2023-04-28,4,13,5,possible injury,0,1,unsafe speed,rear end,no,no,no,0,0,0,0,0,0,Passenger Car/Station Wagon,ORANGE
82060866,2023-04-28,4,0,5,possible injury,0,1,traffic signs,broadside,no,no,no,0,0,0,0,0,0,Passenger Car/Station Wagon,ORANGE
82060871,2023-03-29,3,12,3,minor injury,0,1,automobile right of way,head-on,no,no,no,0,0,0,0,0,0,Passenger Car/Station Wagon,LOS ANGELES
82060874,2023-04-17,4,17,1,possible injury,0,2,unsafe speed,rear end,no,no,no,0,0,0,0,0,0,Passenger Car/Station Wagon,SACRAMENTO
82060875,2023-04-20,4,17,4,minor injury,0,1,traffic signs,broadside,no,no,no,0,0,0,0,0,0,Pickup or Panel Truck,SACRAMENTO
82060877,2023-04-22,4,15,6,possible injury,0,1,traffic signs,broadside,no,no,yes,0,0,1,0,0,0,Not Stated,SACRAMENTO
82060883,2023-02-02,2,13,4,possible injury,0,4,automobile right of way,broadside,no,no,no,0,0,0,0,0,0,Passenger Car/Station Wagon,ORANGE
82060884,2023-02-16,2,13,4,possible injury,0,1,traffic signs,broadside,no,no,no,0,0,0,0,0,0,Passenger Car/Station Wagon,ORANGE
82060885,2023-02-17,2,12,5,minor injury,0,2,automobile right of way,head-on,no,no,no,0,0,0,0,0,0,Passenger Car/Station Wagon,ORANGE
82060886,2023-02-17,2,14,5,possible injury,0,2,automobile right of way,head-on,no,no,no,0,0,0,0,0,0,Passenger Car/Station Wagon,ORANGE
82060889,2023-04-10,4,16,1,possible injury,0,2,traffic signs,broadside,no,no,no,0,0,0,0,0,0,Not Stated,SACRAMENTO
82060890,2023-03-10,3,16,5,possible injury,0,1,DUI,head-on,no,no,no,0,0,0,0,0,0,Passenger Car/Station Wagon,CONTRA COSTA
82060893,2023-04-14,4,18,5,minor injury,0,1,traffic signs,head-on,no,yes,yes,0,1,0,0,0,0,Passenger Car/Station Wagon,CONTRA COSTA
82060897,2023-04-27,4,17,4,possible injury,0,1,automobile right of way,broadside,no,no,no,0,0,0,0,0,0,Passenger Car/Station Wagon,CONTRA COSTA
82060899,2023-04-28,4,22,5,possible injury,0,2,following too closely,rear end,no,no,no,0,0,0,0,0,0,Passenger Car/Station Wagon,CONTRA COSTA
82060901,2023-05-02,5,3,2,possible injury,0,2,unsafe speed,hit object,no,no,no,0,0,0,0,0,0,Passenger Car/Station Wagon,CONTRA COSTA
82060903,2023-05-02,5,13,2,minor injury,0,1,automobile right of way,broadside,no,yes,no,0,1,0,0,0,0,Pickup or Panel Truck,CONTRA COSTA
82060904,2023-05-02,5,14,2,possible injury,0,1,improper turning,rear end,no,no,no,0,0,0,0,0,0,Not Stated,CONTRA COSTA
82060913,2023-04-23,4,16,7,possible injury,0,1,automobile right of way,broadside,no,no,no,0,0,0,0,0,0,Passenger Car/Station Wagon,RIVERSIDE
82060918,2023-03-08,3,16,3,possible injury,0,1,other than driver or pedestrian,hit object,no,no,no,0,0,0,0,0,0,Not Stated,ALAMEDA
82060920,2023-03-25,3,22,6,minor injury,0,1,DUI,rear end,no,no,no,0,0,0,0,0,0,Passenger Car/Station Wagon,ALAMEDA
82060921,2023-02-01,2,20,3,possible injury,0,1,traffic signs,sideswipe,no,no,no,0,0,0,0,0,0,Passenger Car/Station Wagon,SOLANO
82060925,2023-03-02,3,13,4,possible injury,0,1,unsafe starting or backing,sideswipe,no,no,no,0,0,0,0,0,0,Passenger Car/Station Wagon,SOLANO
82060926,2023-03-07,3,20,2,possible injury,0,1,traffic signs,broadside,no,no,no,0,0,0,0,0,0,Other Bus,SOLANO
82060928,2023-03-12,3,18,7,minor injury,0,2,unsafe speed,rear end,no,no,no,0,0,0,0,0,0,Passenger Car/Station Wagon,SOLANO
82060929,2023-03-16,3,15,4,possible injury,0,1,automobile right of way,broadside,no,no,no,0,0,0,0,0,0,Passenger Car/Station Wagon,SOLANO
82060930,2023-03-16,3,20,4,possible injury,0,1,traffic signs,broadside,no,no,no,0,0,0,0,0,0,Not Stated,SOLANO
82060932,2023-03-19,3,12,7,possible injury,0,3,improper turning,broadside,no,no,no,0,0,0,0,0,0,Passenger Car/Station Wagon,SOLANO
82060934,2023-03-23,3,19,4,minor injury,0,1,pedestrian violation,vehicle/pedestrian,yes,no,no,1,0,0,0,0,0,Pedestrian,SOLANO
82060936,2023-03-28,3,20,2,possible injury,0,1,unsafe speed,rear end,no,no,no,0,0,0,0,0,0,Passenger Car/Station Wagon,RIVERSIDE
82060937,2023-03-30,3,22,4,possible injury,0,2,traffic signs,broadside,no,no,no,0,0,0,0,0,0,Passenger Car/Station Wagon,RIVERSIDE
82060938,2023-03-05,3,14,7,possible injury,0,3,automobile right of way,head-on,no,no,no,0,0,0,0,0,0,Pickup or Panel Truck,RIVERSIDE
82060939,2023-03-23,3,15,4,severe injury,0,6,DUI,sideswipe,no,no,no,0,0,0,0,0,0,Passenger Car/Station Wagon,RIVERSIDE
82060940,2023-03-27,3,9,1,possible injury,0,1,traffic signs,broadside,no,no,no,0,0,0,0,0,0,Not Stated,RIVERSIDE
82060943,2023-03-29,3,18,3,possible injury,0,1,improper turning,broadside,no,no,yes,0,0,0,0,0,0,Motorcycle/Scooter,SAN JOAQUIN
82060954,2023-03-14,3,22,2,possible injury,0,2,traffic signs,broadside,no,no,no,0,0,0,0,0,0,Not Stated,ORANGE
82060955,2023-03-16,3,14,4,possible injury,0,2,other hazardous violation,broadside,no,no,no,0,0,0,0,0,0,Passenger Car/Station Wagon,ORANGE
82060956,2023-03-17,3,8,5,possible injury,0,2,automobile right of way,broadside,no,no,no,0,0,0,0,0,0,Passenger Car/Station Wagon,ORANGE
82060957,2023-03-17,3,15,5,possible injury,0,2,traffic signs,broadside,no,no,no,0,0,0,0,0,0,Passenger Car/Station Wagon,ORANGE
82060965,2023-04-26,4,11,3,minor injury,0,1,other than driver or pedestrian,hit object,no,no,no,0,0,0,0,0,0,Not Stated,RIVERSIDE
82060967,2023-05-01,5,16,1,minor injury,0,1,automobile right of way,broadside,no,no,no,0,0,0,0,0,0,Passenger Car/Station Wagon,RIVERSIDE
82061093,2023-04-26,4,15,3,possible injury,0,1,automobile right of way,broadside,no,no,no,0,0,0,0,0,0,Passenger Car/Station Wagon,SACRAMENTO
82061179,2023-04-26,4,4,3,possible injury,0,3,traffic signs,broadside,no,no,no,0,0,0,0,0,0,Passenger Car/Station Wagon,ORANGE
82061301,2023-04-11,4,7,2,minor injury,0,1,pedestrian right of way,vehicle/pedestrian,yes,no,no,1,0,0,0,0,0,Passenger Car/Station Wagon,SAN MATEO
82061304,2023-04-15,4,11,6,minor injury,0,2,improper passing,sideswipe,no,no,yes,0,0,1,0,0,0,Motorcycle/Scooter,SANTA CLARA
82061350,2023-04-23,4,10,7,minor injury,0,1,traffic signs,broadside,no,no,no,0,0,0,0,0,0,Passenger Car/Station Wagon,ORANGE
82061351,2023-04-28,4,15,5,minor injury,0,1,automobile right of way,broadside,no,no,no,0,0,0,0,0,0,Passenger Car/Station Wagon,ORANGE
82061424,2023-03-26,3,11,7,minor injury,0,1,improper turning,other,no,yes,no,0,1,0,0,0,0,Bicycle,SAN MATEO
82061430,2023-05-01,5,10,1,severe injury,0,1,traffic signs,vehicle/pedestrian,no,yes,no,0,1,0,0,0,0,Passenger Car/Station Wagon,CONTRA COSTA
82061442,2023-04-09,4,16,7,minor injury,0,2,unsafe speed,vehicle/pedestrian,yes,no,no,2,0,0,0,0,0,Passenger Car/Station Wagon,SAN MATEO
82061469,2023-03-24,3,10,5,minor injury,0,1,traffic signs,broadside,no,no,no,0,0,0,0,0,0,Passenger Car/Station Wagon,SAN MATEO
82061482,2023-04-26,4,16,3,minor injury,0,1,improper turning,sideswipe,no,yes,no,0,1,0,0,0,0,Bicycle,SAN MATEO
82061627,2023-04-11,4,10,2,possible injury,0,2,automobile right of way,broadside,no,no,no,0,0,0,0,0,0,Not Stated,ORANGE
82061660,2023-02-27,2,17,1,minor injury,0,1,unsafe speed,rear end,no,no,no,0,0,0,0,0,0,Passenger Car/Station Wagon,SAN MATEO
82061713,2023-04-20,4,13,4,minor injury,0,1,automobile right of way,sideswipe,no,no,no,0,0,0,0,0,0,Pickup or Panel Truck,HUMBOLDT
82061738,2023-04-18,4,14,2,possible injury,0,1,unsafe speed,rear end,no,no,no,0,0,0,0,0,0,Passenger Car/Station Wagon,ORANGE
82061741,2023-03-31,3,18,5,possible injury,0,1,automobile right of way,broadside,no,no,no,0,0,0,0,0,0,Pickup or Panel Truck,SACRAMENTO
82061754,2023-04-17,4,15,1,possible injury,0,1,unsafe speed,rear end,no,no,no,0,0,0,0,0,0,Passenger Car/Station Wagon,ORANGE
82061769,2023-04-09,4,10,7,possible injury,0,1,other improper driving,hit object,no,no,no,0,0,0,0,0,0,Not Stated,ORANGE