CASE_ID,COLLISION_DATE,MONTH,HOUR,DAY_OF_WEEK,COLLISION_SEVERITY,NUMBER_KILLED,NUMBER_INJURED,PCF_VIOL_CATEGORY,TYPE_OF_COLLISION,PEDESTRIAN_ACCIDENT,BICYCLE_ACCIDENT,MOTORCYCLE_ACCIDENT,COUNT_PED_INJURED,COUNT_BICYCLIST_INJURED,COUNT_MC_INJURED,COUNT_PED_KILLED,COUNT_BICYCLIST_KILLED,COUNT_MC_KILLED,STWD_VEHTYPE_AT_FAULT,COUNTY
82080193,2023-05-04,5,10,4,possible injury,0,2,unsafe speed,rear end,no,no,no,0,0,0,0,0,0,Truck or Truck Tractor,RIVERSIDE
82080195,2023-05-12,5,12,5,possible injury,0,1,unsafe speed,rear end,no,no,no,0,0,0,0,0,0,Passenger Car/Station Wagon,RIVERSIDE
82080201,2023-04-21,4,8,5,possible injury,0,1,traffic signs,other,no,yes,no,0,1,0,0,0,0,Not Stated,LOS ANGELES
82080205,2023-05-13,5,21,6,minor injury,0,1,pedestrian violation,vehicle/pedestrian,yes,no,no,1,0,0,0,0,0,Pedestrian,ORANGE
82080212,2023-04-21,4,17,5,possible injury,0,1,automobile right of way,sideswipe,no,no,no,0,0,0,0,0,0,Passenger Car/Station Wagon,LOS ANGELES
82080214,2023-05-16,5,17,2,possible injury,0,2,automobile right of way,broadside,no,no,no,0,0,0,0,0,0,Passenger Car/Station Wagon,LOS ANGELES
82080215,2023-04-29,4,15,6,minor injury,0,2,automobile right of way,broadside,no,no,no,0,0,0,0,0,0,Passenger Car/Station Wagon,STANISLAUS
82080221,2023-05-01,5,11,1,minor injury,0,4,traffic signs,broadside,no,no,no,0,0,0,0,0,0,Passenger Car/Station Wagon,RIVERSIDE
82080222,2023-05-11,5,11,4,possible injury,0,2,traffic signs,broadside,no,no,no,0,0,0,0,0,0,Truck or Truck Tractor,ORANGE
82080223,2023-05-21,5,14,7,minor injury,0,1,DUI,rear end,no,no,no,0,0,0,0,0,0,Passenger Car/Station Wagon,ORANGE
82080225,2023-05-25,5,9,4,possible injury,0,1,automobile right of way,overturned,no,yes,no,0,1,0,0,0,0,Passenger Car/Station Wagon,ORANGE
82080226,2023-04-09,4,17,7,severe injury,0,1,unknown,broadside,no,no,no,0,0,0,0,0,0,Not Stated,LOS ANGELES
82080227,2023-04-14,4,12,5,possible injury,0,1,automobile right of way,broadside,no,no,no,0,0,0,0,0,0,Passenger Car/Station Wagon,LOS ANGELES
82080228,2023-04-18,4,8,2,possible injury,0,1,automobile right of way,broadside,no,no,no,0,0,0,0,0,0,Passenger Car/Station Wagon,SACRAMENTO
82080231,2023-05-13,5,12,6,severe injury,0,5,improper turning,broadside,no,no,no,0,0,0,0,0,0,Passenger Car/Station Wagon,SACRAMENTO
82080232,2023-05-15,5,7,1,minor injury,0,2,automobile right of way,broadside,no,no,no,0,0,0,0,0,0,Passenger Car/Station Wagon,SACRAMENTO
82080233,2023-05-16,5,8,2,possible injury,0,1,automobile right of way,broadside,no,yes,no,0,1,0,0,0,0,Passenger Car/Station Wagon,SACRAMENTO
82080234,2023-05-16,5,17,2,possible injury,0,1,following too closely,rear end,no,no,no,0,0,0,0,0,0,Pickup or Panel Truck,SACRAMENTO
82080235,2023-05-17,5,10,3,minor injury,0,1,unsafe speed,vehicle/pedestrian,yes,no,no,1,0,0,0,0,0,Passenger Car/Station Wagon,SACRAMENTO
82080236,2023-05-17,5,11,3,severe injury,0,2,unknown,sideswipe,no,no,no,0,0,0,0,0,0,Not Stated,SACRAMENTO
82080237,2023-05-17,5,17,3,minor injury,0,3,traffic signs,broadside,no,no,no,0,0,0,0,0,0,Passenger Car/Station Wagon,SACRAMENTO
82080240,2023-05-18,5,10,4,possible injury,0,2,unsafe speed,rear end,no,no,no,0,0,0,0,0,0,Passenger Car/Station Wagon,SACRAMENTO
82080241,2023-05-18,5,11,4,minor injury,0,2,traffic signs,overturned,no,no,no,0,0,0,0,0,0,Passenger Car/Station Wagon,SACRAMENTO
82080242,2023-05-18,5,12,4,possible injury,0,3,traffic signs,broadside,no,no,no,0,0,0,0,0,0,Not Stated,SACRAMENTO
82080243,2023-05-12,5,20,5,minor injury,0,1,pedestrian violation,vehicle/pedestrian,yes,no,no,1,0,0,0,0,0,Pedestrian,LOS ANGELES
82080244,2023-05-14,5,20,7,minor injury,0,3,traffic signs,broadside,no,no,no,0,0,0,0,0,0,Passenger Car/Station Wagon,LOS ANGELES
82080248,2023-04-11,4,15,2,possible injury,0,1,automobile right of way,broadside,no,no,no,0,0,0,0,0,0,Passenger Car/Station Wagon,ORANGE
82080252,2023-05-06,5,9,6,minor injury,0,1,unknown,broadside,no,no,no,0,0,0,0,0,0,Other Vehicle,KERN
82080253,2023-05-14,5,13,7,possible injury,0,1,unsafe speed,rear end,no,no,no,0,0,0,0,0,0,Not Stated,KERN
82080254,2023-05-15,5,7,1,minor injury,0,3,improper turning,hit object,no,no,no,0,0,0,0,0,0,Passenger Car/Station Wagon,KERN
82080255,2023-05-18,5,11,4,severe injury,0,1,automobile right of way,broadside,no,no,yes,0,0,1,0,0,0,Passenger Car/Station Wagon,KERN
82080258,2023-05-20,5,2,6,minor injury,0,1,improper turning,sideswipe,no,yes,no,0,1,0,0,0,0,Not Stated,KERN
82080259,2023-05-21,5,2,7,minor injury,0,1,DUI,broadside,no,no,no,0,0,0,0,0,0,Passenger Car/Station Wagon,KERN
82080263,2023-05-22,5,19,1,possible injury,0,3,automobile right of way,broadside,no,no,no,0,0,0,0,0,0,Passenger Car/Station Wagon,KERN
82080267,2023-05-24,5,15,3,possible injury,0,1,DUI,rear end,no,no,no,0,0,0,0,0,0,Passenger Car/Station Wagon,KERN
82080268,2023-05-24,5,18,3,minor injury,0,1,traffic signs,broadside,no,no,no,0,0,0,0,0,0,Not Stated,KERN
82080269,2023-05-24,5,19,3,minor injury,0,2,traffic signs,broadside,no,no,no,0,0,0,0,0,0,Passenger Car/Station Wagon,KERN
82080272,2023-05-05,5,8,5,possible injury,0,1,unknown,broadside,no,yes,no,0,1,0,0,0,0,Not Stated,ORANGE
82080454,2023-05-21,5,10,7,minor injury,0,1,improper turning,other,no,yes,no,0,1,0,0,0,0,Bicycle,ORANGE
82080464,2023-05-16,5,13,2,minor injury,0,1,other hazardous violation,other,no,yes,no,0,1,0,0,0,0,Passenger Car/Station Wagon,ORANGE
82080698,2023-05-27,5,12,6,minor injury,0,1,unsafe speed,overturned,no,no,yes,0,0,1,0,0,0,Motorcycle/Scooter,RIVERSIDE
82080699,2023-05-27,5,13,6,possible injury,0,2,unsafe speed,rear end,no,no,no,0,0,0,0,0,0,Passenger Car/Station Wagon,RIVERSIDE
82080700,2023-05-27,5,9,6,minor injury,0,2,traffic signs,broadside,no,no,no,0,0,0,0,0,0,Passenger Car/Station Wagon,RIVERSIDE
82080701,2023-04-26,4,14,3,minor injury,0,1,wrong side of road,head-on,no,yes,no,0,1,0,0,0,0,Bicycle,SOLANO
82080702,2023-03-11,3,13,6,possible injury,0,1,traffic signs,broadside,no,no,no,0,0,0,0,0,0,Passenger Car/Station Wagon,SONOMA
82080703,2023-05-04,5,21,4,possible injury,0,1,automobile right of way,broadside,no,yes,no,0,1,0,0,0,0,Bicycle,SOLANO
82080706,2023-05-15,5,16,1,minor injury,0,2,unsafe speed,rear end,no,no,no,0,0,0,0,0,0,Passenger Car/Station Wagon,SOLANO
82080707,2023-05-19,5,14,5,possible injury,0,1,traffic signs,broadside,no,no,no,0,0,0,0,0,0,Pickup or Panel Truck,SOLANO
82080708,2023-05-19,5,18,5,possible injury,0,1,automobile right of way,head-on,no,no,no,0,0,0,0,0,0,Passenger Car/Station Wagon,SOLANO
82080711,2023-05-24,5,16,3,possible injury,0,1,unsafe speed,rear end,no,no,no,0,0,0,0,0,0,Pickup or Panel Truck,SOLANO
82080712,2023-05-24,5,21,3,severe injury,0,3,automobile right of way,broadside,no,no,no,0,0,0,0,0,0,Passenger Car/Station Wagon,SOLANO
82080713,2023-05-25,5,7,4,possible injury,0,1,automobile right of way,broadside,no,no,no,0,0,0,0,0,0,Pickup or Panel Truck,SOLANO
82080715,2023-05-25,5,15,4,possible injury,0,1,automobile right of way,broadside,no,no,no,0,0,0,0,0,0,Passenger Car/Station Wagon,SOLANO
82080718,2023-05-27,5,14,6,possible injury,0,1,unsafe speed,rear end,no,no,yes,0,0,0,0,0,0,Motorcycle/Scooter,SOLANO
82080723,2023-05-23,5,14,2,possible injury,0,2,traffic signs,broadside,no,no,no,0,0,0,0,0,0,Pickup or Panel Truck,ORANGE
82080724,2023-05-29,5,15,1,minor injury,0,2,automobile right of way,broadside,no,no,no,0,0,0,0,0,0,Passenger Car/Station Wagon,ORANGE
82080726,2023-04-23,4,18,7,possible injury,0,2,automobile right of way,broadside,no,no,no,0,0,0,0,0,0,Passenger Car/Station Wagon,ORANGE
82080728,2023-05-20,5,14,6,possible injury,0,3,automobile right of way,broadside,no,no,no,0,0,0,0,0,0,Passenger Car/Station Wagon,ORANGE
82080730,2023-05-24,5,11,3,possible injury,0,1,traffic signs,broadside,no,no,no,0,0,0,0,0,0,Passenger Car/Station Wagon,ORANGE
82080735,2023-05-27,5,2,6,possible injury,0,1,DUI,broadside,no,no,no,0,0,0,0,0,0,Passenger Car/Station Wagon,ORANGE
82080736,2023-05-28,5,20,7,possible injury,0,1,DUI,head-on,no,no,no,0,0,0,0,0,0,Pickup or Panel Truck,ORANGE
82080741,2023-05-20,5,13,6,possible injury,0,1,other than driver or pedestrian,hit object,no,no,no,0,0,0,0,0,0,Not Stated,RIVERSIDE
82080742,2023-05-24,5,20,3,possible injury,0,1,unsafe lane change,sideswipe,no,no,no,0,0,0,0,0,0,Passenger Car/Station Wagon,RIVERSIDE
82080747,2023-05-09,5,9,2,possible injury,0,1,following too closely,rear end,no,no,no,0,0,0,0,0,0,Not Stated,LOS ANGELES
82080754,2023-05-23,5,19,2,severe injury,0,2,unsafe lane change,sideswipe,no,no,no,0,0,0,0,0,0,Passenger Car/Station Wagon,STANISLAUS
82080761,2023-05-11,5,12,4,minor injury,0,2,automobile right of way,head-on,no,no,no,0,0,0,0,0,0,Passenger Car/Station Wagon,SAN LUIS OBISPO
82080763,2023-05-04,5,5,4,possible injury,0,5,unknown,broadside,no,no,no,0,0,0,0,0,0,Not Stated,MONTEREY
82080765,2023-05-15,5,20,1,possible injury,0,1,other hazardous violation,sideswipe,no,no,no,0,0,0,0,0,0,Not Stated,SAN LUIS OBISPO
82080766,2023-04-29,4,1,6,severe injury,0,2,DUI,broadside,no,no,no,0,0,0,0,0,0,Passenger Car/Station Wagon,ORANGE
82080768,2023-05-20,5,5,6,minor injury,0,1,unsafe speed,rear end,no,no,no,0,0,0,0,0,0,Passenger Car/Station Wagon,ORANGE
82080769,2023-05-22,5,20,1,minor injury,0,2,traffic signs,broadside,no,yes,no,0,1,0,0,0,0,Other Vehicle,ORANGE
82080770,2023-05-18,5,17,4,possible injury,0,2,unsafe speed,rear end,no,no,no,0,0,0,0,0,0,Truck or Truck Tractor,SACRAMENTO
82080773,2023-05-06,5,12,6,minor injury,0,2,traffic signs,head-on,no,no,no,0,0,0,0,0,0,Passenger Car/Station Wagon,SACRAMENTO
82080774,2023-05-09,5,9,2,minor injury,0,1,unsafe speed,rear end,no,no,no,0,0,0,0,0,0,Passenger Car/Station Wagon,SACRAMENTO
82080775,2023-05-15,5,14,1,severe injury,0,1,automobile right of way,broadside,no,yes,no,0,1,0,0,0,0,Bicycle,SACRAMENTO
82080776,2023-05-16,5,16,2,possible injury,0,3,wrong side of road,head-on,no,no,no,0,0,0,0,0,0,Passenger Car/Station Wagon,SACRAMENTO
82080779,2023-05-17,5,16,3,possible injury,0,2,unsafe speed,rear end,no,no,no,0,0,0,0,0,0,Passenger Car/Station Wagon,SACRAMENTO
82080781,2023-05-17,5,19,3,possible injury,0,1,automobile right of way,sideswipe,no,no,yes,0,0,1,0,0,0,Passenger Car/Station Wagon,SACRAMENTO
82080782,2023-05-17,5,20,3,possible injury,0,2,traffic signs,broadside,no,no,no,0,0,0,0,0,0,Passenger Car/Station Wagon,SACRAMENTO
82080784,2023-05-18,5,16,4,possible injury,0,1,traffic signs,broadside,no,yes,no,0,1,0,0,0,0,Bicycle,SACRAMENTO
82080787,2023-05-18,5,20,4,minor injury,0,1,unsafe lane change,sideswipe,no,no,yes,0,0,1,0,0,0,Passenger Car/Station Wagon,SACRAMENTO
82080789,2023-05-17,5,0,3,possible injury,0,1,improper turning,hit object,no,no,no,0,0,0,0,0,0,Passenger Car/Station Wagon,LOS ANGELES
82080792,2023-05-18,5,13,4,possible injury,0,1,automobile right of way,broadside,no,no,no,0,0,0,0,0,0,Passenger Car/Station Wagon,LOS ANGELES
82080794,2023-05-18,5,17,4,possible injury,0,1,automobile right of way,broadside,no,no,no,0,0,0,0,0,0,Passenger Car/Station Wagon,LOS ANGELES
82080795,2023-05-19,5,12,5,minor injury,0,1,traffic signs,broadside,no,no,no,0,0,0,0,0,0,Passenger Car/Station Wagon,LOS ANGELES
82080799,2023-05-08,5,8,1,possible injury,0,3,improper turning,broadside,no,no,no,0,0,0,0,0,0,Passenger Car/Station Wagon,RIVERSIDE
82080800,2023-05-25,5,12,4,possible injury,0,4,following too closely,rear end,no,no,no,0,0,0,0,0,0,Passenger Car/Station Wagon,KERN
82080803,2023-05-26,5,17,5,minor injury,0,1,DUI,rear end,no,no,no,0,0,0,0,0,0,Passenger Car/Station Wagon,KERN
82080806,2023-05-11,5,15,4,possible injury,0,1,automobile right of way,broadside,no,no,no,0,0,0,0,0,0,Pickup or Panel Truck,RIVERSIDE
82080807,2023-05-27,5,10,6,minor injury,0,1,improper turning,hit object,no,no,no,0,0,0,0,0,0,Passenger Car/Station Wagon,KERN
82080808,2023-05-28,5,9,7,possible injury,0,3,traffic signs,broadside,no,no,no,0,0,0,0,0,0,Pickup or Panel Truck,KERN
82080812,2023-04-29,4,22,6,possible injury,0,1,DUI,rear end,no,no,no,0,0,0,0,0,0,Pickup or Panel Truck,RIVERSIDE
82080816,2023-05-07,5,20,7,possible injury,0,1,unsafe speed,sideswipe,no,no,no,0,0,0,0,0,0,Not Stated,KERN
82080817,2023-05-13,5,3,6,possible injury,0,3,DUI,vehicle/pedestrian,yes,no,no,3,0,0,0,0,0,Passenger Car/Station Wagon,KERN
82080818,2023-05-19,5,15,5,severe injury,0,3,improper turning,head-on,no,no,no,0,0,0,0,0,0,Passenger Car/Station Wagon,KERN
82080820,2023-05-22,5,15,1,possible injury,0,1,improper turning,broadside,no,no,no,0,0,0,0,0,0,Passenger Car/Station Wagon,KERN
82080821,2023-05-23,5,17,2,possible injury,0,1,unsafe speed,rear end,no,no,no,0,0,0,0,0,0,Not Stated,KERN
82080834,2023-05-16,5,15,2,possible injury,0,1,unsafe speed,rear end,no,no,no,0,0,0,0,0,0,Pickup or Panel Truck,RIVERSIDE
82080836,2023-05-18,5,4,4,possible injury,0,2,unsafe speed,rear end,no,no,no,0,0,0,0,0,0,Passenger Car/Station Wagon,RIVERSIDE
82080839,2023-05-13,5,0,6,possible injury,0,1,unsafe speed,rear end,no,no,no,0,0,0,0,0,0,Passenger Car/Station Wagon,LOS ANGELES
82080840,2023-05-22,5,15,1,possible injury,0,1,improper turning,broadside,no,no,no,0,0,0,0,0,0,Passenger Car/Station Wagon,RIVERSIDE
82080842,2023-05-25,5,11,4,possible injury,0,2,improper turning,head-on,no,no,no,0,0,0,0,0,0,Passenger Car/Station Wagon,LOS ANGELES
82080951,2023-05-04,5,22,4,minor injury,0,1,traffic signs,overturned,no,no,no,0,0,0,0,0,0,Passenger Car/Station Wagon,ORANGE
82081105,2023-05-05,5,14,5,possible injury,0,1,traffic signs,broadside,no,no,no,0,0,0,0,0,0,Passenger Car/Station Wagon,SANTA CLARA
82081119,2023-05-22,5,9,1,minor injury,0,1,unsafe speed,rear end,no,no,no,0,0,0,0,0,0,Passenger Car/Station Wagon,SAN MATEO
82081785,2023-05-19,5,14,5,minor injury,0,5,DUI,rear end,no,no,no,0,0,0,0,0,0,Passenger Car/Station Wagon,ORANGE
82081794,2023-05-26,5,5,5,possible injury,0,1,automobile right of way,broadside,no,no,no,0,0,0,0,0,0,Pickup or Panel Truck,RIVERSIDE
82081795,2023-05-26,5,15,5,possible injury,0,1,other than driver or pedestrian,broadside,no,no,no,0,0,0,0,0,0,Not Stated,RIVERSIDE
82081799,2023-05-23,5,7,2,possible injury,0,1,unknown,broadside,no,yes,no,0,1,0,0,0,0,Not Stated,RIVERSIDE
82081802,2023-05-29,5,17,1,possible injury,0,2,traffic signs,broadside,no,no,no,0,0,0,0,0,0,Passenger Car/Station Wagon,RIVERSIDE
82081803,2023-04-23,4,20,7,possible injury,0,2,automobile right of way,broadside,no,no,no,0,0,0,0,0,0,Passenger Car/Station Wagon,SONOMA
82081805,2023-04-28,4,16,5,minor injury,0,2,automobile right of way,broadside,no,no,no,0,0,0,0,0,0,Passenger Car/Station Wagon,SONOMA
82081806,2023-05-08,5,12,1,possible injury,0,1,wrong side of road,head-on,no,yes,no,0,1,0,0,0,0,Bicycle,SOLANO
82081810,2023-05-21,5,16,7,possible injury,0,2,improper turning,sideswipe,no,no,no,0,0,0,0,0,0,Passenger Car/Station Wagon,SOLANO
82081812,2023-05-26,5,6,5,minor injury,0,1,wrong side of road,sideswipe,no,yes,no,0,1,0,0,0,0,Passenger Car/Station Wagon,SOLANO
82081813,2023-05-17,5,14,3,possible injury,0,1,unsafe speed,rear end,no,no,no,0,0,0,0,0,0,Pickup or Panel Truck with Trailer,SACRAMENTO
82081814,2023-05-22,5,16,1,possible injury,0,1,unsafe lane change,hit object,no,no,yes,0,0,1,0,0,0,Passenger Car/Station Wagon,SACRAMENTO
82081815,2023-05-01,5,10,1,possible injury,0,1,unsafe lane change,rear end,no,no,no,0,0,0,0,0,0,Passenger Car/Station Wagon,LOS ANGELES
82081817,2023-05-08,5,11,1,possible injury,0,1,traffic signs,broadside,no,no,no,0,0,0,0,0,0,Passenger Car/Station Wagon,LOS ANGELES
82081818,2023-05-09,5,10,2,minor injury,0,2,traffic signs,broadside,no,no,no,0,0,0,0,0,0,Not Stated,LOS ANGELES
82081819,2023-05-10,5,8,3,minor injury,0,1,unsafe speed,rear end,no,no,no,0,0,0,0,0,0,Passenger Car/Station Wagon,ORANGE
82081822,2023-05-18,5,15,4,minor injury,0,1,improper turning,vehicle/pedestrian,yes,no,no,1,0,0,0,0,0,Passenger Car/Station Wagon,ORANGE
82081823,2023-05-23,5,7,2,minor injury,0,3,automobile right of way,head-on,no,no,no,0,0,0,0,0,0,Passenger Car/Station Wagon,ORANGE
82081824,2023-02-22,2,7,3,severe injury,0,1,pedestrian violation,vehicle/pedestrian,yes,no,no,1,0,0,0,0,0,Pedestrian,RIVERSIDE
82081826,2023-05-17,5,22,3,minor injury,0,1,automobile right of way,broadside,no,no,no,0,0,0,0,0,0,Not Stated,RIVERSIDE
82081827,2023-05-18,5,15,4,possible injury,0,1,unsafe speed,rear end,no,no,no,0,0,0,0,0,0,Passenger Car/Station Wagon,RIVERSIDE
82081828,2023-05-20,5,10,6,possible injury,0,2,automobile right of way,broadside,no,no,no,0,0,0,0,0,0,Passenger Car/Station Wagon,RIVERSIDE
82081829,2023-05-20,5,14,6,minor injury,0,1,unsafe speed,sideswipe,no,no,no,0,0,0,0,0,0,Passenger Car/Station Wagon,RIVERSIDE
82081831,2023-05-24,5,8,3,possible injury,0,3,unsafe speed,rear end,no,no,no,0,0,0,0,0,0,Passenger Car/Station Wagon,RIVERSIDE
82081834,2023-05-26,5,8,5,minor injury,0,1,unsafe speed,rear end,no,no,no,0,0,0,0,0,0,Passenger Car/Station Wagon,RIVERSIDE
82081835,2023-05-20,5,18,6,possible injury,0,2,automobile right of way,head-on,no,no,no,0,0,0,0,0,0,Passenger Car/Station Wagon,ORANGE
82081836,2023-05-21,5,11,7,possible injury,0,1,traffic signs,broadside,no,no,no,0,0,0,0,0,0,Pickup or Panel Truck,ORANGE
82081837,2023-05-21,5,22,7,possible injury,0,1,improper turning,broadside,no,no,no,0,0,0,0,0,0,Passenger Car/Station Wagon,ORANGE
82081839,2023-05-25,5,11,4,minor injury,0,3,traffic signs,broadside,no,no,no,0,0,0,0,0,0,Passenger Car/Station Wagon,ORANGE
82081841,2023-05-25,5,18,4,minor injury,0,2,unsafe lane change,rear end,no,no,no,0,0,0,0,0,0,Pickup or Panel Truck,ORANGE
82081843,2023-05-26,5,18,5,possible injury,0,3,automobile right of way,broadside,no,no,no,0,0,0,0,0,0,Passenger Car/Station Wagon,ORANGE
82081844,2023-05-26,5,19,5,minor injury,0,2,automobile right of way,broadside,no,no,no,0,0,0,0,0,0,Passenger Car/Station Wagon,ORANGE
82081845,2023-05-26,5,22,5,minor injury,0,4,improper turning,broadside,no,no,no,0,0,0,0,0,0,Passenger Car/Station Wagon,ORANGE
82081846,2023-05-27,5,12,6,possible injury,0,2,unsafe speed,sideswipe,no,no,no,0,0,0,0,0,0,Pickup or Panel Truck,ORANGE
82081847,2023-05-27,5,17,6,minor injury,0,1,other hazardous violation,broadside,no,no,no,0,0,0,0,0,0,Other Vehicle,ORANGE
82081848,2023-05-27,5,20,6,minor injury,0,4,other than driver or pedestrian,hit object,no,no,no,0,0,0,0,0,0,Not Stated,ORANGE
82081856,2023-05-19,5,23,5,minor injury,0,1,improper turning,vehicle/pedestrian,yes,no,no,1,0,0,0,0,0,Passenger Car/Station Wagon,LOS ANGELES
82081859,2023-05-01,5,12,1,minor injury,0,2,traffic signs,broadside,no,no,no,0,0,0,0,0,0,Passenger Car/Station Wagon,LOS ANGELES
82081860,2023-05-08,5,14,1,possible injury,0,1,unknown,sideswipe,no,no,no,0,0,0,0,0,0,Not Stated,LOS ANGELES
82081863,2023-05-11,5,10,4,possible injury,0,2,automobile right of way,broadside,no,no,no,0,0,0,0,0,0,Passenger Car/Station Wagon,LOS ANGELES
82081874,2023-05-14,5,14,7,minor injury,0,1,automobile right of way,broadside,no,no,no,0,0,0,0,0,0,Passenger Car/Station Wagon,LOS ANGELES
82081891,2023-05-04,5,21,4,fatal injury,1,0,pedestrian violation,vehicle/pedestrian,yes,no,no,0,0,0,1,0,0,Pedestrian,RIVERSIDE
82081892,2023-05-09,5,10,2,possible injury,0,1,pedestrian violation,vehicle/pedestrian,yes,no,no,1,0,0,0,0,0,Pedestrian,RIVERSIDE
82081894,2023-05-12,5,21,5,possible injury,0,2,automobile right of way,broadside,no,no,no,0,0,0,0,0,0,Passenger Car/Station Wagon,RIVERSIDE
82081903,2023-03-25,3,21,6,possible injury,0,1,pedestrian violation,broadside,no,yes,no,0,1,0,0,0,0,Bicycle,SANTA CLARA
82081906,2023-05-03,5,18,3,minor injury,0,3,unsafe speed,rear end,no,no,no,0,0,0,0,0,0,Passenger Car/Station Wagon,SANTA CLARA
82081913,2023-04-08,4,22,6,possible injury,0,2,automobile right of way,broadside,no,no,no,0,0,0,0,0,0,Passenger Car/Station Wagon,LOS ANGELES
82081919,2023-04-17,4,14,1,possible injury,0,1,unsafe speed,rear end,no,no,no,0,0,0,0,0,0,Passenger Car/Station Wagon,LOS ANGELES
82081930,2023-05-05,5,22,5,possible injury,0,1,unsafe speed,rear end,no,no,no,0,0,0,0,0,0,Passenger Car/Station Wagon,LOS ANGELES
82081932,2023-05-20,5,9,6,severe injury,0,2,automobile right of way,broadside,no,yes,no,0,2,0,0,0,0,Bicycle,VENTURA
82081933,2023-05-07,5,17,7,minor injury,0,2,unsafe speed,rear end,no,no,no,0,0,0,0,0,0,Passenger Car/Station Wagon,LOS ANGELES
82081936,2023-05-09,5,8,2,possible injury,0,2,traffic signs,broadside,no,no,no,0,0,0,0,0,0,Passenger Car/Station Wagon,LOS ANGELES
82081937,2023-05-21,5,19,7,possible injury,0,2,automobile right of way,broadside,no,no,no,0,0,0,0,0,0,Passenger Car/Station Wagon,VENTURA
82081939,2023-05-22,5,6,1,possible injury,0,1,automobile right of way,broadside,no,no,no,0,0,0,0,0,0,Passenger Car/Station Wagon,LOS ANGELES
82081940,2023-05-29,5,0,1,possible injury,0,1,DUI,broadside,no,no,no,0,0,0,0,0,0,Passenger Car/Station Wagon,LOS ANGELES
82081941,2023-05-25,5,17,4,minor injury,0,1,improper turning,sideswipe,no,yes,no,0,1,0,0,0,0,Bicycle,VENTURA
82081942,2023-04-09,4,21,7,minor injury,0,1,unsafe lane change,hit object,no,no,no,0,0,0,0,0,0,Passenger Car/Station Wagon,ORANGE
82081943,2023-05-08,5,16,1,minor injury,0,1,unsafe speed,hit object,no,yes,no,0,1,0,0,0,0,Bicycle,ORANGE
82081945,2023-05-14,5,10,7,severe injury,0,2,automobile right of way,broadside,no,no,no,0,0,0,0,0,0,Pickup or Panel Truck,ORANGE
82081949,2023-05-25,5,17,4,minor injury,0,2,traffic signs,broadside,no,no,no,0,0,0,0,0,0,Pickup or Panel Truck,ORANGE
82081952,2023-05-26,5,18,5,possible injury,0,3,DUI,rear end,no,no,no,0,0,0,0,0,0,Pickup or Panel Truck,ORANGE
82081954,2023-05-27,5,13,6,possible injury,0,1,automobile right of way,broadside,no,no,no,0,0,0,0,0,0,Pickup or Panel Truck,ORANGE
82081955,2023-05-27,5,14,6,possible injury,0,2,traffic signs,broadside,no,no,no,0,0,0,0,0,0,Passenger Car/Station Wagon,ORANGE
82081958,2023-05-28,5,11,7,minor injury,0,1,improper turning,hit object,no,no,yes,0,0,1,0,0,0,Motorcycle/Scooter,ORANGE
82081960,2023-05-29,5,11,1,minor injury,0,2,unknown,vehicle/pedestrian,yes,yes,no,1,1,0,0,0,0,Not Stated,ORANGE
82081963,2023-04-22,4,19,6,minor injury,0,1,automobile right of way,head-on,no,no,yes,0,0,1,0,0,0,Motorcycle/Scooter,SAN BERNARDINO
82081964,2023-05-02,5,18,2,possible injury,0,1,automobile right of way,broadside,no,no,no,0,0,0,0,0,0,Not Stated,SAN BERNARDINO
82081965,2023-05-13,5,0,6,possible injury,0,1,unsafe speed,hit object,no,no,no,0,0,0,0,0,0,Passenger Car/Station Wagon,SACRAMENTO
82081966,2023-05-15,5,16,1,minor injury,0,1,automobile right of way,broadside,no,no,no,0,0,0,0,0,0,Not Stated,SACRAMENTO
82081967,2023-05-16,5,22,2,possible injury,0,2,unknown,broadside,no,no,no,0,0,0,0,0,0,Not Stated,SACRAMENTO
82081971,2023-05-19,5,17,5,possible injury,0,1,automobile right of way,broadside,no,yes,no,0,1,0,0,0,0,Passenger Car/Station Wagon,SACRAMENTO
82081972,2023-05-19,5,20,5,severe injury,0,1,traffic signs,broadside,no,yes,no,0,1,0,0,0,0,Other Vehicle,SACRAMENTO
82081973,2023-05-11,5,9,4,possible injury,0,1,traffic signs,broadside,no,no,no,0,0,0,0,0,0,Pickup or Panel Truck,LOS ANGELES
82081974,2023-05-14,5,17,7,possible injury,0,1,improper turning,broadside,no,no,yes,0,0,0,0,0,0,Motorcycle/Scooter,LOS ANGELES
82081978,2023-03-02,3,15,4,minor injury,0,1,automobile right of way,sideswipe,no,no,no,0,0,0,0,0,0,Pickup or Panel Truck,ORANGE
82081979,2023-04-09,4,3,7,possible injury,0,1,DUI,hit object,no,no,no,0,0,0,0,0,0,Pickup or Panel Truck,ORANGE
82081980,2023-02-02,2,8,4,minor injury,0,2,pedestrian violation,vehicle/pedestrian,yes,no,no,2,0,0,0,0,0,Pedestrian,ORANGE