CASE_ID,COLLISION_DATE,MONTH,HOUR,DAY_OF_WEEK,COLLISION_SEVERITY,NUMBER_KILLED,NUMBER_INJURED,PCF_VIOL_CATEGORY,TYPE_OF_COLLISION,PEDESTRIAN_ACCIDENT,BICYCLE_ACCIDENT,MOTORCYCLE_ACCIDENT,COUNT_PED_INJURED,COUNT_BICYCLIST_INJURED,COUNT_MC_INJURED,COUNT_PED_KILLED,COUNT_BICYCLIST_KILLED,COUNT_MC_KILLED,STWD_VEHTYPE_AT_FAULT,COUNTY
82093164,2023-06-08,6,17,4,possible injury,0,1,unsafe speed,rear end,no,no,no,0,0,0,0,0,0,Passenger Car/Station Wagon,SAN BERNARDINO
82093166,2023-06-09,6,13,5,minor injury,0,2,unsafe speed,rear end,no,no,no,0,0,0,0,0,0,Passenger Car/Station Wagon,SAN BERNARDINO
82093171,2023-06-12,6,23,1,minor injury,0,1,DUI,head-on,no,no,no,0,0,0,0,0,0,Passenger Car/Station Wagon,SAN BERNARDINO
82093172,2023-05-19,5,16,5,possible injury,0,1,automobile right of way,broadside,no,no,no,0,0,0,0,0,0,Passenger Car/Station Wagon,SACRAMENTO
82093174,2023-05-27,5,15,6,minor injury,0,3,unsafe speed,rear end,no,no,no,0,0,0,0,0,0,Passenger Car/Station Wagon,SACRAMENTO
82093175,2023-05-29,5,0,1,minor injury,0,5,traffic signs,broadside,no,no,no,0,0,0,0,0,0,Not Stated,SACRAMENTO
82093177,2023-05-13,5,17,6,possible injury,0,1,improper turning,sideswipe,no,no,no,0,0,0,0,0,0,Passenger Car/Station Wagon,LOS ANGELES
82093179,2023-05-23,5,20,2,minor injury,0,1,unknown,other,no,yes,no,0,1,0,0,0,0,Not Stated,LOS ANGELES
82093181,2023-05-28,5,16,7,minor injury,0,2,automobile right of way,broadside,no,no,no,0,0,0,0,0,0,Passenger Car/Station Wagon,LOS ANGELES
82093182,2023-06-01,6,22,4,severe injury,0,1,improper turning,hit object,no,no,yes,0,0,1,0,0,0,Motorcycle/Scooter,SACRAMENTO
82093184,2023-06-02,6,4,5,minor injury,0,1,automobile right of way,broadside,no,no,no,0,0,0,0,0,0,Passenger Car/Station Wagon,SACRAMENTO
82093185,2023-06-02,6,20,5,minor injury,0,1,unsafe speed,rear end,no,no,yes,0,0,1,0,0,0,Passenger Car/Station Wagon,SACRAMENTO
82093187,2023-06-03,6,11,6,possible injury,0,1,unsafe speed,hit object,no,no,no,0,0,0,0,0,0,Passenger Car/Station Wagon,SACRAMENTO
82093190,2023-06-01,6,20,4,possible injury,0,3,unsafe speed,rear end,no,no,no,0,0,0,0,0,0,Passenger Car/Station Wagon,CONTRA COSTA
82093197,2023-06-03,6,15,6,severe injury,0,1,improper turning,hit object,no,no,yes,0,0,1,0,0,0,Motorcycle/Scooter,KERN
82093207,2023-06-05,6,7,1,possible injury,0,1,automobile right of way,broadside,no,yes,no,0,1,0,0,0,0,Passenger Car/Station Wagon,ALAMEDA
82093211,2023-06-02,6,7,5,possible injury,0,2,automobile right of way,broadside,no,no,no,0,0,0,0,0,0,Passenger Car/Station Wagon,RIVERSIDE
82093216,2023-06-11,6,15,7,minor injury,0,1,unsafe lane change,hit object,no,no,no,0,0,0,0,0,0,Passenger Car/Station Wagon,RIVERSIDE
82093217,2023-06-07,6,13,3,possible injury,0,2,unsafe speed,rear end,no,no,no,0,0,0,0,0,0,Passenger Car/Station Wagon,LOS ANGELES
82093220,2023-05-14,5,12,7,possible injury,0,2,unsafe speed,rear end,no,no,no,0,0,0,0,0,0,Passenger Car/Station Wagon,SAN DIEGO
82093221,2023-06-12,6,11,1,possible injury,0,1,unknown,broadside,no,no,yes,0,0,1,0,0,0,Not Stated,LOS ANGELES
82093222,2023-05-18,5,23,4,minor injury,0,1,unsafe speed,overturned,no,no,no,0,0,0,0,0,0,Passenger Car/Station Wagon,SANTA BARBARA
82093224,2023-04-18,4,11,2,possible injury,0,2,unknown,broadside,no,no,no,0,0,0,0,0,0,Not Stated,ORANGE
82093372,2023-06-03,6,14,6,minor injury,0,5,traffic signs,sideswipe,no,no,no,0,0,0,0,0,0,Passenger Car/Station Wagon,SAN MATEO
82093712,2023-06-02,6,16,5,minor injury,0,1,unsafe lane change,sideswipe,no,no,yes,0,0,1,0,0,0,Passenger Car/Station Wagon,SAN JOAQUIN
82093791,2023-06-05,6,18,1,minor injury,0,1,wrong side of road,other,no,yes,no,0,1,0,0,0,0,Bicycle,ORANGE
82093875,2023-05-14,5,1,7,possible injury,0,1,unsafe speed,rear end,no,no,no,0,0,0,0,0,0,Passenger Car/Station Wagon,SAN JOAQUIN
82093989,2023-06-13,6,11,2,minor injury,0,2,unsafe speed,rear end,no,no,no,0,0,0,0,0,0,Passenger Car/Station Wagon,SAN JOAQUIN
82093995,2023-06-02,6,15,5,possible injury,0,1,unsafe speed,rear end,no,no,no,0,0,0,0,0,0,Passenger Car/Station Wagon,ORANGE
82094024,2023-05-28,5,14,7,minor injury,0,1,unsafe speed,rear end,no,no,no,0,0,0,0,0,0,Passenger Car/Station Wagon,ORANGE
82094027,2023-05-25,5,14,4,possible injury,0,1,automobile right of way,broadside,no,no,no,0,0,0,0,0,0,Passenger Car/Station Wagon,ORANGE
82094032,2023-02-19,2,23,7,fatal injury,1,1,DUI,hit object,no,no,yes,0,0,0,0,0,1,Motorcycle/Scooter,RIVERSIDE
82094035,2023-06-01,6,16,4,minor injury,0,1,automobile right of way,sideswipe,no,no,no,0,0,0,0,0,0,Passenger Car/Station Wagon,RIVERSIDE
82094037,2023-06-12,6,15,1,minor injury,0,1,unknown,broadside,no,no,no,0,0,0,0,0,0,Not Stated,RIVERSIDE
82094038,2023-02-13,2,21,1,severe injury,0,2,DUI,rear end,no,no,no,0,0,0,0,0,0,Passenger Car/Station Wagon,RIVERSIDE
82094041,2023-03-21,3,13,2,possible injury,0,1,automobile right of way,broadside,no,no,no,0,0,0,0,0,0,Passenger Car/Station Wagon,RIVERSIDE
82094042,2023-04-07,4,17,5,minor injury,0,1,automobile right of way,sideswipe,no,no,no,0,0,0,0,0,0,Passenger Car/Station Wagon,RIVERSIDE
82094044,2023-04-24,4,9,1,minor injury,0,1,unknown,overturned,no,yes,no,0,1,0,0,0,0,Not Stated,RIVERSIDE
82094052,2023-02-09,2,5,4,fatal injury,1,0,unsafe speed,hit object,no,no,no,0,0,0,0,0,0,Passenger Car/Station Wagon,RIVERSIDE
82094058,2023-02-17,2,9,5,possible injury,0,2,improper turning,broadside,no,no,no,0,0,0,0,0,0,Passenger Car/Station Wagon,RIVERSIDE
82094060,2023-02-17,2,19,5,minor injury,0,1,automobile right of way,broadside,no,no,yes,0,0,1,0,0,0,Passenger Car/Station Wagon,RIVERSIDE
82094063,2023-02-19,2,10,7,possible injury,0,1,unknown,rear end,no,no,no,0,0,0,0,0,0,Not Stated,RIVERSIDE
82094064,2023-02-20,2,15,1,minor injury,0,1,unsafe starting or backing,broadside,no,no,no,0,0,0,0,0,0,Passenger Car/Station Wagon,RIVERSIDE
82094068,2023-02-23,2,7,4,possible injury,0,2,automobile right of way,broadside,no,no,no,0,0,0,0,0,0,Passenger Car/Station Wagon,RIVERSIDE
82094070,2023-02-25,2,12,6,minor injury,0,1,unsafe speed,hit object,no,no,no,0,0,0,0,0,0,Other Bus,RIVERSIDE
82094075,2023-03-01,3,12,3,minor injury,0,1,unsafe speed,overturned,no,no,no,0,0,0,0,0,0,Passenger Car/Station Wagon,RIVERSIDE
82094079,2023-03-04,3,20,6,possible injury,0,2,traffic signs,broadside,no,no,no,0,0,0,0,0,0,Passenger Car/Station Wagon,RIVERSIDE
82094081,2023-03-07,3,7,2,possible injury,0,1,automobile right of way,broadside,no,no,no,0,0,0,0,0,0,Passenger Car/Station Wagon,RIVERSIDE
82094084,2023-03-11,3,18,6,possible injury,0,2,automobile right of way,broadside,no,no,no,0,0,0,0,0,0,Truck or Truck Tractor with Trailer,RIVERSIDE
82094085,2023-03-13,3,17,1,severe injury,0,1,DUI,vehicle/pedestrian,yes,no,no,1,0,0,0,0,0,Truck or Truck Tractor,RIVERSIDE
82094086,2023-03-14,3,14,2,possible injury,0,1,unsafe speed,hit object,no,no,no,0,0,0,0,0,0,Passenger Car/Station Wagon,RIVERSIDE
82094087,2023-03-16,3,13,4,minor injury,0,3,automobile right of way,broadside,no,no,no,0,0,0,0,0,0,Pickup or Panel Truck,RIVERSIDE
82094089,2023-03-17,3,16,5,minor injury,0,1,automobile right of way,broadside,no,no,no,0,0,0,0,0,0,Pickup or Panel Truck,RIVERSIDE
82094093,2023-03-21,3,17,2,severe injury,0,1,unsafe speed,rear end,no,no,no,0,0,0,0,0,0,Passenger Car/Station Wagon,RIVERSIDE
82094095,2023-03-22,3,14,3,possible injury,0,1,unsafe speed,hit object,no,no,yes,0,0,1,0,0,0,Motorcycle/Scooter,RIVERSIDE
82094099,2023-03-26,3,0,7,minor injury,0,1,DUI,broadside,no,no,no,0,0,0,0,0,0,Passenger Car/Station Wagon,RIVERSIDE
82094101,2023-03-26,3,18,7,severe injury,0,1,DUI,hit object,no,no,no,0,0,0,0,0,0,Passenger Car/Station Wagon,RIVERSIDE
82094102,2023-03-27,3,7,1,possible injury,0,1,unsafe speed,rear end,no,no,no,0,0,0,0,0,0,Passenger Car/Station Wagon,RIVERSIDE
82094103,2023-03-28,3,12,2,possible injury,0,1,improper turning,hit object,no,no,no,0,0,0,0,0,0,Passenger Car/Station Wagon,RIVERSIDE
82094105,2023-03-28,3,21,2,severe injury,0,2,automobile right of way,other,no,no,no,0,0,0,0,0,0,Pickup or Panel Truck,RIVERSIDE
82094106,2023-03-24,3,21,5,minor injury,0,2,traffic signs,broadside,no,no,no,0,0,0,0,0,0,Pickup or Panel Truck,RIVERSIDE
82094110,2023-04-02,4,10,7,minor injury,0,1,traffic signs,broadside,no,no,no,0,0,0,0,0,0,Passenger Car/Station Wagon,RIVERSIDE
82094116,2023-04-07,4,15,5,minor injury,0,1,improper turning,sideswipe,no,no,yes,0,0,1,0,0,0,Passenger Car/Station Wagon,RIVERSIDE
82094119,2023-04-10,4,9,1,possible injury,0,1,improper turning,hit object,no,no,no,0,0,0,0,0,0,Passenger Car/Station Wagon,RIVERSIDE
82094122,2023-04-13,4,12,4,possible injury,0,2,unsafe speed,rear end,no,no,no,0,0,0,0,0,0,Passenger Car/Station Wagon,RIVERSIDE
82094125,2023-04-14,4,5,5,possible injury,0,1,improper turning,head-on,no,no,no,0,0,0,0,0,0,Passenger Car/Station Wagon,RIVERSIDE
82094126,2023-04-14,4,15,5,possible injury,0,1,automobile right of way,head-on,no,no,no,0,0,0,0,0,0,Passenger Car/Station Wagon,RIVERSIDE
82094127,2023-04-14,4,15,5,possible injury,0,1,DUI,broadside,no,no,no,0,0,0,0,0,0,Passenger Car/Station Wagon,RIVERSIDE
82094128,2023-04-15,4,13,6,possible injury,0,2,unsafe speed,rear end,no,no,no,0,0,0,0,0,0,Pickup or Panel Truck,RIVERSIDE
82094131,2023-05-12,5,11,5,possible injury,0,1,improper turning,broadside,no,no,no,0,0,0,0,0,0,Passenger Car/Station Wagon,SONOMA
82094133,2023-05-13,5,15,6,minor injury,0,1,DUI,hit object,no,no,no,0,0,0,0,0,0,Passenger Car/Station Wagon,SONOMA
82094134,2023-04-16,4,20,7,minor injury,0,1,DUI,overturned,no,no,no,0,0,0,0,0,0,Passenger Car/Station Wagon,RIVERSIDE
82094135,2023-04-17,4,19,1,minor injury,0,1,automobile right of way,hit object,no,no,yes,0,0,0,0,0,0,Truck or Truck Tractor,RIVERSIDE
82094137,2023-04-20,4,13,4,minor injury,0,1,DUI,hit object,no,no,no,0,0,0,0,0,0,Pickup or Panel Truck,RIVERSIDE
82094143,2023-04-27,4,12,4,possible injury,0,1,improper turning,broadside,no,no,no,0,0,0,0,0,0,Passenger Car/Station Wagon,RIVERSIDE
82094144,2023-04-28,4,7,5,minor injury,0,1,traffic signs,broadside,no,no,no,0,0,0,0,0,0,Truck or Truck Tractor,RIVERSIDE
82094145,2023-04-29,4,21,6,minor injury,0,1,improper turning,hit object,no,no,no,0,0,0,0,0,0,Passenger Car/Station Wagon,RIVERSIDE
82094146,2023-04-30,4,20,7,possible injury,0,1,traffic signs,sideswipe,no,no,no,0,0,0,0,0,0,Passenger Car/Station Wagon,RIVERSIDE
82094151,2023-05-01,5,10,1,minor injury,0,2,automobile right of way,broadside,no,no,no,0,0,0,0,0,0,Passenger Car/Station Wagon,RIVERSIDE
82094153,2023-05-20,5,16,6,possible injury,0,2,traffic signs,broadside,no,no,no,0,0,0,0,0,0,Passenger Car/Station Wagon,LOS ANGELES
82094155,2023-05-22,5,22,1,possible injury,0,1,traffic signs,broadside,no,no,no,0,0,0,0,0,0,Passenger Car/Station Wagon,LOS ANGELES
82094156,2023-05-29,5,18,1,possible injury,0,2,improper turning,sideswipe,no,no,no,0,0,0,0,0,0,Passenger Car/Station Wagon,LOS ANGELES
82094162,2023-05-07,5,12,7,minor injury,0,1,unsafe speed,broadside,no,no,no,0,0,0,0,0,0,Passenger Car/Station Wagon,RIVERSIDE
82094163,2023-05-07,5,13,7,minor injury,0,2,unsafe speed,rear end,no,no,no,0,0,0,0,0,0,Passenger Car/Station Wagon,RIVERSIDE
82094164,2023-05-09,5,15,2,possible injury,0,1,automobile right of way,broadside,no,no,no,0,0,0,0,0,0,Passenger Car/Station Wagon,RIVERSIDE
82094165,2023-05-09,5,15,2,possible injury,0,1,automobile right of way,broadside,no,no,no,0,0,0,0,0,0,Passenger Car/Station Wagon,RIVERSIDE
82094168,2023-05-12,5,15,5,minor injury,0,1,wrong side of road,head-on,no,no,yes,0,0,1,0,0,0,Passenger Car/Station Wagon,RIVERSIDE
82094169,2023-05-13,5,20,6,severe injury,0,3,automobile right of way,broadside,no,no,no,0,0,0,0,0,0,Not Stated,RIVERSIDE
82094171,2023-05-15,5,11,1,minor injury,0,2,automobile right of way,head-on,no,no,no,0,0,0,0,0,0,Passenger Car/Station Wagon,RIVERSIDE
82094174,2023-05-16,5,12,2,minor injury,0,2,automobile right of way,broadside,no,no,no,0,0,0,0,0,0,Passenger Car/Station Wagon,RIVERSIDE
82094178,2023-05-19,5,8,5,possible injury,0,1,unsafe starting or backing,vehicle/pedestrian,yes,no,no,1,0,0,0,0,0,Passenger Car/Station Wagon,RIVERSIDE
82094179,2023-05-19,5,15,5,severe injury,0,1,automobile right of way,broadside,no,no,yes,0,0,1,0,0,0,Passenger Car/Station Wagon,RIVERSIDE
82094180,2023-05-20,5,9,6,possible injury,0,2,unsafe speed,broadside,no,no,no,0,0,0,0,0,0,Passenger Car/Station Wagon,RIVERSIDE
82094182,2023-05-25,5,12,4,minor injury,0,1,unsafe speed,head-on,no,no,yes,0,0,1,0,0,0,Motorcycle/Scooter,RIVERSIDE
82094189,2023-06-02,6,13,5,possible injury,0,1,improper turning,sideswipe,no,no,no,0,0,0,0,0,0,Passenger Car/Station Wagon,RIVERSIDE
82094190,2023-06-08,6,11,4,possible injury,0,1,automobile right of way,head-on,no,no,no,0,0,0,0,0,0,Passenger Car/Station Wagon,RIVERSIDE
82094192,2023-01-09,1,18,1,minor injury,0,2,unsafe lane change,sideswipe,no,no,no,0,0,0,0,0,0,Passenger Car/Station Wagon,RIVERSIDE
82094194,2023-03-20,3,9,1,possible injury,0,2,unsafe speed,rear end,no,no,no,0,0,0,0,0,0,Passenger Car/Station Wagon,RIVERSIDE
82094196,2023-03-30,3,16,4,minor injury,0,1,unsafe speed,rear end,no,no,no,0,0,0,0,0,0,Passenger Car/Station Wagon,RIVERSIDE
82094197,2023-04-07,4,16,5,minor injury,0,1,unsafe speed,overturned,no,no,no,0,0,0,0,0,0,Passenger Car/Station Wagon,RIVERSIDE
82094199,2023-04-10,4,18,1,minor injury,0,2,improper turning,rear end,no,no,no,0,0,0,0,0,0,Passenger Car/Station Wagon,RIVERSIDE
82094200,2023-04-19,4,7,3,severe injury,0,2,unsafe speed,vehicle/pedestrian,yes,no,no,2,0,0,0,0,0,Passenger Car/Station Wagon,RIVERSIDE
82094205,2023-05-03,5,17,3,minor injury,0,1,unsafe speed,rear end,no,no,yes,0,0,1,0,0,0,Motorcycle/Scooter,RIVERSIDE
82094206,2023-05-08,5,12,1,minor injury,0,1,other than driver or pedestrian,broadside,no,no,no,0,0,0,0,0,0,Not Stated,RIVERSIDE
82094209,2023-05-17,5,23,3,severe injury,0,1,unsafe speed,overturned,no,no,no,0,0,0,0,0,0,Passenger Car/Station Wagon,RIVERSIDE
82094210,2023-05-19,5,14,5,minor injury,0,3,improper turning,broadside,no,no,no,0,0,0,0,0,0,Passenger Car/Station Wagon,RIVERSIDE
82094211,2023-05-22,5,8,1,minor injury,0,1,unsafe speed,overturned,no,no,yes,0,0,1,0,0,0,Motorcycle/Scooter,RIVERSIDE
82094212,2023-05-26,5,18,5,minor injury,0,3,unsafe speed,rear end,no,no,no,0,0,0,0,0,0,Passenger Car/Station Wagon,RIVERSIDE
82094213,2023-06-01,6,7,4,possible injury,0,2,traffic signs,broadside,no,no,no,0,0,0,0,0,0,Passenger Car/Station Wagon,RIVERSIDE
82094216,2023-06-02,6,21,5,minor injury,0,2,unsafe speed,rear end,no,no,no,0,0,0,0,0,0,Passenger Car/Station Wagon,RIVERSIDE
82094221,2023-04-14,4,23,5,severe injury,0,1,pedestrian violation,vehicle/pedestrian,yes,no,no,1,0,0,0,0,0,Pedestrian,RIVERSIDE
82094224,2023-06-09,6,10,5,minor injury,0,4,traffic signs,broadside,no,no,no,0,0,0,0,0,0,Not Stated,RIVERSIDE
82094227,2023-06-01,6,23,4,possible injury,0,1,unsafe speed,rear end,no,no,no,0,0,0,0,0,0,Passenger Car/Station Wagon,ORANGE
82094228,2023-06-05,6,8,1,possible injury,0,1,improper turning,broadside,no,no,no,0,0,0,0,0,0,Passenger Car/Station Wagon,ORANGE
82094229,2023-06-10,6,8,6,possible injury,0,1,automobile right of way,broadside,no,no,no,0,0,0,0,0,0,Passenger Car/Station Wagon,ORANGE
82094231,2023-06-12,6,14,1,possible injury,0,3,traffic signs,broadside,no,no,no,0,0,0,0,0,0,Not Stated,ORANGE
82094233,2023-06-13,6,16,2,possible injury,0,1,unsafe speed,rear end,no,no,no,0,0,0,0,0,0,Passenger Car/Station Wagon,ORANGE
82094235,2023-06-13,6,17,2,minor injury,0,2,automobile right of way,broadside,no,no,no,0,0,0,0,0,0,Passenger Car/Station Wagon,ORANGE
82094238,2023-04-23,4,3,7,severe injury,0,1,unsafe speed,hit object,no,no,no,0,0,0,0,0,0,Passenger Car/Station Wagon,LOS ANGELES
82094239,2023-05-03,5,20,3,possible injury,0,4,improper turning,broadside,no,no,no,0,0,0,0,0,0,Passenger Car/Station Wagon,LOS ANGELES
82094240,2023-05-08,5,16,1,possible injury,0,1,automobile right of way,broadside,no,no,no,0,0,0,0,0,0,Passenger Car/Station Wagon,LOS ANGELES
82094242,2023-05-08,5,21,1,possible injury,0,1,automobile right of way,broadside,no,no,no,0,0,0,0,0,0,Passenger Car/Station Wagon,LOS ANGELES
82094243,2023-05-09,5,13,2,possible injury,0,1,automobile right of way,broadside,no,no,no,0,0,0,0,0,0,Passenger Car/Station Wagon,LOS ANGELES
82094244,2023-05-10,5,17,3,possible injury,0,1,unsafe speed,sideswipe,no,no,no,0,0,0,0,0,0,Passenger Car/Station Wagon,LOS ANGELES
82094247,2023-02-28,2,8,2,possible injury,0,1,unsafe speed,rear end,no,no,no,0,0,0,0,0,0,Passenger Car/Station Wagon,LOS ANGELES
82094249,2023-04-09,4,14,7,possible injury,0,1,automobile right of way,head-on,no,no,no,0,0,0,0,0,0,Passenger Car/Station Wagon,LOS ANGELES
82094254,2023-05-09,5,15,2,possible injury,0,1,automobile right of way,broadside,no,no,no,0,0,0,0,0,0,Passenger Car/Station Wagon,LOS ANGELES
82094264,2023-06-12,6,21,1,possible injury,0,1,traffic signs,broadside,no,no,no,0,0,0,0,0,0,Not Stated,VENTURA
82094265,2023-06-09,6,19,5,possible injury,0,7,DUI,rear end,no,no,no,0,0,0,0,0,0,Passenger Car/Station Wagon,LOS ANGELES
82094269,2023-05-24,5,16,3,possible injury,0,1,unsafe speed,rear end,no,no,no,0,0,0,0,0,0,Passenger Car/Station Wagon,SANTA CLARA
82094270,2023-06-14,6,6,3,possible injury,0,1,unsafe speed,hit object,no,yes,no,0,1,0,0,0,0,Bicycle,ORANGE
82094272,2023-06-11,6,19,7,minor injury,0,1,automobile right of way,head-on,no,no,no,0,0,0,0,0,0,Passenger Car/Station Wagon,SANTA CLARA
82094276,2023-06-07,6,14,3,possible injury,0,1,unsafe speed,rear end,no,no,no,0,0,0,0,0,0,Passenger Car/Station Wagon,ORANGE
82094277,2023-06-07,6,15,3,possible injury,0,2,automobile right of way,broadside,no,no,no,0,0,0,0,0,0,Passenger Car/Station Wagon,ORANGE
82094280,2023-06-13,6,7,2,possible injury,0,1,automobile right of way,broadside,no,no,no,0,0,0,0,0,0,Passenger Car/Station Wagon,ORANGE
82094282,2023-06-13,6,17,2,minor injury,0,2,automobile right of way,broadside,no,no,no,0,0,0,0,0,0,Passenger Car/Station Wagon,ORANGE
82094289,2023-06-01,6,13,4,possible injury,0,5,unsafe speed,rear end,no,no,no,0,0,0,0,0,0,Passenger Car/Station Wagon,SACRAMENTO
82094291,2023-06-01,6,18,4,minor injury,0,1,other improper driving,broadside,no,no,no,0,0,0,0,0,0,Passenger Car/Station Wagon,SACRAMENTO
82094293,2023-06-02,6,10,5,minor injury,0,1,unsafe speed,vehicle/pedestrian,yes,no,no,1,0,0,0,0,0,Not Stated,SACRAMENTO
82094294,2023-06-03,6,0,6,severe injury,0,1,traffic signs,broadside,no,yes,no,0,1,0,0,0,0,Bicycle,SACRAMENTO
82094298,2023-06-03,6,10,6,minor injury,0,1,other improper driving,vehicle/pedestrian,yes,no,no,1,0,0,0,0,0,Pedestrian,SACRAMENTO
82094299,2023-06-03,6,15,6,minor injury,0,2,unsafe lane change,rear end,no,no,no,0,0,0,0,0,0,Passenger Car/Station Wagon,SACRAMENTO
82094301,2023-06-03,6,21,6,minor injury,0,1,unsafe speed,rear end,no,no,no,0,0,0,0,0,0,Passenger Car/Station Wagon,SACRAMENTO
82094303,2023-06-04,6,0,7,minor injury,0,1,improper turning,hit object,no,no,yes,0,0,1,0,0,0,Motorcycle/Scooter,SACRAMENTO
82094304,2023-04-24,4,8,1,possible injury,0,1,automobile right of way,head-on,no,no,no,0,0,0,0,0,0,Passenger Car/Station Wagon,ORANGE
82094311,2023-06-12,6,23,1,possible injury,0,2,automobile right of way,broadside,no,no,no,0,0,0,0,0,0,Passenger Car/Station Wagon,KERN
82094312,2023-06-13,6,21,2,possible injury,0,1,traffic signs,broadside,no,no,no,0,0,0,0,0,0,Passenger Car/Station Wagon,KERN
82094314,2023-03-25,3,12,6,minor injury,0,1,unknown,broadside,no,no,no,0,0,0,0,0,0,Not Stated,ALAMEDA
82094318,2023-05-03,5,14,3,minor injury,0,1,unsafe speed,rear end,no,no,no,0,0,0,0,0,0,Passenger Car/Station Wagon,ALAMEDA
82094320,2023-06-08,6,5,4,severe injury,0,1,improper turning,vehicle/pedestrian,yes,no,no,1,0,0,0,0,0,Not Stated,LOS ANGELES
82094321,2023-06-11,6,2,7,minor injury,0,1,traffic signs,head-on,no,yes,no,0,1,0,0,0,0,Bicycle,LOS ANGELES
82094322,2023-06-13,6,10,2,possible injury,0,1,automobile right of way,broadside,no,no,no,0,0,0,0,0,0,Passenger Car/Station Wagon,LOS ANGELES
82094327,2023-05-25,5,16,4,minor injury,0,1,unsafe speed,rear end,no,no,no,0,0,0,0,0,0,Passenger Car/Station Wagon,SAN DIEGO
82094328,2023-05-30,5,16,2,minor injury,0,1,improper passing,sideswipe,no,no,yes,0,0,1,0,0,0,Motorcycle/Scooter,SAN DIEGO
82094359,2023-03-14,3,11,2,minor injury,0,1,unsafe speed,rear end,no,no,no,0,0,0,0,0,0,Passenger Car/Station Wagon,RIVERSIDE
82094361,2023-03-17,3,7,5,possible injury,0,1,automobile right of way,broadside,no,no,no,0,0,0,0,0,0,Passenger Car/Station Wagon,RIVERSIDE
82094369,2023-04-13,4,11,4,possible injury,0,1,following too closely,rear end,no,no,no,0,0,0,0,0,0,Passenger Car/Station Wagon,RIVERSIDE
82094370,2023-04-20,4,21,4,minor injury,0,1,wrong side of road,vehicle/pedestrian,yes,no,no,1,0,0,0,0,0,Passenger Car/Station Wagon,RIVERSIDE
82094371,2023-04-27,4,10,4,possible injury,0,3,traffic signs,broadside,no,no,no,0,0,0,0,0,0,Passenger Car/Station Wagon,RIVERSIDE
82094374,2023-05-04,5,19,4,minor injury,0,1,improper turning,broadside,no,no,no,0,0,0,0,0,0,Other Vehicle,RIVERSIDE
82094376,2023-05-15,5,19,1,possible injury,0,1,traffic signs,broadside,no,no,no,0,0,0,0,0,0,Passenger Car/Station Wagon,RIVERSIDE
82094379,2023-05-22,5,7,1,possible injury,0,1,unsafe speed,rear end,no,no,no,0,0,0,0,0,0,Passenger Car/Station Wagon,RIVERSIDE
82094388,2023-03-28,3,15,2,fatal injury,1,0,traffic signs,broadside,no,yes,no,0,0,0,0,1,0,Truck or Truck Tractor,SAN JOAQUIN
82094390,2023-04-07,4,16,5,minor injury,0,1,unknown,broadside,no,yes,no,0,1,0,0,0,0,Not Stated,ORANGE
82094393,2023-03-27,3,18,1,severe injury,0,1,improper turning,head-on,no,yes,no,0,1,0,0,0,0,Bicycle,ORANGE
82094394,2023-03-30,3,4,4,possible injury,0,1,automobile right of way,broadside,no,no,no,0,0,0,0,0,0,Passenger Car/Station Wagon,ORANGE
82094395,2023-05-19,5,9,5,possible injury,0,1,unknown,broadside,no,no,no,0,0,0,0,0,0,Not Stated,STANISLAUS
82094396,2023-02-16,2,13,4,possible injury,0,1,traffic signs,broadside,no,no,no,0,0,0,0,0,0,Not Stated,STANISLAUS
82094398,2023-04-08,4,2,6,minor injury,0,2,pedestrian violation,vehicle/pedestrian,yes,no,no,2,0,0,0,0,0,Pedestrian,ORANGE
82094400,2023-04-14,4,17,5,possible injury,0,2,traffic signs,broadside,no,no,no,0,0,0,0,0,0,Passenger Car/Station Wagon,STANISLAUS
82094401,2023-04-21,4,15,5,possible injury,0,1,wrong side of road,head-on,no,no,no,0,0,0,0,0,0,Passenger Car/Station Wagon,STANISLAUS
82094403,2023-04-29,4,15,6,possible injury,0,2,traffic signs,broadside,no,no,no,0,0,0,0,0,0,Passenger Car/Station Wagon,STANISLAUS
82094404,2023-05-01,5,10,1,minor injury,0,1,improper turning,rear end,no,no,no,0,0,0,0,0,0,Passenger Car/Station Wagon,STANISLAUS
82094407,2023-05-07,5,18,7,minor injury,0,4,other hazardous violation,broadside,no,no,no,0,0,0,0,0,0,Passenger Car/Station Wagon,STANISLAUS
82094408,2023-05-08,5,16,1,possible injury,0,1,wrong side of road,broadside,no,yes,no,0,1,0,0,0,0,Bicycle,STANISLAUS
82094409,2023-05-09,5,15,2,possible injury,0,1,traffic signs,broadside,no,no,no,0,0,0,0,0,0,Not Stated,STANISLAUS
82094411,2023-05-10,5,15,3,minor injury,0,5,automobile right of way,broadside,no,no,no,0,0,0,0,0,0,Passenger Car/Station Wagon,STANISLAUS
82094412,2023-05-12,5,8,5,possible injury,0,3,other hazardous violation,head-on,no,no,no,0,0,0,0,0,0,Passenger Car/Station Wagon,STANISLAUS
82094416,2023-05-13,5,16,6,possible injury,0,3,automobile right of way,broadside,no,no,no,0,0,0,0,0,0,Passenger Car/Station Wagon,STANISLAUS