CASE_ID,COLLISION_DATE,MONTH,HOUR,DAY_OF_WEEK,COLLISION_SEVERITY,NUMBER_KILLED,NUMBER_INJURED,PCF_VIOL_CATEGORY,TYPE_OF_COLLISION,PEDESTRIAN_ACCIDENT,BICYCLE_ACCIDENT,MOTORCYCLE_ACCIDENT,COUNT_PED_INJURED,COUNT_BICYCLIST_INJURED,COUNT_MC_INJURED,COUNT_PED_KILLED,COUNT_BICYCLIST_KILLED,COUNT_MC_KILLED,STWD_VEHTYPE_AT_FAULT,COUNTY
82111422,2023-07-05,7,7,3,possible injury,0,1,improper turning,hit object,no,no,no,0,0,0,0,0,0,Passenger Car/Station Wagon,VENTURA
82111426,2023-06-08,6,18,4,minor injury,0,2,automobile right of way,broadside,no,no,no,0,0,0,0,0,0,Passenger Car/Station Wagon,SANTA CLARA
82111428,2023-06-09,6,19,5,possible injury,0,1,automobile right of way,vehicle/pedestrian,yes,no,no,1,0,0,0,0,0,Passenger Car/Station Wagon,SANTA CLARA
82111433,2023-06-30,6,18,5,possible injury,0,1,improper turning,hit object,no,no,no,0,0,0,0,0,0,Passenger Car/Station Wagon,ORANGE
82111434,2023-07-05,7,10,3,possible injury,0,2,unsafe speed,rear end,no,no,no,0,0,0,0,0,0,Passenger Car/Station Wagon,SANTA CLARA
82111438,2023-07-01,7,18,6,possible injury,0,1,unsafe speed,rear end,no,no,no,0,0,0,0,0,0,Not Stated,ORANGE
82111440,2023-04-03,4,10,1,minor injury,0,1,unknown,hit object,no,no,no,0,0,0,0,0,0,Not Stated,ORANGE
82111445,2023-07-04,7,7,2,possible injury,0,1,automobile right of way,broadside,no,no,no,0,0,0,0,0,0,Passenger Car/Station Wagon,SAN BERNARDINO
82111446,2023-06-15,6,22,4,possible injury,0,1,unsafe speed,rear end,no,no,no,0,0,0,0,0,0,Not Stated,SACRAMENTO
82111447,2023-06-17,6,20,6,minor injury,0,4,other than driver or pedestrian,head-on,no,no,no,0,0,0,0,0,0,Not Stated,SACRAMENTO
82111449,2023-06-20,6,20,2,minor injury,0,1,unsafe speed,hit object,no,no,no,0,0,0,0,0,0,Passenger Car/Station Wagon,SACRAMENTO
82111450,2023-06-22,6,18,4,possible injury,0,1,pedestrian right of way,other,no,yes,no,0,1,0,0,0,0,Passenger Car/Station Wagon,SACRAMENTO
82111451,2023-06-23,6,8,5,possible injury,0,1,improper turning,sideswipe,no,no,no,0,0,0,0,0,0,Not Stated,SACRAMENTO
82111452,2023-06-23,6,20,5,possible injury,0,1,automobile right of way,broadside,no,no,no,0,0,0,0,0,0,Passenger Car/Station Wagon,SACRAMENTO
82111453,2023-06-24,6,19,6,possible injury,0,1,unsafe speed,rear end,no,no,no,0,0,0,0,0,0,Passenger Car/Station Wagon,SACRAMENTO
82111454,2023-06-24,6,22,6,possible injury,0,1,pedestrian right of way,vehicle/pedestrian,yes,no,no,1,0,0,0,0,0,Pickup or Panel Truck,SACRAMENTO
82111455,2023-06-22,6,21,4,minor injury,0,1,automobile right of way,broadside,no,yes,no,0,1,0,0,0,0,Passenger Car/Station Wagon,CONTRA COSTA
82111462,2023-06-12,6,19,1,severe injury,0,1,unsafe speed,overturned,no,no,yes,0,0,1,0,0,0,Motorcycle/Scooter,ALAMEDA
82111466,2023-06-18,6,14,7,possible injury,0,5,unsafe speed,rear end,no,no,no,0,0,0,0,0,0,Passenger Car/Station Wagon,ALAMEDA
82111469,2023-06-22,6,13,4,possible injury,0,4,unsafe speed,rear end,no,no,no,0,0,0,0,0,0,Passenger Car/Station Wagon,ALAMEDA
82111471,2023-06-24,6,10,6,possible injury,0,1,improper turning,sideswipe,no,no,yes,0,0,1,0,0,0,Passenger Car/Station Wagon,ALAMEDA
82111473,2023-06-25,6,14,7,minor injury,0,1,DUI,other,no,no,yes,0,0,1,0,0,0,Motorcycle/Scooter,ALAMEDA
82111474,2023-06-26,6,9,1,possible injury,0,1,improper turning,broadside,no,no,no,0,0,0,0,0,0,Passenger Car/Station Wagon,ALAMEDA
82111476,2023-06-28,6,15,3,possible injury,0,2,unsafe speed,rear end,no,no,no,0,0,0,0,0,0,Passenger Car/Station Wagon,ALAMEDA
82111477,2023-06-28,6,15,3,minor injury,0,2,DUI,head-on,no,no,no,0,0,0,0,0,0,Passenger Car/Station Wagon,ALAMEDA
82111478,2023-06-28,6,19,3,possible injury,0,2,automobile right of way,broadside,no,no,no,0,0,0,0,0,0,Passenger Car/Station Wagon,ALAMEDA
82111480,2023-07-04,7,13,2,minor injury,0,1,pedestrian violation,broadside,no,no,no,0,0,0,0,0,0,Passenger Car/Station Wagon,ALAMEDA
82111481,2023-05-16,5,4,2,minor injury,0,1,pedestrian violation,vehicle/pedestrian,yes,no,no,1,0,0,0,0,0,Pedestrian,ALAMEDA
82111482,2023-06-18,6,2,7,possible injury,0,1,traffic signs,broadside,no,no,no,0,0,0,0,0,0,Passenger Car/Station Wagon,ALAMEDA
82111485,2023-06-22,6,17,4,severe injury,0,1,improper passing,sideswipe,no,no,yes,0,0,1,0,0,0,Motorcycle/Scooter,ALAMEDA
82111486,2023-06-21,6,18,3,severe injury,0,1,automobile right of way,broadside,no,yes,no,0,1,0,0,0,0,Bicycle,ALAMEDA
82111487,2023-06-28,6,12,3,possible injury,0,2,traffic signs,broadside,no,no,no,0,0,0,0,0,0,Passenger Car/Station Wagon,ALAMEDA
82111491,2023-05-17,5,6,3,possible injury,0,3,improper turning,sideswipe,no,no,no,0,0,0,0,0,0,Passenger Car/Station Wagon,RIVERSIDE
82111492,2023-06-13,6,20,2,minor injury,0,4,unsafe starting or backing,rear end,no,no,no,0,0,0,0,0,0,Passenger Car/Station Wagon,SAN DIEGO
82111494,2023-06-21,6,17,3,minor injury,0,1,automobile right of way,broadside,no,no,no,0,0,0,0,0,0,Passenger Car/Station Wagon,SAN DIEGO
82111496,2023-06-27,6,6,2,minor injury,0,1,other than driver or pedestrian,other,no,yes,no,0,1,0,0,0,0,Not Stated,SAN DIEGO
82111501,2023-05-29,5,20,1,possible injury,0,1,unsafe speed,head-on,no,no,yes,0,0,1,0,0,0,Motorcycle/Scooter,RIVERSIDE
82111503,2023-06-25,6,11,7,minor injury,0,1,unsafe speed,hit object,no,no,no,0,0,0,0,0,0,Pickup or Panel Truck,RIVERSIDE
82111508,2023-05-11,5,22,4,possible injury,0,3,DUI,broadside,no,no,no,0,0,0,0,0,0,Passenger Car/Station Wagon,SAN JOAQUIN
82111517,2023-05-19,5,23,5,severe injury,0,1,pedestrian right of way,vehicle/pedestrian,yes,no,no,1,0,0,0,0,0,Not Stated,SAN JOAQUIN
82111524,2023-05-16,5,18,2,possible injury,0,1,traffic signs,broadside,no,no,no,0,0,0,0,0,0,Not Stated,STANISLAUS
82111525,2023-05-19,5,20,5,possible injury,0,1,automobile right of way,head-on,no,no,no,0,0,0,0,0,0,Passenger Car/Station Wagon,STANISLAUS
82111526,2023-05-22,5,2,1,minor injury,0,1,unknown,broadside,no,no,no,0,0,0,0,0,0,Not Stated,STANISLAUS
82111528,2023-05-28,5,1,7,possible injury,0,1,traffic signs,broadside,no,no,no,0,0,0,0,0,0,Passenger Car/Station Wagon,STANISLAUS
82111529,2023-06-02,6,7,5,severe injury,0,2,automobile right of way,broadside,no,no,yes,0,0,1,0,0,0,Pickup or Panel Truck,STANISLAUS
82111530,2023-06-02,6,16,5,possible injury,0,2,automobile right of way,broadside,no,no,no,0,0,0,0,0,0,Pickup or Panel Truck,STANISLAUS
82111537,2023-06-16,6,10,5,minor injury,0,3,automobile right of way,head-on,no,no,no,0,0,0,0,0,0,Passenger Car/Station Wagon,RIVERSIDE
82111538,2023-06-20,6,8,2,possible injury,0,1,unsafe starting or backing,rear end,no,no,no,0,0,0,0,0,0,Pickup or Panel Truck,RIVERSIDE
82111541,2023-07-05,7,2,3,minor injury,0,1,unsafe lane change,hit object,no,no,no,0,0,0,0,0,0,Passenger Car/Station Wagon,RIVERSIDE
82111797,2023-05-22,5,18,1,possible injury,0,1,DUI,sideswipe,no,no,no,0,0,0,0,0,0,Passenger Car/Station Wagon,SAN MATEO
82111855,2023-07-02,7,8,7,possible injury,0,1,DUI,rear end,no,no,no,0,0,0,0,0,0,Passenger Car/Station Wagon,SACRAMENTO
82111891,2023-07-04,7,17,2,possible injury,0,1,improper turning,other,no,yes,no,0,1,0,0,0,0,Bicycle,ORANGE
82111892,2023-07-04,7,17,2,minor injury,0,1,unsafe speed,other,no,no,no,0,0,0,0,0,0,Other Vehicle,ORANGE
82111985,2023-06-09,6,17,5,possible injury,0,1,pedestrian right of way,vehicle/pedestrian,yes,no,no,1,0,0,0,0,0,Passenger Car/Station Wagon,SAN MATEO
82112012,2023-06-03,6,9,6,possible injury,0,1,unsafe speed,rear end,no,no,no,0,0,0,0,0,0,Passenger Car/Station Wagon,ORANGE
82112062,2023-06-26,6,11,1,severe injury,0,1,unsafe speed,other,no,no,yes,0,0,1,0,0,0,Motorcycle/Scooter,SAN MATEO
82112077,2023-06-19,6,15,1,minor injury,0,1,traffic signs,broadside,no,no,no,0,0,0,0,0,0,Passenger Car/Station Wagon,ORANGE
82112117,2023-06-25,6,8,7,possible injury,0,1,automobile right of way,broadside,no,no,no,0,0,0,0,0,0,Passenger Car/Station Wagon,HUMBOLDT
82112144,2023-06-15,6,14,4,minor injury,0,1,traffic signs,vehicle/pedestrian,no,yes,no,0,1,0,0,0,0,Passenger Car/Station Wagon,ORANGE
82112243,2023-06-30,6,4,5,severe injury,0,1,pedestrian violation,vehicle/pedestrian,yes,no,no,1,0,0,0,0,0,Pedestrian,ORANGE
82112249,2023-06-25,6,19,7,possible injury,0,1,unsafe speed,overturned,no,no,no,0,0,0,0,0,0,Passenger Car/Station Wagon,ORANGE
82112250,2023-07-05,7,9,3,possible injury,0,1,unsafe speed,rear end,no,no,yes,0,0,1,0,0,0,Passenger Car/Station Wagon,SAN MATEO
82112269,2023-06-22,6,17,4,minor injury,0,1,unsafe lane change,sideswipe,no,no,yes,0,0,1,0,0,0,Passenger Car/Station Wagon,ORANGE
82112273,2023-06-20,6,14,2,minor injury,0,1,automobile right of way,broadside,no,no,no,0,0,0,0,0,0,Passenger Car/Station Wagon,ORANGE
82112274,2023-06-28,6,13,3,minor injury,0,1,unsafe speed,hit object,no,no,no,0,0,0,0,0,0,Passenger Car/Station Wagon,RIVERSIDE
82112276,2023-07-05,7,13,3,possible injury,0,1,DUI,hit object,no,no,no,0,0,0,0,0,0,Passenger Car/Station Wagon,RIVERSIDE
82112283,2023-06-14,6,23,3,minor injury,0,1,automobile right of way,broadside,no,no,no,0,0,0,0,0,0,Passenger Car/Station Wagon,SOLANO
82112284,2023-06-15,6,12,4,minor injury,0,1,unsafe speed,rear end,no,no,no,0,0,0,0,0,0,Passenger Car/Station Wagon,SOLANO
82112286,2023-06-22,6,7,4,possible injury,0,2,automobile right of way,broadside,no,no,no,0,0,0,0,0,0,Passenger Car/Station Wagon,SOLANO
82112294,2023-06-30,6,11,5,possible injury,0,2,wrong side of road,head-on,no,no,no,0,0,0,0,0,0,Passenger Car/Station Wagon,SOLANO
82112296,2023-06-30,6,17,5,possible injury,0,1,improper turning,hit object,no,no,no,0,0,0,0,0,0,Passenger Car/Station Wagon,SOLANO
82112302,2023-07-03,7,12,1,possible injury,0,1,automobile right of way,broadside,no,no,no,0,0,0,0,0,0,Pickup or Panel Truck,SOLANO
82112303,2023-07-03,7,16,1,possible injury,0,1,improper turning,broadside,no,no,no,0,0,0,0,0,0,Pickup or Panel Truck,SOLANO
82112305,2023-06-03,6,19,6,severe injury,0,1,pedestrian violation,vehicle/pedestrian,yes,no,no,1,0,0,0,0,0,Pedestrian,ORANGE
82112306,2023-06-30,6,21,5,possible injury,0,1,DUI,rear end,no,no,no,0,0,0,0,0,0,Passenger Car/Station Wagon,ORANGE
82112308,2023-07-06,7,8,4,minor injury,0,2,traffic signs,broadside,no,no,no,0,0,0,0,0,0,Passenger Car/Station Wagon,ORANGE
82112309,2023-07-06,7,10,4,minor injury,0,1,pedestrian right of way,vehicle/pedestrian,yes,no,no,1,0,0,0,0,0,Passenger Car/Station Wagon,ORANGE
82112310,2023-07-07,7,10,5,minor injury,0,1,improper turning,hit object,no,no,no,0,0,0,0,0,0,Pickup or Panel Truck,ORANGE
82112312,2023-06-14,6,6,3,possible injury,0,1,traffic signs,broadside,no,no,no,0,0,0,0,0,0,Passenger Car/Station Wagon,ORANGE
82112315,2023-06-30,6,21,5,minor injury,0,1,pedestrian violation,vehicle/pedestrian,yes,no,no,1,0,0,0,0,0,Pedestrian,RIVERSIDE
82112318,2023-07-06,7,17,4,possible injury,0,2,unsafe speed,rear end,no,no,no,0,0,0,0,0,0,Passenger Car/Station Wagon,RIVERSIDE
82112321,2023-07-06,7,14,4,possible injury,0,1,automobile right of way,sideswipe,no,no,no,0,0,0,0,0,0,Passenger Car/Station Wagon,RIVERSIDE
82112323,2023-07-04,7,16,2,minor injury,0,1,automobile right of way,broadside,no,no,no,0,0,0,0,0,0,Passenger Car/Station Wagon,RIVERSIDE
82112324,2023-07-06,7,9,4,minor injury,0,1,traffic signs,broadside,no,no,no,0,0,0,0,0,0,Not Stated,RIVERSIDE
82112326,2023-06-01,6,16,4,severe injury,0,1,pedestrian right of way,vehicle/pedestrian,yes,no,no,1,0,0,0,0,0,Passenger Car/Station Wagon,SAN LUIS OBISPO
82112328,2023-06-26,6,1,1,possible injury,0,1,DUI,broadside,no,no,no,0,0,0,0,0,0,Passenger Car/Station Wagon,LOS ANGELES
82112330,2023-06-11,6,17,7,severe injury,0,1,improper turning,head-on,no,no,yes,0,0,1,0,0,0,Motorcycle/Scooter,STANISLAUS
82112332,2023-05-29,5,17,1,possible injury,0,1,unknown,broadside,no,yes,no,0,1,0,0,0,0,Not Stated,LOS ANGELES
82112334,2023-06-04,6,19,7,possible injury,0,1,traffic signs,broadside,no,no,no,0,0,0,0,0,0,Passenger Car/Station Wagon,SONOMA
82112335,2023-06-11,6,10,7,minor injury,0,2,automobile right of way,broadside,no,no,no,0,0,0,0,0,0,Passenger Car/Station Wagon,SONOMA
82112336,2023-06-16,6,15,5,possible injury,0,1,other improper driving,sideswipe,no,no,no,0,0,0,0,0,0,Passenger Car/Station Wagon,SONOMA
82112339,2023-06-10,6,17,6,minor injury,0,1,improper turning,sideswipe,no,no,no,0,0,0,0,0,0,Passenger Car/Station Wagon,SAN BERNARDINO
82112340,2023-06-24,6,9,6,minor injury,0,2,automobile right of way,broadside,no,no,no,0,0,0,0,0,0,Passenger Car/Station Wagon,SAN BERNARDINO
82112342,2023-06-26,6,18,1,minor injury,0,1,unsafe speed,hit object,no,no,no,0,0,0,0,0,0,Passenger Car/Station Wagon,SAN BERNARDINO
82112348,2023-06-30,6,20,5,minor injury,0,3,automobile right of way,other,no,no,no,0,0,0,0,0,0,Passenger Car/Station Wagon,VENTURA
82112349,2023-07-02,7,2,7,possible injury,0,1,DUI,hit object,no,no,no,0,0,0,0,0,0,Pickup or Panel Truck,VENTURA
82112352,2023-07-05,7,8,3,possible injury,0,1,traffic signs,broadside,no,no,no,0,0,0,0,0,0,Passenger Car/Station Wagon,VENTURA
82112355,2023-06-24,6,0,6,minor injury,0,1,DUI,hit object,no,no,no,0,0,0,0,0,0,Passenger Car/Station Wagon,ORANGE
82112356,2023-06-24,6,15,6,minor injury,0,4,DUI,broadside,no,no,no,0,0,0,0,0,0,Pickup or Panel Truck,ORANGE
82112357,2023-06-24,6,20,6,possible injury,0,2,traffic signs,broadside,no,no,no,0,0,0,0,0,0,Passenger Car/Station Wagon,ORANGE
82112358,2023-06-25,6,14,7,possible injury,0,2,unsafe speed,rear end,no,no,no,0,0,0,0,0,0,Passenger Car/Station Wagon,ORANGE
82112359,2023-06-25,6,16,7,minor injury,0,1,improper turning,overturned,no,yes,no,0,1,0,0,0,0,Bicycle,ORANGE
82112360,2023-06-25,6,18,7,possible injury,0,3,traffic signs,broadside,no,no,no,0,0,0,0,0,0,Passenger Car/Station Wagon,ORANGE
82112363,2023-01-30,1,7,1,possible injury,0,1,unsafe speed,hit object,no,no,no,0,0,0,0,0,0,Passenger Car/Station Wagon,RIVERSIDE
82112365,2023-03-02,3,20,4,possible injury,0,1,improper turning,head-on,no,no,no,0,0,0,0,0,0,Pickup or Panel Truck,RIVERSIDE
82112366,2023-03-09,3,22,4,possible injury,0,1,unsafe speed,rear end,no,no,no,0,0,0,0,0,0,Passenger Car/Station Wagon,RIVERSIDE
82112367,2023-06-15,6,12,4,possible injury,0,3,unsafe speed,rear end,no,no,no,0,0,0,0,0,0,Passenger Car/Station Wagon,RIVERSIDE
82112369,2023-06-22,6,14,4,possible injury,0,3,improper turning,broadside,no,no,no,0,0,0,0,0,0,Passenger Car/Station Wagon,RIVERSIDE
82112373,2023-05-18,5,20,4,possible injury,0,2,automobile right of way,broadside,no,no,no,0,0,0,0,0,0,Passenger Car/Station Wagon,LOS ANGELES
82112377,2023-06-02,6,8,5,minor injury,0,1,unsafe speed,hit object,no,yes,no,0,1,0,0,0,0,Bicycle,LOS ANGELES
82112384,2023-06-26,6,8,1,severe injury,0,1,wrong side of road,vehicle/pedestrian,yes,no,no,1,0,0,0,0,0,Passenger Car/Station Wagon,LOS ANGELES
82112386,2023-06-12,6,21,1,minor injury,0,3,traffic signs,broadside,no,no,no,0,0,0,0,0,0,Passenger Car/Station Wagon,SACRAMENTO
82112387,2023-06-16,6,17,5,minor injury,0,1,automobile right of way,broadside,no,no,no,0,0,0,0,0,0,Not Stated,SACRAMENTO
82112391,2023-06-26,6,8,1,possible injury,0,2,unsafe speed,rear end,no,no,no,0,0,0,0,0,0,Passenger Car/Station Wagon,SACRAMENTO
82112392,2023-06-26,6,10,1,possible injury,0,2,traffic signs,broadside,no,no,no,0,0,0,0,0,0,Passenger Car/Station Wagon,SACRAMENTO
82112393,2023-06-26,6,14,1,minor injury,0,4,traffic signs,broadside,no,no,no,0,0,0,0,0,0,Passenger Car/Station Wagon,SACRAMENTO
82112394,2023-06-26,6,16,1,possible injury,0,1,improper turning,sideswipe,no,no,no,0,0,0,0,0,0,Passenger Car/Station Wagon,SACRAMENTO
82112396,2023-06-26,6,18,1,minor injury,0,2,automobile right of way,broadside,no,no,no,0,0,0,0,0,0,Passenger Car/Station Wagon,SACRAMENTO
82112397,2023-06-26,6,18,1,minor injury,0,1,unsafe speed,rear end,no,no,no,0,0,0,0,0,0,Passenger Car/Station Wagon,SACRAMENTO
82112398,2023-06-26,6,19,1,possible injury,0,2,other improper driving,broadside,no,no,no,0,0,0,0,0,0,Passenger Car/Station Wagon,SACRAMENTO
82112399,2023-06-26,6,19,1,minor injury,0,1,automobile right of way,broadside,no,no,no,0,0,0,0,0,0,Other Vehicle,SACRAMENTO
82112400,2023-06-26,6,22,1,minor injury,0,1,traffic signs,broadside,no,no,no,0,0,0,0,0,0,Passenger Car/Station Wagon,SACRAMENTO
82112402,2023-06-27,6,9,2,minor injury,0,1,unsafe speed,rear end,no,no,no,0,0,0,0,0,0,Passenger Car/Station Wagon,SACRAMENTO
82112403,2023-06-27,6,12,2,minor injury,0,2,unsafe speed,rear end,no,no,no,0,0,0,0,0,0,Passenger Car/Station Wagon,SACRAMENTO
82112404,2023-06-20,6,10,2,possible injury,0,1,unsafe lane change,sideswipe,no,no,no,0,0,0,0,0,0,Passenger Car/Station Wagon,ALAMEDA
82112405,2023-06-30,6,14,5,minor injury,0,1,improper turning,hit object,no,no,no,0,0,0,0,0,0,Passenger Car/Station Wagon,ALAMEDA
82112409,2023-07-03,7,15,1,minor injury,0,1,traffic signs,broadside,no,yes,no,0,1,0,0,0,0,Bicycle,ALAMEDA
82112410,2023-07-04,7,13,2,possible injury,0,1,automobile right of way,broadside,no,no,no,0,0,0,0,0,0,Passenger Car/Station Wagon,ALAMEDA
82112413,2023-06-11,6,18,7,severe injury,0,1,other hazardous violation,rear end,no,yes,no,0,1,0,0,0,0,Passenger Car/Station Wagon,ALAMEDA
82112414,2023-06-19,6,14,1,minor injury,0,2,automobile right of way,broadside,no,no,no,0,0,0,0,0,0,Truck or Truck Tractor,ALAMEDA
82112416,2023-06-23,6,14,5,minor injury,0,2,traffic signs,broadside,no,no,no,0,0,0,0,0,0,Passenger Car/Station Wagon,ALAMEDA
82112420,2023-07-02,7,17,7,minor injury,0,2,unsafe speed,rear end,no,no,yes,0,0,1,0,0,0,Motorcycle/Scooter,ALAMEDA
82112421,2023-07-02,7,17,7,minor injury,0,2,traffic signs,broadside,no,no,no,0,0,0,0,0,0,Truck or Truck Tractor,ALAMEDA
82112429,2023-05-20,5,21,6,possible injury,0,1,unsafe speed,vehicle/pedestrian,yes,no,no,1,0,0,0,0,0,Passenger Car/Station Wagon,SAN JOAQUIN
82112433,2023-05-21,5,21,7,possible injury,0,2,unsafe lane change,sideswipe,no,no,no,0,0,0,0,0,0,Passenger Car/Station Wagon,SAN JOAQUIN
82112443,2023-05-26,5,22,5,possible injury,0,2,unsafe speed,rear end,no,no,no,0,0,0,0,0,0,Passenger Car/Station Wagon,ORANGE
82112446,2023-06-01,6,8,4,severe injury,0,2,traffic signs,broadside,no,no,no,0,0,0,0,0,0,Passenger Car/Station Wagon,ORANGE
82112448,2023-05-04,5,16,4,possible injury,0,1,unsafe speed,rear end,no,no,no,0,0,0,0,0,0,Passenger Car/Station Wagon,RIVERSIDE
82112456,2023-06-07,6,21,3,minor injury,0,2,automobile right of way,head-on,no,no,no,0,0,0,0,0,0,Passenger Car/Station Wagon,ORANGE
82112465,2023-06-01,6,21,4,possible injury,0,1,unsafe lane change,sideswipe,no,no,no,0,0,0,0,0,0,Passenger Car/Station Wagon,ORANGE
82112518,2023-04-19,4,21,3,possible injury,0,1,pedestrian violation,vehicle/pedestrian,yes,no,no,1,0,0,0,0,0,Pedestrian,ORANGE
82112519,2023-06-23,6,16,5,minor injury,0,1,improper turning,hit object,no,no,no,0,0,0,0,0,0,Passenger Car/Station Wagon,ORANGE
82112521,2023-06-24,6,20,6,possible injury,0,3,following too closely,rear end,no,no,no,0,0,0,0,0,0,Passenger Car/Station Wagon,ORANGE
82112523,2023-06-28,6,0,3,minor injury,0,3,improper turning,hit object,no,no,no,0,0,0,0,0,0,Passenger Car/Station Wagon,SAN JOAQUIN
82112524,2023-04-24,4,16,1,possible injury,0,1,automobile right of way,head-on,no,no,no,0,0,0,0,0,0,Passenger Car/Station Wagon,CONTRA COSTA
82112525,2023-06-20,6,17,2,minor injury,0,1,unsafe speed,overturned,no,no,no,0,0,0,0,0,0,Passenger Car/Station Wagon,SAN LUIS OBISPO
82112528,2023-06-21,6,13,3,minor injury,0,1,automobile right of way,head-on,no,no,yes,0,0,1,0,0,0,Motorcycle/Scooter,SAN LUIS OBISPO
82112530,2023-06-18,6,16,7,minor injury,0,1,traffic signs,broadside,no,yes,no,0,1,0,0,0,0,Bicycle,LOS ANGELES
82112532,2023-06-25,6,13,7,minor injury,0,3,automobile right of way,broadside,no,no,no,0,0,0,0,0,0,Pickup or Panel Truck,SAN BERNARDINO
82112534,2023-07-01,7,16,6,minor injury,0,1,improper turning,broadside,no,yes,no,0,1,0,0,0,0,Other Vehicle,ORANGE
82112535,2023-07-01,7,18,6,minor injury,0,1,unsafe speed,sideswipe,no,yes,no,0,1,0,0,0,0,Other Vehicle,ORANGE
82112536,2023-07-05,7,21,3,possible injury,0,2,unsafe speed,rear end,no,no,no,0,0,0,0,0,0,Not Stated,ORANGE
82112539,2023-07-06,7,17,4,possible injury,0,1,automobile right of way,broadside,no,yes,no,0,1,0,0,0,0,Other Vehicle,ORANGE
82112540,2023-05-29,5,1,1,possible injury,0,1,DUI,sideswipe,no,no,no,0,0,0,0,0,0,Not Stated,LOS ANGELES
82112541,2023-06-01,6,19,4,possible injury,0,1,pedestrian right of way,broadside,no,no,yes,0,0,1,0,0,0,Motorcycle/Scooter,SACRAMENTO
82112542,2023-06-26,6,14,1,possible injury,0,2,automobile right of way,head-on,no,no,no,0,0,0,0,0,0,Passenger Car/Station Wagon,LOS ANGELES
82112544,2023-06-13,6,6,2,minor injury,0,1,DUI,sideswipe,no,no,no,0,0,0,0,0,0,Not Stated,SACRAMENTO
82112545,2023-06-16,6,0,5,possible injury,0,2,other improper driving,sideswipe,no,no,no,0,0,0,0,0,0,Passenger Car/Station Wagon,SACRAMENTO
82112546,2023-06-20,6,18,2,minor injury,0,1,automobile right of way,broadside,no,no,no,0,0,0,0,0,0,Passenger Car/Station Wagon,SACRAMENTO
82112548,2023-06-27,6,9,2,possible injury,0,1,traffic signs,broadside,no,no,no,0,0,0,0,0,0,Passenger Car/Station Wagon,SACRAMENTO
82112549,2023-06-27,6,15,2,minor injury,0,1,automobile right of way,broadside,no,no,no,0,0,0,0,0,0,Passenger Car/Station Wagon,SACRAMENTO
82112551,2023-03-26,3,20,7,possible injury,0,1,unsafe speed,rear end,no,no,no,0,0,0,0,0,0,Not Stated,ORANGE
82112553,2023-05-01,5,14,1,possible injury,0,2,unknown,head-on,no,no,no,0,0,0,0,0,0,Not Stated,ORANGE
82112555,2023-06-25,6,2,7,minor injury,0,1,unsafe speed,rear end,no,no,yes,0,0,1,0,0,0,Not Stated,KERN
82112557,2023-03-07,3,19,2,fatal injury,1,0,pedestrian right of way,vehicle/pedestrian,yes,no,no,0,0,0,1,0,0,Pickup or Panel Truck,CONTRA COSTA
82112558,2023-04-17,4,13,1,possible injury,0,1,DUI,hit object,no,no,no,0,0,0,0,0,0,Passenger Car/Station Wagon,CONTRA COSTA
82112560,2023-06-02,6,18,5,minor injury,0,1,automobile right of way,broadside,no,no,no,0,0,0,0,0,0,Passenger Car/Station Wagon,ORANGE
82112605,2023-07-02,7,15,7,minor injury,0,1,improper turning,sideswipe,no,no,yes,0,0,1,0,0,0,Motorcycle/Scooter,ORANGE
82112633,2023-06-18,6,14,7,minor injury,0,3,automobile right of way,broadside,no,no,no,0,0,0,0,0,0,Passenger Car/Station Wagon,LOS ANGELES
82112634,2023-06-27,6,13,2,possible injury,0,1,unsafe speed,rear end,no,no,no,0,0,0,0,0,0,Pickup or Panel Truck with Trailer,LOS ANGELES
82112635,2023-06-14,6,19,3,minor injury,0,1,unsafe speed,rear end,no,no,yes,0,0,0,0,0,0,Passenger Car/Station Wagon,STANISLAUS
82112636,2023-05-20,5,13,6,possible injury,0,1,improper turning,sideswipe,no,no,no,0,0,0,0,0,0,Passenger Car/Station Wagon,LOS ANGELES
82112637,2023-05-24,5,15,3,possible injury,0,1,pedestrian right of way,vehicle/pedestrian,yes,no,no,1,0,0,0,0,0,Pickup or Panel Truck,LOS ANGELES
82112638,2023-05-25,5,23,4,minor injury,0,1,wrong side of road,broadside,no,yes,no,0,1,0,0,0,0,Bicycle,LOS ANGELES
82112639,2023-05-31,5,6,3,possible injury,0,1,automobile right of way,broadside,no,no,no,0,0,0,0,0,0,Not Stated,LOS ANGELES
82112640,2023-06-23,6,15,5,minor injury,0,1,unsafe speed,rear end,no,no,no,0,0,0,0,0,0,Pickup or Panel Truck,SAN BERNARDINO
82112641,2023-06-23,6,18,5,possible injury,0,1,unsafe speed,rear end,no,no,no,0,0,0,0,0,0,Passenger Car/Station Wagon,SAN BERNARDINO
82112642,2023-06-22,6,18,4,severe injury,0,4,automobile right of way,broadside,no,no,no,0,0,0,0,0,0,Passenger Car/Station Wagon,ORANGE
82112647,2023-07-01,7,11,6,possible injury,0,1,unsafe speed,overturned,no,yes,no,0,1,0,0,0,0,Bicycle,ORANGE
82112648,2023-07-01,7,20,6,possible injury,0,1,automobile right of way,broadside,no,yes,no,0,1,0,0,0,0,Other Vehicle,ORANGE