CASE_ID,COLLISION_DATE,MONTH,HOUR,DAY_OF_WEEK,COLLISION_SEVERITY,NUMBER_KILLED,NUMBER_INJURED,PCF_VIOL_CATEGORY,TYPE_OF_COLLISION,PEDESTRIAN_ACCIDENT,BICYCLE_ACCIDENT,MOTORCYCLE_ACCIDENT,COUNT_PED_INJURED,COUNT_BICYCLIST_INJURED,COUNT_MC_INJURED,COUNT_PED_KILLED,COUNT_BICYCLIST_KILLED,COUNT_MC_KILLED,STWD_VEHTYPE_AT_FAULT,COUNTY
82118180,2023-06-17,6,15,6,minor injury,0,1,automobile right of way,head-on,no,no,no,0,0,0,0,0,0,Passenger Car/Station Wagon,FRESNO
82118183,2023-06-17,6,19,6,minor injury,0,1,traffic signs,broadside,no,no,no,0,0,0,0,0,0,Passenger Car/Station Wagon,FRESNO
82118189,2023-06-19,6,9,1,minor injury,0,3,traffic signs,broadside,no,no,no,0,0,0,0,0,0,Passenger Car/Station Wagon,FRESNO
82118192,2023-06-19,6,13,1,minor injury,0,1,traffic signs,broadside,no,no,no,0,0,0,0,0,0,Not Stated,FRESNO
82118194,2023-06-19,6,20,1,minor injury,0,1,pedestrian right of way,vehicle/pedestrian,yes,no,no,1,0,0,0,0,0,Emergency Vehicle,FRESNO
82118196,2023-06-20,6,15,2,minor injury,0,2,automobile right of way,head-on,no,no,no,0,0,0,0,0,0,Pickup or Panel Truck,FRESNO
82118197,2023-06-20,6,16,2,possible injury,0,1,unsafe speed,rear end,no,no,no,0,0,0,0,0,0,Passenger Car/Station Wagon,FRESNO
82118199,2023-06-21,6,6,3,possible injury,0,1,automobile right of way,broadside,no,no,no,0,0,0,0,0,0,Emergency Vehicle,FRESNO
82118200,2023-06-21,6,8,3,possible injury,0,2,traffic signs,broadside,no,no,no,0,0,0,0,0,0,Passenger Car/Station Wagon,FRESNO
82118201,2023-06-21,6,10,3,minor injury,0,1,traffic signs,broadside,no,no,no,0,0,0,0,0,0,Passenger Car/Station Wagon,FRESNO
82118204,2023-06-21,6,13,3,minor injury,0,1,traffic signs,broadside,no,yes,no,0,1,0,0,0,0,Bicycle,FRESNO
82118207,2023-06-21,6,17,3,minor injury,0,6,automobile right of way,broadside,no,no,no,0,0,0,0,0,0,Passenger Car/Station Wagon,FRESNO
82118208,2023-06-21,6,20,3,possible injury,0,1,following too closely,rear end,no,no,no,0,0,0,0,0,0,Passenger Car/Station Wagon,FRESNO
82118209,2023-05-21,5,1,7,minor injury,0,1,DUI,hit object,no,no,no,0,0,0,0,0,0,Passenger Car/Station Wagon,RIVERSIDE
82118210,2023-06-21,6,11,3,possible injury,0,1,unsafe speed,rear end,no,no,no,0,0,0,0,0,0,Passenger Car/Station Wagon,FRESNO
82118215,2023-06-22,6,22,4,minor injury,0,1,unknown,hit object,no,no,no,0,0,0,0,0,0,Not Stated,FRESNO
82118217,2023-06-23,6,9,5,minor injury,0,1,traffic signs,broadside,no,no,no,0,0,0,0,0,0,Passenger Car/Station Wagon,FRESNO
82118218,2023-06-23,6,11,5,minor injury,0,4,other hazardous violation,broadside,no,no,no,0,0,0,0,0,0,Passenger Car/Station Wagon,FRESNO
82118220,2023-06-23,6,15,5,minor injury,0,1,wrong side of road,broadside,no,yes,no,0,1,0,0,0,0,Bicycle,FRESNO
82118222,2023-06-23,6,15,5,minor injury,0,4,automobile right of way,broadside,no,no,no,0,0,0,0,0,0,Passenger Car/Station Wagon,FRESNO
82118228,2023-06-24,6,8,6,severe injury,0,1,automobile right of way,broadside,no,no,no,0,0,0,0,0,0,Passenger Car/Station Wagon,FRESNO
82118230,2023-06-24,6,17,6,minor injury,0,3,traffic signs,broadside,no,no,no,0,0,0,0,0,0,Passenger Car/Station Wagon,FRESNO
82118232,2023-06-24,6,19,6,possible injury,0,1,improper turning,sideswipe,no,no,no,0,0,0,0,0,0,Passenger Car/Station Wagon,FRESNO
82118235,2023-06-25,6,16,7,possible injury,0,1,automobile right of way,broadside,no,no,no,0,0,0,0,0,0,Passenger Car/Station Wagon,FRESNO
82118238,2023-06-27,6,6,2,possible injury,0,1,automobile right of way,broadside,no,no,no,0,0,0,0,0,0,Passenger Car/Station Wagon,FRESNO
82118240,2023-06-27,6,12,2,possible injury,0,1,traffic signs,broadside,no,no,no,0,0,0,0,0,0,Passenger Car/Station Wagon,FRESNO
82118241,2023-06-27,6,14,2,possible injury,0,2,unsafe speed,rear end,no,no,no,0,0,0,0,0,0,Pickup or Panel Truck,FRESNO
82118243,2023-06-27,6,22,2,minor injury,0,1,unsafe speed,hit object,no,no,no,0,0,0,0,0,0,Passenger Car/Station Wagon,FRESNO
82118246,2023-06-28,6,8,3,possible injury,0,1,unknown,vehicle/pedestrian,yes,no,no,1,0,0,0,0,0,Not Stated,FRESNO
82118248,2023-06-28,6,13,3,minor injury,0,1,unsafe speed,rear end,no,no,no,0,0,0,0,0,0,Passenger Car/Station Wagon,FRESNO
82118251,2023-06-28,6,16,3,possible injury,0,1,automobile right of way,broadside,no,no,no,0,0,0,0,0,0,Pickup or Panel Truck,FRESNO
82118253,2023-06-29,6,12,4,possible injury,0,1,unsafe speed,rear end,no,no,no,0,0,0,0,0,0,Passenger Car/Station Wagon,FRESNO
82118254,2023-06-29,6,19,4,minor injury,0,1,unsafe lane change,hit object,no,no,no,0,0,0,0,0,0,Pickup or Panel Truck,FRESNO
82118257,2023-06-30,6,13,5,possible injury,0,1,other than driver or pedestrian,broadside,no,no,no,0,0,0,0,0,0,Not Stated,FRESNO
82118264,2023-07-01,7,14,6,severe injury,0,3,automobile right of way,broadside,no,no,no,0,0,0,0,0,0,Passenger Car/Station Wagon,FRESNO
82118275,2023-07-05,7,12,3,minor injury,0,1,improper turning,broadside,no,no,no,0,0,0,0,0,0,Passenger Car/Station Wagon,FRESNO
82118277,2023-07-05,7,15,3,possible injury,0,1,DUI,broadside,no,no,no,0,0,0,0,0,0,Passenger Car/Station Wagon,FRESNO
82118280,2023-07-06,7,7,4,possible injury,0,1,pedestrian right of way,vehicle/pedestrian,yes,no,no,1,0,0,0,0,0,Passenger Car/Station Wagon,FRESNO
82118282,2023-07-06,7,14,4,possible injury,0,1,unsafe lane change,hit object,no,no,no,0,0,0,0,0,0,Passenger Car/Station Wagon,FRESNO
82118283,2023-07-06,7,15,4,minor injury,0,1,unsafe speed,broadside,no,no,no,0,0,0,0,0,0,Pickup or Panel Truck,FRESNO
82118285,2023-07-06,7,17,4,minor injury,0,2,unsafe speed,rear end,no,no,no,0,0,0,0,0,0,Pickup or Panel Truck,FRESNO
82118288,2023-07-06,7,22,4,minor injury,0,1,DUI,rear end,no,no,no,0,0,0,0,0,0,Passenger Car/Station Wagon,FRESNO
82118290,2023-07-07,7,8,5,minor injury,0,1,unsafe speed,broadside,no,no,no,0,0,0,0,0,0,Pickup or Panel Truck,FRESNO
82118291,2023-07-07,7,8,5,severe injury,0,1,unsafe speed,rear end,no,no,yes,0,0,1,0,0,0,Motorcycle/Scooter,FRESNO
82118293,2023-07-07,7,18,5,minor injury,0,7,DUI,broadside,no,no,no,0,0,0,0,0,0,Passenger Car/Station Wagon,FRESNO
82118294,2023-07-07,7,21,5,minor injury,0,1,traffic signs,broadside,no,no,no,0,0,0,0,0,0,Passenger Car/Station Wagon,FRESNO
82118300,2023-07-08,7,16,6,severe injury,0,1,DUI,hit object,no,no,no,0,0,0,0,0,0,Passenger Car/Station Wagon,FRESNO
82118302,2023-07-08,7,22,6,severe injury,0,3,unsafe speed,hit object,no,no,no,0,0,0,0,0,0,Passenger Car/Station Wagon,FRESNO
82118304,2023-07-09,7,23,7,minor injury,0,1,traffic signs,broadside,no,yes,no,0,1,0,0,0,0,Passenger Car/Station Wagon,FRESNO
82118305,2023-07-10,7,10,1,minor injury,0,1,pedestrian violation,vehicle/pedestrian,yes,no,no,1,0,0,0,0,0,Pedestrian,FRESNO
82118309,2023-07-11,7,9,2,minor injury,0,1,DUI,broadside,no,no,no,0,0,0,0,0,0,Passenger Car/Station Wagon,FRESNO
82118311,2023-07-11,7,13,2,possible injury,0,2,automobile right of way,rear end,no,no,no,0,0,0,0,0,0,Passenger Car/Station Wagon,FRESNO
82118315,2023-07-11,7,15,2,minor injury,0,3,traffic signs,broadside,no,no,no,0,0,0,0,0,0,Passenger Car/Station Wagon,FRESNO
82118317,2023-07-12,7,10,3,minor injury,0,1,unsafe speed,rear end,no,no,no,0,0,0,0,0,0,Passenger Car/Station Wagon,FRESNO
82118326,2023-07-15,7,20,6,possible injury,0,1,automobile right of way,broadside,no,no,no,0,0,0,0,0,0,Pickup or Panel Truck,FRESNO
82118329,2023-07-15,7,19,6,possible injury,0,1,automobile right of way,broadside,no,no,no,0,0,0,0,0,0,Passenger Car/Station Wagon,RIVERSIDE
82118505,2023-06-29,6,19,4,minor injury,0,1,unsafe speed,other,no,yes,no,0,1,0,0,0,0,Bicycle,ORANGE
82118578,2023-07-12,7,21,3,minor injury,0,2,automobile right of way,broadside,no,no,no,0,0,0,0,0,0,Passenger Car/Station Wagon,ORANGE
82118614,2023-07-12,7,18,3,minor injury,0,1,unsafe speed,vehicle/pedestrian,yes,no,no,1,0,0,0,0,0,Passenger Car/Station Wagon,ORANGE
82118639,2023-07-05,7,19,3,minor injury,0,1,unsafe speed,rear end,no,no,no,0,0,0,0,0,0,Passenger Car/Station Wagon,SANTA CLARA
82118802,2023-07-08,7,16,6,minor injury,0,1,traffic signs,broadside,no,no,no,0,0,0,0,0,0,Passenger Car/Station Wagon,SACRAMENTO
82119285,2023-06-15,6,16,4,minor injury,0,1,automobile right of way,other,no,yes,no,0,1,0,0,0,0,Passenger Car/Station Wagon,SAN MATEO
82119287,2023-06-12,6,11,1,severe injury,0,1,improper turning,broadside,no,no,yes,0,0,1,0,0,0,Passenger Car/Station Wagon,SAN MATEO
82119290,2023-07-09,7,19,7,possible injury,0,1,traffic signs,broadside,no,no,no,0,0,0,0,0,0,Passenger Car/Station Wagon,SAN JOAQUIN
82119329,2023-07-04,7,22,2,possible injury,0,2,following too closely,rear end,no,no,no,0,0,0,0,0,0,Passenger Car/Station Wagon,RIVERSIDE
82119330,2023-06-30,6,14,5,possible injury,0,2,improper turning,sideswipe,no,no,no,0,0,0,0,0,0,Passenger Car/Station Wagon,LOS ANGELES
82119331,2023-06-30,6,3,5,possible injury,0,1,DUI,hit object,no,no,no,0,0,0,0,0,0,Passenger Car/Station Wagon,LOS ANGELES
82119332,2023-06-25,6,20,7,minor injury,0,1,unsafe lane change,hit object,no,no,no,0,0,0,0,0,0,Passenger Car/Station Wagon,SONOMA
82119333,2023-06-30,6,18,5,possible injury,0,2,traffic signs,broadside,no,no,no,0,0,0,0,0,0,Passenger Car/Station Wagon,LOS ANGELES
82119334,2023-07-15,7,22,6,possible injury,0,1,traffic signs,head-on,no,no,no,0,0,0,0,0,0,Passenger Car/Station Wagon,ORANGE
82119335,2023-07-14,7,23,5,minor injury,0,1,DUI,hit object,no,no,no,0,0,0,0,0,0,Passenger Car/Station Wagon,ORANGE
82119337,2023-07-16,7,0,7,minor injury,0,2,DUI,hit object,no,no,no,0,0,0,0,0,0,Passenger Car/Station Wagon,ORANGE
82119338,2023-06-30,6,4,5,minor injury,0,1,traffic signs,broadside,no,no,no,0,0,0,0,0,0,Not Stated,ORANGE
82119340,2023-07-05,7,14,3,possible injury,0,1,traffic signs,rear end,no,no,no,0,0,0,0,0,0,Passenger Car/Station Wagon,SONOMA
82119341,2023-07-13,7,15,4,possible injury,0,1,unsafe speed,hit object,no,no,no,0,0,0,0,0,0,Passenger Car/Station Wagon,STANISLAUS
82119342,2023-06-30,6,4,5,possible injury,0,1,traffic signs,broadside,no,no,no,0,0,0,0,0,0,Passenger Car/Station Wagon,LOS ANGELES
82119344,2023-07-07,7,12,5,possible injury,0,2,traffic signs,broadside,no,no,no,0,0,0,0,0,0,Pickup or Panel Truck,EL DORADO
82119346,2023-06-30,6,11,5,severe injury,0,1,automobile right of way,vehicle/pedestrian,yes,no,no,1,0,0,0,0,0,Passenger Car/Station Wagon,SAN LUIS OBISPO
82119352,2023-07-03,7,13,1,minor injury,0,1,unsafe speed,rear end,no,no,no,0,0,0,0,0,0,Passenger Car/Station Wagon,LOS ANGELES
82119353,2023-07-08,7,14,6,minor injury,0,1,traffic signs,broadside,no,yes,no,0,1,0,0,0,0,Passenger Car/Station Wagon,LOS ANGELES
82119356,2023-07-10,7,16,1,possible injury,0,1,unsafe speed,rear end,no,no,no,0,0,0,0,0,0,Passenger Car/Station Wagon,LOS ANGELES
82119359,2023-05-07,5,13,7,possible injury,0,1,improper turning,broadside,no,no,no,0,0,0,0,0,0,Passenger Car/Station Wagon,LOS ANGELES
82119360,2023-05-21,5,16,7,possible injury,0,1,improper turning,broadside,no,no,no,0,0,0,0,0,0,Passenger Car/Station Wagon,LOS ANGELES
82119361,2023-05-23,5,8,2,possible injury,0,1,other hazardous violation,broadside,no,no,no,0,0,0,0,0,0,Other Vehicle,LOS ANGELES
82119362,2023-05-25,5,12,4,possible injury,0,2,unknown,broadside,no,no,no,0,0,0,0,0,0,Not Stated,LOS ANGELES
82119364,2023-06-08,6,12,4,possible injury,0,3,wrong side of road,head-on,no,no,no,0,0,0,0,0,0,Passenger Car/Station Wagon,LOS ANGELES
82119366,2023-06-27,6,12,2,possible injury,0,1,unsafe speed,rear end,no,no,no,0,0,0,0,0,0,Passenger Car/Station Wagon,LOS ANGELES
82119370,2023-06-29,6,20,4,possible injury,0,3,unsafe speed,rear end,no,no,no,0,0,0,0,0,0,Passenger Car/Station Wagon,LOS ANGELES
82119373,2023-07-01,7,10,6,minor injury,0,1,improper turning,hit object,no,yes,no,0,0,0,0,0,0,Other Vehicle,ORANGE
82119376,2023-06-16,6,21,5,possible injury,0,1,unknown,rear end,no,no,no,0,0,0,0,0,0,Not Stated,SACRAMENTO
82119378,2023-06-22,6,9,4,possible injury,0,1,other improper driving,rear end,no,no,no,0,0,0,0,0,0,Passenger Car/Station Wagon,SACRAMENTO
82119380,2023-06-24,6,12,6,possible injury,0,1,unsafe speed,rear end,no,no,no,0,0,0,0,0,0,Passenger Car/Station Wagon,SACRAMENTO
82119381,2023-06-24,6,21,6,possible injury,0,1,DUI,rear end,no,no,no,0,0,0,0,0,0,Passenger Car/Station Wagon,SACRAMENTO
82119382,2023-06-28,6,20,3,minor injury,0,1,pedestrian violation,vehicle/pedestrian,yes,no,no,1,0,0,0,0,0,Pedestrian,SACRAMENTO
82119384,2023-07-02,7,14,7,possible injury,0,1,traffic signs,broadside,no,no,no,0,0,0,0,0,0,Passenger Car/Station Wagon,SACRAMENTO
82119385,2023-07-05,7,8,3,severe injury,0,1,pedestrian right of way,vehicle/pedestrian,yes,no,no,1,0,0,0,0,0,Passenger Car/Station Wagon,SACRAMENTO
82119386,2023-07-05,7,14,3,possible injury,0,1,unsafe speed,rear end,no,no,no,0,0,0,0,0,0,Passenger Car/Station Wagon,SACRAMENTO
82119387,2023-07-05,7,16,3,minor injury,0,1,traffic signs,broadside,no,no,no,0,0,0,0,0,0,Passenger Car/Station Wagon,SACRAMENTO
82119388,2023-07-05,7,17,3,minor injury,0,2,DUI,rear end,no,no,no,0,0,0,0,0,0,Passenger Car/Station Wagon,SACRAMENTO
82119390,2023-07-06,7,10,4,severe injury,0,1,improper turning,other,no,no,yes,0,0,1,0,0,0,Motorcycle/Scooter,SACRAMENTO
82119391,2023-07-06,7,13,4,severe injury,0,1,automobile right of way,broadside,no,no,yes,0,0,1,0,0,0,Passenger Car/Station Wagon,SACRAMENTO
82119393,2023-05-17,5,11,3,minor injury,0,1,DUI,broadside,no,no,yes,0,0,1,0,0,0,Motorcycle/Scooter,ORANGE
82119395,2023-07-12,7,10,3,possible injury,0,1,traffic signs,vehicle/pedestrian,yes,no,no,1,0,0,0,0,0,Passenger Car/Station Wagon,CONTRA COSTA
82119397,2023-07-16,7,15,7,possible injury,0,1,unknown,head-on,no,no,yes,0,0,1,0,0,0,Not Stated,CONTRA COSTA
82119405,2023-07-06,7,16,4,possible injury,0,1,traffic signs,sideswipe,no,no,no,0,0,0,0,0,0,Passenger Car/Station Wagon,RIVERSIDE
82119408,2023-06-12,6,18,1,minor injury,0,2,unsafe speed,rear end,no,no,no,0,0,0,0,0,0,Passenger Car/Station Wagon,RIVERSIDE
82119409,2023-07-03,7,9,1,possible injury,0,1,improper turning,other,no,yes,no,0,0,0,0,0,0,Bicycle,ALAMEDA
82119411,2023-06-13,6,20,2,possible injury,0,2,automobile right of way,broadside,no,no,no,0,0,0,0,0,0,Passenger Car/Station Wagon,LOS ANGELES
82119413,2023-07-01,7,1,6,minor injury,0,1,automobile right of way,other,no,no,yes,0,0,1,0,0,0,Passenger Car/Station Wagon,LOS ANGELES
82119415,2023-07-13,7,11,4,possible injury,0,1,automobile right of way,broadside,no,no,no,0,0,0,0,0,0,Passenger Car/Station Wagon,LOS ANGELES
82119416,2023-07-13,7,12,4,possible injury,0,1,traffic signs,broadside,no,no,no,0,0,0,0,0,0,Passenger Car/Station Wagon,LOS ANGELES
82119417,2023-07-14,7,1,5,minor injury,0,2,automobile right of way,broadside,no,no,no,0,0,0,0,0,0,Passenger Car/Station Wagon,LOS ANGELES
82119418,2023-06-08,6,15,4,minor injury,0,1,traffic signs,broadside,no,yes,no,0,1,0,0,0,0,Bicycle,RIVERSIDE
82119419,2023-06-20,6,15,2,minor injury,0,2,automobile right of way,broadside,no,no,no,0,0,0,0,0,0,Passenger Car/Station Wagon,RIVERSIDE
82119424,2023-05-13,5,6,6,severe injury,0,1,pedestrian violation,vehicle/pedestrian,yes,no,no,1,0,0,0,0,0,Pedestrian,SAN JOAQUIN
82119429,2023-05-26,5,18,5,possible injury,0,1,unsafe speed,rear end,no,no,no,0,0,0,0,0,0,Passenger Car/Station Wagon,SAN JOAQUIN
82119442,2023-05-27,5,13,6,possible injury,0,1,unsafe speed,rear end,no,no,no,0,0,0,0,0,0,Passenger Car/Station Wagon,SAN JOAQUIN
82119452,2023-06-19,6,3,1,minor injury,0,1,DUI,hit object,no,no,no,0,0,0,0,0,0,Passenger Car/Station Wagon,SANTA CLARA
82119455,2023-06-23,6,22,5,possible injury,0,3,improper turning,sideswipe,no,no,no,0,0,0,0,0,0,Pickup or Panel Truck,SANTA CLARA
82119456,2023-06-24,6,18,6,possible injury,0,1,unsafe speed,hit object,no,no,no,0,0,0,0,0,0,Passenger Car/Station Wagon,SANTA CLARA
82119888,2023-07-03,7,18,1,possible injury,0,1,DUI,hit object,no,no,no,0,0,0,0,0,0,Passenger Car/Station Wagon,SAN MATEO
82120052,2023-06-18,6,0,7,minor injury,0,1,DUI,hit object,no,no,no,0,0,0,0,0,0,Passenger Car/Station Wagon,SAN MATEO
82120061,2023-06-23,6,23,5,possible injury,0,1,wrong side of road,head-on,no,no,no,0,0,0,0,0,0,Passenger Car/Station Wagon,SAN MATEO
82120063,2023-06-23,6,23,5,severe injury,0,2,unsafe speed,vehicle/pedestrian,yes,no,no,2,0,0,0,0,0,Passenger Car/Station Wagon,SAN MATEO
82120217,2023-06-11,6,11,7,minor injury,0,1,improper turning,sideswipe,no,no,no,0,0,0,0,0,0,Passenger Car/Station Wagon,HUMBOLDT
82120303,2023-07-14,7,15,5,minor injury,0,2,automobile right of way,broadside,no,no,no,0,0,0,0,0,0,Passenger Car/Station Wagon,SAN MATEO
82120305,2023-07-15,7,19,6,minor injury,0,1,unknown,vehicle/pedestrian,yes,no,no,1,0,0,0,0,0,Pedestrian,SAN MATEO
82120335,2023-07-13,7,14,4,minor injury,0,1,traffic signs,broadside,no,no,no,0,0,0,0,0,0,Passenger Car/Station Wagon,RIVERSIDE
82120339,2023-07-17,7,23,1,possible injury,0,1,traffic signs,broadside,no,no,no,0,0,0,0,0,0,Passenger Car/Station Wagon,RIVERSIDE
82120340,2023-07-09,7,23,7,minor injury,0,2,automobile right of way,broadside,no,no,no,0,0,0,0,0,0,Passenger Car/Station Wagon,RIVERSIDE
82120341,2023-07-17,7,7,1,minor injury,0,2,traffic signs,broadside,no,no,no,0,0,0,0,0,0,Passenger Car/Station Wagon,RIVERSIDE
82120342,2023-07-17,7,19,1,minor injury,0,1,unsafe speed,overturned,no,yes,no,0,1,0,0,0,0,Bicycle,SONOMA
82120347,2023-07-11,7,10,2,possible injury,0,1,automobile right of way,broadside,no,no,no,0,0,0,0,0,0,Passenger Car/Station Wagon,ORANGE
82120349,2023-07-13,7,13,4,minor injury,0,3,traffic signs,broadside,no,no,no,0,0,0,0,0,0,Passenger Car/Station Wagon,ORANGE
82120351,2023-07-16,7,11,7,minor injury,0,1,improper turning,broadside,no,no,yes,0,0,1,0,0,0,Passenger Car/Station Wagon,ORANGE
82120353,2023-07-17,7,16,1,minor injury,0,2,traffic signs,broadside,no,no,no,0,0,0,0,0,0,Pickup or Panel Truck,ORANGE
82120354,2023-07-18,7,13,2,minor injury,0,2,automobile right of way,sideswipe,no,no,no,0,0,0,0,0,0,Passenger Car/Station Wagon,ORANGE
82120355,2023-05-28,5,1,7,minor injury,0,1,DUI,rear end,no,no,no,0,0,0,0,0,0,Truck or Truck Tractor,RIVERSIDE
82120358,2023-07-11,7,9,2,minor injury,0,3,traffic signs,head-on,no,no,no,0,0,0,0,0,0,Passenger Car/Station Wagon,RIVERSIDE
82120359,2023-07-12,7,20,3,minor injury,0,1,unsafe speed,broadside,no,no,yes,0,0,1,0,0,0,Motorcycle/Scooter,RIVERSIDE
82120360,2023-07-12,7,21,3,minor injury,0,1,traffic signs,broadside,no,yes,no,0,1,0,0,0,0,Pickup or Panel Truck,RIVERSIDE
82120363,2023-07-10,7,8,1,possible injury,0,2,unsafe speed,rear end,no,no,no,0,0,0,0,0,0,Passenger Car/Station Wagon,ORANGE
82120364,2023-07-10,7,17,1,minor injury,0,1,other than driver or pedestrian,hit object,no,no,no,0,0,0,0,0,0,Not Stated,ORANGE
82120365,2023-07-11,7,14,2,possible injury,0,1,traffic signs,broadside,no,no,no,0,0,0,0,0,0,Not Stated,ORANGE
82120369,2023-02-07,2,13,2,possible injury,0,1,wrong side of road,sideswipe,no,no,no,0,0,0,0,0,0,Other Vehicle,ORANGE
82120371,2023-06-17,6,0,6,possible injury,0,1,unsafe speed,rear end,no,no,no,0,0,0,0,0,0,Passenger Car/Station Wagon,ORANGE
82120374,2023-06-30,6,20,5,possible injury,0,1,unsafe speed,rear end,no,no,no,0,0,0,0,0,0,Passenger Car/Station Wagon,ORANGE
82120375,2023-07-02,7,15,7,possible injury,0,1,unsafe speed,hit object,no,no,no,0,0,0,0,0,0,Passenger Car/Station Wagon,ORANGE
82120376,2023-07-06,7,16,4,possible injury,0,2,unsafe speed,rear end,no,no,no,0,0,0,0,0,0,Pickup or Panel Truck,ORANGE
82120377,2023-06-16,6,11,5,possible injury,0,1,automobile right of way,broadside,no,no,no,0,0,0,0,0,0,Passenger Car/Station Wagon,LOS ANGELES
82120379,2023-06-28,6,9,3,possible injury,0,1,improper turning,vehicle/pedestrian,yes,no,no,1,0,0,0,0,0,Passenger Car/Station Wagon,LOS ANGELES
82120383,2023-05-14,5,1,7,possible injury,0,1,improper turning,rear end,no,no,no,0,0,0,0,0,0,Passenger Car/Station Wagon,RIVERSIDE
82120384,2023-06-01,6,12,4,possible injury,0,1,unsafe speed,rear end,no,no,no,0,0,0,0,0,0,Pickup or Panel Truck,RIVERSIDE
82120385,2023-06-01,6,15,4,minor injury,0,1,improper turning,hit object,no,no,no,0,0,0,0,0,0,Pickup or Panel Truck,RIVERSIDE
82120386,2023-06-22,6,16,4,possible injury,0,1,automobile right of way,broadside,no,no,no,0,0,0,0,0,0,Passenger Car/Station Wagon,RIVERSIDE
82120387,2023-06-30,6,10,5,minor injury,0,1,unsafe speed,rear end,no,no,no,0,0,0,0,0,0,Passenger Car/Station Wagon,RIVERSIDE
82120388,2023-06-30,6,14,5,minor injury,0,1,unsafe speed,hit object,no,no,no,0,0,0,0,0,0,Pickup or Panel Truck,RIVERSIDE
82120389,2023-07-01,7,10,6,minor injury,0,1,traffic signs,head-on,no,no,no,0,0,0,0,0,0,Passenger Car/Station Wagon,RIVERSIDE
82120390,2023-07-04,7,11,2,minor injury,0,1,pedestrian right of way,vehicle/pedestrian,yes,no,no,1,0,0,0,0,0,Truck or Truck Tractor,RIVERSIDE
82120391,2023-07-06,7,14,4,minor injury,0,1,automobile right of way,broadside,no,no,no,0,0,0,0,0,0,Passenger Car/Station Wagon,RIVERSIDE
82120394,2023-06-21,6,4,3,minor injury,0,1,improper turning,hit object,no,no,no,0,0,0,0,0,0,Passenger Car/Station Wagon,RIVERSIDE
82120398,2023-06-27,6,1,2,possible injury,0,1,unsafe lane change,hit object,no,no,no,0,0,0,0,0,0,Pickup or Panel Truck,RIVERSIDE
82120399,2023-06-27,6,13,2,severe injury,0,1,unsafe lane change,sideswipe,no,no,no,0,0,0,0,0,0,Passenger Car/Station Wagon,RIVERSIDE
82120401,2023-06-30,6,18,5,minor injury,0,1,unsafe lane change,hit object,no,no,no,0,0,0,0,0,0,Passenger Car/Station Wagon,RIVERSIDE
82120410,2023-06-30,6,18,5,possible injury,0,1,improper turning,broadside,no,no,yes,0,0,1,0,0,0,Passenger Car/Station Wagon,VENTURA
82120412,2023-07-02,7,19,7,possible injury,0,1,automobile right of way,broadside,no,no,no,0,0,0,0,0,0,Passenger Car/Station Wagon,VENTURA
82120415,2023-07-14,7,21,5,severe injury,0,1,unsafe speed,rear end,no,no,yes,0,0,1,0,0,0,Passenger Car/Station Wagon,VENTURA
82120420,2023-07-02,7,3,7,severe injury,0,1,improper turning,hit object,no,no,no,0,0,0,0,0,0,Passenger Car/Station Wagon,SANTA CLARA
82120421,2023-07-07,7,5,5,severe injury,0,1,unsafe starting or backing,rear end,no,no,yes,0,0,1,0,0,0,Passenger Car/Station Wagon,SANTA CLARA
82120423,2023-07-11,7,7,2,minor injury,0,2,traffic signs,broadside,no,no,no,0,0,0,0,0,0,Passenger Car/Station Wagon,SANTA CLARA
82120425,2023-07-15,7,8,6,possible injury,0,1,automobile right of way,broadside,no,no,no,0,0,0,0,0,0,Passenger Car/Station Wagon,ORANGE
82120427,2023-07-18,7,8,2,minor injury,0,1,automobile right of way,sideswipe,no,no,yes,0,0,1,0,0,0,Motorcycle/Scooter,ORANGE
82120428,2023-06-27,6,14,2,minor injury,0,1,automobile right of way,broadside,no,no,no,0,0,0,0,0,0,Passenger Car/Station Wagon,SAN BERNARDINO
82120429,2023-07-07,7,8,5,minor injury,0,1,unsafe speed,rear end,no,no,no,0,0,0,0,0,0,Passenger Car/Station Wagon,SAN BERNARDINO
82120433,2023-07-07,7,4,5,minor injury,0,1,traffic signs,broadside,no,no,no,0,0,0,0,0,0,Not Stated,SACRAMENTO
82120436,2023-07-07,7,21,5,possible injury,0,1,DUI,sideswipe,no,no,no,0,0,0,0,0,0,Passenger Car/Station Wagon,SACRAMENTO
82120440,2023-07-08,7,14,6,minor injury,0,2,traffic signs,broadside,no,no,no,0,0,0,0,0,0,Passenger Car/Station Wagon,SACRAMENTO
82120441,2023-05-04,5,12,4,possible injury,0,1,unsafe speed,rear end,no,no,no,0,0,0,0,0,0,Passenger Car/Station Wagon,ORANGE
82120442,2023-02-19,2,18,7,minor injury,0,1,automobile right of way,head-on,no,no,yes,0,0,1,0,0,0,Passenger Car/Station Wagon,ORANGE
82120444,2023-07-09,7,16,7,possible injury,0,2,traffic signs,broadside,no,no,no,0,0,0,0,0,0,Not Stated,KERN
82120445,2023-07-10,7,12,1,minor injury,0,4,automobile right of way,broadside,no,no,no,0,0,0,0,0,0,Passenger Car/Station Wagon,KERN
82120450,2023-07-16,7,13,7,minor injury,0,3,traffic signs,broadside,no,no,no,0,0,0,0,0,0,Passenger Car/Station Wagon,KERN