CASE_ID,COLLISION_DATE,MONTH,HOUR,DAY_OF_WEEK,COLLISION_SEVERITY,NUMBER_KILLED,NUMBER_INJURED,PCF_VIOL_CATEGORY,TYPE_OF_COLLISION,PEDESTRIAN_ACCIDENT,BICYCLE_ACCIDENT,MOTORCYCLE_ACCIDENT,COUNT_PED_INJURED,COUNT_BICYCLIST_INJURED,COUNT_MC_INJURED,COUNT_PED_KILLED,COUNT_BICYCLIST_KILLED,COUNT_MC_KILLED,STWD_VEHTYPE_AT_FAULT,COUNTY
82130191,2023-07-20,7,20,4,minor injury,0,1,pedestrian violation,vehicle/pedestrian,yes,no,no,1,0,0,0,0,0,Pedestrian,VENTURA
82130192,2023-07-25,7,11,2,possible injury,0,2,automobile right of way,broadside,no,no,no,0,0,0,0,0,0,Passenger Car/Station Wagon,VENTURA
82130197,2023-04-09,4,1,7,possible injury,0,1,automobile right of way,broadside,no,no,no,0,0,0,0,0,0,Not Stated,ORANGE
82130199,2023-07-19,7,21,3,minor injury,0,3,automobile right of way,broadside,no,no,no,0,0,0,0,0,0,Passenger Car/Station Wagon,ORANGE
82130203,2023-07-22,7,23,6,minor injury,0,1,unsafe speed,hit object,no,no,no,0,0,0,0,0,0,Passenger Car/Station Wagon,ORANGE
82130204,2023-07-24,7,9,1,possible injury,0,1,unknown,rear end,no,no,no,0,0,0,0,0,0,Not Stated,ORANGE
82130205,2023-07-25,7,17,2,possible injury,0,1,unsafe speed,vehicle/pedestrian,yes,no,no,1,0,0,0,0,0,Passenger Car/Station Wagon,ORANGE
82130208,2023-07-26,7,16,3,possible injury,0,1,unknown,rear end,no,no,no,0,0,0,0,0,0,Not Stated,ORANGE
82130220,2023-06-30,6,20,5,minor injury,0,1,wrong side of road,head-on,no,yes,no,0,1,0,0,0,0,Bicycle,SAN BERNARDINO
82130221,2023-07-06,7,17,4,minor injury,0,3,automobile right of way,broadside,no,no,no,0,0,0,0,0,0,Passenger Car/Station Wagon,SAN BERNARDINO
82130222,2023-07-07,7,18,5,minor injury,0,7,traffic signs,broadside,no,no,no,0,0,0,0,0,0,Passenger Car/Station Wagon,SAN BERNARDINO
82130224,2023-07-08,7,15,6,minor injury,0,1,unsafe speed,rear end,no,no,no,0,0,0,0,0,0,Passenger Car/Station Wagon,SAN BERNARDINO
82130227,2023-07-10,7,17,1,minor injury,0,1,improper turning,hit object,no,no,no,0,0,0,0,0,0,Passenger Car/Station Wagon,SAN BERNARDINO
82130229,2023-07-12,7,12,3,minor injury,0,1,traffic signs,sideswipe,no,no,no,0,0,0,0,0,0,Passenger Car/Station Wagon,SAN BERNARDINO
82130230,2023-07-12,7,20,3,minor injury,0,1,unsafe speed,hit object,no,no,no,0,0,0,0,0,0,Passenger Car/Station Wagon,SAN BERNARDINO
82130234,2023-01-21,1,17,6,possible injury,0,1,improper turning,head-on,no,no,no,0,0,0,0,0,0,Passenger Car/Station Wagon,FRESNO
82130235,2023-07-14,7,20,5,minor injury,0,1,improper turning,head-on,no,yes,no,0,1,0,0,0,0,Passenger Car/Station Wagon,SAN BERNARDINO
82130236,2023-07-15,7,4,6,possible injury,0,2,traffic signs,broadside,no,no,no,0,0,0,0,0,0,Pickup or Panel Truck,SAN BERNARDINO
82130238,2023-07-15,7,18,6,minor injury,0,1,automobile right of way,broadside,no,no,yes,0,0,1,0,0,0,Passenger Car/Station Wagon,SAN BERNARDINO
82130241,2023-07-17,7,15,1,minor injury,0,1,improper turning,broadside,no,no,no,0,0,0,0,0,0,Passenger Car/Station Wagon,SAN BERNARDINO
82130243,2023-07-17,7,14,1,minor injury,0,1,automobile right of way,broadside,no,no,no,0,0,0,0,0,0,Passenger Car/Station Wagon,SAN BERNARDINO
82130246,2023-07-18,7,13,2,possible injury,0,2,unsafe speed,rear end,no,no,no,0,0,0,0,0,0,Passenger Car/Station Wagon,SAN BERNARDINO
82130250,2023-07-19,7,8,3,minor injury,0,2,improper turning,sideswipe,no,no,no,0,0,0,0,0,0,Passenger Car/Station Wagon,SAN BERNARDINO
82130256,2023-07-25,7,4,2,possible injury,0,5,improper passing,sideswipe,no,no,no,0,0,0,0,0,0,Passenger Car/Station Wagon,SAN BERNARDINO
82130261,2023-06-04,6,13,7,minor injury,0,2,unsafe speed,broadside,no,no,no,0,0,0,0,0,0,Passenger Car/Station Wagon,FRESNO
82130263,2023-06-06,6,16,2,minor injury,0,1,automobile right of way,broadside,no,no,no,0,0,0,0,0,0,Passenger Car/Station Wagon,FRESNO
82130265,2023-06-07,6,20,3,minor injury,0,1,pedestrian right of way,vehicle/pedestrian,yes,no,no,1,0,0,0,0,0,Passenger Car/Station Wagon,FRESNO
82130266,2023-06-09,6,4,5,minor injury,0,1,unsafe speed,sideswipe,no,no,no,0,0,0,0,0,0,Passenger Car/Station Wagon,FRESNO
82130271,2023-06-13,6,18,2,minor injury,0,1,pedestrian violation,vehicle/pedestrian,yes,no,no,1,0,0,0,0,0,Pedestrian,FRESNO
82130272,2023-07-09,7,18,7,severe injury,0,2,unsafe speed,rear end,no,no,no,0,0,0,0,0,0,Not Stated,SACRAMENTO
82130278,2023-07-16,7,6,7,minor injury,0,1,improper turning,vehicle/pedestrian,yes,no,no,1,0,0,0,0,0,Passenger Car/Station Wagon,SACRAMENTO
82130282,2023-06-20,6,19,2,minor injury,0,3,traffic signs,broadside,no,no,no,0,0,0,0,0,0,Pickup or Panel Truck,FRESNO
82130283,2023-07-17,7,11,1,minor injury,0,1,improper turning,broadside,no,no,no,0,0,0,0,0,0,Passenger Car/Station Wagon,SACRAMENTO
82130285,2023-06-21,6,22,3,minor injury,0,1,pedestrian right of way,vehicle/pedestrian,yes,no,no,1,0,0,0,0,0,Passenger Car/Station Wagon,FRESNO
82130286,2023-06-22,6,6,4,minor injury,0,1,automobile right of way,rear end,no,no,yes,0,0,0,0,0,0,Passenger Car/Station Wagon,FRESNO
82130289,2023-06-24,6,18,6,minor injury,0,1,unknown,rear end,no,no,no,0,0,0,0,0,0,Not Stated,FRESNO
82130290,2023-06-25,6,4,7,minor injury,0,2,unsafe speed,vehicle/pedestrian,yes,no,no,2,0,0,0,0,0,Not Stated,FRESNO
82130292,2023-06-25,6,19,7,severe injury,0,1,pedestrian violation,other,no,yes,no,0,1,0,0,0,0,Bicycle,FRESNO
82130295,2023-06-10,6,19,6,possible injury,0,1,automobile right of way,broadside,no,yes,no,0,1,0,0,0,0,Bicycle,ORANGE
82130301,2023-06-29,6,17,4,severe injury,0,2,other than driver or pedestrian,overturned,no,no,yes,0,0,2,0,0,0,Not Stated,FRESNO
82130308,2023-07-01,7,18,6,minor injury,0,1,wrong side of road,other,no,yes,no,0,1,0,0,0,0,Bicycle,FRESNO
82130311,2023-07-02,7,15,7,possible injury,0,1,pedestrian violation,vehicle/pedestrian,yes,no,no,1,0,0,0,0,0,Pedestrian,FRESNO
82130315,2023-07-05,7,16,3,possible injury,0,1,automobile right of way,broadside,no,no,no,0,0,0,0,0,0,Passenger Car/Station Wagon,FRESNO
82130316,2023-07-05,7,17,3,minor injury,0,1,improper turning,broadside,no,no,no,0,0,0,0,0,0,Passenger Car/Station Wagon,FRESNO
82130317,2023-07-05,7,18,3,severe injury,0,3,improper turning,broadside,no,no,no,0,0,0,0,0,0,Passenger Car/Station Wagon,FRESNO
82130322,2023-07-08,7,21,6,minor injury,0,1,DUI,other,no,no,no,0,0,0,0,0,0,Passenger Car/Station Wagon,FRESNO
82130324,2023-07-09,7,18,7,minor injury,0,1,unknown,broadside,no,yes,no,0,1,0,0,0,0,Bicycle,FRESNO
82130327,2023-07-10,7,20,1,minor injury,0,1,pedestrian violation,vehicle/pedestrian,yes,no,no,1,0,0,0,0,0,Pedestrian,FRESNO
82130330,2023-07-11,7,19,2,minor injury,0,1,unsafe lane change,rear end,no,no,no,0,0,0,0,0,0,Passenger Car/Station Wagon,FRESNO
82130333,2023-07-12,7,17,3,possible injury,0,3,unsafe speed,rear end,no,no,no,0,0,0,0,0,0,Passenger Car/Station Wagon,FRESNO
82130334,2023-07-12,7,17,3,severe injury,0,5,automobile right of way,broadside,no,no,no,0,0,0,0,0,0,Passenger Car/Station Wagon,FRESNO
82130335,2023-07-13,7,16,4,minor injury,0,1,unsafe speed,rear end,no,no,no,0,0,0,0,0,0,Passenger Car/Station Wagon,FRESNO
82130339,2023-07-13,7,20,4,minor injury,0,1,pedestrian right of way,broadside,no,yes,no,0,1,0,0,0,0,Passenger Car/Station Wagon,FRESNO
82130344,2023-07-14,7,19,5,minor injury,0,2,automobile right of way,head-on,no,no,no,0,0,0,0,0,0,Passenger Car/Station Wagon,FRESNO
82130351,2023-07-17,7,2,1,minor injury,0,1,DUI,hit object,no,no,no,0,0,0,0,0,0,Not Stated,FRESNO
82130352,2023-07-17,7,7,1,minor injury,0,2,unsafe lane change,rear end,no,no,no,0,0,0,0,0,0,Passenger Car/Station Wagon,FRESNO
82130360,2023-07-17,7,23,1,minor injury,0,1,DUI,rear end,no,no,no,0,0,0,0,0,0,Passenger Car/Station Wagon,FRESNO
82130367,2023-07-19,7,13,3,possible injury,0,1,automobile right of way,sideswipe,no,no,no,0,0,0,0,0,0,Other Bus,FRESNO
82130369,2023-07-19,7,15,3,minor injury,0,1,unsafe speed,hit object,no,no,no,0,0,0,0,0,0,Passenger Car/Station Wagon,FRESNO
82130370,2023-07-19,7,18,3,severe injury,0,1,automobile right of way,head-on,no,no,no,0,0,0,0,0,0,Passenger Car/Station Wagon,FRESNO
82130373,2023-07-19,7,21,3,possible injury,0,2,other improper driving,broadside,no,no,no,0,0,0,0,0,0,Emergency Vehicle,FRESNO
82130375,2023-07-20,7,16,4,minor injury,0,1,automobile right of way,broadside,no,no,no,0,0,0,0,0,0,Passenger Car/Station Wagon,FRESNO
82130376,2023-07-21,7,11,5,possible injury,0,1,unsafe speed,rear end,no,no,no,0,0,0,0,0,0,Passenger Car/Station Wagon,FRESNO
82130377,2023-07-21,7,11,5,possible injury,0,2,automobile right of way,broadside,no,no,no,0,0,0,0,0,0,Passenger Car/Station Wagon,FRESNO
82130378,2023-07-21,7,12,5,minor injury,0,1,unsafe lane change,sideswipe,no,no,no,0,0,0,0,0,0,Truck or Truck Tractor with Trailer,FRESNO
82130380,2023-07-21,7,13,5,possible injury,0,2,traffic signs,broadside,no,no,no,0,0,0,0,0,0,Passenger Car/Station Wagon,FRESNO
82130382,2023-07-21,7,20,5,possible injury,0,2,automobile right of way,broadside,no,no,no,0,0,0,0,0,0,Passenger Car/Station Wagon,FRESNO
82130386,2023-07-24,7,21,1,possible injury,0,1,automobile right of way,head-on,no,no,no,0,0,0,0,0,0,Passenger Car/Station Wagon,FRESNO
82130387,2023-07-25,7,11,2,possible injury,0,3,automobile right of way,broadside,no,no,no,0,0,0,0,0,0,Passenger Car/Station Wagon,FRESNO
82130390,2023-07-26,7,13,3,minor injury,0,3,automobile right of way,broadside,no,no,no,0,0,0,0,0,0,Passenger Car/Station Wagon,FRESNO
82130391,2023-07-26,7,14,3,possible injury,0,1,automobile right of way,head-on,no,no,no,0,0,0,0,0,0,Passenger Car/Station Wagon,FRESNO
82130392,2023-07-26,7,16,3,possible injury,0,2,automobile right of way,broadside,no,no,no,0,0,0,0,0,0,Passenger Car/Station Wagon,FRESNO
82130401,2023-06-01,6,4,4,fatal injury,1,2,traffic signs,broadside,no,no,yes,0,0,0,0,0,1,Motorcycle/Scooter,RIVERSIDE
82130404,2023-07-26,7,4,3,possible injury,0,1,traffic signs,broadside,no,no,no,0,0,0,0,0,0,Passenger Car/Station Wagon,LOS ANGELES
82130405,2023-04-29,4,16,6,minor injury,0,1,unsafe lane change,hit object,no,no,no,0,0,0,0,0,0,Passenger Car/Station Wagon,ALAMEDA
82130406,2023-07-26,7,9,3,possible injury,0,1,automobile right of way,broadside,no,no,yes,0,0,1,0,0,0,Passenger Car/Station Wagon,LOS ANGELES
82130411,2023-07-25,7,17,2,minor injury,0,4,unsafe speed,sideswipe,no,no,no,0,0,0,0,0,0,Passenger Car/Station Wagon,ALAMEDA
82130412,2023-05-02,5,8,2,possible injury,0,1,unsafe speed,rear end,no,no,no,0,0,0,0,0,0,Passenger Car/Station Wagon,RIVERSIDE
82130415,2023-05-22,5,23,1,minor injury,0,1,improper turning,overturned,no,no,no,0,0,0,0,0,0,Passenger Car/Station Wagon,RIVERSIDE
82130418,2023-05-28,5,15,7,minor injury,0,1,DUI,broadside,no,no,no,0,0,0,0,0,0,Passenger Car/Station Wagon,RIVERSIDE
82130419,2023-06-14,6,2,3,minor injury,0,1,improper turning,hit object,no,no,no,0,0,0,0,0,0,Passenger Car/Station Wagon,RIVERSIDE
82130420,2023-06-16,6,22,5,possible injury,0,1,improper turning,rear end,no,no,no,0,0,0,0,0,0,Passenger Car/Station Wagon,RIVERSIDE
82130421,2023-06-17,6,7,6,possible injury,0,1,unknown,broadside,no,no,no,0,0,0,0,0,0,Not Stated,RIVERSIDE
82130424,2023-06-19,6,12,1,possible injury,0,2,traffic signs,broadside,no,no,no,0,0,0,0,0,0,Passenger Car/Station Wagon,RIVERSIDE
82130426,2023-06-21,6,1,3,possible injury,0,1,pedestrian violation,vehicle/pedestrian,yes,no,no,1,0,0,0,0,0,Pedestrian,RIVERSIDE
82130427,2023-06-21,6,10,3,minor injury,0,1,unsafe speed,rear end,no,no,no,0,0,0,0,0,0,Passenger Car/Station Wagon,RIVERSIDE
82130430,2023-07-02,7,14,7,minor injury,0,2,improper turning,broadside,no,no,no,0,0,0,0,0,0,Passenger Car/Station Wagon,RIVERSIDE
82130431,2023-07-06,7,15,4,minor injury,0,1,pedestrian right of way,vehicle/pedestrian,yes,no,no,1,0,0,0,0,0,Truck or Truck Tractor,RIVERSIDE
82130432,2023-06-12,6,17,1,minor injury,0,2,automobile right of way,broadside,no,no,no,0,0,0,0,0,0,Passenger Car/Station Wagon,SANTA BARBARA
82130433,2023-06-28,6,16,3,minor injury,0,1,improper turning,other,no,yes,no,0,1,0,0,0,0,Passenger Car/Station Wagon,SANTA BARBARA
82130434,2023-07-03,7,11,1,possible injury,0,1,unknown,rear end,no,no,no,0,0,0,0,0,0,Not Stated,SANTA BARBARA
82130435,2023-07-06,7,6,4,minor injury,0,1,traffic signs,broadside,no,no,no,0,0,0,0,0,0,Passenger Car/Station Wagon,SANTA BARBARA
82130437,2023-07-12,7,16,3,minor injury,0,1,automobile right of way,broadside,no,no,no,0,0,0,0,0,0,Pickup or Panel Truck,SANTA BARBARA
82130438,2023-05-27,5,13,6,minor injury,0,1,unsafe lane change,sideswipe,no,no,yes,0,0,1,0,0,0,Motorcycle/Scooter,SAN JOAQUIN
82130439,2023-05-30,5,12,2,possible injury,0,1,unsafe speed,rear end,no,no,no,0,0,0,0,0,0,Passenger Car/Station Wagon,SAN JOAQUIN
82130440,2023-05-30,5,15,2,possible injury,0,1,unsafe speed,rear end,no,no,no,0,0,0,0,0,0,Passenger Car/Station Wagon,SAN JOAQUIN
82130441,2023-05-30,5,15,2,possible injury,0,1,unsafe speed,rear end,no,no,no,0,0,0,0,0,0,Passenger Car/Station Wagon,SAN JOAQUIN
82130452,2023-06-02,6,17,5,possible injury,0,2,automobile right of way,broadside,no,no,no,0,0,0,0,0,0,Passenger Car/Station Wagon,SAN JOAQUIN
82130453,2023-06-03,6,3,6,fatal injury,1,0,pedestrian right of way,vehicle/pedestrian,yes,no,no,0,0,0,1,0,0,Passenger Car/Station Wagon,SAN JOAQUIN
82130455,2023-06-07,6,21,3,possible injury,0,1,DUI,head-on,no,no,no,0,0,0,0,0,0,Passenger Car/Station Wagon,SAN JOAQUIN
82130459,2023-06-17,6,22,6,severe injury,0,1,DUI,broadside,no,no,yes,0,0,1,0,0,0,Passenger Car/Station Wagon,SAN JOAQUIN
82130465,2023-03-21,3,21,2,minor injury,0,2,automobile right of way,broadside,no,no,no,0,0,0,0,0,0,Passenger Car/Station Wagon,STANISLAUS
82130466,2023-04-24,4,15,1,minor injury,0,3,other hazardous violation,head-on,no,no,no,0,0,0,0,0,0,Passenger Car/Station Wagon,STANISLAUS
82130467,2023-06-08,6,20,4,minor injury,0,2,traffic signs,broadside,no,no,no,0,0,0,0,0,0,Passenger Car/Station Wagon,STANISLAUS
82130468,2023-06-09,6,18,5,minor injury,0,2,following too closely,rear end,no,no,no,0,0,0,0,0,0,Passenger Car/Station Wagon,STANISLAUS
82130469,2023-06-24,6,8,6,possible injury,0,1,automobile right of way,broadside,no,no,no,0,0,0,0,0,0,Passenger Car/Station Wagon,STANISLAUS
82130471,2023-06-27,6,18,2,possible injury,0,4,traffic signs,broadside,no,no,no,0,0,0,0,0,0,Passenger Car/Station Wagon,STANISLAUS
82130474,2023-07-11,7,18,2,possible injury,0,5,automobile right of way,broadside,no,no,no,0,0,0,0,0,0,Passenger Car/Station Wagon,STANISLAUS
82130475,2023-07-12,7,15,3,minor injury,0,1,other hazardous violation,broadside,no,no,no,0,0,0,0,0,0,Passenger Car/Station Wagon,STANISLAUS
82130477,2023-07-13,7,11,4,possible injury,0,5,unsafe speed,rear end,no,no,no,0,0,0,0,0,0,Passenger Car/Station Wagon,STANISLAUS
82130478,2023-07-14,7,13,5,minor injury,0,2,improper turning,broadside,no,no,no,0,0,0,0,0,0,Truck or Truck Tractor,STANISLAUS
82130483,2023-07-17,7,15,1,possible injury,0,2,unknown,broadside,no,no,no,0,0,0,0,0,0,Not Stated,STANISLAUS
82130485,2023-07-18,7,11,2,minor injury,0,1,improper turning,broadside,no,no,yes,0,0,1,0,0,0,Motorcycle/Scooter,STANISLAUS
82130488,2023-07-19,7,23,3,possible injury,0,3,traffic signs,broadside,no,no,no,0,0,0,0,0,0,Passenger Car/Station Wagon,STANISLAUS
82130489,2023-07-20,7,12,4,possible injury,0,1,automobile right of way,broadside,no,no,no,0,0,0,0,0,0,Passenger Car/Station Wagon,STANISLAUS
82130490,2023-07-20,7,15,4,minor injury,0,2,automobile right of way,broadside,no,no,no,0,0,0,0,0,0,Passenger Car/Station Wagon,STANISLAUS
82130494,2023-07-22,7,23,6,minor injury,0,2,improper turning,hit object,no,no,no,0,0,0,0,0,0,Passenger Car/Station Wagon,STANISLAUS
82130496,2023-07-24,7,8,1,minor injury,0,2,traffic signs,broadside,no,no,no,0,0,0,0,0,0,Passenger Car/Station Wagon,STANISLAUS
82130497,2023-07-25,7,8,2,minor injury,0,1,unsafe speed,rear end,no,no,yes,0,0,1,0,0,0,Motorcycle/Scooter,STANISLAUS
82130498,2023-07-25,7,9,2,possible injury,0,2,traffic signs,broadside,no,no,no,0,0,0,0,0,0,Passenger Car/Station Wagon,STANISLAUS
82130499,2023-07-25,7,13,2,minor injury,0,1,automobile right of way,broadside,no,no,no,0,0,0,0,0,0,Passenger Car/Station Wagon,STANISLAUS
82130502,2023-07-11,7,14,2,minor injury,0,3,other hazardous violation,head-on,no,no,no,0,0,0,0,0,0,Passenger Car/Station Wagon,RIVERSIDE
82130503,2023-07-25,7,16,2,minor injury,0,3,automobile right of way,broadside,no,no,no,0,0,0,0,0,0,Passenger Car/Station Wagon,RIVERSIDE
82130816,2023-07-18,7,9,2,minor injury,0,1,unsafe speed,rear end,no,no,no,0,0,0,0,0,0,Passenger Car/Station Wagon,SAN MATEO
82130877,2023-07-23,7,18,7,minor injury,0,2,DUI,sideswipe,no,no,no,0,0,0,0,0,0,Passenger Car/Station Wagon,SAN MATEO
82130882,2023-07-11,7,23,2,minor injury,0,1,wrong side of road,other,no,yes,no,0,1,0,0,0,0,Bicycle,HUMBOLDT
82131067,2023-07-21,7,21,5,possible injury,0,1,automobile right of way,broadside,no,no,no,0,0,0,0,0,0,Passenger Car/Station Wagon,SAN MATEO
82131088,2023-07-05,7,13,3,possible injury,0,1,unsafe starting or backing,sideswipe,no,no,no,0,0,0,0,0,0,Pickup or Panel Truck,SOLANO
82131090,2023-07-07,7,17,5,minor injury,0,2,unsafe speed,rear end,no,no,no,0,0,0,0,0,0,Pickup or Panel Truck with Trailer,SOLANO
82131094,2023-07-25,7,8,2,minor injury,0,2,automobile right of way,broadside,no,no,no,0,0,0,0,0,0,Passenger Car/Station Wagon,SOLANO
82131095,2023-07-26,7,9,3,minor injury,0,1,unsafe speed,hit object,no,no,no,0,0,0,0,0,0,Passenger Car/Station Wagon,SOLANO
82131097,2023-07-27,7,17,4,possible injury,0,1,unsafe speed,rear end,no,no,no,0,0,0,0,0,0,Passenger Car/Station Wagon,SOLANO
82131099,2023-07-25,7,17,2,minor injury,0,1,unsafe speed,rear end,no,no,no,0,0,0,0,0,0,Passenger Car/Station Wagon,ORANGE
82131102,2023-07-19,7,23,3,possible injury,0,1,unsafe speed,rear end,no,no,no,0,0,0,0,0,0,Passenger Car/Station Wagon,ORANGE
82131103,2023-07-24,7,20,1,possible injury,0,1,unknown,broadside,no,no,no,0,0,0,0,0,0,Not Stated,ORANGE
82131105,2023-07-26,7,0,3,possible injury,0,1,improper turning,hit object,no,no,no,0,0,0,0,0,0,Passenger Car/Station Wagon,ORANGE
82131109,2023-07-28,7,7,5,possible injury,0,1,other than driver or pedestrian,hit object,no,no,yes,0,0,1,0,0,0,Not Stated,ORANGE
82131110,2023-07-28,7,10,5,minor injury,0,2,unsafe speed,rear end,no,no,no,0,0,0,0,0,0,Passenger Car/Station Wagon,ORANGE
82131111,2023-07-28,7,13,5,possible injury,0,1,unsafe speed,rear end,no,no,no,0,0,0,0,0,0,Passenger Car/Station Wagon,ORANGE
82131119,2023-07-14,7,13,5,possible injury,0,1,automobile right of way,broadside,no,no,no,0,0,0,0,0,0,Passenger Car/Station Wagon,SONOMA
82131121,2023-07-03,7,20,1,severe injury,0,1,traffic signs,broadside,no,yes,no,0,1,0,0,0,0,Bicycle,STANISLAUS
82131122,2023-07-04,7,18,2,minor injury,0,1,unsafe speed,sideswipe,no,no,yes,0,0,1,0,0,0,Motorcycle/Scooter,STANISLAUS
82131123,2023-07-07,7,23,5,possible injury,0,1,unsafe speed,rear end,no,no,no,0,0,0,0,0,0,Pickup or Panel Truck,SAN LUIS OBISPO
82131127,2023-07-13,7,16,4,minor injury,0,1,pedestrian right of way,vehicle/pedestrian,yes,no,no,1,0,0,0,0,0,Passenger Car/Station Wagon,SAN LUIS OBISPO
82131129,2023-07-12,7,23,3,minor injury,0,1,unsafe speed,hit object,no,no,no,0,0,0,0,0,0,Passenger Car/Station Wagon,LOS ANGELES
82131131,2023-07-18,7,8,2,possible injury,0,1,unsafe speed,rear end,no,no,no,0,0,0,0,0,0,Pickup or Panel Truck,SAN LUIS OBISPO
82131132,2023-07-02,7,19,7,minor injury,0,3,traffic signs,broadside,no,no,no,0,0,0,0,0,0,Passenger Car/Station Wagon,SAN BERNARDINO
82131133,2023-06-16,6,12,5,possible injury,0,1,wrong side of road,sideswipe,no,no,no,0,0,0,0,0,0,Pickup or Panel Truck,RIVERSIDE
82131134,2023-07-08,7,23,6,minor injury,0,1,improper turning,hit object,no,no,no,0,0,0,0,0,0,Passenger Car/Station Wagon,SAN BERNARDINO
82131135,2023-07-05,7,18,3,possible injury,0,1,following too closely,rear end,no,no,no,0,0,0,0,0,0,Passenger Car/Station Wagon,RIVERSIDE
82131136,2023-07-08,7,8,6,possible injury,0,2,unsafe lane change,sideswipe,no,no,no,0,0,0,0,0,0,Passenger Car/Station Wagon,RIVERSIDE
82131140,2023-07-19,7,18,3,minor injury,0,1,wrong side of road,broadside,no,no,yes,0,0,1,0,0,0,Motorcycle/Scooter,VENTURA
82131143,2023-07-25,7,20,2,minor injury,0,1,traffic signs,broadside,no,yes,no,0,1,0,0,0,0,Other Vehicle,ORANGE
82131144,2023-07-27,7,18,4,minor injury,0,1,wrong side of road,broadside,no,yes,no,0,1,0,0,0,0,Other Vehicle,ORANGE
82131145,2023-01-18,1,10,3,possible injury,0,1,improper turning,sideswipe,no,no,no,0,0,0,0,0,0,Passenger Car/Station Wagon,ORANGE
82131146,2023-03-07,3,19,2,possible injury,0,1,pedestrian violation,vehicle/pedestrian,yes,no,no,1,0,0,0,0,0,Not Stated,ORANGE
82131151,2023-06-27,6,16,2,possible injury,0,2,improper passing,broadside,no,no,no,0,0,0,0,0,0,Passenger Car/Station Wagon,ORANGE
82131153,2023-07-07,7,20,5,possible injury,0,1,traffic signs,broadside,no,yes,no,0,1,0,0,0,0,Bicycle,ORANGE
82131155,2023-07-08,7,21,6,minor injury,0,1,automobile right of way,broadside,no,no,no,0,0,0,0,0,0,Passenger Car/Station Wagon,ORANGE
82131156,2023-07-11,7,19,2,possible injury,0,1,unsafe speed,rear end,no,no,no,0,0,0,0,0,0,Passenger Car/Station Wagon,ORANGE
82131157,2023-07-11,7,20,2,possible injury,0,1,wrong side of road,other,no,yes,no,0,1,0,0,0,0,Bicycle,ORANGE
82131160,2023-07-13,7,13,4,minor injury,0,1,automobile right of way,broadside,no,no,no,0,0,0,0,0,0,Passenger Car/Station Wagon,ORANGE
82131171,2023-07-26,7,5,3,minor injury,0,1,unsafe speed,rear end,no,no,no,0,0,0,0,0,0,Passenger Car/Station Wagon,SAN BERNARDINO
82131173,2023-07-26,7,21,3,minor injury,0,1,DUI,broadside,no,no,no,0,0,0,0,0,0,Passenger Car/Station Wagon,SAN BERNARDINO
82131176,2023-07-18,7,13,2,possible injury,0,1,unsafe speed,rear end,no,no,no,0,0,0,0,0,0,Passenger Car/Station Wagon,LOS ANGELES
82131177,2023-06-24,6,16,6,minor injury,0,1,wrong side of road,head-on,no,yes,no,0,1,0,0,0,0,Bicycle,SACRAMENTO
82131178,2023-07-17,7,17,1,possible injury,0,1,automobile right of way,broadside,no,no,no,0,0,0,0,0,0,Passenger Car/Station Wagon,LOS ANGELES
82131180,2023-07-16,7,22,7,severe injury,0,1,unknown,broadside,no,yes,no,0,1,0,0,0,0,Not Stated,SACRAMENTO
82131186,2023-06-28,6,11,3,minor injury,0,1,automobile right of way,broadside,no,no,no,0,0,0,0,0,0,Passenger Car/Station Wagon,RIVERSIDE
82131188,2023-07-24,7,0,1,minor injury,0,1,unknown,other,no,yes,no,0,1,0,0,0,0,Not Stated,KERN
82131189,2023-07-13,7,14,4,minor injury,0,1,other hazardous violation,rear end,no,no,no,0,0,0,0,0,0,Passenger Car/Station Wagon,RIVERSIDE
82131193,2023-07-24,7,8,1,possible injury,0,1,improper turning,broadside,no,no,no,0,0,0,0,0,0,Passenger Car/Station Wagon,KERN
82131194,2023-07-20,7,13,4,possible injury,0,1,traffic signs,broadside,no,no,no,0,0,0,0,0,0,Passenger Car/Station Wagon,RIVERSIDE
82131196,2023-07-24,7,14,1,possible injury,0,1,unsafe speed,rear end,no,no,no,0,0,0,0,0,0,Passenger Car/Station Wagon,KERN
82131197,2023-07-25,7,12,2,possible injury,0,2,unsafe speed,rear end,no,no,no,0,0,0,0,0,0,Passenger Car/Station Wagon,KERN
82131199,2023-07-26,7,12,3,minor injury,0,1,automobile right of way,broadside,no,no,yes,0,0,1,0,0,0,Passenger Car/Station Wagon,KERN
82131202,2023-07-27,7,7,4,possible injury,0,2,improper turning,broadside,no,no,no,0,0,0,0,0,0,Passenger Car/Station Wagon,KERN
82131205,2023-07-28,7,13,5,minor injury,0,3,traffic signs,broadside,no,no,no,0,0,0,0,0,0,Passenger Car/Station Wagon,KERN
82131206,2023-06-10,6,6,6,minor injury,0,3,DUI,broadside,no,no,no,0,0,0,0,0,0,Passenger Car/Station Wagon,RIVERSIDE
82131207,2023-07-28,7,17,5,minor injury,0,2,automobile right of way,broadside,no,no,no,0,0,0,0,0,0,Passenger Car/Station Wagon,KERN