CASE_ID,COLLISION_DATE,MONTH,HOUR,DAY_OF_WEEK,COLLISION_SEVERITY,NUMBER_KILLED,NUMBER_INJURED,PCF_VIOL_CATEGORY,TYPE_OF_COLLISION,PEDESTRIAN_ACCIDENT,BICYCLE_ACCIDENT,MOTORCYCLE_ACCIDENT,COUNT_PED_INJURED,COUNT_BICYCLIST_INJURED,COUNT_MC_INJURED,COUNT_PED_KILLED,COUNT_BICYCLIST_KILLED,COUNT_MC_KILLED,STWD_VEHTYPE_AT_FAULT,COUNTY
82151947,2023-07-17,7,15,1,possible injury,0,1,automobile right of way,sideswipe,no,no,no,0,0,0,0,0,0,Other Bus,LOS ANGELES
82151948,2023-07-17,7,11,1,possible injury,0,1,traffic signs,broadside,no,yes,no,0,1,0,0,0,0,Passenger Car/Station Wagon,LOS ANGELES
82151950,2023-07-21,7,11,5,possible injury,0,1,automobile right of way,broadside,no,no,no,0,0,0,0,0,0,Passenger Car/Station Wagon,LOS ANGELES
82151952,2023-07-21,7,16,5,possible injury,0,2,unsafe speed,rear end,no,no,no,0,0,0,0,0,0,Passenger Car/Station Wagon,LOS ANGELES
82151958,2023-08-03,8,7,4,minor injury,0,1,traffic signs,broadside,no,no,no,0,0,0,0,0,0,Truck or Truck Tractor,SAN BERNARDINO
82151959,2023-08-04,8,17,5,possible injury,0,1,unsafe speed,rear end,no,no,no,0,0,0,0,0,0,Passenger Car/Station Wagon,SAN BERNARDINO
82151964,2023-07-31,7,19,1,possible injury,0,1,unsafe speed,rear end,no,no,no,0,0,0,0,0,0,Passenger Car/Station Wagon,SACRAMENTO
82151965,2023-08-04,8,12,5,minor injury,0,1,unsafe speed,hit object,no,no,no,0,0,0,0,0,0,Passenger Car/Station Wagon,SACRAMENTO
82151966,2023-08-11,8,17,5,possible injury,0,2,automobile right of way,broadside,no,no,no,0,0,0,0,0,0,Passenger Car/Station Wagon,SACRAMENTO
82151967,2023-01-13,1,22,5,severe injury,0,2,improper turning,broadside,yes,no,no,1,0,0,0,0,0,Not Stated,ORANGE
82151968,2023-08-12,8,3,6,minor injury,0,1,DUI,hit object,no,no,no,0,0,0,0,0,0,Passenger Car/Station Wagon,SACRAMENTO
82151969,2023-08-12,8,12,6,possible injury,0,1,unsafe speed,rear end,no,no,no,0,0,0,0,0,0,Passenger Car/Station Wagon,SACRAMENTO
82151970,2023-08-12,8,14,6,minor injury,0,1,traffic signs,broadside,no,no,no,0,0,0,0,0,0,Not Stated,SACRAMENTO
82151974,2023-08-10,8,19,4,possible injury,0,2,improper turning,broadside,no,no,no,0,0,0,0,0,0,Passenger Car/Station Wagon,CONTRA COSTA
82151975,2023-08-15,8,18,2,minor injury,0,1,pedestrian right of way,vehicle/pedestrian,yes,no,no,1,0,0,0,0,0,Passenger Car/Station Wagon,CONTRA COSTA
82151976,2023-08-16,8,12,3,possible injury,0,1,automobile right of way,broadside,no,no,no,0,0,0,0,0,0,Pickup or Panel Truck,CONTRA COSTA
82151979,2023-08-22,8,8,2,possible injury,0,1,wrong side of road,broadside,no,no,no,0,0,0,0,0,0,Passenger Car/Station Wagon,CONTRA COSTA
82151981,2023-08-10,8,9,4,possible injury,0,2,traffic signs,broadside,no,no,no,0,0,0,0,0,0,Passenger Car/Station Wagon,RIVERSIDE
82151982,2023-08-12,8,0,6,minor injury,0,1,traffic signs,broadside,no,no,no,0,0,0,0,0,0,Not Stated,KERN
82151984,2023-08-15,8,13,2,possible injury,0,1,automobile right of way,broadside,no,no,no,0,0,0,0,0,0,Passenger Car/Station Wagon,KERN
82151985,2023-08-15,8,13,2,possible injury,0,1,pedestrian violation,vehicle/pedestrian,yes,no,no,1,0,0,0,0,0,Pedestrian,KERN
82151987,2023-08-15,8,22,2,severe injury,0,1,pedestrian violation,vehicle/pedestrian,yes,no,no,1,0,0,0,0,0,Pedestrian,KERN
82151995,2023-07-14,7,16,5,possible injury,0,1,unsafe speed,rear end,no,no,no,0,0,0,0,0,0,Passenger Car/Station Wagon,MONTEREY
82151997,2023-08-08,8,12,2,possible injury,0,1,unsafe speed,broadside,no,no,no,0,0,0,0,0,0,Pickup or Panel Truck,MONTEREY
82151998,2023-08-11,8,12,5,minor injury,0,2,unsafe speed,rear end,no,no,no,0,0,0,0,0,0,Passenger Car/Station Wagon,MONTEREY
82152006,2023-08-17,8,23,4,minor injury,0,1,automobile right of way,broadside,no,no,no,0,0,0,0,0,0,Passenger Car/Station Wagon,ALAMEDA
82152008,2023-08-16,8,8,3,possible injury,0,1,unsafe speed,rear end,no,no,no,0,0,0,0,0,0,Not Stated,RIVERSIDE
82152011,2023-01-03,1,17,2,severe injury,0,1,wrong side of road,broadside,no,yes,no,0,1,0,0,0,0,Bicycle,SOLANO
82152012,2023-08-18,8,18,5,minor injury,0,1,unsafe speed,sideswipe,no,no,no,0,0,0,0,0,0,Passenger Car/Station Wagon,ALAMEDA
82152014,2023-08-22,8,7,2,possible injury,0,1,unsafe speed,rear end,no,no,no,0,0,0,0,0,0,Passenger Car/Station Wagon,LOS ANGELES
82152015,2023-08-22,8,13,2,possible injury,0,1,unknown,broadside,no,yes,no,0,1,0,0,0,0,Not Stated,LOS ANGELES
82152016,2023-07-13,7,14,4,minor injury,0,1,unknown,broadside,no,no,no,0,0,0,0,0,0,Not Stated,SAN DIEGO
82152018,2023-08-14,8,21,1,minor injury,0,1,improper turning,sideswipe,no,no,no,0,0,0,0,0,0,Passenger Car/Station Wagon,SAN DIEGO
82152020,2023-07-20,7,12,4,possible injury,0,2,improper turning,sideswipe,no,no,no,0,0,0,0,0,0,Passenger Car/Station Wagon,RIVERSIDE
82152022,2023-08-07,8,18,1,possible injury,0,1,unknown,sideswipe,no,no,no,0,0,0,0,0,0,Not Stated,RIVERSIDE
82152024,2023-07-13,7,5,4,minor injury,0,1,traffic signs,broadside,no,no,no,0,0,0,0,0,0,Passenger Car/Station Wagon,RIVERSIDE
82152029,2023-07-17,7,8,1,minor injury,0,1,automobile right of way,broadside,no,yes,no,0,1,0,0,0,0,Passenger Car/Station Wagon,RIVERSIDE
82152031,2023-08-01,8,14,2,severe injury,0,2,following too closely,rear end,no,no,no,0,0,0,0,0,0,Passenger Car/Station Wagon,SANTA BARBARA
82152032,2023-08-03,8,15,4,possible injury,0,1,unsafe speed,rear end,no,no,no,0,0,0,0,0,0,Passenger Car/Station Wagon,SANTA BARBARA
82152033,2023-08-05,8,9,6,minor injury,0,1,unsafe lane change,hit object,no,no,no,0,0,0,0,0,0,Passenger Car/Station Wagon,SANTA BARBARA
82152034,2023-08-05,8,13,6,minor injury,0,1,automobile right of way,broadside,no,no,no,0,0,0,0,0,0,Passenger Car/Station Wagon,SANTA BARBARA
82152035,2023-08-06,8,21,7,minor injury,0,1,DUI,hit object,no,no,no,0,0,0,0,0,0,Passenger Car/Station Wagon,SANTA BARBARA
82152036,2023-08-07,8,12,1,possible injury,0,1,automobile right of way,broadside,no,no,no,0,0,0,0,0,0,Passenger Car/Station Wagon,SANTA BARBARA
82152037,2023-08-08,8,15,2,possible injury,0,1,unsafe speed,rear end,no,no,no,0,0,0,0,0,0,Passenger Car/Station Wagon,SANTA BARBARA
82152038,2023-08-08,8,17,2,minor injury,0,1,automobile right of way,broadside,no,no,no,0,0,0,0,0,0,Passenger Car/Station Wagon,SANTA BARBARA
82152039,2023-08-08,8,18,2,possible injury,0,1,unsafe speed,rear end,no,no,no,0,0,0,0,0,0,Pickup or Panel Truck,SANTA BARBARA
82152041,2023-07-19,7,17,3,possible injury,0,1,traffic signs,broadside,no,no,no,0,0,0,0,0,0,Passenger Car/Station Wagon,SAN JOAQUIN
82152045,2023-07-20,7,22,4,minor injury,0,1,unsafe speed,vehicle/pedestrian,yes,no,no,1,0,0,0,0,0,Passenger Car/Station Wagon,SAN JOAQUIN
82152052,2023-07-23,7,16,7,minor injury,0,1,DUI,overturned,no,no,no,0,0,0,0,0,0,Pickup or Panel Truck,SAN JOAQUIN
82152056,2023-08-13,8,20,7,possible injury,0,2,unknown,broadside,no,no,no,0,0,0,0,0,0,Not Stated,RIVERSIDE
82152059,2023-07-27,7,17,4,possible injury,0,2,unsafe speed,rear end,no,no,no,0,0,0,0,0,0,Passenger Car/Station Wagon,RIVERSIDE
82152149,2023-08-13,8,15,7,possible injury,0,1,unsafe starting or backing,rear end,no,no,no,0,0,0,0,0,0,Passenger Car/Station Wagon,SAN MATEO
82152235,2023-08-14,8,14,1,minor injury,0,2,automobile right of way,broadside,no,no,no,0,0,0,0,0,0,Passenger Car/Station Wagon,SAN MATEO
82152242,2023-08-14,8,9,1,minor injury,0,1,unsafe starting or backing,rear end,no,yes,no,0,1,0,0,0,0,Passenger Car/Station Wagon,SAN MATEO
82152717,2023-08-10,8,23,4,possible injury,0,1,DUI,hit object,no,no,no,0,0,0,0,0,0,Passenger Car/Station Wagon,SACRAMENTO
82153821,2023-07-16,7,7,7,possible injury,0,1,unknown,broadside,no,no,no,0,0,0,0,0,0,Not Stated,RIVERSIDE
82153822,2023-08-23,8,9,3,possible injury,0,1,unsafe speed,hit object,no,no,no,0,0,0,0,0,0,Passenger Car/Station Wagon,RIVERSIDE
82153825,2023-08-22,8,14,2,minor injury,0,1,automobile right of way,broadside,no,no,no,0,0,0,0,0,0,Passenger Car/Station Wagon,RIVERSIDE
82153826,2023-08-22,8,17,2,possible injury,0,2,unsafe speed,rear end,no,no,no,0,0,0,0,0,0,Passenger Car/Station Wagon,RIVERSIDE
82153836,2023-04-21,4,20,5,severe injury,0,3,DUI,broadside,no,no,no,0,0,0,0,0,0,Passenger Car/Station Wagon,RIVERSIDE
82153840,2023-07-22,7,12,6,possible injury,0,2,unsafe speed,rear end,no,no,no,0,0,0,0,0,0,Passenger Car/Station Wagon,RIVERSIDE
82153843,2023-07-31,7,16,1,severe injury,0,2,DUI,head-on,no,no,no,0,0,0,0,0,0,Passenger Car/Station Wagon,RIVERSIDE
82153844,2023-08-11,8,10,5,minor injury,0,1,improper turning,broadside,no,no,no,0,0,0,0,0,0,Passenger Car/Station Wagon,RIVERSIDE
82153847,2023-08-22,8,11,2,minor injury,0,2,traffic signs,broadside,no,no,no,0,0,0,0,0,0,Not Stated,RIVERSIDE
82153848,2023-08-08,8,17,2,minor injury,0,1,traffic signs,broadside,no,no,yes,0,0,1,0,0,0,Motorcycle/Scooter,SONOMA
82153851,2023-08-21,8,18,1,minor injury,0,1,automobile right of way,broadside,no,no,no,0,0,0,0,0,0,Passenger Car/Station Wagon,SOLANO
82153853,2023-07-19,7,13,3,minor injury,0,1,automobile right of way,broadside,no,yes,no,0,1,0,0,0,0,Passenger Car/Station Wagon,SANTA CLARA
82153854,2023-08-23,8,8,3,possible injury,0,1,DUI,rear end,no,no,no,0,0,0,0,0,0,Passenger Car/Station Wagon,ORANGE
82153855,2023-08-23,8,10,3,possible injury,0,1,improper turning,sideswipe,no,no,no,0,0,0,0,0,0,Passenger Car/Station Wagon,ORANGE
82153856,2023-05-17,5,7,3,severe injury,0,1,improper turning,hit object,no,no,no,0,0,0,0,0,0,Passenger Car/Station Wagon,RIVERSIDE
82153857,2023-05-20,5,21,6,minor injury,0,2,unsafe speed,rear end,no,no,no,0,0,0,0,0,0,Passenger Car/Station Wagon,RIVERSIDE
82153859,2023-06-01,6,22,4,fatal injury,1,0,DUI,broadside,no,no,no,0,0,0,0,0,0,Passenger Car/Station Wagon,RIVERSIDE
82153860,2023-07-04,7,6,2,minor injury,0,1,automobile right of way,broadside,no,no,no,0,0,0,0,0,0,Passenger Car/Station Wagon,RIVERSIDE
82153861,2023-07-12,7,9,3,possible injury,0,1,DUI,hit object,no,no,no,0,0,0,0,0,0,Passenger Car/Station Wagon,RIVERSIDE
82153865,2023-07-29,7,2,6,minor injury,0,2,DUI,hit object,no,no,no,0,0,0,0,0,0,Passenger Car/Station Wagon,RIVERSIDE
82153868,2023-08-04,8,18,5,minor injury,0,3,traffic signs,broadside,no,no,no,0,0,0,0,0,0,Passenger Car/Station Wagon,RIVERSIDE
82153869,2023-08-14,8,6,1,minor injury,0,2,improper turning,broadside,no,no,no,0,0,0,0,0,0,Passenger Car/Station Wagon,RIVERSIDE
82153872,2023-08-21,8,13,1,possible injury,0,1,automobile right of way,head-on,no,no,no,0,0,0,0,0,0,Passenger Car/Station Wagon,RIVERSIDE
82153874,2023-08-07,8,15,1,fatal injury,1,1,automobile right of way,broadside,no,no,yes,0,0,0,0,0,1,Passenger Car/Station Wagon,ORANGE
82153876,2023-08-17,8,13,4,possible injury,0,1,unsafe speed,rear end,no,no,no,0,0,0,0,0,0,Passenger Car/Station Wagon,ORANGE
82153877,2023-08-17,8,15,4,minor injury,0,1,automobile right of way,broadside,no,no,no,0,0,0,0,0,0,Passenger Car/Station Wagon,ORANGE
82153881,2023-07-28,7,19,5,severe injury,0,1,unsafe speed,overturned,no,no,yes,0,0,1,0,0,0,Motorcycle/Scooter,SAN LUIS OBISPO
82153884,2023-08-21,8,12,1,possible injury,0,1,other than driver or pedestrian,rear end,no,no,no,0,0,0,0,0,0,Not Stated,STANISLAUS
82153888,2023-08-02,8,14,3,possible injury,0,1,following too closely,rear end,no,no,no,0,0,0,0,0,0,Passenger Car/Station Wagon,STANISLAUS
82153891,2023-06-30,6,18,5,possible injury,0,2,traffic signs,broadside,no,no,no,0,0,0,0,0,0,Truck or Truck Tractor,SONOMA
82153892,2023-02-16,2,13,4,possible injury,0,2,unsafe speed,rear end,no,no,no,0,0,0,0,0,0,Passenger Car/Station Wagon,RIVERSIDE
82153893,2023-08-04,8,9,5,possible injury,0,1,traffic signs,broadside,no,no,no,0,0,0,0,0,0,Passenger Car/Station Wagon,SAN BERNARDINO
82153894,2023-07-27,7,15,4,possible injury,0,1,unsafe speed,rear end,no,no,no,0,0,0,0,0,0,Passenger Car/Station Wagon,SONOMA
82153895,2023-08-07,8,16,1,possible injury,0,1,traffic signs,broadside,no,no,no,0,0,0,0,0,0,Passenger Car/Station Wagon,SAN BERNARDINO
82153896,2023-08-06,8,17,7,possible injury,0,1,automobile right of way,broadside,no,no,no,0,0,0,0,0,0,Not Stated,SONOMA
82153897,2023-08-07,8,15,1,possible injury,0,1,unsafe speed,hit object,no,no,yes,0,0,1,0,0,0,Motorcycle/Scooter,SONOMA
82153898,2023-06-18,6,23,7,possible injury,0,2,unsafe speed,rear end,no,no,no,0,0,0,0,0,0,Passenger Car/Station Wagon,RIVERSIDE
82153899,2023-08-08,8,9,2,possible injury,0,1,traffic signs,broadside,no,no,no,0,0,0,0,0,0,Passenger Car/Station Wagon,SONOMA
82153907,2023-08-05,8,12,6,minor injury,0,1,traffic signs,broadside,no,no,no,0,0,0,0,0,0,Passenger Car/Station Wagon,SANTA CLARA
82153908,2023-08-15,8,1,2,possible injury,0,1,DUI,hit object,no,no,no,0,0,0,0,0,0,Passenger Car/Station Wagon,VENTURA
82153909,2023-08-15,8,8,2,possible injury,0,1,unsafe speed,rear end,no,no,no,0,0,0,0,0,0,Passenger Car/Station Wagon,VENTURA
82153910,2023-08-15,8,13,2,possible injury,0,1,automobile right of way,broadside,no,no,no,0,0,0,0,0,0,Passenger Car/Station Wagon,VENTURA
82153913,2023-08-17,8,12,4,possible injury,0,1,automobile right of way,broadside,no,no,no,0,0,0,0,0,0,Passenger Car/Station Wagon,VENTURA
82153918,2023-08-18,8,13,5,possible injury,0,1,unsafe speed,hit object,no,no,no,0,0,0,0,0,0,Passenger Car/Station Wagon,ORANGE
82153919,2023-08-22,8,13,2,severe injury,0,1,wrong side of road,other,no,yes,no,0,1,0,0,0,0,Bicycle,ORANGE
82153920,2023-08-23,8,9,3,minor injury,0,1,automobile right of way,broadside,no,no,no,0,0,0,0,0,0,Passenger Car/Station Wagon,ORANGE
82153924,2023-08-17,8,18,4,severe injury,0,1,automobile right of way,other,no,yes,no,0,1,0,0,0,0,Bicycle,VENTURA
82153925,2023-08-18,8,8,5,possible injury,0,1,unsafe speed,rear end,no,no,no,0,0,0,0,0,0,Passenger Car/Station Wagon,VENTURA
82153927,2023-08-18,8,16,5,minor injury,0,1,traffic signs,broadside,no,no,no,0,0,0,0,0,0,Passenger Car/Station Wagon,VENTURA
82153928,2023-01-28,1,15,6,possible injury,0,1,unsafe speed,rear end,no,no,no,0,0,0,0,0,0,Passenger Car/Station Wagon,ORANGE
82153930,2023-08-02,8,16,3,possible injury,0,1,unsafe speed,rear end,no,no,no,0,0,0,0,0,0,Passenger Car/Station Wagon,SACRAMENTO
82153931,2023-08-02,8,21,3,minor injury,0,1,automobile right of way,broadside,no,no,no,0,0,0,0,0,0,Passenger Car/Station Wagon,SACRAMENTO
82153932,2023-08-02,8,16,3,minor injury,0,1,unsafe speed,hit object,no,no,no,0,0,0,0,0,0,Passenger Car/Station Wagon,ORANGE
82153933,2023-08-03,8,21,4,minor injury,0,1,pedestrian violation,vehicle/pedestrian,yes,no,no,1,0,0,0,0,0,Pedestrian,SACRAMENTO
82153934,2023-08-07,8,11,1,minor injury,0,1,unsafe speed,rear end,no,no,no,0,0,0,0,0,0,Passenger Car/Station Wagon,SACRAMENTO
82153935,2023-08-07,8,23,1,severe injury,0,1,DUI,rear end,no,no,no,0,0,0,0,0,0,Passenger Car/Station Wagon,SACRAMENTO
82153936,2023-08-15,8,15,2,possible injury,0,1,DUI,rear end,no,no,no,0,0,0,0,0,0,Passenger Car/Station Wagon,ORANGE
82153938,2023-08-19,8,23,6,minor injury,0,2,automobile right of way,other,no,no,no,0,0,0,0,0,0,Passenger Car/Station Wagon,VENTURA
82153943,2023-08-23,8,17,3,possible injury,0,1,unsafe speed,rear end,no,no,no,0,0,0,0,0,0,Passenger Car/Station Wagon,ORANGE
82153945,2023-08-22,8,13,2,minor injury,0,1,improper turning,rear end,no,no,no,0,0,0,0,0,0,Passenger Car/Station Wagon,VENTURA
82153948,2023-08-05,8,14,6,minor injury,0,1,unknown,sideswipe,no,no,no,0,0,0,0,0,0,Not Stated,VENTURA
82153955,2023-08-07,8,15,1,minor injury,0,1,improper turning,hit object,no,no,yes,0,0,1,0,0,0,Motorcycle/Scooter,VENTURA
82153960,2023-08-21,8,14,1,minor injury,0,2,traffic signs,broadside,no,no,no,0,0,0,0,0,0,Truck or Truck Tractor with Trailer,VENTURA
82153961,2023-07-17,7,14,1,possible injury,0,3,traffic signs,broadside,no,no,no,0,0,0,0,0,0,Passenger Car/Station Wagon,VENTURA
82153965,2023-08-03,8,20,4,minor injury,0,2,automobile right of way,other,no,no,no,0,0,0,0,0,0,Passenger Car/Station Wagon,VENTURA
82153968,2023-07-22,7,19,6,possible injury,0,2,unknown,rear end,no,no,no,0,0,0,0,0,0,Not Stated,LOS ANGELES
82153969,2023-07-24,7,18,1,minor injury,0,1,wrong side of road,other,no,yes,no,0,1,0,0,0,0,Bicycle,LOS ANGELES
82153976,2023-08-12,8,21,6,minor injury,0,3,DUI,rear end,no,no,no,0,0,0,0,0,0,Pickup or Panel Truck,SACRAMENTO
82153981,2023-08-24,8,13,4,minor injury,0,1,improper turning,hit object,no,no,no,0,0,0,0,0,0,Passenger Car/Station Wagon,CONTRA COSTA
82153982,2023-08-06,8,13,7,minor injury,0,1,improper turning,broadside,no,no,no,0,0,0,0,0,0,Passenger Car/Station Wagon,RIVERSIDE
82153984,2023-06-28,6,22,3,minor injury,0,1,unsafe speed,hit object,no,no,yes,0,0,1,0,0,0,Motorcycle/Scooter,ALAMEDA
82153986,2023-08-16,8,23,3,minor injury,0,1,improper turning,hit object,no,no,no,0,0,0,0,0,0,Passenger Car/Station Wagon,ALAMEDA
82153988,2023-08-18,8,18,5,possible injury,0,1,automobile right of way,broadside,no,no,no,0,0,0,0,0,0,Passenger Car/Station Wagon,ALAMEDA
82153989,2023-08-21,8,20,1,severe injury,0,1,traffic signs,broadside,no,no,no,0,0,0,0,0,0,Passenger Car/Station Wagon,ALAMEDA
82153993,2023-08-23,8,7,3,possible injury,0,1,traffic signs,broadside,no,no,no,0,0,0,0,0,0,Passenger Car/Station Wagon,ALAMEDA
82153996,2023-07-30,7,11,7,possible injury,0,4,traffic signs,broadside,no,no,no,0,0,0,0,0,0,Passenger Car/Station Wagon,ALAMEDA
82153998,2023-08-15,8,23,2,possible injury,0,1,automobile right of way,sideswipe,no,no,no,0,0,0,0,0,0,Passenger Car/Station Wagon,LOS ANGELES
82154001,2023-05-22,5,5,1,minor injury,0,2,traffic signs,broadside,no,no,no,0,0,0,0,0,0,Passenger Car/Station Wagon,SOLANO
82154006,2023-07-06,7,11,4,possible injury,0,1,pedestrian right of way,vehicle/pedestrian,yes,no,no,1,0,0,0,0,0,Passenger Car/Station Wagon,SOLANO
82154007,2023-07-22,7,15,6,possible injury,0,4,unsafe speed,rear end,no,no,no,0,0,0,0,0,0,Other Bus,SOLANO
82154008,2023-08-01,8,11,2,possible injury,0,2,automobile right of way,broadside,no,no,no,0,0,0,0,0,0,Passenger Car/Station Wagon,RIVERSIDE
82154011,2023-07-29,7,22,6,minor injury,0,1,other hazardous violation,broadside,no,yes,no,0,1,0,0,0,0,Pickup or Panel Truck,SANTA BARBARA
82154012,2023-06-16,6,23,5,minor injury,0,3,wrong side of road,head-on,no,no,no,0,0,0,0,0,0,Passenger Car/Station Wagon,SAN JOAQUIN
82154013,2023-06-20,6,14,2,possible injury,0,1,traffic signs,broadside,no,no,no,0,0,0,0,0,0,Passenger Car/Station Wagon,SAN JOAQUIN
82154014,2023-06-22,6,19,4,possible injury,0,1,unsafe speed,vehicle/pedestrian,yes,no,no,1,0,0,0,0,0,Passenger Car/Station Wagon,SAN JOAQUIN
82154017,2023-08-09,8,10,3,severe injury,0,1,traffic signs,broadside,no,yes,no,0,1,0,0,0,0,Bicycle,SANTA BARBARA
82154019,2023-08-09,8,13,3,possible injury,0,1,automobile right of way,head-on,no,no,no,0,0,0,0,0,0,Pickup or Panel Truck,SANTA BARBARA
82154020,2023-08-09,8,16,3,possible injury,0,2,unsafe starting or backing,rear end,no,no,no,0,0,0,0,0,0,Passenger Car/Station Wagon,SANTA BARBARA
82154026,2023-07-15,7,23,6,possible injury,0,1,improper turning,sideswipe,no,no,no,0,0,0,0,0,0,Passenger Car/Station Wagon,ORANGE
82154029,2023-07-16,7,13,7,severe injury,0,1,unsafe speed,sideswipe,no,no,yes,0,0,1,0,0,0,Motorcycle/Scooter,ORANGE
82154033,2023-07-19,7,1,3,minor injury,0,2,unsafe speed,rear end,no,no,no,0,0,0,0,0,0,Passenger Car/Station Wagon,ORANGE
82154034,2023-07-19,7,9,3,possible injury,0,1,unsafe speed,rear end,no,no,no,0,0,0,0,0,0,Passenger Car/Station Wagon,ORANGE
82154035,2023-07-19,7,15,3,possible injury,0,2,unsafe speed,head-on,no,no,no,0,0,0,0,0,0,Passenger Car/Station Wagon,ORANGE
82154040,2023-08-09,8,10,3,possible injury,0,1,traffic signs,broadside,no,no,no,0,0,0,0,0,0,Passenger Car/Station Wagon,RIVERSIDE
82154041,2023-08-11,8,15,5,minor injury,0,2,DUI,rear end,no,no,no,0,0,0,0,0,0,Passenger Car/Station Wagon,RIVERSIDE
82154042,2023-08-18,8,12,5,possible injury,0,2,traffic signs,broadside,no,no,no,0,0,0,0,0,0,Passenger Car/Station Wagon,RIVERSIDE
82154044,2023-08-24,8,3,4,minor injury,0,1,DUI,hit object,no,no,no,0,0,0,0,0,0,Passenger Car/Station Wagon,RIVERSIDE
82154269,2023-08-11,8,18,5,minor injury,0,3,automobile right of way,broadside,no,no,no,0,0,0,0,0,0,Passenger Car/Station Wagon,SAN JOAQUIN
82154661,2023-07-27,7,14,4,minor injury,0,1,pedestrian right of way,vehicle/pedestrian,yes,no,no,1,0,0,0,0,0,Passenger Car/Station Wagon,SAN MATEO
82154669,2023-07-21,7,14,5,minor injury,0,1,unsafe lane change,sideswipe,no,no,no,0,0,0,0,0,0,Passenger Car/Station Wagon,SAN MATEO
82154772,2023-08-22,8,7,2,possible injury,0,3,unsafe speed,rear end,no,no,no,0,0,0,0,0,0,Not Stated,ORANGE
82154810,2023-08-13,8,0,7,minor injury,0,1,unknown,sideswipe,no,no,no,0,0,0,0,0,0,Not Stated,SOLANO
82154814,2023-08-16,8,8,3,possible injury,0,2,traffic signs,broadside,no,no,no,0,0,0,0,0,0,Passenger Car/Station Wagon,RIVERSIDE
82154815,2023-08-24,8,20,4,possible injury,0,2,traffic signs,rear end,no,no,no,0,0,0,0,0,0,Pickup or Panel Truck,RIVERSIDE
82154816,2023-07-28,7,12,5,possible injury,0,1,automobile right of way,head-on,no,no,no,0,0,0,0,0,0,Passenger Car/Station Wagon,ORANGE
82154817,2023-08-14,8,12,1,minor injury,0,1,unsafe speed,rear end,no,no,no,0,0,0,0,0,0,Passenger Car/Station Wagon,STANISLAUS
82154818,2023-08-12,8,8,6,minor injury,0,1,traffic signs,broadside,no,no,no,0,0,0,0,0,0,Other Bus,SONOMA
82154820,2023-08-11,8,6,5,minor injury,0,1,unsafe speed,rear end,no,no,no,0,0,0,0,0,0,Passenger Car/Station Wagon,STANISLAUS
82154821,2023-07-21,7,8,5,minor injury,0,1,automobile right of way,broadside,no,no,no,0,0,0,0,0,0,Passenger Car/Station Wagon,SAN LUIS OBISPO
82154822,2023-07-28,7,13,5,minor injury,0,1,traffic signs,broadside,no,no,no,0,0,0,0,0,0,Passenger Car/Station Wagon,SAN LUIS OBISPO
82154823,2023-07-16,7,12,7,minor injury,0,1,pedestrian right of way,vehicle/pedestrian,yes,no,no,1,0,0,0,0,0,Passenger Car/Station Wagon,STANISLAUS
82154828,2023-08-09,8,13,3,possible injury,0,1,unsafe speed,rear end,no,no,no,0,0,0,0,0,0,Passenger Car/Station Wagon,SAN LUIS OBISPO
82154831,2023-08-12,8,10,6,minor injury,0,2,automobile right of way,broadside,no,no,no,0,0,0,0,0,0,Passenger Car/Station Wagon,SAN LUIS OBISPO
82154837,2023-08-07,8,22,1,minor injury,0,2,traffic signs,broadside,no,no,no,0,0,0,0,0,0,Passenger Car/Station Wagon,RIVERSIDE
82154838,2023-08-11,8,8,5,possible injury,0,1,pedestrian violation,vehicle/pedestrian,yes,no,no,1,0,0,0,0,0,Pedestrian,SAN BERNARDINO
82154839,2023-08-08,8,16,2,possible injury,0,1,automobile right of way,broadside,no,no,no,0,0,0,0,0,0,Pickup or Panel Truck,SONOMA
82154840,2023-08-08,8,17,2,possible injury,0,1,unsafe speed,rear end,no,no,no,0,0,0,0,0,0,Pickup or Panel Truck,SONOMA
82154841,2023-08-14,8,16,1,minor injury,0,1,traffic signs,broadside,no,no,no,0,0,0,0,0,0,Passenger Car/Station Wagon,SAN BERNARDINO
82154842,2023-08-11,8,18,5,possible injury,0,1,traffic signs,broadside,no,no,no,0,0,0,0,0,0,Pickup or Panel Truck,SONOMA
82154843,2023-08-12,8,12,6,possible injury,0,2,traffic signs,broadside,no,no,no,0,0,0,0,0,0,Passenger Car/Station Wagon,SONOMA
82154846,2023-08-14,8,17,1,possible injury,0,1,unsafe speed,rear end,no,no,no,0,0,0,0,0,0,Pickup or Panel Truck,VENTURA
82154848,2023-08-04,8,18,5,minor injury,0,1,automobile right of way,broadside,no,no,no,0,0,0,0,0,0,Passenger Car/Station Wagon,SANTA CLARA
82154854,2023-08-18,8,18,5,possible injury,0,1,other hazardous violation,vehicle/pedestrian,yes,no,no,1,0,0,0,0,0,Passenger Car/Station Wagon,ORANGE
82154855,2023-08-22,8,18,2,possible injury,0,1,unsafe speed,rear end,no,no,no,0,0,0,0,0,0,Passenger Car/Station Wagon,ORANGE
82154856,2023-08-23,8,18,3,minor injury,0,1,automobile right of way,broadside,no,no,no,0,0,0,0,0,0,Passenger Car/Station Wagon,ORANGE