CASE_ID,COLLISION_DATE,MONTH,HOUR,DAY_OF_WEEK,COLLISION_SEVERITY,NUMBER_KILLED,NUMBER_INJURED,PCF_VIOL_CATEGORY,TYPE_OF_COLLISION,PEDESTRIAN_ACCIDENT,BICYCLE_ACCIDENT,MOTORCYCLE_ACCIDENT,COUNT_PED_INJURED,COUNT_BICYCLIST_INJURED,COUNT_MC_INJURED,COUNT_PED_KILLED,COUNT_BICYCLIST_KILLED,COUNT_MC_KILLED,STWD_VEHTYPE_AT_FAULT,COUNTY
82156836,2023-06-27,6,15,2,minor injury,0,2,automobile right of way,head-on,no,no,no,0,0,0,0,0,0,Passenger Car/Station Wagon,ORANGE
82156837,2023-08-15,8,9,2,possible injury,0,1,unsafe speed,rear end,no,no,no,0,0,0,0,0,0,Passenger Car/Station Wagon,SACRAMENTO
82156838,2023-08-15,8,23,2,severe injury,0,1,other hazardous violation,rear end,no,yes,no,0,1,0,0,0,0,Bicycle,SACRAMENTO
82156842,2023-08-17,8,15,4,possible injury,0,1,improper turning,sideswipe,no,no,no,0,0,0,0,0,0,Passenger Car/Station Wagon,SACRAMENTO
82156844,2023-08-17,8,20,4,minor injury,0,4,automobile right of way,broadside,no,no,no,0,0,0,0,0,0,Passenger Car/Station Wagon,SACRAMENTO
82156845,2023-08-17,8,23,4,minor injury,0,2,traffic signs,broadside,no,no,no,0,0,0,0,0,0,Passenger Car/Station Wagon,SACRAMENTO
82156846,2023-08-18,8,12,5,minor injury,0,2,automobile right of way,broadside,no,no,no,0,0,0,0,0,0,Passenger Car/Station Wagon,SACRAMENTO
82156849,2023-08-04,8,12,5,severe injury,0,1,pedestrian violation,vehicle/pedestrian,yes,no,no,1,0,0,0,0,0,Pedestrian,CONTRA COSTA
82156853,2023-08-14,8,10,1,possible injury,0,1,improper turning,hit object,no,no,no,0,0,0,0,0,0,Passenger Car/Station Wagon,CONTRA COSTA
82156861,2023-08-23,8,21,3,minor injury,0,1,pedestrian violation,vehicle/pedestrian,yes,no,no,1,0,0,0,0,0,Pedestrian,CONTRA COSTA
82156867,2023-08-10,8,10,4,possible injury,0,2,traffic signs,broadside,no,no,no,0,0,0,0,0,0,Passenger Car/Station Wagon,KERN
82156870,2023-08-15,8,14,2,possible injury,0,2,automobile right of way,broadside,no,no,no,0,0,0,0,0,0,Passenger Car/Station Wagon,KERN
82156874,2023-08-17,8,19,4,minor injury,0,2,improper turning,head-on,no,no,no,0,0,0,0,0,0,Passenger Car/Station Wagon,KERN
82156877,2023-08-19,8,22,6,possible injury,0,2,DUI,rear end,no,no,no,0,0,0,0,0,0,Passenger Car/Station Wagon,KERN
82156880,2023-08-20,8,11,7,minor injury,0,1,unsafe speed,rear end,no,no,yes,0,0,1,0,0,0,Motorcycle/Scooter,KERN
82156883,2023-08-21,8,0,1,possible injury,0,1,improper passing,sideswipe,no,no,no,0,0,0,0,0,0,Passenger Car/Station Wagon,KERN
82156886,2023-08-21,8,20,1,severe injury,0,1,pedestrian violation,vehicle/pedestrian,yes,no,no,1,0,0,0,0,0,Pedestrian,KERN
82156889,2023-08-22,8,14,2,possible injury,0,3,unsafe speed,rear end,no,no,no,0,0,0,0,0,0,Passenger Car/Station Wagon,KERN
82156891,2023-08-23,8,16,3,possible injury,0,1,unsafe speed,rear end,no,no,no,0,0,0,0,0,0,Passenger Car/Station Wagon,KERN
82156892,2023-08-08,8,20,2,possible injury,0,1,unsafe speed,rear end,no,no,no,0,0,0,0,0,0,Not Stated,KERN
82156894,2023-08-23,8,20,3,severe injury,0,6,traffic signs,broadside,no,no,no,0,0,0,0,0,0,Passenger Car/Station Wagon,KERN
82156897,2023-08-24,8,11,4,possible injury,0,1,automobile right of way,sideswipe,no,no,no,0,0,0,0,0,0,Pickup or Panel Truck with Trailer,KERN
82156899,2023-08-25,8,6,5,minor injury,0,2,unsafe speed,sideswipe,no,no,no,0,0,0,0,0,0,Passenger Car/Station Wagon,KERN
82156900,2023-08-25,8,8,5,possible injury,0,1,pedestrian right of way,vehicle/pedestrian,yes,no,no,1,0,0,0,0,0,Not Stated,KERN
82156901,2023-08-25,8,12,5,possible injury,0,2,improper turning,rear end,no,no,no,0,0,0,0,0,0,Pickup or Panel Truck,KERN
82156902,2023-08-25,8,16,5,minor injury,0,4,automobile right of way,broadside,no,no,no,0,0,0,0,0,0,Pickup or Panel Truck,KERN
82156904,2023-08-26,8,15,6,minor injury,0,3,automobile right of way,broadside,no,no,no,0,0,0,0,0,0,Passenger Car/Station Wagon,KERN
82156908,2023-08-27,8,17,7,minor injury,0,1,DUI,rear end,no,no,no,0,0,0,0,0,0,Passenger Car/Station Wagon,KERN
82156914,2023-07-25,7,10,2,possible injury,0,1,unsafe speed,rear end,no,no,no,0,0,0,0,0,0,Passenger Car/Station Wagon,CONTRA COSTA
82156915,2023-07-29,7,18,6,severe injury,0,2,DUI,hit object,no,no,no,0,0,0,0,0,0,Passenger Car/Station Wagon,CONTRA COSTA
82156916,2023-08-11,8,8,5,severe injury,0,1,wrong side of road,head-on,no,no,no,0,0,0,0,0,0,Passenger Car/Station Wagon,CONTRA COSTA
82156920,2023-08-08,8,9,2,minor injury,0,2,unknown,broadside,yes,no,no,1,0,0,0,0,0,Not Stated,LOS ANGELES
82156925,2023-08-19,8,21,6,possible injury,0,1,automobile right of way,broadside,no,no,no,0,0,0,0,0,0,Passenger Car/Station Wagon,LOS ANGELES
82156926,2023-08-25,8,22,5,possible injury,0,1,DUI,broadside,no,no,no,0,0,0,0,0,0,Passenger Car/Station Wagon,LOS ANGELES
82156927,2023-08-03,8,9,4,possible injury,0,1,unknown,broadside,no,yes,no,0,1,0,0,0,0,Not Stated,ORANGE
82156932,2023-08-19,8,16,6,minor injury,0,3,unsafe starting or backing,broadside,no,no,no,0,0,0,0,0,0,Passenger Car/Station Wagon,SAN DIEGO
82156936,2023-06-18,6,8,7,possible injury,0,1,improper turning,hit object,no,no,no,0,0,0,0,0,0,Passenger Car/Station Wagon,RIVERSIDE
82156938,2023-06-29,6,18,4,possible injury,0,1,automobile right of way,broadside,no,no,no,0,0,0,0,0,0,Passenger Car/Station Wagon,RIVERSIDE
82156939,2023-07-18,7,14,2,possible injury,0,1,improper turning,head-on,no,no,no,0,0,0,0,0,0,Passenger Car/Station Wagon,RIVERSIDE
82156945,2023-08-15,8,9,2,possible injury,0,1,automobile right of way,sideswipe,no,no,no,0,0,0,0,0,0,Passenger Car/Station Wagon,RIVERSIDE
82156946,2023-08-15,8,17,2,possible injury,0,3,unsafe speed,rear end,no,no,no,0,0,0,0,0,0,Passenger Car/Station Wagon,RIVERSIDE
82156948,2023-08-23,8,5,3,minor injury,0,2,improper turning,broadside,no,no,no,0,0,0,0,0,0,Pickup or Panel Truck,RIVERSIDE
82156952,2023-08-15,8,14,2,possible injury,0,2,improper turning,head-on,no,no,no,0,0,0,0,0,0,Pickup or Panel Truck,RIVERSIDE
82156954,2023-08-16,8,16,3,possible injury,0,2,other than driver or pedestrian,rear end,no,no,no,0,0,0,0,0,0,Not Stated,RIVERSIDE
82156955,2023-08-18,8,8,5,minor injury,0,1,pedestrian right of way,vehicle/pedestrian,yes,no,no,1,0,0,0,0,0,Passenger Car/Station Wagon,RIVERSIDE
82156960,2023-08-07,8,17,1,minor injury,0,1,automobile right of way,broadside,no,yes,no,0,1,0,0,0,0,Passenger Car/Station Wagon,RIVERSIDE
82157036,2023-08-16,8,14,3,minor injury,0,1,other hazardous violation,hit object,no,yes,no,0,1,0,0,0,0,Bicycle,ORANGE
82157050,2023-07-27,7,10,4,minor injury,0,1,unsafe speed,other,no,yes,no,0,1,0,0,0,0,Bicycle,ORANGE
82157104,2023-08-05,8,16,6,minor injury,0,1,unsafe speed,other,no,no,no,0,0,0,0,0,0,Other Vehicle,ORANGE
82157107,2023-08-05,8,17,6,severe injury,0,1,pedestrian right of way,vehicle/pedestrian,yes,no,no,1,0,0,0,0,0,Pedestrian,ORANGE
82157201,2023-08-26,8,12,6,possible injury,0,1,improper turning,sideswipe,no,no,no,0,0,0,0,0,0,Passenger Car/Station Wagon,SAN MATEO
82157205,2023-08-08,8,10,2,possible injury,0,1,unsafe speed,rear end,no,no,no,0,0,0,0,0,0,Pickup or Panel Truck,ORANGE
82157206,2023-08-07,8,12,1,minor injury,0,2,automobile right of way,broadside,no,no,no,0,0,0,0,0,0,Passenger Car/Station Wagon,ORANGE
82157215,2023-08-14,8,19,1,severe injury,0,1,automobile right of way,other,no,yes,no,0,1,0,0,0,0,Bicycle,ORANGE
82157530,2023-08-21,8,16,1,possible injury,0,1,automobile right of way,sideswipe,no,no,no,0,0,0,0,0,0,Passenger Car/Station Wagon,SAN JOAQUIN
82157782,2023-08-22,8,20,2,minor injury,0,1,automobile right of way,broadside,no,no,no,0,0,0,0,0,0,Passenger Car/Station Wagon,SAN MATEO
82157832,2023-08-19,8,9,6,minor injury,0,1,unsafe speed,rear end,no,no,no,0,0,0,0,0,0,Passenger Car/Station Wagon,SAN MATEO
82157869,2023-08-15,8,19,2,possible injury,0,2,automobile right of way,broadside,no,no,no,0,0,0,0,0,0,Passenger Car/Station Wagon,RIVERSIDE
82157879,2023-08-09,8,9,3,minor injury,0,1,improper turning,hit object,no,no,no,0,0,0,0,0,0,Passenger Car/Station Wagon,RIVERSIDE
82157880,2023-08-17,8,6,4,minor injury,0,1,following too closely,rear end,no,no,no,0,0,0,0,0,0,Passenger Car/Station Wagon,RIVERSIDE
82157882,2023-02-03,2,15,5,possible injury,0,2,DUI,rear end,no,no,no,0,0,0,0,0,0,Passenger Car/Station Wagon,RIVERSIDE
82157883,2023-02-14,2,12,2,minor injury,0,1,automobile right of way,broadside,no,no,no,0,0,0,0,0,0,Passenger Car/Station Wagon,RIVERSIDE
82157886,2023-07-22,7,6,6,possible injury,0,1,pedestrian violation,vehicle/pedestrian,yes,no,no,1,0,0,0,0,0,Pedestrian,RIVERSIDE
82157888,2023-08-16,8,20,3,minor injury,0,2,unsafe speed,hit object,no,no,no,0,0,0,0,0,0,Passenger Car/Station Wagon,RIVERSIDE
82157892,2023-08-04,8,12,5,minor injury,0,1,pedestrian right of way,vehicle/pedestrian,yes,no,no,1,0,0,0,0,0,Passenger Car/Station Wagon,SONOMA
82157901,2023-08-02,8,11,3,possible injury,0,2,automobile right of way,broadside,no,no,no,0,0,0,0,0,0,Passenger Car/Station Wagon,CONTRA COSTA
82157902,2023-08-05,8,16,6,possible injury,0,2,automobile right of way,broadside,no,no,no,0,0,0,0,0,0,Not Stated,CONTRA COSTA
82157903,2023-08-03,8,14,4,possible injury,0,1,automobile right of way,broadside,no,no,no,0,0,0,0,0,0,Passenger Car/Station Wagon,CONTRA COSTA
82157904,2023-08-12,8,16,6,possible injury,0,1,unsafe speed,head-on,no,no,no,0,0,0,0,0,0,Passenger Car/Station Wagon,CONTRA COSTA
82157910,2023-08-02,8,5,3,possible injury,0,1,traffic signs,broadside,no,no,yes,0,0,0,0,0,0,Moped,ORANGE
82157912,2023-08-13,8,16,7,minor injury,0,1,improper turning,hit object,no,no,no,0,0,0,0,0,0,Passenger Car/Station Wagon,ORANGE
82157913,2023-08-13,8,22,7,minor injury,0,1,improper turning,rear end,no,no,no,0,0,0,0,0,0,Passenger Car/Station Wagon,ORANGE
82157914,2023-08-15,8,23,2,minor injury,0,1,wrong side of road,rear end,no,yes,no,0,1,0,0,0,0,Bicycle,ORANGE
82157915,2023-08-17,8,9,4,possible injury,0,2,wrong side of road,head-on,no,no,no,0,0,0,0,0,0,Passenger Car/Station Wagon,ORANGE
82157916,2023-08-17,8,9,4,minor injury,0,1,traffic signs,broadside,no,no,no,0,0,0,0,0,0,Passenger Car/Station Wagon,ORANGE
82157919,2023-08-17,8,16,4,possible injury,0,1,DUI,hit object,no,no,no,0,0,0,0,0,0,Passenger Car/Station Wagon,ORANGE
82157924,2023-08-19,8,16,6,possible injury,0,1,unsafe speed,rear end,no,no,no,0,0,0,0,0,0,Passenger Car/Station Wagon,ORANGE
82157926,2023-08-19,8,22,6,possible injury,0,1,unsafe speed,rear end,no,no,no,0,0,0,0,0,0,Passenger Car/Station Wagon,ORANGE
82157927,2023-08-20,8,0,7,severe injury,0,1,automobile right of way,sideswipe,no,no,yes,0,0,1,0,0,0,Passenger Car/Station Wagon,ORANGE
82157931,2023-08-14,8,15,1,possible injury,0,1,automobile right of way,sideswipe,no,no,no,0,0,0,0,0,0,Pickup or Panel Truck,RIVERSIDE
82157932,2023-08-22,8,17,2,minor injury,0,1,unsafe speed,other,no,no,no,0,0,0,0,0,0,Pickup or Panel Truck,RIVERSIDE
82157938,2023-07-24,7,4,1,possible injury,0,2,traffic signs,broadside,no,no,no,0,0,0,0,0,0,Passenger Car/Station Wagon,LOS ANGELES
82157942,2023-08-06,8,7,7,severe injury,0,2,traffic signs,broadside,no,no,yes,0,0,1,0,0,0,Motorcycle/Scooter,LOS ANGELES
82157945,2023-08-10,8,6,4,possible injury,0,1,unknown,broadside,no,no,no,0,0,0,0,0,0,Not Stated,LOS ANGELES
82157946,2023-08-11,8,11,5,possible injury,0,1,unknown,rear end,no,no,no,0,0,0,0,0,0,Not Stated,LOS ANGELES
82157947,2023-08-14,8,17,1,possible injury,0,2,unsafe speed,rear end,no,no,no,0,0,0,0,0,0,Passenger Car/Station Wagon,LOS ANGELES
82157948,2023-07-10,7,16,1,possible injury,0,1,traffic signs,broadside,no,no,no,0,0,0,0,0,0,Passenger Car/Station Wagon,LOS ANGELES
82157949,2023-07-29,7,3,6,possible injury,0,1,DUI,sideswipe,no,no,no,0,0,0,0,0,0,Passenger Car/Station Wagon,LOS ANGELES
82157952,2023-08-06,8,11,7,possible injury,0,1,pedestrian violation,vehicle/pedestrian,yes,no,no,1,0,0,0,0,0,Pedestrian,LOS ANGELES
82157956,2023-08-19,8,14,6,possible injury,0,1,automobile right of way,broadside,no,no,no,0,0,0,0,0,0,Passenger Car/Station Wagon,SONOMA
82157958,2023-07-01,7,17,6,fatal injury,1,0,DUI,rear end,no,no,yes,0,0,0,0,0,1,Motorcycle/Scooter,SAN LUIS OBISPO
82157966,2023-06-02,6,7,5,severe injury,0,1,improper turning,broadside,no,yes,no,0,1,0,0,0,0,Pickup or Panel Truck,SANTA CLARA
82157968,2023-08-07,8,17,1,possible injury,0,2,traffic signs,broadside,no,no,no,0,0,0,0,0,0,Passenger Car/Station Wagon,SANTA CLARA
82157971,2023-08-22,8,9,2,severe injury,0,1,unknown,broadside,no,no,no,0,0,0,0,0,0,Not Stated,VENTURA
82157972,2023-08-24,8,21,4,minor injury,0,1,improper turning,sideswipe,no,no,no,0,0,0,0,0,0,Passenger Car/Station Wagon,VENTURA
82157973,2023-08-25,8,11,5,possible injury,0,1,automobile right of way,broadside,no,no,no,0,0,0,0,0,0,Passenger Car/Station Wagon,VENTURA
82157974,2023-08-25,8,15,5,possible injury,0,1,unsafe speed,rear end,no,no,no,0,0,0,0,0,0,Passenger Car/Station Wagon,VENTURA
82157976,2023-08-28,8,7,1,minor injury,0,1,automobile right of way,broadside,no,yes,no,0,1,0,0,0,0,Passenger Car/Station Wagon,VENTURA
82157977,2023-08-28,8,8,1,possible injury,0,1,unsafe starting or backing,rear end,no,no,no,0,0,0,0,0,0,Passenger Car/Station Wagon,VENTURA
82157982,2023-06-06,6,20,2,possible injury,0,1,improper turning,broadside,no,no,no,0,0,0,0,0,0,Passenger Car/Station Wagon,ORANGE
82157986,2023-08-14,8,15,1,minor injury,0,1,traffic signs,broadside,no,no,no,0,0,0,0,0,0,Passenger Car/Station Wagon,ORANGE
82157988,2023-08-21,8,21,1,possible injury,0,1,automobile right of way,head-on,no,no,no,0,0,0,0,0,0,Passenger Car/Station Wagon,ORANGE
82157991,2023-08-24,8,18,4,possible injury,0,2,unsafe speed,rear end,no,no,no,0,0,0,0,0,0,Passenger Car/Station Wagon,ORANGE
82157992,2023-08-25,8,14,5,possible injury,0,2,automobile right of way,broadside,no,no,no,0,0,0,0,0,0,Passenger Car/Station Wagon,ORANGE
82157998,2023-08-27,8,11,7,possible injury,0,1,DUI,broadside,no,no,no,0,0,0,0,0,0,Passenger Car/Station Wagon,ORANGE
82157999,2023-08-27,8,21,7,possible injury,0,3,unsafe speed,rear end,no,no,no,0,0,0,0,0,0,Pickup or Panel Truck,ORANGE
82158001,2023-07-01,7,23,6,minor injury,0,1,DUI,broadside,no,no,no,0,0,0,0,0,0,Passenger Car/Station Wagon,RIVERSIDE
82158002,2023-07-26,7,0,3,minor injury,0,1,improper turning,hit object,no,no,no,0,0,0,0,0,0,Passenger Car/Station Wagon,RIVERSIDE
82158003,2023-08-22,8,17,2,minor injury,0,1,automobile right of way,broadside,no,no,yes,0,0,1,0,0,0,Passenger Car/Station Wagon,RIVERSIDE
82158008,2023-08-02,8,9,3,minor injury,0,1,improper turning,rear end,no,yes,no,0,1,0,0,0,0,Bicycle,SAN BERNARDINO
82158010,2023-08-03,8,12,4,possible injury,0,1,automobile right of way,broadside,no,no,no,0,0,0,0,0,0,Passenger Car/Station Wagon,SAN BERNARDINO
82158011,2023-08-04,8,8,5,possible injury,0,2,traffic signs,head-on,no,no,no,0,0,0,0,0,0,Passenger Car/Station Wagon,SAN BERNARDINO
82158013,2023-08-11,8,7,5,possible injury,0,1,automobile right of way,broadside,no,no,no,0,0,0,0,0,0,Passenger Car/Station Wagon,SAN BERNARDINO
82158014,2023-08-12,8,18,6,minor injury,0,2,traffic signs,broadside,no,no,no,0,0,0,0,0,0,Passenger Car/Station Wagon,SAN BERNARDINO
82158015,2023-08-13,8,14,7,minor injury,0,2,traffic signs,broadside,no,no,no,0,0,0,0,0,0,Passenger Car/Station Wagon,SAN BERNARDINO
82158016,2023-08-17,8,8,4,minor injury,0,1,unsafe speed,rear end,no,no,no,0,0,0,0,0,0,Not Stated,SAN BERNARDINO
82158018,2023-08-23,8,12,3,minor injury,0,2,automobile right of way,broadside,no,no,no,0,0,0,0,0,0,Passenger Car/Station Wagon,SAN BERNARDINO
82158019,2023-06-28,6,8,3,possible injury,0,1,other than driver or pedestrian,hit object,no,no,no,0,0,0,0,0,0,Not Stated,RIVERSIDE
82158020,2023-07-03,7,23,1,severe injury,0,1,unknown,vehicle/pedestrian,yes,no,no,1,0,0,0,0,0,Not Stated,RIVERSIDE
82158021,2023-07-21,7,10,5,possible injury,0,1,pedestrian right of way,vehicle/pedestrian,yes,no,no,1,0,0,0,0,0,Pickup or Panel Truck,RIVERSIDE
82158022,2023-07-28,7,22,5,minor injury,0,1,unsafe speed,overturned,no,no,yes,0,0,1,0,0,0,Motorcycle/Scooter,RIVERSIDE
82158024,2023-08-11,8,0,5,possible injury,0,1,DUI,hit object,no,no,no,0,0,0,0,0,0,Passenger Car/Station Wagon,RIVERSIDE
82158025,2023-08-11,8,9,5,minor injury,0,3,traffic signs,broadside,no,no,no,0,0,0,0,0,0,Passenger Car/Station Wagon,RIVERSIDE
82158027,2023-07-01,7,17,6,minor injury,0,1,pedestrian right of way,broadside,no,yes,no,0,1,0,0,0,0,Passenger Car/Station Wagon,SACRAMENTO
82158030,2023-03-23,3,11,4,possible injury,0,1,traffic signs,head-on,no,no,no,0,0,0,0,0,0,Passenger Car/Station Wagon,ORANGE
82158031,2023-08-17,8,14,4,minor injury,0,3,traffic signs,broadside,no,no,no,0,0,0,0,0,0,Passenger Car/Station Wagon,SACRAMENTO
82158032,2023-06-10,6,6,6,minor injury,0,1,traffic signs,broadside,no,no,no,0,0,0,0,0,0,Passenger Car/Station Wagon,ORANGE
82158033,2023-06-22,6,18,4,possible injury,0,2,traffic signs,sideswipe,no,no,no,0,0,0,0,0,0,Passenger Car/Station Wagon,ORANGE
82158035,2023-08-18,8,13,5,possible injury,0,2,automobile right of way,broadside,no,no,no,0,0,0,0,0,0,Passenger Car/Station Wagon,SACRAMENTO
82158036,2023-08-18,8,16,5,minor injury,0,1,improper turning,overturned,no,no,no,0,0,0,0,0,0,Passenger Car/Station Wagon,SACRAMENTO
82158037,2023-08-18,8,17,5,minor injury,0,1,automobile right of way,sideswipe,no,yes,no,0,1,0,0,0,0,Bicycle,SACRAMENTO
82158038,2023-08-18,8,19,5,severe injury,0,4,traffic signs,broadside,no,no,no,0,0,0,0,0,0,Passenger Car/Station Wagon,SACRAMENTO
82158039,2023-07-02,7,16,7,minor injury,0,1,automobile right of way,broadside,no,no,no,0,0,0,0,0,0,Not Stated,ORANGE
82158041,2023-08-19,8,13,6,minor injury,0,3,automobile right of way,broadside,no,no,no,0,0,0,0,0,0,Passenger Car/Station Wagon,SACRAMENTO
82158043,2023-07-16,7,10,7,minor injury,0,2,automobile right of way,broadside,no,no,no,0,0,0,0,0,0,Passenger Car/Station Wagon,ORANGE
82158047,2023-08-23,8,17,3,possible injury,0,2,unsafe speed,rear end,no,no,no,0,0,0,0,0,0,Passenger Car/Station Wagon,CONTRA COSTA
82158048,2023-03-07,3,20,2,minor injury,0,1,unsafe speed,hit object,no,no,yes,0,0,1,0,0,0,Not Stated,SACRAMENTO
82158050,2023-07-12,7,13,3,severe injury,0,1,unsafe speed,rear end,no,no,yes,0,0,1,0,0,0,Motorcycle/Scooter,KERN
82158051,2023-07-31,7,4,1,minor injury,0,1,unsafe speed,hit object,no,no,no,0,0,0,0,0,0,Passenger Car/Station Wagon,RIVERSIDE
82158054,2023-08-16,8,13,3,possible injury,0,1,automobile right of way,broadside,no,no,no,0,0,0,0,0,0,Passenger Car/Station Wagon,RIVERSIDE
82158055,2023-08-17,8,22,4,possible injury,0,1,traffic signs,head-on,no,no,no,0,0,0,0,0,0,Passenger Car/Station Wagon,RIVERSIDE
82158059,2023-08-25,8,18,5,possible injury,0,1,unsafe speed,rear end,no,no,no,0,0,0,0,0,0,Passenger Car/Station Wagon,KERN
82158060,2023-08-25,8,20,5,minor injury,0,1,wrong side of road,broadside,no,yes,no,0,1,0,0,0,0,Bicycle,KERN
82158062,2023-08-29,8,7,2,minor injury,0,1,pedestrian violation,vehicle/pedestrian,yes,no,no,1,0,0,0,0,0,Pedestrian,KERN
82158065,2023-08-28,8,8,1,possible injury,0,2,traffic signs,broadside,no,no,no,0,0,0,0,0,0,Passenger Car/Station Wagon,ALAMEDA
82158068,2023-08-04,8,9,5,minor injury,0,1,unsafe speed,rear end,no,no,no,0,0,0,0,0,0,Pickup or Panel Truck,ALAMEDA
82158069,2023-08-05,8,17,6,possible injury,0,1,DUI,hit object,no,no,no,0,0,0,0,0,0,Passenger Car/Station Wagon,ALAMEDA
82158070,2023-08-05,8,13,6,minor injury,0,4,improper turning,sideswipe,no,no,no,0,0,0,0,0,0,Passenger Car/Station Wagon,ALAMEDA
82158071,2023-08-09,8,17,3,possible injury,0,1,improper turning,rear end,no,no,no,0,0,0,0,0,0,Passenger Car/Station Wagon,ALAMEDA
82158072,2023-08-19,8,9,6,minor injury,0,1,other than driver or pedestrian,broadside,no,no,no,0,0,0,0,0,0,Not Stated,LOS ANGELES
82158073,2023-08-12,8,14,6,minor injury,0,1,unsafe speed,overturned,no,no,yes,0,0,1,0,0,0,Motorcycle/Scooter,ALAMEDA
82158076,2023-06-14,6,23,3,possible injury,0,1,unsafe speed,hit object,no,no,no,0,0,0,0,0,0,Passenger Car/Station Wagon,SOLANO
82158079,2023-06-16,6,8,5,minor injury,0,1,pedestrian right of way,broadside,no,yes,no,0,1,0,0,0,0,Passenger Car/Station Wagon,SOLANO
82158081,2023-08-23,8,7,3,minor injury,0,2,traffic signs,vehicle/pedestrian,yes,no,no,2,0,0,0,0,0,Passenger Car/Station Wagon,LOS ANGELES
82158082,2023-06-18,6,20,7,possible injury,0,2,improper turning,broadside,no,no,no,0,0,0,0,0,0,Passenger Car/Station Wagon,SOLANO
82158083,2023-08-22,8,17,2,minor injury,0,1,automobile right of way,broadside,no,yes,no,0,1,0,0,0,0,Passenger Car/Station Wagon,ALAMEDA
82158086,2023-08-25,8,20,5,severe injury,0,1,automobile right of way,broadside,no,no,no,0,0,0,0,0,0,Passenger Car/Station Wagon,LOS ANGELES
82158089,2023-06-25,6,0,7,minor injury,0,1,DUI,sideswipe,no,no,no,0,0,0,0,0,0,Passenger Car/Station Wagon,SOLANO
82158091,2023-08-26,8,23,6,possible injury,0,2,improper turning,head-on,no,no,no,0,0,0,0,0,0,Passenger Car/Station Wagon,LOS ANGELES
82158097,2023-06-30,6,17,5,possible injury,0,1,unsafe speed,rear end,no,no,no,0,0,0,0,0,0,Passenger Car/Station Wagon,SOLANO
82158102,2023-08-09,8,17,3,minor injury,0,1,improper turning,hit object,no,no,no,0,0,0,0,0,0,Passenger Car/Station Wagon,ORANGE
82158103,2023-07-04,7,18,2,minor injury,0,1,traffic signs,broadside,no,no,no,0,0,0,0,0,0,Passenger Car/Station Wagon,SAN DIEGO
82158105,2023-08-02,8,14,3,possible injury,0,2,automobile right of way,broadside,no,no,no,0,0,0,0,0,0,Passenger Car/Station Wagon,SAN DIEGO
82158106,2023-08-06,8,12,7,minor injury,0,1,improper turning,rear end,no,yes,no,0,1,0,0,0,0,Bicycle,SAN DIEGO
82158111,2023-07-22,7,16,6,possible injury,0,1,improper turning,broadside,no,yes,no,0,1,0,0,0,0,Bicycle,RIVERSIDE
82158112,2023-07-23,7,16,7,possible injury,0,1,unsafe speed,rear end,no,no,no,0,0,0,0,0,0,Passenger Car/Station Wagon,RIVERSIDE
82158114,2023-07-25,7,12,2,minor injury,0,1,other than driver or pedestrian,head-on,no,no,no,0,0,0,0,0,0,Not Stated,RIVERSIDE
82158118,2023-08-27,8,12,7,possible injury,0,1,automobile right of way,broadside,no,no,no,0,0,0,0,0,0,Passenger Car/Station Wagon,RIVERSIDE
82158239,2023-08-29,8,12,2,possible injury,0,3,automobile right of way,head-on,no,no,no,0,0,0,0,0,0,Passenger Car/Station Wagon,SAN JOAQUIN
82158288,2023-06-30,6,8,5,minor injury,0,1,unsafe speed,rear end,no,no,no,0,0,0,0,0,0,Other Bus,SANTA CLARA
82158335,2023-08-18,8,15,5,minor injury,0,1,improper turning,broadside,no,no,no,0,0,0,0,0,0,Passenger Car/Station Wagon,KERN
82158500,2023-08-10,8,15,4,minor injury,0,1,unsafe speed,rear end,no,no,no,0,0,0,0,0,0,Pickup or Panel Truck,SACRAMENTO
82158683,2023-08-05,8,9,6,minor injury,0,1,automobile right of way,head-on,no,no,no,0,0,0,0,0,0,Passenger Car/Station Wagon,SACRAMENTO
82158684,2023-08-14,8,22,1,minor injury,0,1,wrong side of road,vehicle/pedestrian,yes,no,no,1,0,0,0,0,0,Pedestrian,SACRAMENTO
82158685,2023-08-11,8,16,5,possible injury,0,1,unsafe speed,rear end,no,no,no,0,0,0,0,0,0,Passenger Car/Station Wagon,SACRAMENTO
82158786,2023-08-16,8,16,3,minor injury,0,2,automobile right of way,broadside,no,no,no,0,0,0,0,0,0,Passenger Car/Station Wagon,KERN
82158787,2023-08-22,8,17,2,minor injury,0,1,traffic signs,broadside,no,no,no,0,0,0,0,0,0,Not Stated,ORANGE
82158829,2023-08-20,8,9,7,minor injury,0,2,other than driver or pedestrian,broadside,no,no,no,0,0,0,0,0,0,Not Stated,ORANGE
82158861,2023-06-18,6,14,7,minor injury,0,1,automobile right of way,sideswipe,no,yes,no,0,1,0,0,0,0,Passenger Car/Station Wagon,SACRAMENTO
82158941,2023-08-16,8,8,3,possible injury,0,2,automobile right of way,broadside,no,no,no,0,0,0,0,0,0,Passenger Car/Station Wagon,SOLANO
82159022,2023-07-12,7,15,3,fatal injury,1,1,DUI,broadside,no,no,no,0,0,0,0,0,0,Passenger Car/Station Wagon,RIVERSIDE