CASE_ID,COLLISION_DATE,MONTH,HOUR,DAY_OF_WEEK,COLLISION_SEVERITY,NUMBER_KILLED,NUMBER_INJURED,PCF_VIOL_CATEGORY,TYPE_OF_COLLISION,PEDESTRIAN_ACCIDENT,BICYCLE_ACCIDENT,MOTORCYCLE_ACCIDENT,COUNT_PED_INJURED,COUNT_BICYCLIST_INJURED,COUNT_MC_INJURED,COUNT_PED_KILLED,COUNT_BICYCLIST_KILLED,COUNT_MC_KILLED,STWD_VEHTYPE_AT_FAULT,COUNTY
82174468,2023-09-07,9,7,4,severe injury,0,3,pedestrian right of way,vehicle/pedestrian,yes,no,no,3,0,0,0,0,0,Passenger Car/Station Wagon,FRESNO
82174471,2023-09-07,9,16,4,possible injury,0,2,unsafe speed,rear end,no,no,no,0,0,0,0,0,0,Passenger Car/Station Wagon,FRESNO
82174473,2023-09-08,9,7,5,possible injury,0,1,traffic signs,broadside,no,no,no,0,0,0,0,0,0,Passenger Car/Station Wagon,FRESNO
82174474,2023-09-08,9,7,5,minor injury,0,2,unsafe speed,rear end,no,no,no,0,0,0,0,0,0,Emergency Vehicle,FRESNO
82174481,2023-09-10,9,2,7,minor injury,0,1,unsafe speed,vehicle/pedestrian,yes,no,no,1,0,0,0,0,0,Passenger Car/Station Wagon,FRESNO
82174483,2023-09-10,9,20,7,severe injury,0,1,improper turning,other,no,yes,no,0,1,0,0,0,0,Bicycle,FRESNO
82174486,2023-09-11,9,11,1,possible injury,0,1,other than driver or pedestrian,hit object,no,no,no,0,0,0,0,0,0,Not Stated,FRESNO
82174488,2023-09-11,9,12,1,possible injury,0,1,unsafe speed,rear end,no,no,no,0,0,0,0,0,0,Passenger Car/Station Wagon,FRESNO
82174490,2023-09-11,9,14,1,possible injury,0,1,unsafe speed,rear end,no,no,no,0,0,0,0,0,0,Passenger Car/Station Wagon,FRESNO
82174493,2023-09-11,9,13,1,possible injury,0,1,automobile right of way,broadside,no,no,no,0,0,0,0,0,0,Emergency Vehicle,FRESNO
82174494,2023-09-12,9,14,2,possible injury,0,4,automobile right of way,broadside,no,no,no,0,0,0,0,0,0,Passenger Car/Station Wagon,FRESNO
82174495,2023-09-13,9,7,3,possible injury,0,1,traffic signs,broadside,no,no,no,0,0,0,0,0,0,Passenger Car/Station Wagon,FRESNO
82174497,2023-09-13,9,13,3,possible injury,0,2,unsafe lane change,rear end,no,no,no,0,0,0,0,0,0,Passenger Car/Station Wagon,FRESNO
82174498,2023-09-13,9,13,3,possible injury,0,1,automobile right of way,sideswipe,no,no,no,0,0,0,0,0,0,Passenger Car/Station Wagon,FRESNO
82174503,2023-09-14,9,9,4,minor injury,0,2,traffic signs,broadside,no,no,no,0,0,0,0,0,0,Passenger Car/Station Wagon,FRESNO
82174505,2023-09-15,9,11,5,minor injury,0,1,automobile right of way,broadside,no,yes,no,0,1,0,0,0,0,Passenger Car/Station Wagon,FRESNO
82174509,2023-09-17,9,5,7,severe injury,0,2,unsafe lane change,head-on,no,no,no,0,0,0,0,0,0,Passenger Car/Station Wagon,FRESNO
82174513,2023-09-12,9,15,2,possible injury,0,1,improper turning,head-on,no,no,no,0,0,0,0,0,0,Pickup or Panel Truck,KERN
82174514,2023-09-15,9,10,5,possible injury,0,1,traffic signs,broadside,no,no,no,0,0,0,0,0,0,Passenger Car/Station Wagon,KERN
82174516,2023-09-17,9,2,7,possible injury,0,1,DUI,rear end,no,no,no,0,0,0,0,0,0,Passenger Car/Station Wagon,KERN
82174520,2023-09-18,9,8,1,minor injury,0,1,other than driver or pedestrian,head-on,no,no,no,0,0,0,0,0,0,Not Stated,LOS ANGELES
82174522,2023-09-18,9,15,1,possible injury,0,1,traffic signs,broadside,no,no,no,0,0,0,0,0,0,Passenger Car/Station Wagon,LOS ANGELES
82174523,2023-09-19,9,12,2,possible injury,0,1,automobile right of way,head-on,no,no,no,0,0,0,0,0,0,Passenger Car/Station Wagon,LOS ANGELES
82174524,2023-08-16,8,16,3,possible injury,0,1,pedestrian right of way,vehicle/pedestrian,yes,no,no,1,0,0,0,0,0,Passenger Car/Station Wagon,RIVERSIDE
82174526,2023-08-22,8,22,2,minor injury,0,2,traffic signs,broadside,no,no,no,0,0,0,0,0,0,Passenger Car/Station Wagon,SANTA BARBARA
82174527,2023-08-26,8,14,6,possible injury,0,1,unsafe speed,rear end,no,no,no,0,0,0,0,0,0,Passenger Car/Station Wagon,SANTA BARBARA
82174529,2023-08-31,8,21,4,minor injury,0,1,wrong side of road,head-on,no,no,no,0,0,0,0,0,0,Truck or Truck Tractor,SANTA BARBARA
82174532,2023-08-14,8,12,1,minor injury,0,1,following too closely,rear end,no,no,yes,0,0,1,0,0,0,Passenger Car/Station Wagon,STANISLAUS
82174533,2023-08-20,8,21,7,possible injury,0,1,improper turning,sideswipe,no,no,no,0,0,0,0,0,0,Passenger Car/Station Wagon,STANISLAUS
82174535,2023-08-30,8,16,3,possible injury,0,2,automobile right of way,broadside,no,no,no,0,0,0,0,0,0,Other Bus,STANISLAUS
82174536,2023-08-30,8,18,3,minor injury,0,2,automobile right of way,broadside,no,no,no,0,0,0,0,0,0,Passenger Car/Station Wagon,STANISLAUS
82174537,2023-09-01,9,15,5,minor injury,0,1,traffic signs,broadside,no,no,no,0,0,0,0,0,0,Pickup or Panel Truck,STANISLAUS
82174538,2023-09-03,9,11,7,possible injury,0,1,pedestrian violation,vehicle/pedestrian,yes,no,no,1,0,0,0,0,0,Pedestrian,STANISLAUS
82174539,2023-09-05,9,17,2,minor injury,0,3,traffic signs,broadside,no,no,no,0,0,0,0,0,0,Passenger Car/Station Wagon,STANISLAUS
82174543,2023-09-06,9,11,3,possible injury,0,1,traffic signs,broadside,no,no,no,0,0,0,0,0,0,Not Stated,STANISLAUS
82174544,2023-09-06,9,20,3,minor injury,0,3,unknown,broadside,no,no,no,0,0,0,0,0,0,Passenger Car/Station Wagon,STANISLAUS
82174545,2023-09-07,9,16,4,minor injury,0,1,automobile right of way,broadside,no,no,yes,0,0,1,0,0,0,Pickup or Panel Truck,STANISLAUS
82174546,2023-09-08,9,15,5,possible injury,0,3,unsafe speed,rear end,no,no,no,0,0,0,0,0,0,Passenger Car/Station Wagon,STANISLAUS
82174547,2023-09-11,9,7,1,possible injury,0,1,automobile right of way,broadside,no,no,no,0,0,0,0,0,0,Passenger Car/Station Wagon,STANISLAUS
82174549,2023-09-12,9,6,2,minor injury,0,1,improper turning,hit object,no,no,no,0,0,0,0,0,0,Passenger Car/Station Wagon,STANISLAUS
82174550,2023-09-15,9,8,5,possible injury,0,1,automobile right of way,broadside,no,yes,no,0,1,0,0,0,0,Passenger Car/Station Wagon,STANISLAUS
82174551,2023-09-15,9,17,5,possible injury,0,1,automobile right of way,broadside,no,no,no,0,0,0,0,0,0,Passenger Car/Station Wagon,STANISLAUS
82174552,2023-09-17,9,10,7,possible injury,0,1,automobile right of way,sideswipe,no,no,no,0,0,0,0,0,0,Passenger Car/Station Wagon,STANISLAUS
82174554,2023-09-17,9,13,7,possible injury,0,1,unsafe speed,rear end,no,no,no,0,0,0,0,0,0,Passenger Car/Station Wagon,STANISLAUS
82174556,2023-09-18,9,16,1,possible injury,0,3,automobile right of way,broadside,no,no,no,0,0,0,0,0,0,Passenger Car/Station Wagon,STANISLAUS
82174557,2023-09-15,9,14,5,minor injury,0,1,traffic signs,broadside,no,no,no,0,0,0,0,0,0,Not Stated,STANISLAUS
82174560,2023-09-12,9,17,2,minor injury,0,2,automobile right of way,broadside,no,no,no,0,0,0,0,0,0,Passenger Car/Station Wagon,RIVERSIDE
82174561,2023-09-13,9,17,3,possible injury,0,1,traffic signs,broadside,no,no,yes,0,0,1,0,0,0,Motorcycle/Scooter,RIVERSIDE
82174623,2023-09-04,9,19,1,minor injury,0,3,automobile right of way,broadside,no,no,no,0,0,0,0,0,0,Passenger Car/Station Wagon,ORANGE
82174745,2023-08-09,8,14,3,minor injury,0,2,traffic signs,broadside,no,no,no,0,0,0,0,0,0,Not Stated,CONTRA COSTA
82174949,2023-04-02,4,1,7,minor injury,0,1,DUI,rear end,no,no,no,0,0,0,0,0,0,Passenger Car/Station Wagon,CONTRA COSTA
82174953,2023-03-31,3,20,5,minor injury,0,1,wrong side of road,broadside,no,yes,no,0,1,0,0,0,0,Not Stated,CONTRA COSTA
82175168,2023-09-10,9,16,7,minor injury,0,1,unsafe speed,rear end,no,no,no,0,0,0,0,0,0,Passenger Car/Station Wagon,HUMBOLDT
82175191,2023-08-16,8,18,3,minor injury,0,1,following too closely,rear end,no,no,no,0,0,0,0,0,0,Passenger Car/Station Wagon,CONTRA COSTA
82175240,2023-08-10,8,17,4,possible injury,0,1,following too closely,rear end,no,no,no,0,0,0,0,0,0,Passenger Car/Station Wagon,CONTRA COSTA
82175251,2023-08-17,8,16,4,minor injury,0,1,automobile right of way,broadside,no,no,no,0,0,0,0,0,0,Passenger Car/Station Wagon,KERN
82175252,2023-08-25,8,17,5,minor injury,0,1,pedestrian right of way,vehicle/pedestrian,yes,no,no,1,0,0,0,0,0,Passenger Car/Station Wagon,SAN MATEO
82175337,2023-09-02,9,21,6,minor injury,0,4,automobile right of way,broadside,no,no,no,0,0,0,0,0,0,Passenger Car/Station Wagon,KERN
82175344,2023-07-19,7,19,3,possible injury,0,1,improper passing,sideswipe,no,no,no,0,0,0,0,0,0,Passenger Car/Station Wagon,CONTRA COSTA
82175359,2023-09-14,9,11,4,severe injury,0,1,automobile right of way,broadside,no,no,yes,0,0,1,0,0,0,Passenger Car/Station Wagon,HUMBOLDT
82175481,2023-09-06,9,19,3,possible injury,0,1,unsafe speed,rear end,no,no,no,0,0,0,0,0,0,Passenger Car/Station Wagon,SONOMA
82175482,2023-09-14,9,16,4,minor injury,0,1,automobile right of way,broadside,no,no,no,0,0,0,0,0,0,Passenger Car/Station Wagon,SONOMA
82175483,2023-09-15,9,13,5,possible injury,0,1,automobile right of way,head-on,no,no,no,0,0,0,0,0,0,Passenger Car/Station Wagon,SONOMA
82175485,2023-09-17,9,16,7,minor injury,0,1,traffic signs,broadside,no,yes,no,0,1,0,0,0,0,Bicycle,SONOMA
82175486,2023-09-08,9,22,5,possible injury,0,2,unsafe speed,rear end,no,no,no,0,0,0,0,0,0,Passenger Car/Station Wagon,ORANGE
82175487,2023-09-15,9,19,5,possible injury,0,2,other hazardous violation,broadside,no,no,no,0,0,0,0,0,0,Passenger Car/Station Wagon,ORANGE
82175488,2023-09-19,9,12,2,possible injury,0,1,improper turning,broadside,no,no,no,0,0,0,0,0,0,Truck or Truck Tractor,ORANGE
82175489,2023-09-19,9,21,2,minor injury,0,1,pedestrian right of way,vehicle/pedestrian,yes,no,no,1,0,0,0,0,0,Pickup or Panel Truck,ORANGE
82175491,2023-09-17,9,19,7,possible injury,0,1,DUI,hit object,no,no,no,0,0,0,0,0,0,Passenger Car/Station Wagon,RIVERSIDE
82175494,2023-09-04,9,23,1,possible injury,0,2,automobile right of way,broadside,no,no,no,0,0,0,0,0,0,Passenger Car/Station Wagon,ORANGE
82175495,2023-09-05,9,14,2,minor injury,0,2,automobile right of way,sideswipe,no,no,no,0,0,0,0,0,0,Passenger Car/Station Wagon,ORANGE
82175498,2023-09-06,9,14,3,minor injury,0,2,unsafe speed,rear end,no,no,no,0,0,0,0,0,0,Passenger Car/Station Wagon,ORANGE
82175499,2023-09-06,9,15,3,minor injury,0,1,traffic signs,broadside,no,no,no,0,0,0,0,0,0,Pickup or Panel Truck,ORANGE
82175502,2023-09-07,9,14,4,possible injury,0,1,unsafe speed,rear end,no,no,no,0,0,0,0,0,0,Passenger Car/Station Wagon,ORANGE
82175503,2023-09-07,9,15,4,minor injury,0,2,unsafe speed,rear end,no,no,no,0,0,0,0,0,0,Passenger Car/Station Wagon,ORANGE
82175505,2023-09-08,9,0,5,minor injury,0,1,automobile right of way,broadside,no,no,no,0,0,0,0,0,0,Passenger Car/Station Wagon,ORANGE
82175507,2023-09-08,9,12,5,possible injury,0,1,unsafe speed,rear end,no,no,no,0,0,0,0,0,0,Pickup or Panel Truck,ORANGE
82175509,2023-09-08,9,17,5,minor injury,0,3,unsafe speed,rear end,no,no,no,0,0,0,0,0,0,Pickup or Panel Truck,ORANGE
82175512,2023-09-09,9,22,6,minor injury,0,2,improper turning,broadside,no,no,no,0,0,0,0,0,0,Passenger Car/Station Wagon,ORANGE
82175517,2023-09-10,9,16,7,possible injury,0,1,improper turning,rear end,no,no,no,0,0,0,0,0,0,Passenger Car/Station Wagon,ORANGE
82175520,2023-09-12,9,2,2,minor injury,0,1,DUI,sideswipe,no,no,no,0,0,0,0,0,0,Passenger Car/Station Wagon,ORANGE
82175521,2023-09-12,9,12,2,possible injury,0,1,unsafe lane change,sideswipe,no,no,no,0,0,0,0,0,0,Passenger Car/Station Wagon,ORANGE
82175522,2023-09-12,9,12,2,possible injury,0,1,unsafe lane change,sideswipe,no,no,no,0,0,0,0,0,0,Passenger Car/Station Wagon,ORANGE
82175523,2023-09-12,9,15,2,possible injury,0,1,unsafe speed,rear end,no,no,no,0,0,0,0,0,0,Passenger Car/Station Wagon,ORANGE
82175524,2023-09-12,9,21,2,possible injury,0,1,improper turning,hit object,no,no,no,0,0,0,0,0,0,Passenger Car/Station Wagon,ORANGE
82175526,2023-09-11,9,13,1,possible injury,0,1,automobile right of way,head-on,no,no,no,0,0,0,0,0,0,Passenger Car/Station Wagon,ORANGE
82175528,2023-08-27,8,18,7,minor injury,0,3,automobile right of way,rear end,no,no,no,0,0,0,0,0,0,Passenger Car/Station Wagon,LOS ANGELES
82175530,2023-08-30,8,22,3,possible injury,0,4,improper turning,sideswipe,no,no,no,0,0,0,0,0,0,Passenger Car/Station Wagon,LOS ANGELES
82175532,2023-08-30,8,20,3,possible injury,0,1,traffic signs,broadside,no,no,no,0,0,0,0,0,0,Passenger Car/Station Wagon,LOS ANGELES
82175534,2023-08-26,8,17,6,possible injury,0,1,unsafe starting or backing,broadside,no,no,no,0,0,0,0,0,0,Passenger Car/Station Wagon,CONTRA COSTA
82175537,2023-09-05,9,21,2,possible injury,0,1,unsafe starting or backing,vehicle/pedestrian,yes,no,no,1,0,0,0,0,0,Passenger Car/Station Wagon,LOS ANGELES
82175538,2023-09-04,9,14,1,possible injury,0,1,unsafe speed,rear end,no,no,no,0,0,0,0,0,0,Passenger Car/Station Wagon,MONTEREY
82175539,2023-09-08,9,14,5,minor injury,0,2,traffic signs,broadside,no,no,no,0,0,0,0,0,0,Passenger Car/Station Wagon,LOS ANGELES
82175540,2023-09-09,9,8,6,possible injury,0,2,unsafe lane change,broadside,no,no,no,0,0,0,0,0,0,Passenger Car/Station Wagon,LOS ANGELES
82175541,2023-09-13,9,12,3,possible injury,0,1,unsafe speed,rear end,no,no,no,0,0,0,0,0,0,Pickup or Panel Truck,LOS ANGELES
82175543,2023-07-09,7,16,7,minor injury,0,1,pedestrian right of way,vehicle/pedestrian,yes,no,no,1,0,0,0,0,0,Passenger Car/Station Wagon,SANTA CLARA
82175546,2023-09-06,9,21,3,minor injury,0,1,DUI,sideswipe,no,no,no,0,0,0,0,0,0,Passenger Car/Station Wagon,LOS ANGELES
82175548,2023-09-11,9,16,1,minor injury,0,2,automobile right of way,broadside,no,no,no,0,0,0,0,0,0,Passenger Car/Station Wagon,LOS ANGELES
82175549,2023-05-20,5,21,6,severe injury,0,1,other than driver or pedestrian,overturned,no,no,yes,0,0,1,0,0,0,Not Stated,SANTA CLARA
82175551,2023-09-17,9,16,7,possible injury,0,1,pedestrian right of way,vehicle/pedestrian,yes,no,no,1,0,0,0,0,0,Not Stated,ORANGE
82175557,2023-08-25,8,12,5,possible injury,0,3,wrong side of road,head-on,no,no,no,0,0,0,0,0,0,Passenger Car/Station Wagon,SANTA CLARA
82175559,2023-09-16,9,23,6,minor injury,0,1,wrong side of road,vehicle/pedestrian,yes,yes,no,1,0,0,0,0,0,Bicycle,SANTA CLARA
82175561,2023-09-15,9,14,5,minor injury,0,1,unknown,broadside,no,yes,no,0,1,0,0,0,0,Not Stated,SANTA CLARA
82175562,2023-09-20,9,9,3,minor injury,0,1,other hazardous violation,other,no,yes,no,0,1,0,0,0,0,Passenger Car/Station Wagon,SANTA CLARA
82175563,2023-09-20,9,8,3,possible injury,0,1,traffic signs,broadside,no,no,no,0,0,0,0,0,0,Passenger Car/Station Wagon,SANTA CLARA
82175564,2023-08-08,8,0,2,possible injury,0,1,unsafe speed,rear end,no,no,no,0,0,0,0,0,0,Passenger Car/Station Wagon,SACRAMENTO
82175566,2023-09-03,9,14,7,possible injury,0,3,DUI,rear end,no,no,no,0,0,0,0,0,0,Pickup or Panel Truck,RIVERSIDE
82175569,2023-08-24,8,11,4,minor injury,0,3,other than driver or pedestrian,hit object,no,no,no,0,0,0,0,0,0,Not Stated,VENTURA
82175571,2023-08-31,8,6,4,possible injury,0,1,automobile right of way,other,no,no,no,0,0,0,0,0,0,Passenger Car/Station Wagon,VENTURA
82175574,2023-09-03,9,20,7,possible injury,0,1,DUI,unknown,no,no,no,0,0,0,0,0,0,Pickup or Panel Truck,VENTURA
82175578,2023-08-15,8,13,2,severe injury,0,1,unsafe starting or backing,other,no,yes,no,0,1,0,0,0,0,Passenger Car/Station Wagon,LOS ANGELES
82175580,2023-08-17,8,6,4,possible injury,0,1,traffic signs,broadside,no,no,no,0,0,0,0,0,0,Passenger Car/Station Wagon,LOS ANGELES
82175581,2023-08-17,8,12,4,minor injury,0,1,unsafe speed,rear end,no,no,no,0,0,0,0,0,0,Passenger Car/Station Wagon,LOS ANGELES
82175583,2023-08-17,8,16,4,possible injury,0,1,automobile right of way,broadside,no,no,no,0,0,0,0,0,0,Passenger Car/Station Wagon,LOS ANGELES
82175585,2023-08-18,8,22,5,possible injury,0,1,other hazardous violation,broadside,no,no,no,0,0,0,0,0,0,Passenger Car/Station Wagon,LOS ANGELES
82175587,2023-08-11,8,20,5,possible injury,0,1,automobile right of way,broadside,no,no,yes,0,0,1,0,0,0,Passenger Car/Station Wagon,LOS ANGELES
82175589,2023-09-09,9,16,6,minor injury,0,1,traffic signs,broadside,no,no,no,0,0,0,0,0,0,Passenger Car/Station Wagon,LOS ANGELES
82175590,2023-08-20,8,20,7,possible injury,0,4,unsafe speed,rear end,no,no,no,0,0,0,0,0,0,Passenger Car/Station Wagon,SACRAMENTO
82175592,2023-09-01,9,16,5,possible injury,0,1,unsafe speed,rear end,no,no,no,0,0,0,0,0,0,Passenger Car/Station Wagon,SACRAMENTO
82175596,2023-09-08,9,19,5,possible injury,0,2,unsafe speed,rear end,no,no,no,0,0,0,0,0,0,Passenger Car/Station Wagon,SACRAMENTO
82175598,2023-09-08,9,23,5,minor injury,0,1,improper turning,rear end,no,no,no,0,0,0,0,0,0,Passenger Car/Station Wagon,SACRAMENTO
82175602,2023-08-05,8,10,6,minor injury,0,1,other than driver or pedestrian,hit object,no,no,no,0,0,0,0,0,0,Not Stated,ORANGE
82175604,2023-09-09,9,16,6,minor injury,0,1,unsafe speed,rear end,no,no,no,0,0,0,0,0,0,Passenger Car/Station Wagon,SACRAMENTO
82175607,2023-09-10,9,1,7,severe injury,0,3,improper turning,hit object,no,no,no,0,0,0,0,0,0,Passenger Car/Station Wagon,SACRAMENTO
82175608,2023-09-10,9,7,7,minor injury,0,1,improper turning,hit object,no,no,yes,0,0,1,0,0,0,Motorcycle/Scooter,SACRAMENTO
82175614,2023-09-17,9,12,7,minor injury,0,1,improper turning,overturned,no,no,yes,0,0,1,0,0,0,Motorcycle/Scooter,KERN
82175616,2023-09-18,9,20,1,possible injury,0,2,DUI,broadside,no,no,no,0,0,0,0,0,0,Passenger Car/Station Wagon,KERN
82175617,2023-09-18,9,21,1,minor injury,0,1,DUI,head-on,no,no,no,0,0,0,0,0,0,Passenger Car/Station Wagon,KERN
82175618,2023-09-19,9,19,2,severe injury,0,1,DUI,vehicle/pedestrian,yes,no,no,1,0,0,0,0,0,Pickup or Panel Truck,KERN
82175619,2023-09-04,9,6,1,minor injury,0,1,unknown,rear end,no,yes,no,0,1,0,0,0,0,Passenger Car/Station Wagon,BUTTE
82175623,2023-08-30,8,20,3,minor injury,0,2,unsafe speed,rear end,no,no,no,0,0,0,0,0,0,Passenger Car/Station Wagon,ALAMEDA
82175624,2023-09-16,9,19,6,possible injury,0,3,unsafe speed,rear end,no,no,no,0,0,0,0,0,0,Passenger Car/Station Wagon,LOS ANGELES
82175628,2023-09-02,9,12,6,minor injury,0,1,automobile right of way,sideswipe,no,yes,no,0,1,0,0,0,0,Passenger Car/Station Wagon,ALAMEDA
82175630,2023-09-07,9,7,4,minor injury,0,1,unsafe speed,other,no,yes,no,0,1,0,0,0,0,Bicycle,ALAMEDA
82175631,2023-09-17,9,15,7,minor injury,0,1,pedestrian violation,vehicle/pedestrian,yes,no,no,1,0,0,0,0,0,Pedestrian,LOS ANGELES
82175634,2023-09-11,9,18,1,minor injury,0,1,improper turning,hit object,no,no,no,0,0,0,0,0,0,Passenger Car/Station Wagon,ALAMEDA
82175636,2023-09-18,9,18,1,minor injury,0,1,pedestrian violation,vehicle/pedestrian,yes,no,no,1,0,0,0,0,0,Pedestrian,LOS ANGELES
82175637,2023-09-14,9,17,4,minor injury,0,1,automobile right of way,other,no,yes,no,0,1,0,0,0,0,Bicycle,ALAMEDA
82175639,2023-09-05,9,7,2,minor injury,0,1,automobile right of way,broadside,no,yes,no,0,1,0,0,0,0,Passenger Car/Station Wagon,RIVERSIDE
82175641,2023-09-10,9,17,7,possible injury,0,1,unsafe speed,overturned,no,no,yes,0,0,1,0,0,0,Motorcycle/Scooter,RIVERSIDE
82175644,2023-08-26,8,19,6,severe injury,0,1,pedestrian violation,vehicle/pedestrian,yes,no,no,1,0,0,0,0,0,Pedestrian,RIVERSIDE
82175647,2023-07-11,7,15,2,possible injury,0,1,unsafe speed,rear end,no,no,no,0,0,0,0,0,0,Passenger Car/Station Wagon,SAN JOAQUIN
82175649,2023-07-31,7,15,1,possible injury,0,2,unsafe speed,rear end,no,no,no,0,0,0,0,0,0,Passenger Car/Station Wagon,SAN JOAQUIN
82175650,2023-08-03,8,12,4,minor injury,0,1,pedestrian right of way,vehicle/pedestrian,yes,no,no,1,0,0,0,0,0,Pickup or Panel Truck,SAN JOAQUIN
82175652,2023-08-09,8,11,3,minor injury,0,1,other than driver or pedestrian,rear end,no,no,no,0,0,0,0,0,0,Not Stated,SAN JOAQUIN
82175655,2023-08-10,8,6,4,minor injury,0,2,traffic signs,broadside,no,no,no,0,0,0,0,0,0,Passenger Car/Station Wagon,SAN JOAQUIN
82175659,2023-08-10,8,16,4,possible injury,0,1,automobile right of way,broadside,no,no,no,0,0,0,0,0,0,Passenger Car/Station Wagon,SAN JOAQUIN
82175660,2023-08-10,8,17,4,possible injury,0,2,improper turning,broadside,no,no,no,0,0,0,0,0,0,Passenger Car/Station Wagon,SAN JOAQUIN
82175662,2023-08-11,8,4,5,minor injury,0,1,unsafe speed,rear end,no,no,no,0,0,0,0,0,0,Passenger Car/Station Wagon,SAN JOAQUIN
82175665,2023-08-12,8,12,6,minor injury,0,3,DUI,broadside,no,no,no,0,0,0,0,0,0,Passenger Car/Station Wagon,SAN JOAQUIN
82175666,2023-08-12,8,18,6,minor injury,0,1,unsafe lane change,sideswipe,no,no,no,0,0,0,0,0,0,Passenger Car/Station Wagon,SAN JOAQUIN
82175672,2023-08-14,8,7,1,minor injury,0,1,unsafe lane change,broadside,no,no,no,0,0,0,0,0,0,Passenger Car/Station Wagon,SAN JOAQUIN
82175677,2023-08-14,8,19,1,minor injury,0,1,improper passing,vehicle/pedestrian,yes,no,no,1,0,0,0,0,0,Passenger Car/Station Wagon,SAN JOAQUIN
82175679,2023-08-14,8,22,1,minor injury,0,1,unsafe speed,rear end,no,no,no,0,0,0,0,0,0,Passenger Car/Station Wagon,SAN JOAQUIN
82175681,2023-08-15,8,13,2,possible injury,0,1,unsafe speed,rear end,no,no,no,0,0,0,0,0,0,Passenger Car/Station Wagon,SAN JOAQUIN
82175682,2023-08-15,8,13,2,possible injury,0,2,unsafe lane change,sideswipe,no,no,no,0,0,0,0,0,0,Passenger Car/Station Wagon,SAN JOAQUIN
82175684,2023-08-15,8,16,2,minor injury,0,3,automobile right of way,broadside,no,no,no,0,0,0,0,0,0,Passenger Car/Station Wagon,SAN JOAQUIN
82175685,2023-08-15,8,16,2,possible injury,0,1,unsafe speed,rear end,no,no,no,0,0,0,0,0,0,Passenger Car/Station Wagon,SAN JOAQUIN
82175686,2023-09-19,9,16,2,possible injury,0,3,automobile right of way,broadside,no,no,no,0,0,0,0,0,0,Passenger Car/Station Wagon,STANISLAUS
82175687,2023-08-16,8,5,3,minor injury,0,2,unsafe speed,hit object,no,no,no,0,0,0,0,0,0,Passenger Car/Station Wagon,SAN JOAQUIN
82175689,2023-08-16,8,10,3,possible injury,0,1,automobile right of way,head-on,no,no,no,0,0,0,0,0,0,Passenger Car/Station Wagon,SAN JOAQUIN
82175690,2023-09-18,9,23,1,possible injury,0,1,automobile right of way,other,no,yes,no,0,1,0,0,0,0,Not Stated,STANISLAUS
82175694,2023-08-17,8,9,4,possible injury,0,1,traffic signs,broadside,no,no,no,0,0,0,0,0,0,Passenger Car/Station Wagon,SAN JOAQUIN
82175696,2023-08-17,8,12,4,possible injury,0,1,unsafe lane change,sideswipe,no,no,no,0,0,0,0,0,0,Passenger Car/Station Wagon,SAN JOAQUIN
82175697,2023-08-17,8,12,4,minor injury,0,1,unsafe speed,vehicle/pedestrian,yes,no,no,1,0,0,0,0,0,Passenger Car/Station Wagon,SAN JOAQUIN
82175698,2023-08-17,8,14,4,minor injury,0,1,wrong side of road,broadside,no,yes,no,0,1,0,0,0,0,Bicycle,SAN JOAQUIN
82175703,2023-08-19,8,15,6,possible injury,0,1,automobile right of way,broadside,no,no,no,0,0,0,0,0,0,Passenger Car/Station Wagon,SAN JOAQUIN
82175705,2023-08-19,8,23,6,severe injury,0,1,unsafe speed,vehicle/pedestrian,yes,no,no,1,0,0,0,0,0,Passenger Car/Station Wagon,SAN JOAQUIN
82175706,2023-08-04,8,14,5,possible injury,0,2,unsafe speed,broadside,no,no,no,0,0,0,0,0,0,Passenger Car/Station Wagon,ORANGE
82175711,2023-08-13,8,17,7,minor injury,0,2,unsafe speed,head-on,no,no,no,0,0,0,0,0,0,Passenger Car/Station Wagon,ORANGE
82175712,2023-08-15,8,15,2,minor injury,0,1,unsafe speed,overturned,no,no,yes,0,0,1,0,0,0,Motorcycle/Scooter,ORANGE
82175714,2023-08-18,8,23,5,minor injury,0,1,unsafe speed,rear end,no,yes,no,0,1,0,0,0,0,Passenger Car/Station Wagon,ORANGE
82175715,2023-08-19,8,10,6,minor injury,0,2,improper turning,broadside,no,no,no,0,0,0,0,0,0,Passenger Car/Station Wagon,ORANGE
82175717,2023-07-16,7,21,7,severe injury,0,1,improper turning,hit object,no,no,yes,0,0,1,0,0,0,Motorcycle/Scooter,RIVERSIDE
82175719,2023-09-01,9,8,5,severe injury,0,1,traffic signs,broadside,no,yes,no,0,1,0,0,0,0,Not Stated,RIVERSIDE
82175720,2023-09-08,9,8,5,minor injury,0,2,traffic signs,broadside,no,no,no,0,0,0,0,0,0,Passenger Car/Station Wagon,RIVERSIDE
82175722,2023-09-18,9,19,1,minor injury,0,1,pedestrian violation,vehicle/pedestrian,yes,no,no,1,0,0,0,0,0,Pedestrian,RIVERSIDE
82175723,2023-09-20,9,15,3,minor injury,0,1,improper turning,sideswipe,no,no,no,0,0,0,0,0,0,Pickup or Panel Truck,RIVERSIDE