CASE_ID,COLLISION_DATE,MONTH,HOUR,DAY_OF_WEEK,COLLISION_SEVERITY,NUMBER_KILLED,NUMBER_INJURED,PCF_VIOL_CATEGORY,TYPE_OF_COLLISION,PEDESTRIAN_ACCIDENT,BICYCLE_ACCIDENT,MOTORCYCLE_ACCIDENT,COUNT_PED_INJURED,COUNT_BICYCLIST_INJURED,COUNT_MC_INJURED,COUNT_PED_KILLED,COUNT_BICYCLIST_KILLED,COUNT_MC_KILLED,STWD_VEHTYPE_AT_FAULT,COUNTY
82224797,2023-10-13,10,17,5,possible injury,0,1,unsafe speed,rear end,no,no,no,0,0,0,0,0,0,Pickup or Panel Truck,RIVERSIDE
82224813,2023-10-07,10,13,6,possible injury,0,1,traffic signs,broadside,no,no,no,0,0,0,0,0,0,Passenger Car/Station Wagon,SOLANO
82224815,2023-10-19,10,8,4,possible injury,0,1,automobile right of way,broadside,no,no,yes,0,0,1,0,0,0,Passenger Car/Station Wagon,SOLANO
82224819,2023-10-20,10,16,5,minor injury,0,1,wrong side of road,head-on,no,yes,no,0,1,0,0,0,0,Bicycle,SOLANO
82224821,2023-10-20,10,19,5,minor injury,0,1,unsafe speed,hit object,no,no,yes,0,0,1,0,0,0,Pickup or Panel Truck,SOLANO
82224822,2023-10-22,10,6,7,minor injury,0,2,traffic signs,broadside,no,no,no,0,0,0,0,0,0,Passenger Car/Station Wagon,SOLANO
82224824,2023-10-23,10,19,1,possible injury,0,1,traffic signs,vehicle/pedestrian,yes,no,no,1,0,0,0,0,0,Passenger Car/Station Wagon,SOLANO
82224828,2023-10-27,10,15,5,minor injury,0,1,other hazardous violation,broadside,no,no,no,0,0,0,0,0,0,Passenger Car/Station Wagon,SOLANO
82224831,2023-10-09,10,11,1,possible injury,0,3,improper turning,broadside,no,no,no,0,0,0,0,0,0,Passenger Car/Station Wagon,LOS ANGELES
82224839,2023-10-27,10,17,5,minor injury,0,3,DUI,rear end,no,no,no,0,0,0,0,0,0,Passenger Car/Station Wagon,ORANGE
82224840,2023-10-28,10,17,6,possible injury,0,3,unsafe speed,rear end,no,no,no,0,0,0,0,0,0,Passenger Car/Station Wagon,ORANGE
82224841,2023-10-30,10,12,1,possible injury,0,1,improper turning,head-on,no,no,no,0,0,0,0,0,0,Not Stated,ORANGE
82224843,2023-10-22,10,6,7,possible injury,0,1,automobile right of way,head-on,no,no,no,0,0,0,0,0,0,Passenger Car/Station Wagon,ORANGE
82224849,2023-10-27,10,19,5,possible injury,0,1,unsafe speed,rear end,no,no,no,0,0,0,0,0,0,Passenger Car/Station Wagon,ORANGE
82224850,2023-10-28,10,2,6,minor injury,0,1,DUI,hit object,no,no,no,0,0,0,0,0,0,Passenger Car/Station Wagon,ORANGE
82224851,2023-10-28,10,13,6,possible injury,0,1,unsafe speed,rear end,no,no,no,0,0,0,0,0,0,Passenger Car/Station Wagon,ORANGE
82224852,2023-10-28,10,18,6,possible injury,0,4,traffic signs,broadside,no,no,no,0,0,0,0,0,0,Pickup or Panel Truck,ORANGE
82224855,2023-10-29,10,8,7,possible injury,0,2,improper turning,sideswipe,no,no,no,0,0,0,0,0,0,Passenger Car/Station Wagon,ORANGE
82224856,2023-10-29,10,11,7,possible injury,0,2,wrong side of road,head-on,no,no,no,0,0,0,0,0,0,Passenger Car/Station Wagon,ORANGE
82224859,2023-10-29,10,17,7,possible injury,0,2,automobile right of way,broadside,no,no,no,0,0,0,0,0,0,Passenger Car/Station Wagon,ORANGE
82224861,2023-10-30,10,12,1,possible injury,0,1,traffic signs,broadside,no,no,no,0,0,0,0,0,0,Passenger Car/Station Wagon,ORANGE
82224863,2023-10-30,10,22,1,possible injury,0,2,traffic signs,broadside,no,no,no,0,0,0,0,0,0,Passenger Car/Station Wagon,ORANGE
82224865,2023-09-13,9,7,3,possible injury,0,1,unsafe speed,rear end,no,no,no,0,0,0,0,0,0,Passenger Car/Station Wagon,RIVERSIDE
82224866,2023-09-13,9,7,3,possible injury,0,2,unsafe speed,rear end,no,no,no,0,0,0,0,0,0,Pickup or Panel Truck,RIVERSIDE
82224869,2023-09-28,9,9,4,possible injury,0,1,following too closely,rear end,no,no,no,0,0,0,0,0,0,Passenger Car/Station Wagon,RIVERSIDE
82224871,2023-10-03,10,14,2,possible injury,0,1,improper turning,hit object,no,no,no,0,0,0,0,0,0,Passenger Car/Station Wagon,RIVERSIDE
82224872,2023-10-05,10,7,4,minor injury,0,2,wrong side of road,head-on,no,no,yes,0,0,1,0,0,0,Motorcycle/Scooter,RIVERSIDE
82224873,2023-10-17,10,11,2,possible injury,0,1,unsafe speed,rear end,no,no,no,0,0,0,0,0,0,Passenger Car/Station Wagon,RIVERSIDE
82224874,2023-10-23,10,14,1,minor injury,0,2,unsafe speed,rear end,no,no,no,0,0,0,0,0,0,Passenger Car/Station Wagon,RIVERSIDE
82224879,2023-10-26,10,16,4,possible injury,0,1,DUI,hit object,no,no,no,0,0,0,0,0,0,Pickup or Panel Truck,RIVERSIDE
82224883,2023-10-18,10,12,3,minor injury,0,1,traffic signs,head-on,no,yes,no,0,1,0,0,0,0,Bicycle,SAN JOAQUIN
82224887,2023-10-14,10,15,6,possible injury,0,4,automobile right of way,broadside,no,no,no,0,0,0,0,0,0,Passenger Car/Station Wagon,LOS ANGELES
82224893,2023-10-15,10,17,7,minor injury,0,1,unsafe speed,rear end,no,no,no,0,0,0,0,0,0,Passenger Car/Station Wagon,SAN LUIS OBISPO
82224899,2023-10-29,10,17,7,minor injury,0,1,DUI,sideswipe,no,no,no,0,0,0,0,0,0,Passenger Car/Station Wagon,VENTURA
82224902,2023-10-30,10,7,1,minor injury,0,1,automobile right of way,broadside,no,no,no,0,0,0,0,0,0,Passenger Car/Station Wagon,SANTA CLARA
82224910,2023-10-29,10,8,7,possible injury,0,2,traffic signs,broadside,no,no,no,0,0,0,0,0,0,Passenger Car/Station Wagon,ORANGE
82224912,2023-10-16,10,16,1,possible injury,0,1,automobile right of way,sideswipe,no,no,no,0,0,0,0,0,0,Passenger Car/Station Wagon,ORANGE
82224914,2023-10-20,10,7,5,possible injury,0,2,unsafe speed,rear end,no,no,no,0,0,0,0,0,0,Passenger Car/Station Wagon,ORANGE
82224916,2023-10-04,10,11,3,minor injury,0,3,unsafe speed,rear end,no,no,no,0,0,0,0,0,0,Passenger Car/Station Wagon,SACRAMENTO
82224920,2023-08-22,8,20,2,possible injury,0,1,DUI,broadside,no,no,no,0,0,0,0,0,0,Passenger Car/Station Wagon,VENTURA
82224923,2023-10-11,10,23,3,minor injury,0,1,improper turning,sideswipe,no,yes,no,0,1,0,0,0,0,Not Stated,VENTURA
82224927,2023-10-18,10,7,3,minor injury,0,1,automobile right of way,broadside,no,no,no,0,0,0,0,0,0,Pickup or Panel Truck,VENTURA
82224930,2023-10-24,10,8,2,possible injury,0,1,unsafe speed,rear end,no,no,no,0,0,0,0,0,0,Passenger Car/Station Wagon,VENTURA
82224931,2023-10-24,10,13,2,possible injury,0,1,unsafe speed,rear end,no,no,no,0,0,0,0,0,0,Not Stated,VENTURA
82224933,2023-10-25,10,12,3,minor injury,0,2,automobile right of way,other,no,no,no,0,0,0,0,0,0,Passenger Car/Station Wagon,VENTURA
82224934,2023-10-25,10,15,3,possible injury,0,1,following too closely,rear end,no,no,no,0,0,0,0,0,0,Passenger Car/Station Wagon,VENTURA
82224935,2023-10-26,10,16,4,minor injury,0,1,unsafe starting or backing,rear end,no,no,no,0,0,0,0,0,0,Passenger Car/Station Wagon,VENTURA
82224941,2023-10-30,10,12,1,possible injury,0,1,improper turning,hit object,no,no,yes,0,0,1,0,0,0,Motorcycle/Scooter,VENTURA
82224945,2023-07-31,7,10,1,possible injury,0,1,unsafe speed,head-on,no,no,no,0,0,0,0,0,0,Passenger Car/Station Wagon,SAN BERNARDINO
82224946,2023-08-06,8,13,7,minor injury,0,1,pedestrian right of way,vehicle/pedestrian,yes,no,no,1,0,0,0,0,0,Passenger Car/Station Wagon,SAN BERNARDINO
82224951,2023-09-24,9,17,7,minor injury,0,1,unsafe speed,rear end,no,no,no,0,0,0,0,0,0,Passenger Car/Station Wagon,SAN BERNARDINO
82224952,2023-10-13,10,5,5,possible injury,0,1,pedestrian violation,vehicle/pedestrian,yes,no,no,1,0,0,0,0,0,Pedestrian,SAN BERNARDINO
82224953,2023-10-23,10,5,1,minor injury,0,1,pedestrian violation,vehicle/pedestrian,yes,no,no,1,0,0,0,0,0,Pedestrian,SAN BERNARDINO
82224955,2023-10-25,10,15,3,possible injury,0,1,automobile right of way,broadside,no,no,no,0,0,0,0,0,0,Passenger Car/Station Wagon,SAN BERNARDINO
82224956,2023-10-25,10,14,3,minor injury,0,2,traffic signs,head-on,no,no,no,0,0,0,0,0,0,Passenger Car/Station Wagon,SAN BERNARDINO
82224957,2023-10-26,10,16,4,minor injury,0,1,wrong side of road,broadside,no,no,no,0,0,0,0,0,0,Passenger Car/Station Wagon,SAN BERNARDINO
82224958,2023-10-27,10,9,5,minor injury,0,3,unsafe speed,rear end,no,no,no,0,0,0,0,0,0,Pickup or Panel Truck,SAN BERNARDINO
82224959,2023-10-27,10,11,5,minor injury,0,1,unsafe speed,rear end,no,no,no,0,0,0,0,0,0,Passenger Car/Station Wagon,SAN BERNARDINO
82224961,2023-10-28,10,2,6,minor injury,0,3,DUI,rear end,no,no,no,0,0,0,0,0,0,Passenger Car/Station Wagon,SAN BERNARDINO
82224971,2023-08-26,8,17,6,fatal injury,1,0,pedestrian violation,vehicle/pedestrian,yes,no,no,0,0,0,1,0,0,Pedestrian,FRESNO
82224977,2023-09-11,9,8,1,minor injury,0,1,wrong side of road,broadside,no,yes,no,0,1,0,0,0,0,Bicycle,FRESNO
82224980,2023-09-17,9,19,7,minor injury,0,1,automobile right of way,broadside,no,no,no,0,0,0,0,0,0,Passenger Car/Station Wagon,FRESNO
82224981,2023-10-15,10,19,7,possible injury,0,1,traffic signs,broadside,no,no,no,0,0,0,0,0,0,Passenger Car/Station Wagon,LOS ANGELES
82224982,2023-09-19,9,20,2,minor injury,0,3,unsafe speed,rear end,no,no,no,0,0,0,0,0,0,Passenger Car/Station Wagon,FRESNO
82224983,2023-09-19,9,20,2,minor injury,0,1,DUI,head-on,no,no,no,0,0,0,0,0,0,Passenger Car/Station Wagon,FRESNO
82224985,2023-09-23,9,17,6,possible injury,0,1,automobile right of way,sideswipe,no,no,no,0,0,0,0,0,0,Passenger Car/Station Wagon,FRESNO
82224987,2023-09-25,9,7,1,minor injury,0,3,unsafe speed,rear end,no,no,no,0,0,0,0,0,0,Passenger Car/Station Wagon,FRESNO
82224988,2023-09-25,9,14,1,possible injury,0,1,pedestrian violation,vehicle/pedestrian,yes,no,no,1,0,0,0,0,0,Pedestrian,FRESNO
82224989,2023-09-25,9,18,1,minor injury,0,1,automobile right of way,head-on,no,no,no,0,0,0,0,0,0,Passenger Car/Station Wagon,FRESNO
82224994,2023-09-29,9,17,5,minor injury,0,2,improper turning,broadside,no,no,no,0,0,0,0,0,0,Passenger Car/Station Wagon,FRESNO
82224995,2023-09-30,9,13,6,minor injury,0,1,traffic signs,broadside,no,no,no,0,0,0,0,0,0,Pickup or Panel Truck,FRESNO
82224996,2023-08-23,8,14,3,possible injury,0,1,unsafe lane change,hit object,no,no,no,0,0,0,0,0,0,Passenger Car/Station Wagon,ORANGE
82224999,2023-10-04,10,15,3,minor injury,0,1,traffic signs,broadside,no,yes,no,0,1,0,0,0,0,Passenger Car/Station Wagon,FRESNO
82225000,2023-10-02,10,23,1,minor injury,0,1,unsafe speed,overturned,no,no,yes,0,0,1,0,0,0,Motorcycle/Scooter,FRESNO
82225002,2023-09-14,9,16,4,minor injury,0,1,automobile right of way,broadside,no,no,yes,0,0,1,0,0,0,Passenger Car/Station Wagon,ORANGE
82225005,2023-10-03,10,16,2,severe injury,0,1,wrong side of road,broadside,no,yes,no,0,1,0,0,0,0,Bicycle,FRESNO
82225008,2023-10-18,10,8,3,minor injury,0,2,traffic signs,other,no,no,no,0,0,0,0,0,0,Passenger Car/Station Wagon,SACRAMENTO
82225012,2023-10-06,10,16,5,possible injury,0,1,automobile right of way,broadside,no,no,no,0,0,0,0,0,0,Passenger Car/Station Wagon,FRESNO
82225015,2023-10-07,10,10,6,minor injury,0,1,traffic signs,rear end,no,no,no,0,0,0,0,0,0,Not Stated,FRESNO
82225016,2023-10-20,10,9,5,possible injury,0,1,unsafe speed,rear end,no,no,no,0,0,0,0,0,0,Passenger Car/Station Wagon,SACRAMENTO
82225017,2023-10-20,10,17,5,minor injury,0,2,pedestrian right of way,vehicle/pedestrian,yes,no,no,2,0,0,0,0,0,Passenger Car/Station Wagon,SACRAMENTO
82225018,2023-10-20,10,17,5,possible injury,0,1,traffic signs,broadside,no,no,no,0,0,0,0,0,0,Passenger Car/Station Wagon,SACRAMENTO
82225020,2023-10-20,10,20,5,possible injury,0,2,automobile right of way,broadside,no,no,no,0,0,0,0,0,0,Pickup or Panel Truck,SACRAMENTO
82225021,2023-10-08,10,12,7,severe injury,0,2,wrong side of road,head-on,no,no,no,0,0,0,0,0,0,Passenger Car/Station Wagon,FRESNO
82225022,2023-10-20,10,20,5,possible injury,0,1,automobile right of way,broadside,no,no,no,0,0,0,0,0,0,Passenger Car/Station Wagon,SACRAMENTO
82225024,2023-10-20,10,21,5,minor injury,0,1,other hazardous violation,broadside,no,yes,no,0,1,0,0,0,0,Bicycle,SACRAMENTO
82225025,2023-10-08,10,22,7,minor injury,0,1,unsafe speed,vehicle/pedestrian,yes,no,no,1,0,0,0,0,0,Pickup or Panel Truck,FRESNO
82225026,2023-10-21,10,9,6,minor injury,0,1,unknown,broadside,no,no,no,0,0,0,0,0,0,Passenger Car/Station Wagon,SACRAMENTO
82225028,2023-10-09,10,13,1,severe injury,0,1,automobile right of way,broadside,no,no,yes,0,0,1,0,0,0,Pickup or Panel Truck,FRESNO
82225029,2023-10-09,10,21,1,possible injury,0,1,traffic signs,broadside,no,no,no,0,0,0,0,0,0,Passenger Car/Station Wagon,FRESNO
82225032,2023-10-11,10,17,3,minor injury,0,1,pedestrian right of way,vehicle/pedestrian,yes,no,no,1,0,0,0,0,0,Passenger Car/Station Wagon,FRESNO
82225038,2023-10-12,10,14,4,minor injury,0,1,unsafe speed,rear end,no,no,no,0,0,0,0,0,0,Passenger Car/Station Wagon,FRESNO
82225040,2023-10-13,10,18,5,severe injury,0,1,improper turning,broadside,no,no,yes,0,0,1,0,0,0,Not Stated,FRESNO
82225041,2023-10-03,10,8,2,possible injury,0,1,unsafe lane change,sideswipe,no,no,no,0,0,0,0,0,0,Passenger Car/Station Wagon,CONTRA COSTA
82225052,2023-10-15,10,8,7,possible injury,0,1,traffic signs,other,no,no,no,0,0,0,0,0,0,Passenger Car/Station Wagon,FRESNO
82225053,2023-10-15,10,14,7,minor injury,0,1,automobile right of way,broadside,no,no,no,0,0,0,0,0,0,Passenger Car/Station Wagon,FRESNO
82225054,2023-10-15,10,15,7,minor injury,0,2,automobile right of way,broadside,no,no,no,0,0,0,0,0,0,Passenger Car/Station Wagon,FRESNO
82225055,2023-10-31,10,21,2,possible injury,0,1,improper turning,broadside,no,no,no,0,0,0,0,0,0,Truck or Truck Tractor,CONTRA COSTA
82225056,2023-10-15,10,18,7,minor injury,0,1,improper turning,sideswipe,no,no,no,0,0,0,0,0,0,Passenger Car/Station Wagon,FRESNO
82225057,2023-10-15,10,21,7,severe injury,0,1,pedestrian violation,vehicle/pedestrian,yes,no,no,1,0,0,0,0,0,Passenger Car/Station Wagon,FRESNO
82225058,2023-10-16,10,16,1,minor injury,0,1,automobile right of way,broadside,no,no,no,0,0,0,0,0,0,Passenger Car/Station Wagon,FRESNO
82225059,2023-10-16,10,17,1,minor injury,0,1,improper turning,broadside,no,no,no,0,0,0,0,0,0,Passenger Car/Station Wagon,FRESNO
82225061,2023-10-16,10,19,1,minor injury,0,1,automobile right of way,broadside,no,no,yes,0,0,0,0,0,0,Passenger Car/Station Wagon,FRESNO
82225069,2023-10-17,10,16,2,possible injury,0,1,pedestrian violation,vehicle/pedestrian,yes,no,no,1,0,0,0,0,0,Pedestrian,FRESNO
82225070,2023-10-17,10,18,2,minor injury,0,1,traffic signs,broadside,no,no,no,0,0,0,0,0,0,Passenger Car/Station Wagon,FRESNO
82225071,2023-10-17,10,18,2,minor injury,0,2,improper turning,broadside,no,no,no,0,0,0,0,0,0,Passenger Car/Station Wagon,FRESNO
82225074,2023-10-18,10,15,3,severe injury,0,1,pedestrian right of way,unknown,yes,no,no,1,0,0,0,0,0,Passenger Car/Station Wagon,FRESNO
82225079,2023-10-20,10,9,5,possible injury,0,2,automobile right of way,head-on,no,no,no,0,0,0,0,0,0,Passenger Car/Station Wagon,FRESNO
82225082,2023-10-20,10,10,5,possible injury,0,2,traffic signs,broadside,no,no,no,0,0,0,0,0,0,Passenger Car/Station Wagon,FRESNO
82225088,2023-10-21,10,22,6,minor injury,0,1,automobile right of way,broadside,no,no,no,0,0,0,0,0,0,Passenger Car/Station Wagon,FRESNO
82225094,2023-10-23,10,10,1,minor injury,0,3,traffic signs,broadside,no,no,no,0,0,0,0,0,0,Passenger Car/Station Wagon,FRESNO
82225096,2023-10-23,10,14,1,minor injury,0,1,automobile right of way,broadside,no,no,no,0,0,0,0,0,0,Passenger Car/Station Wagon,FRESNO
82225097,2023-10-23,10,15,1,severe injury,0,1,automobile right of way,broadside,no,no,yes,0,0,1,0,0,0,Passenger Car/Station Wagon,FRESNO
82225101,2023-10-24,10,12,2,possible injury,0,2,traffic signs,broadside,no,no,no,0,0,0,0,0,0,Pickup or Panel Truck,FRESNO
82225102,2023-10-24,10,13,2,possible injury,0,1,improper turning,sideswipe,no,no,no,0,0,0,0,0,0,Pickup or Panel Truck,FRESNO
82225105,2023-10-24,10,16,2,possible injury,0,1,pedestrian violation,rear end,yes,no,no,0,0,0,0,0,0,Pedestrian,FRESNO
82225109,2023-10-25,10,14,3,minor injury,0,2,automobile right of way,broadside,no,no,no,0,0,0,0,0,0,Passenger Car/Station Wagon,FRESNO
82225112,2023-10-26,10,11,4,possible injury,0,1,automobile right of way,sideswipe,no,no,no,0,0,0,0,0,0,Passenger Car/Station Wagon,FRESNO
82225114,2023-10-26,10,16,4,possible injury,0,2,improper turning,broadside,no,no,no,0,0,0,0,0,0,Passenger Car/Station Wagon,FRESNO
82225116,2023-10-27,10,6,5,severe injury,0,1,pedestrian violation,vehicle/pedestrian,yes,no,no,1,0,0,0,0,0,Not Stated,FRESNO
82225119,2023-10-27,10,18,5,minor injury,0,1,DUI,rear end,no,no,no,0,0,0,0,0,0,Not Stated,FRESNO
82225123,2023-10-28,10,22,6,severe injury,0,4,traffic signs,broadside,no,no,no,0,0,0,0,0,0,Passenger Car/Station Wagon,FRESNO
82225126,2023-10-29,10,17,7,possible injury,0,1,improper turning,vehicle/pedestrian,yes,no,no,1,0,0,0,0,0,Not Stated,FRESNO
82225138,2023-09-16,9,16,6,minor injury,0,1,automobile right of way,broadside,no,no,yes,0,0,1,0,0,0,Passenger Car/Station Wagon,RIVERSIDE
82225144,2023-10-25,10,18,3,minor injury,0,3,unsafe speed,rear end,no,no,no,0,0,0,0,0,0,Passenger Car/Station Wagon,ALAMEDA
82225146,2023-10-13,10,16,5,minor injury,0,1,unsafe speed,rear end,no,yes,no,0,1,0,0,0,0,Bicycle,RIVERSIDE
82225148,2023-10-20,10,17,5,possible injury,0,1,unsafe speed,rear end,no,no,no,0,0,0,0,0,0,Passenger Car/Station Wagon,RIVERSIDE
82225150,2023-10-21,10,12,6,minor injury,0,2,traffic signs,broadside,no,no,no,0,0,0,0,0,0,Passenger Car/Station Wagon,RIVERSIDE
82225151,2023-10-20,10,15,5,possible injury,0,1,automobile right of way,broadside,no,no,no,0,0,0,0,0,0,Passenger Car/Station Wagon,RIVERSIDE
82225152,2023-10-01,10,1,7,minor injury,0,1,unsafe speed,hit object,no,no,no,0,0,0,0,0,0,Passenger Car/Station Wagon,ALAMEDA
82225155,2023-10-19,10,9,4,possible injury,0,1,improper turning,sideswipe,no,no,no,0,0,0,0,0,0,Passenger Car/Station Wagon,LOS ANGELES
82225156,2023-10-24,10,20,2,possible injury,0,2,unsafe speed,rear end,no,no,no,0,0,0,0,0,0,Passenger Car/Station Wagon,RIVERSIDE
82225158,2023-10-05,10,13,4,possible injury,0,2,traffic signs,broadside,no,no,no,0,0,0,0,0,0,Passenger Car/Station Wagon,ALAMEDA
82225159,2023-10-25,10,8,3,possible injury,0,3,automobile right of way,broadside,no,no,no,0,0,0,0,0,0,Passenger Car/Station Wagon,LOS ANGELES
82225166,2023-10-27,10,18,5,possible injury,0,4,other hazardous violation,head-on,no,no,no,0,0,0,0,0,0,Passenger Car/Station Wagon,RIVERSIDE
82225167,2023-10-30,10,13,1,possible injury,0,1,unsafe speed,rear end,no,no,no,0,0,0,0,0,0,Passenger Car/Station Wagon,LOS ANGELES
82225169,2023-10-30,10,14,1,possible injury,0,1,improper turning,sideswipe,no,no,no,0,0,0,0,0,0,Passenger Car/Station Wagon,LOS ANGELES
82225170,2023-10-29,10,13,7,possible injury,0,2,unsafe speed,rear end,no,no,no,0,0,0,0,0,0,Passenger Car/Station Wagon,RIVERSIDE
82225171,2023-10-30,10,14,1,minor injury,0,1,unknown,broadside,no,yes,no,0,1,0,0,0,0,Not Stated,LOS ANGELES
82225173,2023-10-30,10,11,1,minor injury,0,2,pedestrian right of way,vehicle/pedestrian,yes,no,no,2,0,0,0,0,0,Passenger Car/Station Wagon,RIVERSIDE
82225175,2023-10-06,10,16,5,minor injury,0,1,improper turning,vehicle/pedestrian,yes,no,no,1,0,0,0,0,0,Passenger Car/Station Wagon,RIVERSIDE
82225176,2023-10-07,10,23,6,possible injury,0,1,improper turning,broadside,no,no,no,0,0,0,0,0,0,Passenger Car/Station Wagon,RIVERSIDE
82225179,2023-10-12,10,16,4,possible injury,0,1,traffic signs,broadside,no,no,no,0,0,0,0,0,0,Passenger Car/Station Wagon,SANTA BARBARA
82225180,2023-10-12,10,16,4,possible injury,0,1,improper turning,rear end,no,no,no,0,0,0,0,0,0,Not Stated,SANTA BARBARA
82225181,2023-10-15,10,13,7,possible injury,0,3,DUI,rear end,no,no,no,0,0,0,0,0,0,Passenger Car/Station Wagon,SANTA BARBARA
82225182,2023-10-17,10,9,2,minor injury,0,1,wrong side of road,broadside,no,yes,no,0,1,0,0,0,0,Bicycle,SANTA BARBARA
82225186,2023-09-22,9,21,5,possible injury,0,1,unsafe speed,rear end,no,no,no,0,0,0,0,0,0,Passenger Car/Station Wagon,RIVERSIDE
82225306,2023-10-26,10,7,4,minor injury,0,1,traffic signs,head-on,no,yes,no,0,1,0,0,0,0,Passenger Car/Station Wagon,ORANGE
82225331,2023-10-04,10,8,3,possible injury,0,1,unsafe speed,rear end,no,no,no,0,0,0,0,0,0,Passenger Car/Station Wagon,ORANGE
82225335,2023-09-27,9,8,3,minor injury,0,2,unsafe speed,rear end,yes,yes,no,1,1,0,0,0,0,Other Vehicle,ORANGE
82225358,2023-10-18,10,21,3,possible injury,0,1,automobile right of way,head-on,yes,no,no,1,0,0,0,0,0,Pedestrian,ORANGE
82225395,2023-10-18,10,23,3,possible injury,0,1,DUI,head-on,no,no,no,0,0,0,0,0,0,Passenger Car/Station Wagon,ORANGE
82225497,2023-10-19,10,15,4,minor injury,0,2,traffic signs,broadside,no,no,no,0,0,0,0,0,0,Passenger Car/Station Wagon,ORANGE
82225587,2023-10-23,10,21,1,minor injury,0,1,DUI,rear end,no,no,no,0,0,0,0,0,0,Passenger Car/Station Wagon,SAN JOAQUIN
82225630,2023-06-30,6,9,5,possible injury,0,1,traffic signs,sideswipe,no,no,no,0,0,0,0,0,0,Passenger Car/Station Wagon,SANTA CLARA
82225640,2023-10-13,10,10,5,minor injury,0,1,pedestrian violation,vehicle/pedestrian,yes,no,no,1,0,0,0,0,0,Pedestrian,SAN MATEO
82225780,2023-09-03,9,8,7,minor injury,0,1,automobile right of way,other,no,yes,no,0,1,0,0,0,0,Passenger Car/Station Wagon,SAN MATEO
82225926,2023-10-23,10,5,1,possible injury,0,1,pedestrian right of way,vehicle/pedestrian,yes,no,no,1,0,0,0,0,0,Passenger Car/Station Wagon,CONTRA COSTA
82225934,2023-10-20,10,8,5,minor injury,0,1,DUI,hit object,no,no,no,0,0,0,0,0,0,Passenger Car/Station Wagon,KERN
82225937,2023-10-21,10,17,6,minor injury,0,1,improper turning,rear end,no,no,no,0,0,0,0,0,0,Passenger Car/Station Wagon,SAN MATEO
82225938,2023-10-12,10,17,4,minor injury,0,2,unknown,sideswipe,no,no,no,0,0,0,0,0,0,Not Stated,SAN MATEO
82225939,2023-09-26,9,15,2,minor injury,0,1,unsafe speed,rear end,no,no,no,0,0,0,0,0,0,Passenger Car/Station Wagon,SAN MATEO
82225957,2023-10-24,10,11,2,minor injury,0,3,traffic signs,broadside,no,no,no,0,0,0,0,0,0,Passenger Car/Station Wagon,SAN MATEO
82225972,2023-10-26,10,5,4,possible injury,0,1,automobile right of way,broadside,no,no,no,0,0,0,0,0,0,Truck or Truck Tractor,RIVERSIDE
82225977,2023-10-24,10,19,2,possible injury,0,2,unknown,broadside,no,no,no,0,0,0,0,0,0,Not Stated,RIVERSIDE
82225980,2023-10-17,10,9,2,possible injury,0,1,unsafe speed,rear end,no,no,no,0,0,0,0,0,0,Passenger Car/Station Wagon,RIVERSIDE
82225983,2023-10-30,10,14,1,possible injury,0,1,unsafe speed,rear end,no,no,no,0,0,0,0,0,0,Passenger Car/Station Wagon,RIVERSIDE
82225987,2023-10-29,10,13,7,possible injury,0,2,traffic signs,broadside,no,no,no,0,0,0,0,0,0,Passenger Car/Station Wagon,RIVERSIDE
82225990,2023-07-20,7,13,4,possible injury,0,1,unsafe lane change,sideswipe,no,no,no,0,0,0,0,0,0,Passenger Car/Station Wagon,RIVERSIDE
82225991,2023-08-07,8,20,1,minor injury,0,1,unsafe speed,broadside,no,no,yes,0,0,1,0,0,0,Motorcycle/Scooter,RIVERSIDE
82225992,2023-09-10,9,20,7,minor injury,0,2,automobile right of way,broadside,no,no,no,0,0,0,0,0,0,Passenger Car/Station Wagon,RIVERSIDE
82225994,2023-10-29,10,10,7,minor injury,0,1,pedestrian right of way,vehicle/pedestrian,yes,no,no,1,0,0,0,0,0,Passenger Car/Station Wagon,RIVERSIDE
82226005,2023-10-12,10,15,4,possible injury,0,1,traffic signs,broadside,no,no,no,0,0,0,0,0,0,Passenger Car/Station Wagon,LOS ANGELES
82226008,2023-10-04,10,17,3,possible injury,0,1,unsafe speed,rear end,no,no,no,0,0,0,0,0,0,Passenger Car/Station Wagon,ORANGE
82226009,2023-10-13,10,9,5,possible injury,0,1,DUI,rear end,no,no,no,0,0,0,0,0,0,Passenger Car/Station Wagon,ORANGE
82226011,2023-10-22,10,20,7,severe injury,0,1,traffic signs,other,no,no,no,0,0,0,0,0,0,Pickup or Panel Truck,ORANGE
82226013,2023-10-31,10,13,2,minor injury,0,2,traffic signs,broadside,no,no,no,0,0,0,0,0,0,Passenger Car/Station Wagon,ORANGE
82226014,2023-10-31,10,17,2,minor injury,0,2,traffic signs,broadside,no,no,no,0,0,0,0,0,0,Passenger Car/Station Wagon,ORANGE
82226015,2023-11-01,11,6,3,minor injury,0,1,automobile right of way,broadside,no,no,no,0,0,0,0,0,0,Pickup or Panel Truck,ORANGE
82226016,2023-10-11,10,4,3,minor injury,0,2,traffic signs,sideswipe,no,no,no,0,0,0,0,0,0,Pickup or Panel Truck,RIVERSIDE