CASE_ID,COLLISION_DATE,MONTH,HOUR,DAY_OF_WEEK,COLLISION_SEVERITY,NUMBER_KILLED,NUMBER_INJURED,PCF_VIOL_CATEGORY,TYPE_OF_COLLISION,PEDESTRIAN_ACCIDENT,BICYCLE_ACCIDENT,MOTORCYCLE_ACCIDENT,COUNT_PED_INJURED,COUNT_BICYCLIST_INJURED,COUNT_MC_INJURED,COUNT_PED_KILLED,COUNT_BICYCLIST_KILLED,COUNT_MC_KILLED,STWD_VEHTYPE_AT_FAULT,COUNTY
82241246,2023-11-12,11,8,7,possible injury,0,1,improper turning,head-on,no,yes,no,0,1,0,0,0,0,Passenger Car/Station Wagon,STANISLAUS
82241249,2023-11-12,11,10,7,minor injury,0,2,following too closely,rear end,no,no,no,0,0,0,0,0,0,Passenger Car/Station Wagon,STANISLAUS
82241254,2023-11-01,11,20,3,minor injury,0,2,automobile right of way,broadside,no,no,no,0,0,0,0,0,0,Pickup or Panel Truck,LOS ANGELES
82241256,2023-10-30,10,8,1,possible injury,0,3,unsafe speed,broadside,no,no,no,0,0,0,0,0,0,Passenger Car/Station Wagon,CONTRA COSTA
82241257,2023-11-04,11,11,6,possible injury,0,1,improper turning,broadside,no,no,no,0,0,0,0,0,0,Passenger Car/Station Wagon,LOS ANGELES
82241260,2023-11-07,11,20,2,possible injury,0,1,unsafe speed,rear end,no,no,no,0,0,0,0,0,0,Passenger Car/Station Wagon,LOS ANGELES
82241264,2023-11-14,11,9,2,possible injury,0,1,other than driver or pedestrian,rear end,no,no,no,0,0,0,0,0,0,Not Stated,LOS ANGELES
82241267,2023-10-28,10,12,6,minor injury,0,1,automobile right of way,sideswipe,no,no,yes,0,0,1,0,0,0,Motorcycle/Scooter,ORANGE
82241268,2023-10-22,10,20,7,minor injury,0,1,DUI,rear end,no,no,no,0,0,0,0,0,0,Passenger Car/Station Wagon,SANTA CLARA
82241269,2023-11-02,11,19,4,possible injury,0,1,DUI,broadside,no,no,no,0,0,0,0,0,0,Passenger Car/Station Wagon,SAN BERNARDINO
82241272,2023-11-08,11,9,3,minor injury,0,3,automobile right of way,broadside,no,no,yes,0,0,1,0,0,0,Passenger Car/Station Wagon,LOS ANGELES
82241275,2023-10-24,10,22,2,possible injury,0,1,unsafe speed,rear end,no,no,no,0,0,0,0,0,0,Passenger Car/Station Wagon,SANTA CLARA
82241276,2023-11-11,11,19,6,possible injury,0,1,unsafe lane change,hit object,no,no,no,0,0,0,0,0,0,Passenger Car/Station Wagon,SANTA CLARA
82241279,2023-10-18,10,14,3,minor injury,0,1,other than driver or pedestrian,hit object,no,no,no,0,0,0,0,0,0,Not Stated,SACRAMENTO
82241283,2023-09-24,9,9,7,possible injury,0,2,unsafe speed,rear end,no,no,no,0,0,0,0,0,0,Passenger Car/Station Wagon,ORANGE
82241284,2023-09-29,9,22,5,possible injury,0,1,DUI,rear end,no,no,no,0,0,0,0,0,0,Pickup or Panel Truck,ORANGE
82241289,2023-10-29,10,8,7,possible injury,0,2,unknown,rear end,no,no,no,0,0,0,0,0,0,Not Stated,ORANGE
82241291,2023-10-14,10,10,6,minor injury,0,1,pedestrian right of way,vehicle/pedestrian,yes,no,no,1,0,0,0,0,0,Passenger Car/Station Wagon,SACRAMENTO
82241292,2023-10-18,10,17,3,possible injury,0,1,improper turning,broadside,no,yes,no,0,1,0,0,0,0,Pickup or Panel Truck,SACRAMENTO
82241295,2023-10-20,10,12,5,minor injury,0,1,wrong side of road,broadside,no,no,no,0,0,0,0,0,0,Passenger Car/Station Wagon,SACRAMENTO
82241306,2023-10-19,10,5,4,severe injury,0,1,pedestrian violation,vehicle/pedestrian,yes,no,no,1,0,0,0,0,0,Pedestrian,SACRAMENTO
82241307,2023-08-24,8,14,4,minor injury,0,1,automobile right of way,broadside,no,yes,no,0,1,0,0,0,0,Passenger Car/Station Wagon,ORANGE
82241309,2023-10-02,10,22,1,possible injury,0,1,DUI,hit object,no,no,no,0,0,0,0,0,0,Passenger Car/Station Wagon,ORANGE
82241310,2023-11-09,11,17,4,minor injury,0,2,DUI,rear end,no,no,no,0,0,0,0,0,0,Passenger Car/Station Wagon,SACRAMENTO
82241311,2023-11-09,11,17,4,possible injury,0,1,unsafe speed,rear end,no,no,no,0,0,0,0,0,0,Passenger Car/Station Wagon,SACRAMENTO
82241312,2023-11-09,11,18,4,possible injury,0,1,other hazardous violation,rear end,no,no,no,0,0,0,0,0,0,Passenger Car/Station Wagon,SACRAMENTO
82241317,2023-10-27,10,7,5,minor injury,0,1,improper turning,sideswipe,no,no,no,0,0,0,0,0,0,Passenger Car/Station Wagon,RIVERSIDE
82241319,2023-10-21,10,18,6,minor injury,0,3,traffic signs,broadside,no,no,no,0,0,0,0,0,0,Passenger Car/Station Wagon,KERN
82241320,2023-11-11,11,12,6,minor injury,0,1,improper turning,rear end,no,no,no,0,0,0,0,0,0,Passenger Car/Station Wagon,RIVERSIDE
82241326,2023-11-12,11,0,7,possible injury,0,1,traffic signs,broadside,no,no,no,0,0,0,0,0,0,Passenger Car/Station Wagon,KERN
82241327,2023-11-17,11,9,5,possible injury,0,1,traffic signs,broadside,no,no,no,0,0,0,0,0,0,Passenger Car/Station Wagon,KERN
82241328,2023-09-25,9,14,1,minor injury,0,1,automobile right of way,broadside,no,yes,no,0,1,0,0,0,0,Pickup or Panel Truck,RIVERSIDE
82241329,2023-09-27,9,6,3,possible injury,0,1,pedestrian violation,vehicle/pedestrian,yes,no,no,1,0,0,0,0,0,Not Stated,RIVERSIDE
82241333,2023-11-10,11,9,5,minor injury,0,4,unsafe speed,rear end,no,no,no,0,0,0,0,0,0,Passenger Car/Station Wagon,RIVERSIDE
82241334,2023-09-24,9,17,7,severe injury,0,2,automobile right of way,broadside,no,no,yes,0,0,2,0,0,0,Pickup or Panel Truck,RIVERSIDE
82241336,2023-11-08,11,13,3,minor injury,0,2,unsafe speed,rear end,no,no,no,0,0,0,0,0,0,Passenger Car/Station Wagon,RIVERSIDE
82241337,2023-11-09,11,14,4,minor injury,0,1,unsafe speed,broadside,no,yes,no,0,1,0,0,0,0,Bicycle,RIVERSIDE
82241339,2023-08-15,8,19,2,severe injury,0,1,unsafe speed,broadside,no,no,yes,0,0,1,0,0,0,Passenger Car/Station Wagon,CONTRA COSTA
82241343,2023-11-11,11,0,6,minor injury,0,1,DUI,hit object,no,no,no,0,0,0,0,0,0,Passenger Car/Station Wagon,RIVERSIDE
82241344,2023-11-01,11,7,3,possible injury,0,1,improper turning,head-on,no,no,no,0,0,0,0,0,0,Passenger Car/Station Wagon,CONTRA COSTA
82241345,2023-11-11,11,14,6,possible injury,0,1,following too closely,rear end,no,no,no,0,0,0,0,0,0,Passenger Car/Station Wagon,RIVERSIDE
82241346,2023-11-04,11,12,6,possible injury,0,1,following too closely,rear end,no,no,yes,0,0,0,0,0,0,Passenger Car/Station Wagon,CONTRA COSTA
82241349,2023-11-05,11,9,7,minor injury,0,1,pedestrian right of way,vehicle/pedestrian,yes,no,no,1,0,0,0,0,0,Not Stated,SAN DIEGO
82241356,2023-11-06,11,21,1,minor injury,0,1,pedestrian violation,vehicle/pedestrian,yes,no,no,1,0,0,0,0,0,Pedestrian,RIVERSIDE
82241357,2023-11-08,11,18,3,minor injury,0,1,automobile right of way,broadside,no,no,no,0,0,0,0,0,0,Passenger Car/Station Wagon,SAN DIEGO
82241363,2023-11-15,11,13,3,minor injury,0,1,unsafe speed,rear end,no,no,no,0,0,0,0,0,0,Passenger Car/Station Wagon,RIVERSIDE
82241368,2023-08-17,8,20,4,possible injury,0,1,unsafe speed,vehicle/pedestrian,yes,no,no,1,0,0,0,0,0,Passenger Car/Station Wagon,RIVERSIDE
82241378,2023-08-22,8,23,2,minor injury,0,1,improper turning,hit object,no,no,no,0,0,0,0,0,0,Passenger Car/Station Wagon,RIVERSIDE
82241386,2023-08-27,8,2,7,severe injury,0,1,improper turning,hit object,no,no,no,0,0,0,0,0,0,Passenger Car/Station Wagon,RIVERSIDE
82241391,2023-08-30,8,12,3,possible injury,0,1,unsafe speed,rear end,no,no,no,0,0,0,0,0,0,Passenger Car/Station Wagon,RIVERSIDE
82241393,2023-11-03,11,18,5,minor injury,0,1,improper turning,sideswipe,no,no,no,0,0,0,0,0,0,Passenger Car/Station Wagon,SANTA BARBARA
82241396,2023-11-03,11,4,5,minor injury,0,1,unknown,broadside,no,no,no,0,0,0,0,0,0,Not Stated,SANTA CLARA
82241399,2023-11-03,11,23,5,possible injury,0,1,unsafe speed,rear end,no,no,no,0,0,0,0,0,0,Passenger Car/Station Wagon,RIVERSIDE
82241401,2023-11-08,11,23,3,minor injury,0,1,DUI,hit object,no,no,no,0,0,0,0,0,0,Passenger Car/Station Wagon,RIVERSIDE
82241404,2023-11-18,11,21,6,minor injury,0,1,improper turning,sideswipe,no,no,no,0,0,0,0,0,0,Passenger Car/Station Wagon,KERN
82241539,2023-11-18,11,21,6,minor injury,0,1,pedestrian right of way,vehicle/pedestrian,yes,no,no,1,0,0,0,0,0,Passenger Car/Station Wagon,SAN MATEO
82241548,2023-10-29,10,17,7,minor injury,0,1,unsafe speed,other,no,yes,no,0,1,0,0,0,0,Bicycle,ORANGE
82241609,2023-11-20,11,7,1,minor injury,0,2,pedestrian right of way,head-on,yes,no,no,2,0,0,0,0,0,Passenger Car/Station Wagon,SAN JOAQUIN
82241767,2023-05-31,5,23,3,possible injury,0,1,improper turning,sideswipe,no,no,no,0,0,0,0,0,0,Passenger Car/Station Wagon,SACRAMENTO
82241774,2023-11-16,11,8,4,severe injury,0,2,traffic signs,broadside,no,no,no,0,0,0,0,0,0,Not Stated,SACRAMENTO
82241780,2023-11-16,11,22,4,minor injury,0,1,unsafe starting or backing,other,no,yes,no,0,1,0,0,0,0,Passenger Car/Station Wagon,HUMBOLDT
82241943,2023-11-08,11,17,3,minor injury,0,1,automobile right of way,other,no,no,no,0,0,0,0,0,0,Passenger Car/Station Wagon,KERN
82242199,2023-11-18,11,9,6,possible injury,0,2,traffic signs,broadside,no,no,no,0,0,0,0,0,0,Passenger Car/Station Wagon,ORANGE
82242208,2023-11-20,11,17,1,possible injury,0,1,pedestrian right of way,vehicle/pedestrian,yes,no,no,1,0,0,0,0,0,Passenger Car/Station Wagon,ORANGE
82242227,2023-11-15,11,21,3,minor injury,0,1,DUI,hit object,no,no,no,0,0,0,0,0,0,Passenger Car/Station Wagon,SAN MATEO
82242229,2023-10-22,10,5,7,severe injury,0,8,hazardous parking,rear end,no,no,no,0,0,0,0,0,0,Other Bus,SAN MATEO
82242230,2023-11-10,11,8,5,severe injury,0,1,pedestrian right of way,vehicle/pedestrian,yes,no,no,1,0,0,0,0,0,Pickup or Panel Truck,SAN MATEO
82242268,2023-11-10,11,15,5,possible injury,0,1,DUI,head-on,no,no,no,0,0,0,0,0,0,Passenger Car/Station Wagon,RIVERSIDE
82242269,2023-09-21,9,7,4,severe injury,0,1,other hazardous violation,sideswipe,no,yes,no,0,1,0,0,0,0,Passenger Car/Station Wagon,RIVERSIDE
82242272,2023-10-30,10,18,1,minor injury,0,1,unsafe speed,rear end,no,no,no,0,0,0,0,0,0,Passenger Car/Station Wagon,RIVERSIDE
82242273,2023-11-21,11,7,2,minor injury,0,2,traffic signs,broadside,no,no,no,0,0,0,0,0,0,Passenger Car/Station Wagon,RIVERSIDE
82242275,2023-11-14,11,15,2,minor injury,0,1,pedestrian violation,vehicle/pedestrian,yes,no,no,1,0,0,0,0,0,Pedestrian,RIVERSIDE
82242277,2023-11-17,11,19,5,minor injury,0,1,improper turning,hit object,no,no,no,0,0,0,0,0,0,Passenger Car/Station Wagon,RIVERSIDE
82242278,2023-11-06,11,17,1,possible injury,0,1,unsafe speed,rear end,no,no,no,0,0,0,0,0,0,Not Stated,SONOMA
82242280,2023-11-07,11,15,2,possible injury,0,2,automobile right of way,broadside,no,no,no,0,0,0,0,0,0,Passenger Car/Station Wagon,SONOMA
82242281,2023-10-24,10,15,2,possible injury,0,1,unsafe speed,sideswipe,no,no,yes,0,0,1,0,0,0,Motorcycle/Scooter,SONOMA
82242282,2023-10-09,10,11,1,possible injury,0,1,unsafe speed,overturned,yes,no,no,1,0,0,0,0,0,Passenger Car/Station Wagon,SANTA CLARA
82242286,2023-08-19,8,21,6,minor injury,0,2,DUI,broadside,no,no,no,0,0,0,0,0,0,Passenger Car/Station Wagon,RIVERSIDE
82242287,2023-09-02,9,7,6,possible injury,0,3,automobile right of way,broadside,no,no,no,0,0,0,0,0,0,Passenger Car/Station Wagon,RIVERSIDE
82242288,2023-09-17,9,22,7,possible injury,0,1,improper turning,sideswipe,no,no,no,0,0,0,0,0,0,Passenger Car/Station Wagon,RIVERSIDE
82242291,2023-10-02,10,8,1,minor injury,0,1,automobile right of way,sideswipe,no,no,yes,0,0,1,0,0,0,Motorcycle/Scooter,RIVERSIDE
82242292,2023-10-08,10,1,7,minor injury,0,1,DUI,broadside,no,no,no,0,0,0,0,0,0,Passenger Car/Station Wagon,RIVERSIDE
82242293,2023-10-19,10,12,4,minor injury,0,1,unsafe speed,rear end,no,no,no,0,0,0,0,0,0,Passenger Car/Station Wagon,RIVERSIDE
82242294,2023-10-19,10,22,4,minor injury,0,1,improper turning,hit object,no,no,no,0,0,0,0,0,0,Not Stated,RIVERSIDE
82242295,2023-10-24,10,13,2,possible injury,0,1,unsafe starting or backing,rear end,no,no,no,0,0,0,0,0,0,Passenger Car/Station Wagon,RIVERSIDE
82242297,2023-10-29,10,3,7,minor injury,0,1,DUI,hit object,no,no,no,0,0,0,0,0,0,Pickup or Panel Truck,RIVERSIDE
82242300,2023-11-03,11,7,5,minor injury,0,1,pedestrian violation,vehicle/pedestrian,yes,no,no,1,0,0,0,0,0,Pedestrian,RIVERSIDE
82242302,2023-11-03,11,17,5,possible injury,0,1,unsafe speed,rear end,no,no,no,0,0,0,0,0,0,Passenger Car/Station Wagon,RIVERSIDE
82242303,2023-11-09,11,8,4,minor injury,0,1,improper turning,hit object,no,no,no,0,0,0,0,0,0,Passenger Car/Station Wagon,RIVERSIDE
82242312,2023-11-13,11,19,1,minor injury,0,1,unsafe lane change,sideswipe,no,no,no,0,0,0,0,0,0,Passenger Car/Station Wagon,RIVERSIDE
82242318,2023-11-04,11,14,6,possible injury,0,1,automobile right of way,overturned,no,no,yes,0,0,0,0,0,0,Pickup or Panel Truck,ORANGE
82242321,2023-11-16,11,13,4,possible injury,0,2,other hazardous violation,sideswipe,no,no,no,0,0,0,0,0,0,Passenger Car/Station Wagon,ORANGE
82242322,2023-11-16,11,14,4,possible injury,0,1,automobile right of way,broadside,no,no,yes,0,0,1,0,0,0,Pickup or Panel Truck,ORANGE
82242323,2023-11-16,11,16,4,possible injury,0,1,unsafe speed,rear end,no,no,no,0,0,0,0,0,0,Passenger Car/Station Wagon,ORANGE
82242327,2023-11-17,11,13,5,possible injury,0,1,automobile right of way,rear end,no,no,no,0,0,0,0,0,0,Passenger Car/Station Wagon,ORANGE
82242328,2023-11-17,11,18,5,minor injury,0,1,automobile right of way,other,no,no,yes,0,0,1,0,0,0,Passenger Car/Station Wagon,ORANGE
82242329,2023-11-17,11,23,5,possible injury,0,5,traffic signs,broadside,no,no,no,0,0,0,0,0,0,Passenger Car/Station Wagon,ORANGE
82242330,2023-11-17,11,23,5,minor injury,0,2,traffic signs,broadside,no,no,no,0,0,0,0,0,0,Passenger Car/Station Wagon,ORANGE
82242331,2023-11-18,11,11,6,possible injury,0,4,unsafe speed,rear end,no,no,no,0,0,0,0,0,0,Passenger Car/Station Wagon,ORANGE
82242334,2023-11-18,11,15,6,possible injury,0,2,traffic signs,broadside,no,no,no,0,0,0,0,0,0,Passenger Car/Station Wagon,ORANGE
82242337,2023-11-19,11,20,7,possible injury,0,3,improper turning,sideswipe,no,no,no,0,0,0,0,0,0,Passenger Car/Station Wagon,ORANGE
82242338,2023-11-20,11,23,1,possible injury,0,1,automobile right of way,broadside,no,no,no,0,0,0,0,0,0,Passenger Car/Station Wagon,ORANGE
82242340,2023-11-20,11,8,1,possible injury,0,1,automobile right of way,broadside,no,no,no,0,0,0,0,0,0,Passenger Car/Station Wagon,ORANGE
82242341,2023-11-20,11,10,1,possible injury,0,1,pedestrian right of way,vehicle/pedestrian,yes,no,no,1,0,0,0,0,0,Pickup or Panel Truck,ORANGE
82242342,2023-11-20,11,15,1,possible injury,0,2,unknown,broadside,no,no,no,0,0,0,0,0,0,Not Stated,ORANGE
82242346,2023-11-10,11,13,5,possible injury,0,1,wrong side of road,broadside,no,no,no,0,0,0,0,0,0,Passenger Car with Trailer,RIVERSIDE
82242347,2023-11-11,11,17,6,severe injury,0,1,unsafe speed,sideswipe,no,no,yes,0,0,1,0,0,0,Passenger Car/Station Wagon,RIVERSIDE
82242351,2023-11-20,11,8,1,possible injury,0,1,traffic signs,broadside,no,no,no,0,0,0,0,0,0,Not Stated,RIVERSIDE
82242352,2023-11-08,11,15,3,possible injury,0,1,unsafe speed,rear end,no,no,no,0,0,0,0,0,0,Passenger Car/Station Wagon,SAN JOAQUIN
82242359,2023-11-08,11,17,3,possible injury,0,1,automobile right of way,broadside,no,no,no,0,0,0,0,0,0,Passenger Car/Station Wagon,LOS ANGELES
82242360,2023-11-08,11,19,3,possible injury,0,1,automobile right of way,broadside,no,no,no,0,0,0,0,0,0,Passenger Car/Station Wagon,LOS ANGELES
82242364,2023-09-30,9,16,6,minor injury,0,2,pedestrian violation,vehicle/pedestrian,yes,no,no,1,0,0,0,0,0,Pedestrian,LOS ANGELES
82242366,2023-10-25,10,7,3,possible injury,0,3,automobile right of way,broadside,no,no,no,0,0,0,0,0,0,Passenger Car/Station Wagon,LOS ANGELES
82242367,2023-10-31,10,12,2,possible injury,0,4,automobile right of way,broadside,no,no,no,0,0,0,0,0,0,Passenger Car/Station Wagon,LOS ANGELES
82242368,2023-11-05,11,20,7,minor injury,0,1,DUI,rear end,no,no,no,0,0,0,0,0,0,Passenger Car/Station Wagon,SANTA CLARA
82242369,2023-11-09,11,23,4,possible injury,0,1,DUI,rear end,no,no,no,0,0,0,0,0,0,Passenger Car/Station Wagon,LOS ANGELES
82242373,2023-11-08,11,8,3,minor injury,0,1,unsafe speed,broadside,no,no,yes,0,0,1,0,0,0,Passenger Car/Station Wagon,SANTA CLARA
82242374,2023-11-10,11,22,5,minor injury,0,1,traffic signs,broadside,no,no,no,0,0,0,0,0,0,Passenger Car/Station Wagon,SANTA CLARA
82242378,2023-11-14,11,17,2,minor injury,0,1,automobile right of way,broadside,no,yes,no,0,1,0,0,0,0,Other Vehicle,SANTA CLARA
82242379,2023-11-18,11,15,6,minor injury,0,2,unknown,broadside,no,no,no,0,0,0,0,0,0,Passenger Car/Station Wagon,SANTA CLARA
82242380,2023-10-15,10,21,7,possible injury,0,1,wrong side of road,broadside,no,yes,no,0,0,0,0,0,0,Bicycle,ORANGE
82242383,2023-11-02,11,19,4,minor injury,0,1,automobile right of way,other,no,yes,no,0,1,0,0,0,0,Bicycle,ORANGE
82242385,2023-11-09,11,8,4,possible injury,0,1,unsafe speed,rear end,no,no,no,0,0,0,0,0,0,Passenger Car/Station Wagon,ORANGE
82242386,2023-11-12,11,22,7,possible injury,0,2,DUI,rear end,no,no,no,0,0,0,0,0,0,Passenger Car/Station Wagon,ORANGE
82242387,2023-11-17,11,10,5,possible injury,0,2,automobile right of way,broadside,no,no,no,0,0,0,0,0,0,Passenger Car/Station Wagon,ORANGE
82242391,2023-11-17,11,15,5,possible injury,0,1,unsafe speed,rear end,no,no,no,0,0,0,0,0,0,Passenger Car/Station Wagon,ORANGE
82242395,2023-11-17,11,19,5,minor injury,0,1,DUI,sideswipe,no,no,no,0,0,0,0,0,0,Passenger Car/Station Wagon,ORANGE
82242396,2023-11-18,11,12,6,possible injury,0,1,automobile right of way,broadside,no,no,no,0,0,0,0,0,0,Passenger Car/Station Wagon,ORANGE
82242397,2023-11-18,11,13,6,possible injury,0,1,other improper driving,other,no,yes,no,0,1,0,0,0,0,Other Vehicle,ORANGE
82242399,2023-11-18,11,15,6,minor injury,0,1,DUI,sideswipe,no,no,no,0,0,0,0,0,0,Passenger Car/Station Wagon,ORANGE
82242408,2023-09-10,9,4,7,minor injury,0,2,improper turning,hit object,no,no,no,0,0,0,0,0,0,Passenger Car/Station Wagon,RIVERSIDE
82242410,2023-10-02,10,1,1,possible injury,0,3,DUI,rear end,no,no,no,0,0,0,0,0,0,Passenger Car/Station Wagon,RIVERSIDE
82242412,2023-10-07,10,7,6,severe injury,0,1,unknown,rear end,no,no,no,0,0,0,0,0,0,Passenger Car with Trailer,RIVERSIDE
82242413,2023-10-18,10,6,3,minor injury,0,1,improper turning,hit object,no,no,no,0,0,0,0,0,0,Passenger Car/Station Wagon,RIVERSIDE
82242417,2023-11-04,11,20,6,minor injury,0,1,traffic signs,head-on,no,no,no,0,0,0,0,0,0,Pickup or Panel Truck,SAN BERNARDINO
82242418,2023-11-09,11,7,4,severe injury,0,1,pedestrian violation,vehicle/pedestrian,yes,no,no,1,0,0,0,0,0,Pedestrian,SAN BERNARDINO
82242419,2023-11-09,11,18,4,minor injury,0,3,automobile right of way,broadside,no,no,no,0,0,0,0,0,0,Passenger Car/Station Wagon,SAN BERNARDINO
82242428,2023-11-10,11,15,5,minor injury,0,3,improper turning,broadside,no,no,no,0,0,0,0,0,0,Passenger Car/Station Wagon,SACRAMENTO
82242429,2023-10-18,10,18,3,minor injury,0,1,unsafe speed,rear end,no,no,no,0,0,0,0,0,0,Passenger Car/Station Wagon,RIVERSIDE
82242435,2023-11-15,11,12,3,possible injury,0,3,improper turning,head-on,no,no,no,0,0,0,0,0,0,Passenger Car/Station Wagon,KERN
82242437,2023-11-20,11,2,1,severe injury,0,1,DUI,hit object,no,no,no,0,0,0,0,0,0,Passenger Car/Station Wagon,KERN
82242445,2023-11-05,11,13,7,possible injury,0,1,unsafe speed,rear end,no,no,no,0,0,0,0,0,0,Passenger Car/Station Wagon,ALAMEDA
82242449,2023-10-26,10,8,4,minor injury,0,1,pedestrian right of way,vehicle/pedestrian,yes,no,no,1,0,0,0,0,0,Passenger Car/Station Wagon,ALAMEDA
82242451,2023-10-28,10,18,6,fatal injury,1,0,unsafe speed,rear end,no,no,yes,0,0,0,0,0,1,Motorcycle/Scooter,SAN DIEGO
82242453,2023-11-06,11,7,1,severe injury,0,3,automobile right of way,head-on,no,no,no,0,0,0,0,0,0,Passenger Car/Station Wagon,SAN DIEGO
82242454,2023-08-13,8,17,7,severe injury,0,5,unsafe speed,rear end,no,no,no,0,0,0,0,0,0,Passenger Car/Station Wagon,RIVERSIDE
82242457,2023-09-22,9,21,5,possible injury,0,1,DUI,sideswipe,no,no,no,0,0,0,0,0,0,Passenger Car/Station Wagon,RIVERSIDE
82242458,2023-09-08,9,13,5,possible injury,0,1,unsafe speed,rear end,no,no,no,0,0,0,0,0,0,Passenger Car/Station Wagon,SAN JOAQUIN
82242461,2023-10-27,10,19,5,possible injury,0,1,unsafe speed,broadside,no,no,no,0,0,0,0,0,0,Passenger Car/Station Wagon,SANTA BARBARA
82242464,2023-11-02,11,12,4,possible injury,0,1,pedestrian right of way,vehicle/pedestrian,yes,no,no,1,0,0,0,0,0,Passenger Car/Station Wagon,SANTA BARBARA
82242466,2023-11-03,11,12,5,possible injury,0,2,automobile right of way,broadside,no,no,no,0,0,0,0,0,0,Passenger Car/Station Wagon,SANTA BARBARA
82242469,2023-11-06,11,16,1,possible injury,0,1,unsafe speed,rear end,no,no,no,0,0,0,0,0,0,Passenger Car/Station Wagon,SANTA BARBARA
82242470,2023-10-12,10,16,4,possible injury,0,1,unsafe speed,rear end,no,no,no,0,0,0,0,0,0,Passenger Car/Station Wagon,SAN JOAQUIN
82242472,2023-11-07,11,8,2,possible injury,0,1,automobile right of way,broadside,no,no,no,0,0,0,0,0,0,Pickup or Panel Truck,SANTA BARBARA
82242474,2023-11-07,11,10,2,minor injury,0,1,automobile right of way,other,no,no,yes,0,0,1,0,0,0,Passenger Car/Station Wagon,SANTA BARBARA
82242477,2023-11-06,11,16,1,severe injury,0,2,automobile right of way,head-on,no,no,no,0,0,0,0,0,0,Passenger Car/Station Wagon,RIVERSIDE
82242478,2023-11-16,11,13,4,possible injury,0,1,automobile right of way,broadside,no,no,no,0,0,0,0,0,0,Passenger Car/Station Wagon,RIVERSIDE
82242481,2023-11-12,11,12,7,minor injury,0,1,traffic signs,rear end,no,no,no,0,0,0,0,0,0,Passenger Car/Station Wagon,RIVERSIDE
82242482,2023-11-20,11,13,1,minor injury,0,2,improper turning,broadside,no,no,no,0,0,0,0,0,0,Passenger Car/Station Wagon,RIVERSIDE
82242670,2023-08-30,8,14,3,possible injury,0,1,unknown,other,no,yes,no,0,1,0,0,0,0,Bicycle,SANTA CLARA
82242762,2023-11-15,11,0,3,severe injury,0,1,unsafe speed,hit object,no,no,no,0,0,0,0,0,0,Passenger Car/Station Wagon,ORANGE
82242958,2023-05-24,5,12,3,possible injury,0,1,automobile right of way,broadside,no,no,no,0,0,0,0,0,0,Passenger Car/Station Wagon,SANTA CLARA
82243029,2023-11-17,11,18,5,minor injury,0,1,automobile right of way,broadside,no,no,no,0,0,0,0,0,0,Passenger Car/Station Wagon,SAN MATEO
82243033,2023-11-18,11,13,6,minor injury,0,1,automobile right of way,broadside,no,no,no,0,0,0,0,0,0,Not Stated,SAN MATEO
82243124,2023-11-14,11,16,2,minor injury,0,1,unsafe speed,vehicle/pedestrian,yes,no,no,1,0,0,0,0,0,Passenger Car/Station Wagon,SAN MATEO
82243339,2023-11-15,11,5,3,minor injury,0,1,unsafe speed,broadside,no,no,no,0,0,0,0,0,0,Passenger Car/Station Wagon,RIVERSIDE
82243340,2023-11-15,11,17,3,minor injury,0,1,wrong side of road,broadside,no,yes,no,0,1,0,0,0,0,Bicycle,RIVERSIDE
82243341,2023-11-17,11,10,5,minor injury,0,1,improper turning,broadside,no,no,no,0,0,0,0,0,0,Passenger Car/Station Wagon,RIVERSIDE
82243343,2023-08-31,8,14,4,severe injury,0,3,unsafe speed,broadside,no,no,yes,0,0,1,0,0,0,Motorcycle/Scooter,RIVERSIDE
82243344,2023-11-15,11,17,3,possible injury,0,1,unknown,broadside,no,no,no,0,0,0,0,0,0,Not Stated,RIVERSIDE
82243346,2023-11-21,11,13,2,possible injury,0,1,improper turning,broadside,no,no,no,0,0,0,0,0,0,Passenger Car/Station Wagon,RIVERSIDE
82243347,2023-11-03,11,18,5,possible injury,0,1,traffic signs,broadside,no,no,no,0,0,0,0,0,0,Passenger Car/Station Wagon,SONOMA
82243349,2023-10-19,10,16,4,possible injury,0,1,automobile right of way,broadside,no,no,no,0,0,0,0,0,0,Passenger Car/Station Wagon,LOS ANGELES
82243350,2023-10-19,10,19,4,minor injury,0,1,pedestrian violation,vehicle/pedestrian,yes,no,no,1,0,0,0,0,0,Pedestrian,LOS ANGELES
82243351,2023-10-20,10,13,5,possible injury,0,1,improper passing,sideswipe,no,no,no,0,0,0,0,0,0,Passenger Car/Station Wagon,LOS ANGELES
82243354,2023-10-30,10,21,1,possible injury,0,1,DUI,vehicle/pedestrian,yes,no,no,1,0,0,0,0,0,Pickup or Panel Truck,ORANGE
82243358,2023-11-04,11,18,6,possible injury,0,3,unsafe speed,rear end,no,no,no,0,0,0,0,0,0,Pickup or Panel Truck,ORANGE
82243359,2023-11-20,11,12,1,possible injury,0,2,unsafe speed,rear end,no,no,no,0,0,0,0,0,0,Passenger Car/Station Wagon,ORANGE