CASE_ID,COLLISION_DATE,MONTH,HOUR,DAY_OF_WEEK,COLLISION_SEVERITY,NUMBER_KILLED,NUMBER_INJURED,PCF_VIOL_CATEGORY,TYPE_OF_COLLISION,PEDESTRIAN_ACCIDENT,BICYCLE_ACCIDENT,MOTORCYCLE_ACCIDENT,COUNT_PED_INJURED,COUNT_BICYCLIST_INJURED,COUNT_MC_INJURED,COUNT_PED_KILLED,COUNT_BICYCLIST_KILLED,COUNT_MC_KILLED,STWD_VEHTYPE_AT_FAULT,COUNTY
82248608,2023-11-12,11,0,7,minor injury,0,1,other hazardous violation,broadside,no,no,no,0,0,0,0,0,0,Passenger Car/Station Wagon,SACRAMENTO
82248610,2023-11-15,11,14,3,possible injury,0,1,improper turning,broadside,no,no,no,0,0,0,0,0,0,Pickup or Panel Truck,SACRAMENTO
82248612,2023-11-16,11,17,4,minor injury,0,1,automobile right of way,broadside,no,no,no,0,0,0,0,0,0,Pickup or Panel Truck,SACRAMENTO
82248613,2023-11-17,11,11,5,possible injury,0,1,improper turning,rear end,no,no,no,0,0,0,0,0,0,Passenger Car/Station Wagon,SACRAMENTO
82248616,2023-11-17,11,21,5,minor injury,0,3,traffic signs,broadside,no,no,no,0,0,0,0,0,0,Passenger Car/Station Wagon,SACRAMENTO
82248619,2023-11-18,11,10,6,minor injury,0,1,unsafe speed,rear end,no,no,no,0,0,0,0,0,0,Passenger Car/Station Wagon,SACRAMENTO
82248620,2023-11-18,11,18,6,possible injury,0,2,improper turning,sideswipe,no,no,no,0,0,0,0,0,0,Passenger Car/Station Wagon,SACRAMENTO
82248621,2023-11-18,11,18,6,possible injury,0,1,unsafe speed,rear end,no,no,no,0,0,0,0,0,0,Passenger Car/Station Wagon,SACRAMENTO
82248622,2023-11-18,11,19,6,minor injury,0,1,unsafe speed,sideswipe,no,yes,no,0,1,0,0,0,0,Passenger Car/Station Wagon,SACRAMENTO
82248631,2023-11-22,11,9,3,possible injury,0,2,traffic signs,broadside,no,no,no,0,0,0,0,0,0,Passenger Car/Station Wagon,CONTRA COSTA
82248636,2023-10-24,10,8,2,possible injury,0,1,pedestrian violation,vehicle/pedestrian,yes,no,no,1,0,0,0,0,0,Pedestrian,KERN
82248639,2023-11-21,11,18,2,possible injury,0,2,unsafe speed,rear end,no,no,no,0,0,0,0,0,0,Passenger Car/Station Wagon,KERN
82248640,2023-11-23,11,13,4,possible injury,0,2,improper passing,head-on,no,no,no,0,0,0,0,0,0,Passenger Car/Station Wagon,KERN
82248643,2023-11-25,11,23,6,minor injury,0,1,DUI,hit object,no,no,no,0,0,0,0,0,0,Passenger Car/Station Wagon,KERN
82248644,2023-11-27,11,6,1,possible injury,0,1,automobile right of way,broadside,no,yes,no,0,1,0,0,0,0,Passenger Car/Station Wagon,KERN
82248645,2023-11-27,11,9,1,minor injury,0,7,automobile right of way,broadside,no,no,no,0,0,0,0,0,0,Passenger Car/Station Wagon,KERN
82248646,2023-11-27,11,16,1,possible injury,0,1,unsafe speed,rear end,no,no,no,0,0,0,0,0,0,Not Stated,KERN
82248651,2023-11-10,11,16,5,possible injury,0,1,traffic signs,broadside,no,no,no,0,0,0,0,0,0,Passenger Car/Station Wagon,BUTTE
82248654,2023-09-19,9,3,2,possible injury,0,1,improper turning,hit object,no,no,no,0,0,0,0,0,0,Passenger Car/Station Wagon,ALAMEDA
82248656,2023-11-13,11,6,1,possible injury,0,1,unsafe speed,rear end,no,no,no,0,0,0,0,0,0,Pickup or Panel Truck,RIVERSIDE
82248658,2023-10-22,10,9,7,severe injury,0,1,traffic signs,broadside,no,yes,no,0,1,0,0,0,0,Bicycle,ALAMEDA
82248660,2023-10-23,10,22,1,minor injury,0,1,DUI,rear end,no,yes,no,0,1,0,0,0,0,Passenger Car/Station Wagon,ALAMEDA
82248661,2023-11-09,11,15,4,possible injury,0,2,improper turning,head-on,no,no,no,0,0,0,0,0,0,Passenger Car/Station Wagon,RIVERSIDE
82248664,2023-10-31,10,8,2,minor injury,0,1,other improper driving,vehicle/pedestrian,yes,no,no,1,0,0,0,0,0,Passenger Car/Station Wagon,ALAMEDA
82248666,2023-10-07,10,11,6,minor injury,0,1,unsafe speed,hit object,no,yes,no,0,1,0,0,0,0,Other Vehicle,SAN DIEGO
82248667,2023-11-23,11,14,4,minor injury,0,1,traffic signs,head-on,no,no,no,0,0,0,0,0,0,Passenger Car/Station Wagon,RIVERSIDE
82248668,2023-10-31,10,10,2,possible injury,0,1,wrong side of road,hit object,no,no,no,0,0,0,0,0,0,Passenger Car/Station Wagon,ALAMEDA
82248669,2023-10-25,10,10,3,possible injury,0,1,traffic signs,broadside,no,no,no,0,0,0,0,0,0,Passenger Car/Station Wagon,SAN DIEGO
82248673,2023-11-05,11,10,7,minor injury,0,1,unsafe speed,rear end,no,no,no,0,0,0,0,0,0,Passenger Car/Station Wagon,ALAMEDA
82248674,2023-11-09,11,16,4,minor injury,0,3,traffic signs,broadside,no,no,no,0,0,0,0,0,0,Passenger Car/Station Wagon,SAN DIEGO
82248678,2023-11-21,11,12,2,minor injury,0,1,automobile right of way,broadside,no,no,no,0,0,0,0,0,0,Passenger Car/Station Wagon,ALAMEDA
82248679,2023-11-24,11,15,5,minor injury,0,1,automobile right of way,broadside,no,no,no,0,0,0,0,0,0,Passenger Car/Station Wagon,SAN DIEGO
82248686,2023-11-26,11,12,7,minor injury,0,2,automobile right of way,broadside,no,no,no,0,0,0,0,0,0,Passenger Car/Station Wagon,RIVERSIDE
82248694,2023-09-02,9,1,6,minor injury,0,1,improper turning,hit object,no,no,no,0,0,0,0,0,0,Passenger Car/Station Wagon,RIVERSIDE
82248703,2023-09-05,9,19,2,minor injury,0,1,improper turning,hit object,no,no,no,0,0,0,0,0,0,Passenger Car/Station Wagon,RIVERSIDE
82248705,2023-09-07,9,6,4,possible injury,0,1,improper turning,hit object,no,no,no,0,0,0,0,0,0,Passenger Car/Station Wagon,RIVERSIDE
82248707,2023-09-14,9,17,4,possible injury,0,1,pedestrian right of way,vehicle/pedestrian,yes,no,no,1,0,0,0,0,0,Passenger Car/Station Wagon,RIVERSIDE
82248710,2023-09-17,9,0,7,severe injury,0,2,wrong side of road,head-on,no,no,no,0,0,0,0,0,0,Passenger Car/Station Wagon,RIVERSIDE
82248712,2023-09-18,9,9,1,minor injury,0,1,unsafe speed,hit object,no,no,no,0,0,0,0,0,0,Pickup or Panel Truck,RIVERSIDE
82248714,2023-09-25,9,7,1,possible injury,0,2,traffic signs,sideswipe,no,no,no,0,0,0,0,0,0,Passenger Car/Station Wagon,RIVERSIDE
82248722,2023-10-02,10,14,1,severe injury,0,1,unsafe starting or backing,hit object,no,no,no,0,0,0,0,0,0,Passenger Car/Station Wagon,SAN JOAQUIN
82248725,2023-10-03,10,16,2,possible injury,0,1,pedestrian right of way,vehicle/pedestrian,yes,no,no,1,0,0,0,0,0,Passenger Car/Station Wagon,SAN JOAQUIN
82248728,2023-10-14,10,6,6,possible injury,0,1,traffic signs,head-on,no,no,no,0,0,0,0,0,0,Pickup or Panel Truck,SAN JOAQUIN
82248730,2023-11-03,11,14,5,possible injury,0,1,unsafe speed,rear end,no,no,no,0,0,0,0,0,0,Passenger Car/Station Wagon,RIVERSIDE
82248731,2023-10-17,10,16,2,minor injury,0,1,unknown,broadside,no,yes,no,0,1,0,0,0,0,Pickup or Panel Truck,SAN JOAQUIN
82248732,2023-10-18,10,8,3,minor injury,0,1,automobile right of way,broadside,no,no,no,0,0,0,0,0,0,Passenger Car/Station Wagon,SAN JOAQUIN
82248736,2023-10-24,10,8,2,minor injury,0,1,automobile right of way,sideswipe,no,no,no,0,0,0,0,0,0,Passenger Car/Station Wagon,SAN JOAQUIN
82248737,2023-10-24,10,9,2,possible injury,0,1,traffic signs,sideswipe,no,no,no,0,0,0,0,0,0,Passenger Car/Station Wagon,SAN JOAQUIN
82248738,2023-10-24,10,11,2,possible injury,0,1,unsafe speed,rear end,no,no,no,0,0,0,0,0,0,Passenger Car/Station Wagon,SAN JOAQUIN
82248740,2023-10-24,10,16,2,minor injury,0,1,unsafe speed,rear end,no,no,no,0,0,0,0,0,0,Passenger Car/Station Wagon,SAN JOAQUIN
82248741,2023-10-24,10,17,2,minor injury,0,2,unsafe speed,rear end,no,no,no,0,0,0,0,0,0,Passenger Car/Station Wagon,SAN JOAQUIN
82248747,2023-08-01,8,12,2,severe injury,0,2,automobile right of way,broadside,no,no,no,0,0,0,0,0,0,Passenger Car/Station Wagon,STANISLAUS
82248752,2023-11-18,11,23,6,minor injury,0,1,DUI,hit object,no,no,no,0,0,0,0,0,0,Passenger Car/Station Wagon,STANISLAUS
82248753,2023-11-18,11,20,6,minor injury,0,2,unsafe speed,hit object,no,no,no,0,0,0,0,0,0,Passenger Car/Station Wagon,STANISLAUS
82248758,2023-11-22,11,14,3,minor injury,0,2,automobile right of way,broadside,no,no,no,0,0,0,0,0,0,Pickup or Panel Truck,STANISLAUS
82248759,2023-11-22,11,16,3,possible injury,0,1,unsafe speed,rear end,no,no,no,0,0,0,0,0,0,Passenger Car/Station Wagon,STANISLAUS
82248761,2023-11-23,11,2,4,minor injury,0,1,DUI,broadside,no,no,no,0,0,0,0,0,0,Passenger Car/Station Wagon,STANISLAUS
82248763,2023-11-26,11,23,7,minor injury,0,1,DUI,hit object,no,no,no,0,0,0,0,0,0,Passenger Car/Station Wagon,STANISLAUS
82248768,2023-11-01,11,16,3,possible injury,0,1,pedestrian right of way,vehicle/pedestrian,yes,no,no,1,0,0,0,0,0,Passenger Car/Station Wagon,RIVERSIDE
82248866,2023-10-30,10,8,1,possible injury,0,1,automobile right of way,broadside,no,yes,no,0,1,0,0,0,0,Passenger Car/Station Wagon,ORANGE
82248867,2023-11-08,11,10,3,severe injury,0,1,unknown,other,no,yes,no,0,1,0,0,0,0,Bicycle,ORANGE
82249170,2023-08-06,8,6,7,minor injury,0,1,other hazardous violation,sideswipe,no,yes,no,0,1,0,0,0,0,Pickup or Panel Truck,SAN MATEO
82249208,2023-11-07,11,16,2,possible injury,0,1,unsafe speed,vehicle/pedestrian,yes,no,no,1,0,0,0,0,0,Passenger Car/Station Wagon,CONTRA COSTA
82249214,2023-11-08,11,15,3,possible injury,0,1,following too closely,rear end,no,no,no,0,0,0,0,0,0,Passenger Car/Station Wagon,CONTRA COSTA
82249220,2023-11-12,11,17,7,minor injury,0,5,DUI,rear end,no,no,no,0,0,0,0,0,0,Pickup or Panel Truck,CONTRA COSTA
82249228,2023-11-19,11,2,7,minor injury,0,1,unsafe speed,hit object,no,no,no,0,0,0,0,0,0,Passenger Car/Station Wagon,CONTRA COSTA
82249240,2023-11-17,11,13,5,severe injury,0,2,unsafe speed,broadside,no,no,yes,0,0,1,0,0,0,Motorcycle/Scooter,CONTRA COSTA
82249243,2023-11-19,11,9,7,possible injury,0,1,automobile right of way,broadside,no,no,no,0,0,0,0,0,0,Passenger Car/Station Wagon,CONTRA COSTA
82249326,2023-11-16,11,8,4,minor injury,0,1,traffic signs,broadside,no,no,no,0,0,0,0,0,0,Not Stated,SAN MATEO
82249537,2023-11-11,11,20,6,minor injury,0,2,traffic signs,broadside,no,no,no,0,0,0,0,0,0,Passenger Car/Station Wagon,ORANGE
82249570,2023-11-26,11,19,7,minor injury,0,1,unsafe speed,other,no,no,yes,0,0,1,0,0,0,Motorcycle/Scooter,ORANGE
82249587,2023-10-19,10,2,4,minor injury,0,1,unsafe speed,sideswipe,no,no,no,0,0,0,0,0,0,Passenger Car/Station Wagon,ORANGE
82249596,2023-11-02,11,17,4,minor injury,0,1,improper turning,sideswipe,no,no,no,0,0,0,0,0,0,Passenger Car/Station Wagon,HUMBOLDT
82249924,2023-11-07,11,14,2,severe injury,0,3,automobile right of way,broadside,no,no,no,0,0,0,0,0,0,Passenger Car/Station Wagon,HUMBOLDT
82249928,2023-11-07,11,18,2,minor injury,0,1,unsafe starting or backing,rear end,no,no,no,0,0,0,0,0,0,Passenger Car/Station Wagon,HUMBOLDT
82250018,2023-11-28,11,17,2,minor injury,0,1,improper turning,rear end,no,no,no,0,0,0,0,0,0,Passenger Car/Station Wagon,SAN MATEO
82250141,2023-11-30,11,17,4,minor injury,0,3,unsafe speed,rear end,no,no,no,0,0,0,0,0,0,Passenger Car/Station Wagon,SAN MATEO
82250296,2023-11-13,11,15,1,possible injury,0,1,automobile right of way,rear end,no,no,no,0,0,0,0,0,0,Passenger Car/Station Wagon,SANTA BARBARA
82250297,2023-11-15,11,15,3,minor injury,0,2,automobile right of way,broadside,no,no,no,0,0,0,0,0,0,Passenger Car/Station Wagon,SANTA BARBARA
82250298,2023-11-21,11,8,2,possible injury,0,2,automobile right of way,broadside,no,no,no,0,0,0,0,0,0,Pickup or Panel Truck,SANTA BARBARA
82250299,2023-11-02,11,18,4,minor injury,0,1,unsafe speed,rear end,no,no,no,0,0,0,0,0,0,Other Bus,LOS ANGELES
82250300,2023-10-26,10,17,4,possible injury,0,1,automobile right of way,broadside,no,yes,no,0,1,0,0,0,0,Other Bus,SONOMA
82250301,2023-11-12,11,10,7,possible injury,0,1,traffic signs,broadside,no,no,no,0,0,0,0,0,0,Passenger Car/Station Wagon,LOS ANGELES
82250303,2023-10-27,10,22,5,minor injury,0,1,DUI,hit object,no,no,no,0,0,0,0,0,0,Passenger Car/Station Wagon,LOS ANGELES
82250305,2023-10-30,10,14,1,minor injury,0,3,automobile right of way,broadside,no,no,no,0,0,0,0,0,0,Passenger Car/Station Wagon,LOS ANGELES
82250306,2023-10-30,10,18,1,minor injury,0,2,traffic signs,broadside,no,no,no,0,0,0,0,0,0,Passenger Car/Station Wagon,LOS ANGELES
82250308,2023-10-31,10,11,2,possible injury,0,1,unsafe speed,rear end,no,no,no,0,0,0,0,0,0,Passenger Car/Station Wagon,LOS ANGELES
82250310,2023-11-04,11,16,6,minor injury,0,2,traffic signs,broadside,no,no,no,0,0,0,0,0,0,Passenger Car/Station Wagon,LOS ANGELES
82250321,2023-11-29,11,10,3,possible injury,0,1,traffic signs,broadside,no,no,no,0,0,0,0,0,0,Passenger Car/Station Wagon,ORANGE
82250323,2023-11-29,11,16,3,possible injury,0,1,pedestrian right of way,vehicle/pedestrian,yes,no,no,1,0,0,0,0,0,Not Stated,ORANGE
82250325,2023-11-30,11,8,4,possible injury,0,1,automobile right of way,broadside,no,no,no,0,0,0,0,0,0,Passenger Car/Station Wagon,ORANGE
82250326,2023-11-30,11,11,4,possible injury,0,2,traffic signs,broadside,no,no,no,0,0,0,0,0,0,Passenger Car/Station Wagon,ORANGE
82250328,2023-12-01,12,11,5,possible injury,0,1,unsafe speed,rear end,no,no,no,0,0,0,0,0,0,Passenger Car/Station Wagon,ORANGE
82250329,2023-10-12,10,19,4,possible injury,0,1,automobile right of way,head-on,no,no,no,0,0,0,0,0,0,Passenger Car/Station Wagon,ORANGE
82250332,2023-11-19,11,9,7,minor injury,0,1,pedestrian right of way,vehicle/pedestrian,yes,no,no,1,0,0,0,0,0,Passenger Car/Station Wagon,ORANGE
82250334,2023-11-24,11,6,5,minor injury,0,1,improper turning,rear end,no,no,no,0,0,0,0,0,0,Passenger Car/Station Wagon,ORANGE
82250336,2023-11-25,11,5,6,possible injury,0,1,automobile right of way,broadside,no,no,no,0,0,0,0,0,0,Passenger Car/Station Wagon,ORANGE
82250337,2023-11-25,11,6,6,minor injury,0,1,DUI,broadside,no,no,no,0,0,0,0,0,0,Passenger Car/Station Wagon,ORANGE
82250338,2023-11-25,11,7,6,possible injury,0,2,traffic signs,sideswipe,no,no,no,0,0,0,0,0,0,Passenger Car/Station Wagon,ORANGE
82250340,2023-11-27,11,11,1,minor injury,0,2,unsafe speed,rear end,no,no,no,0,0,0,0,0,0,Passenger Car/Station Wagon,ORANGE
82250341,2023-11-29,11,16,3,minor injury,0,3,unknown,head-on,no,no,no,0,0,0,0,0,0,Passenger Car/Station Wagon,ORANGE
82250342,2023-09-03,9,14,7,minor injury,0,4,automobile right of way,broadside,no,no,no,0,0,0,0,0,0,Passenger Car/Station Wagon,RIVERSIDE
82250347,2023-10-31,10,13,2,possible injury,0,1,wrong side of road,broadside,no,yes,no,0,1,0,0,0,0,Bicycle,LOS ANGELES
82250349,2023-11-20,11,16,1,severe injury,0,1,improper turning,hit object,no,no,no,0,0,0,0,0,0,Passenger Car/Station Wagon,SAN JOAQUIN
82250350,2023-11-13,11,7,1,possible injury,0,1,unknown,broadside,no,no,no,0,0,0,0,0,0,Not Stated,LOS ANGELES
82250351,2023-11-14,11,7,2,possible injury,0,1,improper turning,sideswipe,no,no,no,0,0,0,0,0,0,Passenger Car/Station Wagon,LOS ANGELES
82250354,2023-10-11,10,20,3,fatal injury,1,0,pedestrian violation,vehicle/pedestrian,yes,no,no,0,0,0,1,0,0,Pedestrian,EL DORADO
82250355,2023-11-25,11,16,6,possible injury,0,1,unsafe speed,rear end,no,no,no,0,0,0,0,0,0,Passenger Car/Station Wagon,EL DORADO
82250358,2023-10-15,10,21,7,minor injury,0,1,DUI,hit object,no,no,no,0,0,0,0,0,0,Passenger Car/Station Wagon,SANTA CLARA
82250360,2023-10-16,10,9,1,minor injury,0,1,automobile right of way,broadside,no,no,no,0,0,0,0,0,0,Passenger Car/Station Wagon,SANTA CLARA
82250361,2023-11-18,11,13,6,possible injury,0,1,following too closely,rear end,no,no,no,0,0,0,0,0,0,Passenger Car/Station Wagon,STANISLAUS
82250364,2023-10-19,10,4,4,minor injury,0,1,DUI,sideswipe,no,no,no,0,0,0,0,0,0,Passenger Car/Station Wagon,SANTA CLARA
82250365,2023-10-19,10,15,4,minor injury,0,1,unknown,sideswipe,no,yes,no,0,1,0,0,0,0,Passenger Car/Station Wagon,SANTA CLARA
82250367,2023-10-26,10,17,4,minor injury,0,1,other hazardous violation,sideswipe,no,no,no,0,0,0,0,0,0,Passenger Car/Station Wagon,LOS ANGELES
82250368,2023-11-02,11,17,4,minor injury,0,2,improper turning,broadside,no,no,no,0,0,0,0,0,0,Passenger Car/Station Wagon,LOS ANGELES
82250370,2023-11-03,11,22,5,possible injury,0,1,traffic signs,broadside,no,no,no,0,0,0,0,0,0,Passenger Car/Station Wagon,LOS ANGELES
82250374,2023-09-29,9,20,5,minor injury,0,1,pedestrian violation,vehicle/pedestrian,yes,no,no,1,0,0,0,0,0,Pedestrian,RIVERSIDE
82250375,2023-11-14,11,14,2,possible injury,0,3,automobile right of way,broadside,no,no,no,0,0,0,0,0,0,Passenger Car/Station Wagon,SAN LUIS OBISPO
82250376,2023-10-16,10,7,1,minor injury,0,1,wrong side of road,broadside,no,yes,no,0,1,0,0,0,0,Bicycle,MONTEREY
82250378,2023-11-08,11,17,3,severe injury,0,1,pedestrian violation,vehicle/pedestrian,yes,no,no,1,0,0,0,0,0,Pedestrian,RIVERSIDE
82250379,2023-11-18,11,13,6,possible injury,0,2,following too closely,rear end,no,no,no,0,0,0,0,0,0,Passenger Car/Station Wagon,STANISLAUS
82250380,2023-09-25,9,9,1,minor injury,0,1,pedestrian right of way,vehicle/pedestrian,yes,no,no,1,0,0,0,0,0,Passenger Car/Station Wagon,SONOMA
82250381,2023-10-17,10,16,2,minor injury,0,1,automobile right of way,broadside,no,no,no,0,0,0,0,0,0,Passenger Car/Station Wagon,MONTEREY
82250382,2023-11-13,11,17,1,minor injury,0,1,pedestrian right of way,vehicle/pedestrian,yes,no,no,1,0,0,0,0,0,Passenger Car/Station Wagon,RIVERSIDE
82250383,2023-11-19,11,12,7,minor injury,0,2,traffic signs,broadside,no,no,no,0,0,0,0,0,0,Passenger Car/Station Wagon,SAN LUIS OBISPO
82250384,2023-09-07,9,16,4,minor injury,0,1,unsafe speed,hit object,no,no,no,0,0,0,0,0,0,Passenger Car/Station Wagon,SAN BERNARDINO
82250385,2023-11-15,11,18,3,minor injury,0,1,unsafe speed,hit object,no,no,no,0,0,0,0,0,0,Passenger Car/Station Wagon,RIVERSIDE
82250386,2023-11-15,11,16,3,possible injury,0,1,automobile right of way,broadside,no,yes,no,0,1,0,0,0,0,Passenger Car/Station Wagon,SONOMA
82250388,2023-10-23,10,13,1,possible injury,0,1,automobile right of way,broadside,no,no,no,0,0,0,0,0,0,Passenger Car/Station Wagon,MONTEREY
82250389,2023-11-08,11,18,3,possible injury,0,2,traffic signs,broadside,no,no,no,0,0,0,0,0,0,Passenger Car/Station Wagon,SAN BERNARDINO
82250390,2023-11-16,11,1,4,minor injury,0,1,unsafe speed,overturned,no,no,no,0,0,0,0,0,0,Passenger Car/Station Wagon,SONOMA
82250391,2023-09-19,9,1,2,minor injury,0,3,DUI,broadside,no,no,no,0,0,0,0,0,0,Pickup or Panel Truck,SAN BERNARDINO
82250392,2023-11-14,11,12,2,minor injury,0,1,unsafe speed,rear end,no,no,no,0,0,0,0,0,0,Passenger Car/Station Wagon,SAN BERNARDINO
82250393,2023-11-18,11,11,6,possible injury,0,2,unsafe speed,sideswipe,no,no,no,0,0,0,0,0,0,Passenger Car/Station Wagon,SONOMA
82250394,2023-10-28,10,16,6,possible injury,0,2,traffic signs,broadside,no,no,no,0,0,0,0,0,0,Passenger Car/Station Wagon,MONTEREY
82250395,2023-10-04,10,15,3,possible injury,0,1,unknown,other,no,no,no,0,0,0,0,0,0,Not Stated,SAN BERNARDINO
82250396,2023-09-29,9,16,5,minor injury,0,2,traffic signs,broadside,no,no,no,0,0,0,0,0,0,Not Stated,SAN BERNARDINO
82250397,2023-11-19,11,23,7,minor injury,0,1,improper turning,hit object,no,no,no,0,0,0,0,0,0,Not Stated,SONOMA
82250398,2023-11-15,11,12,3,minor injury,0,1,unsafe speed,rear end,no,no,no,0,0,0,0,0,0,Pickup or Panel Truck,SAN BERNARDINO
82250399,2023-09-30,9,16,6,possible injury,0,1,improper turning,hit object,no,no,no,0,0,0,0,0,0,Passenger Car/Station Wagon,SAN BERNARDINO
82250400,2023-11-20,11,10,1,possible injury,0,1,traffic signs,sideswipe,no,no,no,0,0,0,0,0,0,Not Stated,SONOMA
82250401,2023-11-19,11,12,7,possible injury,0,1,traffic signs,broadside,no,no,no,0,0,0,0,0,0,Pickup or Panel Truck,SAN BERNARDINO
82250402,2023-10-04,10,7,3,minor injury,0,2,automobile right of way,broadside,no,no,no,0,0,0,0,0,0,Passenger Car/Station Wagon,SAN BERNARDINO
82250403,2023-11-08,11,8,3,minor injury,0,6,automobile right of way,head-on,no,no,no,0,0,0,0,0,0,Passenger Car/Station Wagon,MONTEREY
82250404,2023-10-07,10,11,6,minor injury,0,1,automobile right of way,broadside,no,no,no,0,0,0,0,0,0,Passenger Car/Station Wagon,SAN BERNARDINO
82250405,2023-11-08,11,15,3,possible injury,0,1,pedestrian violation,broadside,no,yes,no,0,1,0,0,0,0,Bicycle,MONTEREY
82250407,2023-11-09,11,14,4,possible injury,0,1,following too closely,rear end,no,no,no,0,0,0,0,0,0,Passenger Car/Station Wagon,MONTEREY
82250408,2023-11-15,11,8,3,minor injury,0,2,automobile right of way,broadside,no,no,no,0,0,0,0,0,0,Passenger Car/Station Wagon,MONTEREY
82250409,2023-11-16,11,16,4,possible injury,0,1,automobile right of way,broadside,no,no,no,0,0,0,0,0,0,Passenger Car/Station Wagon,MONTEREY
82250411,2023-10-28,10,1,6,fatal injury,1,0,automobile right of way,broadside,no,yes,no,0,0,0,0,1,0,Bicycle,RIVERSIDE
82250412,2023-11-06,11,2,1,severe injury,0,1,automobile right of way,broadside,no,no,no,0,0,0,0,0,0,Passenger Car/Station Wagon,RIVERSIDE
82250413,2023-11-07,11,19,2,severe injury,0,1,pedestrian violation,vehicle/pedestrian,yes,no,no,1,0,0,0,0,0,Pedestrian,RIVERSIDE
82250414,2023-11-10,11,20,5,minor injury,0,2,pedestrian violation,vehicle/pedestrian,yes,no,no,2,0,0,0,0,0,Pedestrian,RIVERSIDE
82250415,2023-11-12,11,17,7,possible injury,0,1,unsafe lane change,sideswipe,no,no,no,0,0,0,0,0,0,Passenger Car/Station Wagon,RIVERSIDE
82250416,2023-10-13,10,7,5,possible injury,0,3,improper turning,head-on,no,no,no,0,0,0,0,0,0,Passenger Car/Station Wagon,SANTA CLARA
82250421,2023-11-14,11,17,2,possible injury,0,1,unsafe lane change,rear end,no,no,no,0,0,0,0,0,0,Passenger Car/Station Wagon,SAN BERNARDINO
82250427,2023-11-20,11,5,1,possible injury,0,1,pedestrian violation,head-on,yes,no,no,1,0,0,0,0,0,Pedestrian,SAN BERNARDINO
82250431,2023-10-14,10,12,6,fatal injury,1,0,improper turning,hit object,no,no,no,0,0,0,0,0,0,Passenger Car/Station Wagon,VENTURA
82250432,2023-09-04,9,14,1,possible injury,0,2,automobile right of way,broadside,no,no,no,0,0,0,0,0,0,Passenger Car/Station Wagon,LOS ANGELES
82250433,2023-09-28,9,7,4,possible injury,0,2,automobile right of way,broadside,no,no,no,0,0,0,0,0,0,Passenger Car/Station Wagon,LOS ANGELES
82250435,2023-10-23,10,14,1,possible injury,0,1,unsafe speed,rear end,no,no,no,0,0,0,0,0,0,Passenger Car/Station Wagon,LOS ANGELES
82250436,2023-11-04,11,17,6,possible injury,0,1,improper turning,vehicle/pedestrian,yes,no,no,1,0,0,0,0,0,Passenger Car/Station Wagon,LOS ANGELES
82250437,2023-11-06,11,17,1,possible injury,0,1,automobile right of way,broadside,no,no,no,0,0,0,0,0,0,Passenger Car/Station Wagon,LOS ANGELES
82250439,2023-11-08,11,18,3,possible injury,0,2,automobile right of way,broadside,no,no,no,0,0,0,0,0,0,Passenger Car/Station Wagon,LOS ANGELES
82250442,2023-11-29,11,17,3,minor injury,0,2,automobile right of way,broadside,no,no,no,0,0,0,0,0,0,Passenger Car/Station Wagon,VENTURA
82250444,2023-11-26,11,15,7,possible injury,0,2,automobile right of way,head-on,no,no,no,0,0,0,0,0,0,Passenger Car/Station Wagon,LOS ANGELES
82250445,2023-11-28,11,17,2,possible injury,0,1,automobile right of way,head-on,no,no,yes,0,0,1,0,0,0,Passenger Car/Station Wagon,LOS ANGELES
82250446,2023-10-06,10,13,5,possible injury,0,1,automobile right of way,broadside,no,no,no,0,0,0,0,0,0,Passenger Car/Station Wagon,LOS ANGELES
82250447,2023-11-20,11,15,1,possible injury,0,2,automobile right of way,broadside,no,no,no,0,0,0,0,0,0,Passenger Car/Station Wagon,ORANGE
82250451,2023-11-07,11,17,2,possible injury,0,1,improper passing,head-on,no,no,no,0,0,0,0,0,0,Pickup or Panel Truck,ORANGE
82250455,2023-11-16,11,14,4,minor injury,0,1,other hazardous violation,vehicle/pedestrian,yes,no,no,1,0,0,0,0,0,Pickup or Panel Truck,ORANGE
82250463,2023-11-24,11,20,5,possible injury,0,1,traffic signs,broadside,no,no,no,0,0,0,0,0,0,Passenger Car/Station Wagon,ORANGE
82250467,2023-11-24,11,23,5,possible injury,0,1,unsafe speed,rear end,no,no,no,0,0,0,0,0,0,Passenger Car/Station Wagon,ORANGE
82250471,2023-11-26,11,17,7,possible injury,0,2,automobile right of way,broadside,no,no,no,0,0,0,0,0,0,Passenger Car/Station Wagon,ORANGE
82250472,2023-11-27,11,11,1,possible injury,0,1,unsafe speed,rear end,no,no,no,0,0,0,0,0,0,Passenger Car/Station Wagon,ORANGE
82250474,2023-11-29,11,13,3,possible injury,0,1,unsafe speed,rear end,no,no,no,0,0,0,0,0,0,Passenger Car/Station Wagon,ORANGE