CASE_ID,COLLISION_DATE,MONTH,HOUR,DAY_OF_WEEK,COLLISION_SEVERITY,NUMBER_KILLED,NUMBER_INJURED,PCF_VIOL_CATEGORY,TYPE_OF_COLLISION,PEDESTRIAN_ACCIDENT,BICYCLE_ACCIDENT,MOTORCYCLE_ACCIDENT,COUNT_PED_INJURED,COUNT_BICYCLIST_INJURED,COUNT_MC_INJURED,COUNT_PED_KILLED,COUNT_BICYCLIST_KILLED,COUNT_MC_KILLED,STWD_VEHTYPE_AT_FAULT,COUNTY
82262627,2023-11-11,11,14,6,possible injury,0,1,other hazardous violation,broadside,no,no,no,0,0,0,0,0,0,Passenger Car/Station Wagon,SONOMA
82262628,2023-11-12,11,16,7,possible injury,0,1,other hazardous violation,broadside,no,no,yes,0,0,1,0,0,0,Motorcycle/Scooter,SONOMA
82262629,2023-12-01,12,8,5,minor injury,0,2,improper turning,rear end,no,no,no,0,0,0,0,0,0,Passenger Car/Station Wagon,SONOMA
82262630,2023-11-13,11,19,1,minor injury,0,1,other hazardous violation,vehicle/pedestrian,yes,no,no,1,0,0,0,0,0,Passenger Car/Station Wagon,LOS ANGELES
82262633,2023-12-01,12,8,5,possible injury,0,1,traffic signs,broadside,no,no,no,0,0,0,0,0,0,Not Stated,LOS ANGELES
82262635,2023-12-01,12,22,5,possible injury,0,1,traffic signs,sideswipe,no,no,no,0,0,0,0,0,0,Passenger Car/Station Wagon,LOS ANGELES
82262642,2023-12-13,12,15,3,possible injury,0,1,pedestrian right of way,vehicle/pedestrian,yes,no,no,1,0,0,0,0,0,Passenger Car/Station Wagon,ORANGE
82262645,2023-11-22,11,11,3,possible injury,0,4,automobile right of way,head-on,no,no,no,0,0,0,0,0,0,Passenger Car/Station Wagon,ORANGE
82262646,2023-11-29,11,17,3,possible injury,0,1,unsafe speed,rear end,no,no,no,0,0,0,0,0,0,Pickup or Panel Truck,ORANGE
82262647,2023-12-02,12,0,6,minor injury,0,1,automobile right of way,head-on,no,yes,no,0,1,0,0,0,0,Bicycle,ORANGE
82262648,2023-12-02,12,14,6,possible injury,0,1,automobile right of way,broadside,no,no,no,0,0,0,0,0,0,Pickup or Panel Truck,ORANGE
82262649,2023-12-02,12,21,6,possible injury,0,1,traffic signs,broadside,no,no,no,0,0,0,0,0,0,Not Stated,ORANGE
82262650,2023-12-03,12,19,7,possible injury,0,1,traffic signs,broadside,no,no,no,0,0,0,0,0,0,Not Stated,ORANGE
82262651,2023-12-05,12,1,2,possible injury,0,2,unknown,broadside,no,no,no,0,0,0,0,0,0,Not Stated,ORANGE
82262652,2023-12-06,12,14,3,possible injury,0,3,traffic signs,broadside,no,no,no,0,0,0,0,0,0,Passenger Car/Station Wagon,ORANGE
82262654,2023-12-06,12,16,3,minor injury,0,1,pedestrian right of way,vehicle/pedestrian,yes,no,no,1,0,0,0,0,0,Passenger Car/Station Wagon,ORANGE
82262655,2023-12-07,12,8,4,minor injury,0,1,unsafe speed,rear end,no,yes,no,0,1,0,0,0,0,Passenger Car/Station Wagon,ORANGE
82262656,2023-12-09,12,3,6,fatal injury,1,1,unknown,head-on,no,no,no,0,0,0,0,0,0,Not Stated,ORANGE
82262658,2023-12-03,12,0,7,minor injury,0,1,automobile right of way,broadside,no,no,no,0,0,0,0,0,0,Passenger Car/Station Wagon,LOS ANGELES
82262659,2023-11-30,11,14,4,possible injury,0,1,automobile right of way,broadside,no,no,no,0,0,0,0,0,0,Passenger Car/Station Wagon,SONOMA
82262669,2023-11-20,11,15,1,minor injury,0,3,unsafe speed,rear end,no,no,no,0,0,0,0,0,0,Passenger Car/Station Wagon,STANISLAUS
82262670,2023-10-06,10,4,5,severe injury,0,1,DUI,broadside,no,no,no,0,0,0,0,0,0,Passenger Car/Station Wagon,RIVERSIDE
82262671,2023-10-10,10,16,2,possible injury,0,1,traffic signs,rear end,no,yes,no,0,1,0,0,0,0,Bicycle,MONTEREY
82262672,2023-10-28,10,16,6,minor injury,0,1,traffic signs,vehicle/pedestrian,yes,no,no,1,0,0,0,0,0,Passenger Car/Station Wagon,RIVERSIDE
82262673,2023-10-21,10,20,6,possible injury,0,1,unsafe speed,rear end,no,no,no,0,0,0,0,0,0,Passenger Car/Station Wagon,MONTEREY
82262674,2023-11-16,11,20,4,minor injury,0,2,unsafe speed,broadside,no,no,no,0,0,0,0,0,0,Passenger Car/Station Wagon,RIVERSIDE
82262675,2023-11-16,11,7,4,minor injury,0,1,unsafe lane change,sideswipe,no,no,no,0,0,0,0,0,0,Passenger Car/Station Wagon,SAN BERNARDINO
82262676,2023-10-26,10,8,4,minor injury,0,1,pedestrian right of way,vehicle/pedestrian,yes,no,no,1,0,0,0,0,0,Pickup or Panel Truck,MONTEREY
82262677,2023-11-17,11,4,5,fatal injury,1,0,DUI,overturned,no,no,no,0,0,0,0,0,0,Pickup or Panel Truck,RIVERSIDE
82262678,2023-10-16,10,19,1,minor injury,0,1,automobile right of way,other,no,yes,no,0,1,0,0,0,0,Bicycle,SAN BERNARDINO
82262679,2023-11-23,11,13,4,minor injury,0,2,automobile right of way,broadside,no,no,no,0,0,0,0,0,0,Passenger Car/Station Wagon,RIVERSIDE
82262680,2023-11-07,11,3,2,minor injury,0,1,pedestrian violation,vehicle/pedestrian,yes,no,no,1,0,0,0,0,0,Pedestrian,RIVERSIDE
82262681,2023-11-03,11,8,5,possible injury,0,1,wrong side of road,broadside,no,yes,no,0,1,0,0,0,0,Bicycle,MONTEREY
82262682,2023-10-19,10,13,4,minor injury,0,1,unsafe speed,rear end,no,no,no,0,0,0,0,0,0,Passenger Car/Station Wagon,SAN BERNARDINO
82262683,2023-11-29,11,13,3,possible injury,0,1,unsafe speed,rear end,no,no,no,0,0,0,0,0,0,Truck or Truck Tractor,RIVERSIDE
82262684,2023-11-20,11,17,1,possible injury,0,3,improper turning,rear end,no,no,no,0,0,0,0,0,0,Passenger Car/Station Wagon,SAN BERNARDINO
82262685,2023-10-20,10,7,5,minor injury,0,3,automobile right of way,broadside,no,no,no,0,0,0,0,0,0,Passenger Car/Station Wagon,SAN BERNARDINO
82262686,2023-10-20,10,8,5,minor injury,0,1,automobile right of way,broadside,no,yes,no,0,1,0,0,0,0,Passenger Car/Station Wagon,SAN BERNARDINO
82262687,2023-11-27,11,17,1,possible injury,0,1,unsafe speed,rear end,no,no,no,0,0,0,0,0,0,Passenger Car/Station Wagon,SAN BERNARDINO
82262688,2023-10-27,10,14,5,minor injury,0,1,improper turning,hit object,no,no,yes,0,0,1,0,0,0,Motorcycle/Scooter,SAN BERNARDINO
82262689,2023-11-28,11,12,2,minor injury,0,1,automobile right of way,broadside,no,no,no,0,0,0,0,0,0,Passenger Car/Station Wagon,SAN BERNARDINO
82262690,2023-11-28,11,17,2,minor injury,0,1,automobile right of way,broadside,no,yes,no,0,1,0,0,0,0,Passenger Car/Station Wagon,SAN BERNARDINO
82262691,2023-10-27,10,16,5,minor injury,0,1,unsafe speed,rear end,no,no,no,0,0,0,0,0,0,Passenger Car/Station Wagon,SAN BERNARDINO
82262692,2023-11-01,11,12,3,possible injury,0,2,unsafe lane change,broadside,no,no,no,0,0,0,0,0,0,Passenger Car/Station Wagon,SAN BERNARDINO
82262693,2023-11-22,11,18,3,minor injury,0,1,automobile right of way,broadside,no,no,no,0,0,0,0,0,0,Passenger Car/Station Wagon,MONTEREY
82262694,2023-11-03,11,8,5,minor injury,0,2,automobile right of way,broadside,no,no,no,0,0,0,0,0,0,Passenger Car/Station Wagon,SAN BERNARDINO
82262695,2023-11-05,11,14,7,minor injury,0,2,DUI,broadside,no,no,no,0,0,0,0,0,0,Passenger Car/Station Wagon,SAN BERNARDINO
82262696,2023-11-06,11,13,1,possible injury,0,1,automobile right of way,broadside,no,no,no,0,0,0,0,0,0,Passenger Car/Station Wagon,SAN BERNARDINO
82262697,2023-10-28,10,19,6,minor injury,0,1,unsafe speed,rear end,no,no,no,0,0,0,0,0,0,Passenger Car/Station Wagon,SAN LUIS OBISPO
82262702,2023-11-21,11,19,2,possible injury,0,1,DUI,rear end,no,no,no,0,0,0,0,0,0,Passenger Car/Station Wagon,SAN LUIS OBISPO
82262703,2023-10-27,10,16,5,possible injury,0,1,unsafe speed,rear end,no,no,no,0,0,0,0,0,0,Passenger Car/Station Wagon,SANTA CLARA
82262704,2023-11-24,11,14,5,severe injury,0,1,other than driver or pedestrian,hit object,no,no,no,0,0,0,0,0,0,Not Stated,SAN LUIS OBISPO
82262707,2023-11-25,11,12,6,possible injury,0,1,improper turning,other,no,no,no,0,0,0,0,0,0,Passenger Car/Station Wagon,ORANGE
82262709,2023-11-07,11,19,2,possible injury,0,2,traffic signs,broadside,no,no,no,0,0,0,0,0,0,Passenger Car/Station Wagon,SANTA CLARA
82262723,2023-11-30,11,20,4,minor injury,0,1,DUI,rear end,no,no,no,0,0,0,0,0,0,Passenger Car/Station Wagon,ORANGE
82262725,2023-09-21,9,21,4,severe injury,0,1,unsafe speed,hit object,no,no,yes,0,0,1,0,0,0,Motorcycle/Scooter,SANTA CLARA
82262726,2023-11-30,11,17,4,minor injury,0,1,automobile right of way,broadside,no,no,no,0,0,0,0,0,0,Not Stated,ORANGE
82262731,2023-12-12,12,15,2,possible injury,0,1,wrong side of road,other,no,yes,no,0,1,0,0,0,0,Other Vehicle,ORANGE
82262733,2023-12-01,12,8,5,possible injury,0,1,unsafe speed,rear end,no,no,no,0,0,0,0,0,0,Passenger Car/Station Wagon,ORANGE
82262739,2023-11-09,11,11,4,possible injury,0,1,unsafe speed,rear end,no,no,no,0,0,0,0,0,0,Passenger Car/Station Wagon,SACRAMENTO
82262741,2023-12-08,12,7,5,possible injury,0,1,improper turning,head-on,no,no,no,0,0,0,0,0,0,Passenger Car/Station Wagon,ORANGE
82262745,2023-12-08,12,16,5,possible injury,0,1,unsafe speed,rear end,no,no,no,0,0,0,0,0,0,Not Stated,ORANGE
82262750,2023-11-14,11,15,2,possible injury,0,1,unsafe speed,rear end,no,no,no,0,0,0,0,0,0,Passenger Car/Station Wagon,SACRAMENTO
82262755,2023-12-12,12,12,2,possible injury,0,1,automobile right of way,broadside,no,no,no,0,0,0,0,0,0,Not Stated,ORANGE
82262757,2023-12-12,12,14,2,possible injury,0,1,following too closely,rear end,no,no,no,0,0,0,0,0,0,Pickup or Panel Truck,ORANGE
82262758,2023-11-17,11,14,5,possible injury,0,1,improper turning,sideswipe,no,no,no,0,0,0,0,0,0,Passenger Car/Station Wagon,SACRAMENTO
82262762,2023-12-13,12,14,3,possible injury,0,1,automobile right of way,broadside,no,no,no,0,0,0,0,0,0,Passenger Car/Station Wagon,ORANGE
82262765,2023-11-05,11,15,7,severe injury,0,1,pedestrian right of way,vehicle/pedestrian,yes,no,no,1,0,0,0,0,0,Passenger Car/Station Wagon,VENTURA
82262768,2023-11-06,11,16,1,possible injury,0,1,improper turning,rear end,no,no,yes,0,0,1,0,0,0,Passenger Car/Station Wagon,VENTURA
82262769,2023-11-07,11,11,2,possible injury,0,1,pedestrian violation,vehicle/pedestrian,yes,no,no,1,0,0,0,0,0,Pedestrian,VENTURA
82262771,2023-11-11,11,5,6,possible injury,0,2,automobile right of way,sideswipe,no,no,no,0,0,0,0,0,0,Passenger Car/Station Wagon,VENTURA
82262776,2023-11-15,11,18,3,possible injury,0,2,traffic signs,broadside,no,no,no,0,0,0,0,0,0,Passenger Car/Station Wagon,VENTURA
82262777,2023-11-17,11,7,5,possible injury,0,1,automobile right of way,other,no,no,no,0,0,0,0,0,0,Passenger Car/Station Wagon,VENTURA
82262783,2023-11-19,11,14,7,possible injury,0,1,traffic signs,broadside,no,no,no,0,0,0,0,0,0,Passenger Car/Station Wagon,VENTURA
82262785,2023-11-21,11,17,2,possible injury,0,1,unsafe speed,rear end,no,no,no,0,0,0,0,0,0,Not Stated,VENTURA
82262792,2023-12-10,12,3,7,possible injury,0,1,improper turning,hit object,no,no,no,0,0,0,0,0,0,Passenger Car/Station Wagon,SAN BERNARDINO
82262793,2023-12-12,12,10,2,minor injury,0,2,traffic signs,broadside,no,no,no,0,0,0,0,0,0,Passenger Car/Station Wagon,SAN BERNARDINO
82262798,2023-12-03,12,14,7,possible injury,0,3,automobile right of way,sideswipe,no,no,no,0,0,0,0,0,0,Passenger Car/Station Wagon,LOS ANGELES
82262799,2023-09-11,9,14,1,minor injury,0,1,unsafe speed,broadside,no,no,yes,0,0,0,0,0,0,Passenger Car/Station Wagon,SACRAMENTO
82262802,2023-12-02,12,17,6,possible injury,0,1,unsafe speed,rear end,no,no,no,0,0,0,0,0,0,Passenger Car/Station Wagon,SACRAMENTO
82262804,2023-12-03,12,17,7,severe injury,0,1,unsafe speed,overturned,no,no,yes,0,0,1,0,0,0,Motorcycle/Scooter,SACRAMENTO
82262805,2023-12-03,12,20,7,possible injury,0,1,improper turning,vehicle/pedestrian,yes,no,no,1,0,0,0,0,0,Passenger Car/Station Wagon,SACRAMENTO
82262807,2023-12-06,12,14,3,possible injury,0,2,traffic signs,rear end,no,no,no,0,0,0,0,0,0,Passenger Car/Station Wagon,CONTRA COSTA
82262811,2023-12-13,12,15,3,minor injury,0,1,traffic signs,broadside,no,no,no,0,0,0,0,0,0,Pickup or Panel Truck,CONTRA COSTA
82262814,2023-11-14,11,1,2,severe injury,0,1,DUI,hit object,no,no,no,0,0,0,0,0,0,Passenger Car/Station Wagon,RIVERSIDE
82262831,2023-11-28,11,16,2,possible injury,0,1,unsafe speed,rear end,no,no,no,0,0,0,0,0,0,Pickup or Panel Truck,RIVERSIDE
82262835,2023-12-01,12,17,5,minor injury,0,1,pedestrian violation,vehicle/pedestrian,yes,no,no,1,0,0,0,0,0,Pedestrian,MONTEREY
82262837,2023-12-11,12,8,1,possible injury,0,1,traffic signs,broadside,no,no,no,0,0,0,0,0,0,Passenger Car/Station Wagon,BUTTE
82262839,2023-12-13,12,10,3,possible injury,0,1,traffic signs,broadside,no,no,no,0,0,0,0,0,0,Passenger Car/Station Wagon,RIVERSIDE
82262842,2023-09-30,9,17,6,possible injury,0,1,traffic signs,broadside,no,no,no,0,0,0,0,0,0,Passenger Car/Station Wagon,CONTRA COSTA
82262843,2023-09-09,9,10,6,minor injury,0,1,pedestrian right of way,vehicle/pedestrian,yes,no,no,1,0,0,0,0,0,Passenger Car/Station Wagon,ALAMEDA
82262844,2023-10-19,10,15,4,minor injury,0,1,improper turning,head-on,no,yes,no,0,1,0,0,0,0,Bicycle,SOLANO
82262846,2023-11-07,11,17,2,minor injury,0,1,pedestrian violation,vehicle/pedestrian,yes,no,no,1,0,0,0,0,0,Pedestrian,CONTRA COSTA
82262847,2023-11-20,11,21,1,possible injury,0,1,unsafe speed,broadside,no,no,no,0,0,0,0,0,0,Not Stated,CONTRA COSTA
82262848,2023-11-09,11,1,4,minor injury,0,1,unsafe lane change,sideswipe,no,no,no,0,0,0,0,0,0,Passenger Car/Station Wagon,SOLANO
82262850,2023-11-24,11,12,5,possible injury,0,1,traffic signs,broadside,no,no,no,0,0,0,0,0,0,Passenger Car/Station Wagon,ALAMEDA
82262851,2023-11-28,11,15,2,possible injury,0,2,unsafe speed,rear end,no,no,no,0,0,0,0,0,0,Passenger Car/Station Wagon,ALAMEDA
82262853,2023-11-18,11,9,6,severe injury,0,1,DUI,rear end,no,no,no,0,0,0,0,0,0,Passenger Car/Station Wagon,SAN DIEGO
82262854,2023-11-29,11,11,3,possible injury,0,1,improper turning,broadside,no,no,no,0,0,0,0,0,0,Passenger Car/Station Wagon,ALAMEDA
82262855,2023-12-11,12,10,1,minor injury,0,1,automobile right of way,rear end,no,no,yes,0,0,1,0,0,0,Passenger Car/Station Wagon,LOS ANGELES
82262857,2023-11-23,11,8,4,minor injury,0,1,unknown,other,no,yes,no,0,1,0,0,0,0,Other Vehicle,SAN DIEGO
82262859,2023-11-29,11,15,3,minor injury,0,1,traffic signs,broadside,no,no,no,0,0,0,0,0,0,Passenger Car/Station Wagon,SAN DIEGO
82262862,2023-10-28,10,8,6,minor injury,0,1,pedestrian right of way,vehicle/pedestrian,yes,no,no,1,0,0,0,0,0,Passenger Car/Station Wagon,SAN JOAQUIN
82262872,2023-11-09,11,8,4,possible injury,0,1,wrong side of road,sideswipe,no,no,no,0,0,0,0,0,0,Passenger Car/Station Wagon,SAN JOAQUIN
82262874,2023-11-09,11,15,4,possible injury,0,1,automobile right of way,broadside,no,no,no,0,0,0,0,0,0,Passenger Car/Station Wagon,SAN JOAQUIN
82262875,2023-11-10,11,6,5,possible injury,0,1,unsafe speed,rear end,no,no,no,0,0,0,0,0,0,Passenger Car/Station Wagon,SAN JOAQUIN
82262881,2023-11-11,11,17,6,minor injury,0,1,traffic signs,broadside,no,no,no,0,0,0,0,0,0,Passenger Car/Station Wagon,SAN JOAQUIN
82262882,2023-11-12,11,16,7,minor injury,0,6,DUI,rear end,no,no,no,0,0,0,0,0,0,Passenger Car/Station Wagon,SAN JOAQUIN
82262884,2023-11-13,11,11,1,severe injury,0,4,automobile right of way,head-on,no,no,no,0,0,0,0,0,0,Passenger Car/Station Wagon,SAN JOAQUIN
82262885,2023-11-13,11,13,1,possible injury,0,1,DUI,broadside,no,no,no,0,0,0,0,0,0,Passenger Car/Station Wagon,SAN JOAQUIN
82262886,2023-11-13,11,17,1,possible injury,0,1,unknown,broadside,no,no,no,0,0,0,0,0,0,Not Stated,SAN JOAQUIN
82262891,2023-01-17,1,21,2,fatal injury,1,0,DUI,vehicle/pedestrian,yes,no,no,0,0,0,1,0,0,Passenger Car/Station Wagon,STANISLAUS
82262892,2023-02-08,2,6,3,fatal injury,1,0,pedestrian right of way,vehicle/pedestrian,yes,no,no,0,0,0,1,0,0,Pickup or Panel Truck,STANISLAUS
82262893,2023-03-18,3,11,6,fatal injury,1,1,unsafe speed,hit object,no,no,no,0,0,0,0,0,0,Pickup or Panel Truck,STANISLAUS
82262894,2023-05-20,5,1,6,fatal injury,1,0,unsafe lane change,hit object,no,no,no,0,0,0,0,0,0,Passenger Car/Station Wagon,STANISLAUS
82262899,2023-11-04,11,21,6,minor injury,0,1,DUI,rear end,no,no,no,0,0,0,0,0,0,Passenger Car/Station Wagon,STANISLAUS
82262901,2023-12-08,12,17,5,minor injury,0,2,improper turning,hit object,no,no,no,0,0,0,0,0,0,Truck or Truck Tractor,RIVERSIDE
82262902,2023-11-23,11,15,4,minor injury,0,2,traffic signs,broadside,no,no,no,0,0,0,0,0,0,Passenger Car/Station Wagon,STANISLAUS
82262903,2023-11-24,11,13,5,possible injury,0,1,unsafe speed,rear end,no,no,no,0,0,0,0,0,0,Truck or Truck Tractor,STANISLAUS
82262905,2023-11-29,11,7,3,minor injury,0,2,automobile right of way,broadside,no,no,no,0,0,0,0,0,0,Passenger Car/Station Wagon,STANISLAUS
82262906,2023-11-30,11,9,4,possible injury,0,1,improper turning,sideswipe,no,no,no,0,0,0,0,0,0,Passenger Car/Station Wagon,STANISLAUS
82262913,2023-12-02,12,11,6,possible injury,0,1,traffic signs,broadside,no,no,no,0,0,0,0,0,0,Not Stated,STANISLAUS
82262915,2023-12-02,12,13,6,possible injury,0,4,automobile right of way,broadside,no,no,no,0,0,0,0,0,0,Passenger Car/Station Wagon,STANISLAUS
82262916,2023-12-03,12,9,7,possible injury,0,1,unsafe speed,overturned,no,no,yes,0,0,1,0,0,0,Motorcycle/Scooter,STANISLAUS
82262918,2023-10-13,10,18,5,possible injury,0,1,automobile right of way,broadside,no,no,no,0,0,0,0,0,0,Passenger Car/Station Wagon,ORANGE
82262919,2023-12-04,12,16,1,minor injury,0,2,automobile right of way,head-on,no,no,no,0,0,0,0,0,0,Passenger Car/Station Wagon,STANISLAUS
82262920,2023-12-05,12,22,2,severe injury,0,2,improper passing,head-on,no,no,no,0,0,0,0,0,0,Passenger Car/Station Wagon,STANISLAUS
82262921,2023-12-07,12,12,4,possible injury,0,1,traffic signs,rear end,no,no,yes,0,0,1,0,0,0,Passenger Car/Station Wagon,STANISLAUS
82262922,2023-12-07,12,20,4,minor injury,0,1,DUI,hit object,no,no,no,0,0,0,0,0,0,Passenger Car/Station Wagon,STANISLAUS
82262923,2023-12-08,12,2,5,possible injury,0,1,DUI,hit object,no,no,no,0,0,0,0,0,0,Passenger Car/Station Wagon,STANISLAUS
82262926,2023-12-09,12,5,6,possible injury,0,1,pedestrian right of way,vehicle/pedestrian,yes,no,no,1,0,0,0,0,0,Passenger Car/Station Wagon,STANISLAUS
82262928,2023-11-06,11,17,1,possible injury,0,2,automobile right of way,broadside,no,no,no,0,0,0,0,0,0,Passenger Car/Station Wagon,ORANGE
82262929,2023-12-09,12,16,6,possible injury,0,2,pedestrian right of way,vehicle/pedestrian,yes,no,no,2,0,0,0,0,0,Passenger Car/Station Wagon,STANISLAUS
82262933,2023-12-10,12,13,7,possible injury,0,1,improper turning,sideswipe,no,no,no,0,0,0,0,0,0,Pickup or Panel Truck,STANISLAUS
82262934,2023-11-13,11,19,1,possible injury,0,1,automobile right of way,broadside,no,yes,no,0,1,0,0,0,0,Bicycle,ORANGE
82262935,2023-12-11,12,5,1,possible injury,0,1,unsafe speed,head-on,no,no,no,0,0,0,0,0,0,Passenger Car/Station Wagon,STANISLAUS
82262937,2023-12-12,12,17,2,possible injury,0,3,unsafe speed,rear end,no,no,no,0,0,0,0,0,0,Passenger Car/Station Wagon,STANISLAUS
82263230,2023-11-22,11,19,3,minor injury,0,2,unsafe speed,rear end,no,no,no,0,0,0,0,0,0,Passenger Car/Station Wagon,SAN MATEO
82263237,2023-12-09,12,20,6,possible injury,0,1,DUI,hit object,no,no,no,0,0,0,0,0,0,Passenger Car/Station Wagon,SAN JOAQUIN
82263256,2023-11-23,11,11,4,severe injury,0,2,unsafe speed,other,no,yes,no,0,2,0,0,0,0,Bicycle,ORANGE
82263644,2023-12-09,12,14,6,possible injury,0,1,automobile right of way,rear end,no,no,no,0,0,0,0,0,0,Passenger Car/Station Wagon,RIVERSIDE
82263648,2023-12-07,12,18,4,minor injury,0,1,unsafe lane change,hit object,no,no,no,0,0,0,0,0,0,Passenger Car/Station Wagon,RIVERSIDE
82263649,2023-12-11,12,8,1,possible injury,0,1,pedestrian violation,broadside,no,yes,no,0,1,0,0,0,0,Bicycle,RIVERSIDE
82263650,2023-12-12,12,15,2,possible injury,0,1,unsafe speed,rear end,no,no,no,0,0,0,0,0,0,Passenger Car/Station Wagon,RIVERSIDE
82263654,2023-12-13,12,8,3,possible injury,0,1,unsafe speed,rear end,no,no,no,0,0,0,0,0,0,Passenger Car/Station Wagon,RIVERSIDE
82263655,2023-11-04,11,14,6,possible injury,0,1,traffic signs,broadside,no,no,no,0,0,0,0,0,0,Pickup or Panel Truck,RIVERSIDE
82263656,2023-11-10,11,13,5,possible injury,0,1,unsafe speed,rear end,no,no,no,0,0,0,0,0,0,Pickup or Panel Truck,RIVERSIDE
82263661,2023-11-30,11,19,4,possible injury,0,2,unsafe speed,rear end,no,no,no,0,0,0,0,0,0,Passenger Car/Station Wagon,RIVERSIDE
82263662,2023-12-09,12,17,6,minor injury,0,1,DUI,other,no,no,no,0,0,0,0,0,0,Passenger Car/Station Wagon,RIVERSIDE
82263666,2023-12-11,12,15,1,possible injury,0,1,unsafe speed,rear end,no,no,no,0,0,0,0,0,0,Passenger Car/Station Wagon,RIVERSIDE
82263668,2023-12-13,12,8,3,possible injury,0,2,unknown,broadside,no,no,no,0,0,0,0,0,0,Not Stated,RIVERSIDE
82263669,2023-12-13,12,13,3,possible injury,0,1,unsafe lane change,sideswipe,no,no,no,0,0,0,0,0,0,Passenger Car/Station Wagon,RIVERSIDE
82263670,2023-12-14,12,10,4,minor injury,0,1,wrong side of road,broadside,no,yes,no,0,1,0,0,0,0,Bicycle,RIVERSIDE
82263674,2023-11-02,11,17,4,fatal injury,1,0,improper turning,hit object,no,no,no,0,0,0,0,0,0,Passenger Car/Station Wagon,RIVERSIDE
82263677,2023-11-21,11,17,2,possible injury,0,1,unsafe speed,rear end,no,no,no,0,0,0,0,0,0,Passenger Car/Station Wagon,RIVERSIDE
82263680,2023-12-01,12,7,5,possible injury,0,2,traffic signs,broadside,no,no,no,0,0,0,0,0,0,Passenger Car/Station Wagon,RIVERSIDE
82263681,2023-12-05,12,7,2,possible injury,0,1,unsafe speed,hit object,no,no,no,0,0,0,0,0,0,Passenger Car/Station Wagon,RIVERSIDE
82263687,2023-11-30,11,10,4,severe injury,0,1,pedestrian right of way,vehicle/pedestrian,yes,no,no,1,0,0,0,0,0,Passenger Car/Station Wagon,SANTA BARBARA
82263688,2023-12-04,12,15,1,severe injury,0,1,DUI,overturned,no,yes,no,0,1,0,0,0,0,Bicycle,SANTA BARBARA
82263690,2023-11-25,11,20,6,minor injury,0,3,traffic signs,broadside,no,no,no,0,0,0,0,0,0,Passenger Car/Station Wagon,SOLANO
82263691,2023-11-26,11,8,7,severe injury,0,1,pedestrian violation,vehicle/pedestrian,yes,no,no,1,0,0,0,0,0,Pedestrian,SOLANO
82263692,2023-11-27,11,14,1,possible injury,0,1,unsafe speed,rear end,no,no,no,0,0,0,0,0,0,Passenger Car/Station Wagon,SOLANO
82263693,2023-11-30,11,15,4,severe injury,0,1,pedestrian violation,vehicle/pedestrian,yes,no,no,1,0,0,0,0,0,Pedestrian,SOLANO
82263694,2023-12-04,12,9,1,possible injury,0,2,improper turning,sideswipe,no,no,no,0,0,0,0,0,0,Passenger Car/Station Wagon,SOLANO
82263696,2023-12-04,12,14,1,possible injury,0,1,automobile right of way,broadside,no,no,no,0,0,0,0,0,0,Passenger Car/Station Wagon,SOLANO
82263697,2023-12-04,12,15,1,possible injury,0,5,unsafe speed,rear end,no,no,no,0,0,0,0,0,0,Passenger Car/Station Wagon,SOLANO
82263698,2023-12-04,12,17,1,minor injury,0,2,unsafe speed,rear end,no,no,no,0,0,0,0,0,0,Passenger Car/Station Wagon,SOLANO
82263699,2023-12-05,12,8,2,possible injury,0,2,unsafe speed,broadside,no,no,no,0,0,0,0,0,0,Passenger Car/Station Wagon,SOLANO
82263700,2023-12-05,12,19,2,possible injury,0,2,unsafe speed,rear end,no,no,no,0,0,0,0,0,0,Passenger Car/Station Wagon,SOLANO
82263702,2023-12-06,12,18,3,minor injury,0,1,automobile right of way,head-on,no,no,no,0,0,0,0,0,0,Passenger Car/Station Wagon,SOLANO
82263712,2023-11-30,11,12,4,possible injury,0,1,traffic signs,rear end,no,no,no,0,0,0,0,0,0,Passenger Car/Station Wagon,SAN DIEGO
82263714,2023-12-14,12,8,4,minor injury,0,1,pedestrian right of way,vehicle/pedestrian,yes,no,no,1,0,0,0,0,0,Pickup or Panel Truck,ORANGE
82263716,2023-11-01,11,12,3,possible injury,0,4,unsafe speed,rear end,no,no,no,0,0,0,0,0,0,Not Stated,RIVERSIDE
82263717,2023-11-10,11,21,5,possible injury,0,1,unsafe speed,sideswipe,no,no,no,0,0,0,0,0,0,Passenger Car/Station Wagon,RIVERSIDE
82263719,2023-11-23,11,14,4,minor injury,0,1,unsafe starting or backing,rear end,no,no,no,0,0,0,0,0,0,Passenger Car/Station Wagon,RIVERSIDE
82263721,2023-11-27,11,15,1,minor injury,0,2,automobile right of way,broadside,no,no,no,0,0,0,0,0,0,Passenger Car/Station Wagon,RIVERSIDE
82263722,2023-11-28,11,19,2,possible injury,0,2,unsafe speed,rear end,no,no,no,0,0,0,0,0,0,Passenger Car/Station Wagon,RIVERSIDE
82263725,2023-12-06,12,19,3,minor injury,0,1,traffic signs,rear end,no,no,no,0,0,0,0,0,0,Passenger Car/Station Wagon,RIVERSIDE