CASE_ID,COLLISION_DATE,MONTH,HOUR,DAY_OF_WEEK,COLLISION_SEVERITY,NUMBER_KILLED,NUMBER_INJURED,PCF_VIOL_CATEGORY,TYPE_OF_COLLISION,PEDESTRIAN_ACCIDENT,BICYCLE_ACCIDENT,MOTORCYCLE_ACCIDENT,COUNT_PED_INJURED,COUNT_BICYCLIST_INJURED,COUNT_MC_INJURED,COUNT_PED_KILLED,COUNT_BICYCLIST_KILLED,COUNT_MC_KILLED,STWD_VEHTYPE_AT_FAULT,COUNTY
82321202,2023-12-26,12,20,2,possible injury,0,1,pedestrian violation,vehicle/pedestrian,yes,no,no,1,0,0,0,0,0,Pedestrian,RIVERSIDE
82321203,2023-12-27,12,15,3,possible injury,0,1,improper turning,hit object,no,no,no,0,0,0,0,0,0,Passenger Car/Station Wagon,RIVERSIDE
82321204,2023-12-27,12,15,3,possible injury,0,1,unsafe speed,rear end,no,no,no,0,0,0,0,0,0,Not Stated,RIVERSIDE
82321205,2023-12-27,12,18,3,possible injury,0,1,automobile right of way,broadside,no,no,no,0,0,0,0,0,0,Emergency Vehicle,RIVERSIDE
82321264,2023-11-25,11,18,6,minor injury,0,1,unsafe speed,vehicle/pedestrian,yes,no,no,1,0,0,0,0,0,Passenger Car/Station Wagon,FRESNO
82322201,2023-11-28,11,6,2,fatal injury,1,3,traffic signs,broadside,no,no,no,0,0,0,0,0,0,Passenger Car/Station Wagon,RIVERSIDE
82322208,2023-09-30,9,0,6,fatal injury,1,1,DUI,hit object,no,no,no,0,0,0,0,0,0,Passenger Car/Station Wagon,STANISLAUS
82322430,2023-12-18,12,18,1,minor injury,0,1,unknown,head-on,no,no,no,0,0,0,0,0,0,Not Stated,ORANGE
82322432,2023-12-31,12,17,7,possible injury,0,3,automobile right of way,broadside,no,no,no,0,0,0,0,0,0,Passenger Car/Station Wagon,ORANGE
82322690,2023-12-02,12,11,6,minor injury,0,1,unsafe speed,rear end,no,no,no,0,0,0,0,0,0,Pickup or Panel Truck,RIVERSIDE
82323054,2023-11-15,11,0,3,minor injury,0,1,improper turning,broadside,no,no,no,0,0,0,0,0,0,Passenger Car/Station Wagon,KERN
82323707,2023-05-12,5,7,5,possible injury,0,1,traffic signs,broadside,no,no,no,0,0,0,0,0,0,Passenger Car/Station Wagon,CONTRA COSTA
82323709,2023-12-18,12,6,1,possible injury,0,1,unsafe speed,head-on,no,no,no,0,0,0,0,0,0,Pickup or Panel Truck,CONTRA COSTA
82323725,2023-11-15,11,19,3,minor injury,0,1,pedestrian right of way,vehicle/pedestrian,yes,no,no,1,0,0,0,0,0,Passenger Car/Station Wagon,LOS ANGELES
82323757,2023-10-14,10,22,6,possible injury,0,1,improper turning,rear end,no,no,no,0,0,0,0,0,0,Passenger Car/Station Wagon,ORANGE
82323788,2023-12-26,12,5,2,minor injury,0,1,pedestrian right of way,vehicle/pedestrian,yes,no,no,1,0,0,0,0,0,Passenger Car/Station Wagon,ORANGE
82323836,2023-06-16,6,17,5,possible injury,0,1,traffic signs,vehicle/pedestrian,yes,no,no,1,0,0,0,0,0,Not Stated,LOS ANGELES
82324807,2023-12-17,12,11,7,severe injury,0,1,pedestrian right of way,vehicle/pedestrian,yes,no,no,1,0,0,0,0,0,Not Stated,RIVERSIDE
82324825,2023-10-20,10,18,5,possible injury,0,1,automobile right of way,broadside,no,no,no,0,0,0,0,0,0,Passenger Car/Station Wagon,RIVERSIDE
82324861,2023-12-30,12,6,6,possible injury,0,1,DUI,hit object,no,no,no,0,0,0,0,0,0,Passenger Car/Station Wagon,RIVERSIDE
82324923,2023-12-28,12,21,4,possible injury,0,1,pedestrian violation,vehicle/pedestrian,yes,no,no,1,0,0,0,0,0,Pedestrian,ORANGE
82325073,2023-11-29,11,19,3,possible injury,0,1,traffic signs,broadside,no,no,no,0,0,0,0,0,0,Passenger Car/Station Wagon,CONTRA COSTA
82325906,2023-11-27,11,9,1,possible injury,0,3,automobile right of way,broadside,no,no,yes,0,0,2,0,0,0,Pickup or Panel Truck,RIVERSIDE
82325944,2023-12-27,12,20,3,severe injury,0,1,pedestrian violation,vehicle/pedestrian,yes,no,no,1,0,0,0,0,0,Pedestrian,SANTA CLARA
82325978,2023-12-19,12,1,2,possible injury,0,1,improper turning,rear end,no,no,no,0,0,0,0,0,0,Not Stated,ORANGE
82325979,2023-12-23,12,18,6,possible injury,0,1,unknown,overturned,no,no,no,0,0,0,0,0,0,Not Stated,ORANGE
82326055,2023-12-24,12,11,7,minor injury,0,2,DUI,sideswipe,no,no,no,0,0,0,0,0,0,Passenger Car/Station Wagon,RIVERSIDE
82326058,2023-11-28,11,18,2,possible injury,0,1,automobile right of way,broadside,no,no,no,0,0,0,0,0,0,Passenger Car/Station Wagon,ORANGE
82326064,2023-11-30,11,17,4,minor injury,0,1,automobile right of way,broadside,no,no,no,0,0,0,0,0,0,Passenger Car/Station Wagon,ORANGE
82326501,2023-03-22,3,20,3,minor injury,0,1,pedestrian violation,vehicle/pedestrian,yes,no,no,1,0,0,0,0,0,Not Stated,NAPA
82326724,2023-09-01,9,2,5,minor injury,0,1,unsafe lane change,vehicle/pedestrian,yes,no,no,1,0,0,0,0,0,Not Stated,SACRAMENTO
82326725,2023-09-01,9,2,5,minor injury,0,1,unsafe lane change,vehicle/pedestrian,yes,no,no,1,0,0,0,0,0,Not Stated,SACRAMENTO
82327067,2023-12-26,12,19,2,minor injury,0,1,improper turning,hit object,no,no,no,0,0,0,0,0,0,Passenger Car/Station Wagon,RIVERSIDE
82327097,2023-10-03,10,6,2,severe injury,0,1,pedestrian violation,vehicle/pedestrian,yes,no,no,1,0,0,0,0,0,Pedestrian,RIVERSIDE
82327098,2023-10-29,10,2,7,minor injury,0,1,traffic signs,sideswipe,no,no,no,0,0,0,0,0,0,Passenger Car/Station Wagon,RIVERSIDE
82327100,2023-11-15,11,9,3,minor injury,0,1,improper turning,overturned,no,no,no,0,0,0,0,0,0,Truck or Truck Tractor,RIVERSIDE
82327101,2023-11-17,11,21,5,minor injury,0,2,traffic signs,broadside,no,no,no,0,0,0,0,0,0,Truck or Truck Tractor,RIVERSIDE
82327103,2023-12-02,12,11,6,possible injury,0,1,pedestrian right of way,vehicle/pedestrian,yes,no,no,1,0,0,0,0,0,Passenger Car/Station Wagon,RIVERSIDE
82327104,2023-12-05,12,10,2,minor injury,0,2,traffic signs,broadside,no,no,no,0,0,0,0,0,0,Passenger Car/Station Wagon,RIVERSIDE
82327107,2023-12-27,12,19,3,minor injury,0,1,unsafe speed,broadside,no,no,no,0,0,0,0,0,0,Passenger Car/Station Wagon,RIVERSIDE
82327167,2023-06-14,6,14,3,fatal injury,1,0,unsafe speed,hit object,no,no,no,0,0,0,0,0,0,Passenger Car/Station Wagon,SANTA CLARA
82327170,2023-10-21,10,23,6,minor injury,0,1,improper turning,hit object,no,no,no,0,0,0,0,0,0,Passenger Car/Station Wagon,ORANGE
82327262,2023-12-18,12,17,1,possible injury,0,2,unsafe speed,rear end,no,no,no,0,0,0,0,0,0,Passenger Car/Station Wagon,SAN JOAQUIN
82327264,2023-12-28,12,16,4,minor injury,0,1,automobile right of way,broadside,no,no,no,0,0,0,0,0,0,Passenger Car/Station Wagon,SAN JOAQUIN
82327311,2023-12-30,12,22,6,fatal injury,1,0,unsafe speed,hit object,no,yes,no,0,0,0,0,1,0,Bicycle,ORANGE
82327990,2023-06-27,6,22,2,fatal injury,1,0,unsafe speed,hit object,no,no,yes,0,0,0,0,0,1,Motorcycle/Scooter,RIVERSIDE
82327993,2023-12-23,12,8,6,possible injury,0,3,unknown,head-on,no,no,no,0,0,0,0,0,0,Not Stated,RIVERSIDE
82328001,2023-02-12,2,7,7,fatal injury,1,0,improper turning,rear end,no,no,no,0,0,0,0,0,0,Pickup or Panel Truck,RIVERSIDE
82328040,2023-12-07,12,19,4,minor injury,0,1,wrong side of road,head-on,no,yes,no,0,1,0,0,0,0,Bicycle,RIVERSIDE
82328112,2023-10-23,10,16,1,possible injury,0,1,other than driver or pedestrian,rear end,no,no,no,0,0,0,0,0,0,Not Stated,CONTRA COSTA
82328125,2023-02-09,2,12,4,minor injury,0,1,unsafe speed,rear end,no,no,no,0,0,0,0,0,0,Passenger Car/Station Wagon,SANTA BARBARA
82328141,2023-04-21,4,18,5,fatal injury,1,0,unsafe speed,rear end,no,no,yes,0,0,0,0,0,1,Motorcycle/Scooter,RIVERSIDE
82328303,2023-12-31,12,6,7,minor injury,0,1,automobile right of way,vehicle/pedestrian,yes,no,no,1,0,0,0,0,0,Pickup or Panel Truck,ORANGE
82328332,2023-07-13,7,5,4,possible injury,0,1,unsafe speed,rear end,no,no,no,0,0,0,0,0,0,Passenger Car/Station Wagon,SACRAMENTO
82328333,2023-11-11,11,13,6,possible injury,0,1,traffic signs,broadside,no,no,no,0,0,0,0,0,0,Passenger Car/Station Wagon,ORANGE
82328334,2023-12-13,12,10,3,possible injury,0,3,automobile right of way,broadside,no,no,no,0,0,0,0,0,0,Passenger Car/Station Wagon,ORANGE
82328355,2023-10-31,10,0,2,possible injury,0,1,traffic signs,broadside,no,no,no,0,0,0,0,0,0,Not Stated,KERN
82328390,2023-12-08,12,8,5,possible injury,0,1,DUI,hit object,no,no,no,0,0,0,0,0,0,Passenger Car/Station Wagon,CONTRA COSTA
82328499,2023-12-04,12,15,1,minor injury,0,2,traffic signs,broadside,no,no,no,0,0,0,0,0,0,Passenger Car/Station Wagon,RIVERSIDE
82328527,2023-12-11,12,18,1,minor injury,0,1,automobile right of way,broadside,no,no,no,0,0,0,0,0,0,Passenger Car/Station Wagon,ORANGE
82328852,2023-12-15,12,15,5,minor injury,0,1,pedestrian right of way,vehicle/pedestrian,yes,no,no,1,0,0,0,0,0,Pickup or Panel Truck,SANTA CLARA
82329565,2023-12-31,12,21,7,possible injury,0,1,other hazardous violation,broadside,no,no,no,0,0,0,0,0,0,Passenger Car/Station Wagon,CONTRA COSTA
82329572,2023-12-15,12,7,5,minor injury,0,2,automobile right of way,broadside,no,no,no,0,0,0,0,0,0,Passenger Car/Station Wagon,RIVERSIDE
82329579,2023-10-19,10,14,4,minor injury,0,1,unsafe speed,rear end,no,no,no,0,0,0,0,0,0,Not Stated,LOS ANGELES
82329580,2023-11-13,11,21,1,minor injury,0,2,DUI,rear end,no,no,no,0,0,0,0,0,0,Passenger Car/Station Wagon,LOS ANGELES
82329581,2023-11-18,11,14,6,minor injury,0,2,improper turning,rear end,no,no,no,0,0,0,0,0,0,Passenger Car/Station Wagon,LOS ANGELES
82329658,2023-11-24,11,17,5,minor injury,0,2,automobile right of way,broadside,no,no,no,0,0,0,0,0,0,Passenger Car/Station Wagon,ORANGE
82330674,2023-12-08,12,18,5,minor injury,0,2,unsafe speed,rear end,no,no,no,0,0,0,0,0,0,Pickup or Panel Truck,ORANGE
82330681,2023-12-17,12,3,7,fatal injury,1,0,improper turning,hit object,no,no,no,0,0,0,0,0,0,Passenger Car/Station Wagon,RIVERSIDE
82330722,2023-12-30,12,15,6,possible injury,0,2,automobile right of way,broadside,no,no,no,0,0,0,0,0,0,Passenger Car/Station Wagon,LOS ANGELES
82331768,2023-09-02,9,13,6,severe injury,0,1,automobile right of way,broadside,no,no,no,0,0,0,0,0,0,Not Stated,CONTRA COSTA
82331846,2023-11-04,11,19,6,fatal injury,1,0,pedestrian violation,vehicle/pedestrian,yes,no,no,0,0,0,1,0,0,Pedestrian,SAN BERNARDINO
82331847,2023-11-16,11,12,4,fatal injury,1,0,automobile right of way,sideswipe,no,no,yes,0,0,0,0,0,1,Passenger Car/Station Wagon,SAN BERNARDINO
82331980,2023-04-18,4,4,2,fatal injury,1,0,DUI,hit object,no,no,no,0,0,0,0,0,0,Passenger Car/Station Wagon,KERN
82331996,2023-12-23,12,14,6,minor injury,0,1,traffic signs,broadside,no,no,yes,0,0,1,0,0,0,Motorcycle/Scooter,RIVERSIDE
82332957,2023-10-27,10,15,5,severe injury,0,2,improper turning,rear end,no,no,no,0,0,0,0,0,0,Passenger Car/Station Wagon,RIVERSIDE
82333010,2023-12-28,12,17,4,minor injury,0,3,DUI,rear end,no,no,no,0,0,0,0,0,0,Passenger Car/Station Wagon,RIVERSIDE
82333048,2023-12-29,12,13,5,severe injury,0,2,DUI,hit object,no,no,no,0,0,0,0,0,0,Pickup or Panel Truck,ORANGE
82333094,2023-11-25,11,23,6,minor injury,0,1,unsafe speed,broadside,no,no,no,0,0,0,0,0,0,Passenger Car/Station Wagon,ORANGE
82333095,2023-12-07,12,18,4,possible injury,0,2,automobile right of way,head-on,no,no,no,0,0,0,0,0,0,Passenger Car/Station Wagon,ORANGE
82333115,2023-07-23,7,20,7,minor injury,0,1,unsafe lane change,hit object,no,no,no,0,0,0,0,0,0,Passenger Car/Station Wagon,RIVERSIDE
82333118,2023-08-13,8,17,7,minor injury,0,1,improper turning,sideswipe,no,no,no,0,0,0,0,0,0,Passenger Car/Station Wagon,RIVERSIDE
82333122,2023-10-23,10,2,1,fatal injury,1,0,DUI,hit object,no,no,yes,0,0,0,0,0,1,Motorcycle/Scooter,RIVERSIDE
82333134,2023-09-06,9,19,3,severe injury,0,2,DUI,broadside,no,no,yes,0,0,2,0,0,0,Motorcycle/Scooter,RIVERSIDE
82333137,2023-09-14,9,7,4,possible injury,0,1,wrong side of road,broadside,no,yes,no,0,1,0,0,0,0,Bicycle,RIVERSIDE
82333138,2023-11-05,11,1,7,minor injury,0,3,DUI,broadside,no,no,no,0,0,0,0,0,0,Passenger Car/Station Wagon,RIVERSIDE
82333845,2023-12-19,12,0,2,fatal injury,1,0,unsafe speed,hit object,no,no,no,0,0,0,0,0,0,Passenger Car/Station Wagon,SOLANO
82333900,2023-08-07,8,12,1,possible injury,0,1,traffic signs,head-on,no,no,no,0,0,0,0,0,0,Passenger Car/Station Wagon,CONTRA COSTA
82333901,2023-10-27,10,13,5,minor injury,0,2,traffic signs,broadside,no,no,no,0,0,0,0,0,0,Not Stated,CONTRA COSTA
82333973,2023-07-08,7,15,6,minor injury,0,1,DUI,broadside,no,no,no,0,0,0,0,0,0,Passenger Car/Station Wagon,RIVERSIDE
82333975,2023-01-11,1,16,3,minor injury,0,1,unsafe speed,broadside,no,no,yes,0,0,1,0,0,0,Motorcycle/Scooter,RIVERSIDE
82333983,2023-05-16,5,11,2,possible injury,0,1,unsafe speed,rear end,no,no,no,0,0,0,0,0,0,Pickup or Panel Truck,RIVERSIDE
82334020,2023-09-24,9,18,7,possible injury,0,2,unsafe speed,rear end,no,no,no,0,0,0,0,0,0,Passenger Car/Station Wagon,RIVERSIDE
82334026,2023-12-04,12,12,1,minor injury,0,1,other than driver or pedestrian,sideswipe,no,no,no,0,0,0,0,0,0,Not Stated,RIVERSIDE
82334135,2023-12-20,12,18,3,minor injury,0,1,pedestrian violation,vehicle/pedestrian,yes,no,no,1,0,0,0,0,0,Passenger Car/Station Wagon,SAN LUIS OBISPO
82334177,2023-12-16,12,20,6,possible injury,0,1,unsafe speed,rear end,no,no,no,0,0,0,0,0,0,Passenger Car/Station Wagon,SAN BERNARDINO
82334180,2023-12-15,12,23,5,severe injury,0,1,unknown,vehicle/pedestrian,yes,no,no,1,0,0,0,0,0,Not Stated,SAN BERNARDINO
82334347,2023-11-09,11,4,4,possible injury,0,1,unsafe speed,rear end,no,no,no,0,0,0,0,0,0,Truck or Truck Tractor,RIVERSIDE
82334490,2023-03-18,3,23,6,minor injury,0,1,pedestrian violation,broadside,no,yes,no,0,1,0,0,0,0,Bicycle,FRESNO
82334559,2023-11-05,11,16,7,possible injury,0,1,unknown,sideswipe,no,no,no,0,0,0,0,0,0,Not Stated,MARIN
82335536,2023-11-19,11,14,7,possible injury,0,1,unsafe speed,rear end,no,no,no,0,0,0,0,0,0,Passenger Car/Station Wagon,CONTRA COSTA
82335548,2023-11-27,11,16,1,minor injury,0,1,traffic signs,broadside,no,no,no,0,0,0,0,0,0,Passenger Car/Station Wagon,RIVERSIDE
82335622,2023-09-24,9,12,7,possible injury,0,1,unsafe speed,rear end,no,no,no,0,0,0,0,0,0,Passenger Car/Station Wagon,ORANGE
82335624,2023-10-16,10,6,1,possible injury,0,1,automobile right of way,head-on,no,no,no,0,0,0,0,0,0,Passenger Car/Station Wagon,ORANGE
82335625,2023-10-22,10,13,7,possible injury,0,1,improper turning,broadside,no,no,no,0,0,0,0,0,0,Passenger Car/Station Wagon,ORANGE
82335626,2023-10-23,10,16,1,possible injury,0,1,pedestrian right of way,vehicle/pedestrian,yes,no,no,1,0,0,0,0,0,Passenger Car/Station Wagon,ORANGE
82335627,2023-10-26,10,17,4,possible injury,0,1,unsafe lane change,sideswipe,no,no,no,0,0,0,0,0,0,Pickup or Panel Truck,ORANGE
82335629,2023-12-15,12,15,5,minor injury,0,3,automobile right of way,broadside,no,no,no,0,0,0,0,0,0,Passenger Car/Station Wagon,ORANGE
82335672,2023-01-18,1,2,3,severe injury,0,1,unknown,head-on,no,no,no,0,0,0,0,0,0,Pickup or Panel Truck,RIVERSIDE
82335699,2023-10-30,10,4,1,fatal injury,1,0,pedestrian violation,vehicle/pedestrian,yes,no,no,0,0,0,1,0,0,Pedestrian,SAN JOAQUIN
82335700,2023-11-19,11,22,7,fatal injury,1,0,wrong side of road,head-on,no,yes,no,0,0,0,0,1,0,Bicycle,SAN JOAQUIN
82337327,2023-10-12,10,8,4,severe injury,0,1,unknown,sideswipe,no,yes,no,0,1,0,0,0,0,Not Stated,VENTURA
82338872,2023-12-28,12,16,4,severe injury,0,2,DUI,head-on,no,no,no,0,0,0,0,0,0,Passenger Car/Station Wagon,RIVERSIDE
82338900,2023-11-16,11,11,4,possible injury,0,1,improper turning,vehicle/pedestrian,yes,no,no,1,0,0,0,0,0,Passenger Car/Station Wagon,MONTEREY
82338904,2023-12-07,12,21,4,minor injury,0,1,wrong side of road,broadside,no,yes,no,0,1,0,0,0,0,Passenger Car/Station Wagon,RIVERSIDE
82338906,2023-12-23,12,14,6,possible injury,0,1,unsafe speed,rear end,no,no,no,0,0,0,0,0,0,Passenger Car/Station Wagon,RIVERSIDE
82338907,2023-12-28,12,18,4,minor injury,0,1,improper turning,sideswipe,no,yes,no,0,1,0,0,0,0,Pickup or Panel Truck,RIVERSIDE
82338909,2023-09-10,9,23,7,severe injury,0,1,pedestrian violation,vehicle/pedestrian,yes,no,no,1,0,0,0,0,0,Pedestrian,SAN BERNARDINO
82339045,2023-12-27,12,8,3,minor injury,0,2,traffic signs,broadside,no,no,no,0,0,0,0,0,0,Passenger Car/Station Wagon,ALAMEDA
82339927,2023-07-27,7,18,4,fatal injury,1,0,DUI,hit object,no,no,no,0,0,0,0,0,0,Passenger Car/Station Wagon,RIVERSIDE
82340012,2023-04-18,4,10,2,minor injury,0,1,unsafe speed,hit object,no,no,no,0,0,0,0,0,0,Passenger Car/Station Wagon,SANTA CLARA
82340022,2023-10-25,10,9,3,severe injury,0,1,improper turning,rear end,no,yes,no,0,1,0,0,0,0,Passenger Car/Station Wagon,RIVERSIDE
82340070,2023-12-16,12,21,6,severe injury,0,1,unsafe speed,vehicle/pedestrian,yes,no,no,1,0,0,0,0,0,Not Stated,ORANGE
82340322,2023-12-28,12,18,4,possible injury,0,1,wrong side of road,other,no,yes,no,0,1,0,0,0,0,Bicycle,SAN JOAQUIN
82340352,2023-12-08,12,12,5,possible injury,0,1,unsafe speed,rear end,no,no,no,0,0,0,0,0,0,Passenger Car/Station Wagon,RIVERSIDE
82340956,2023-10-12,10,8,4,severe injury,0,1,unsafe starting or backing,rear end,no,no,yes,0,0,1,0,0,0,Pickup or Panel Truck,VENTURA
82341330,2023-11-17,11,5,5,possible injury,0,1,automobile right of way,broadside,no,no,no,0,0,0,0,0,0,Passenger Car/Station Wagon,ORANGE
82342445,2023-12-28,12,13,4,fatal injury,1,0,automobile right of way,other,no,yes,no,0,0,0,0,1,0,Passenger Car/Station Wagon,VENTURA
82343041,2023-07-21,7,19,5,fatal injury,1,0,pedestrian violation,vehicle/pedestrian,yes,no,no,0,0,0,1,0,0,Pedestrian,ORANGE
82343465,2023-04-14,4,16,5,possible injury,0,1,unsafe lane change,broadside,no,no,no,0,0,0,0,0,0,Passenger Car/Station Wagon,SACRAMENTO
82343467,2023-12-11,12,20,1,minor injury,0,1,unsafe speed,rear end,no,no,no,0,0,0,0,0,0,Passenger Car/Station Wagon,ORANGE
82344494,2023-12-04,12,18,1,minor injury,0,1,traffic signs,sideswipe,no,no,no,0,0,0,0,0,0,Passenger Car/Station Wagon,CONTRA COSTA
82344728,2023-10-21,10,12,6,severe injury,0,2,unknown,broadside,no,no,yes,0,0,1,0,0,0,Passenger Car/Station Wagon,VENTURA
82345247,2023-11-30,11,12,4,minor injury,0,1,automobile right of way,broadside,no,no,no,0,0,0,0,0,0,Passenger Car/Station Wagon,CONTRA COSTA
82345250,2023-12-08,12,8,5,minor injury,0,1,improper turning,rear end,no,yes,no,0,1,0,0,0,0,Passenger Car/Station Wagon,ALAMEDA
82345251,2023-12-16,12,2,6,fatal injury,1,0,DUI,hit object,no,no,no,0,0,0,0,0,0,Passenger Car/Station Wagon,SAN JOAQUIN
82345272,2023-09-14,9,21,4,minor injury,0,2,improper turning,broadside,no,no,no,0,0,0,0,0,0,Passenger Car/Station Wagon,STANISLAUS
82345274,2023-10-14,10,21,6,possible injury,0,1,DUI,rear end,no,no,no,0,0,0,0,0,0,Passenger Car/Station Wagon,STANISLAUS
82345275,2023-10-27,10,9,5,minor injury,0,1,DUI,sideswipe,no,no,no,0,0,0,0,0,0,Passenger Car/Station Wagon,STANISLAUS
82345482,2023-11-16,11,19,4,possible injury,0,1,unsafe speed,rear end,no,no,no,0,0,0,0,0,0,Passenger Car/Station Wagon,SACRAMENTO
82345493,2023-03-24,3,18,5,fatal injury,1,0,pedestrian right of way,vehicle/pedestrian,yes,no,no,0,0,0,1,0,0,Passenger Car/Station Wagon,KERN
82345542,2023-06-10,6,7,6,possible injury,0,1,automobile right of way,broadside,no,no,no,0,0,0,0,0,0,Passenger Car/Station Wagon,RIVERSIDE
82345996,2023-12-21,12,11,4,minor injury,0,1,automobile right of way,other,no,yes,no,0,1,0,0,0,0,Bicycle,SANTA CLARA
82346512,2023-08-29,8,14,2,fatal injury,1,0,unsafe lane change,rear end,no,no,yes,0,0,0,0,0,1,Pickup or Panel Truck,ORANGE
82347964,2023-10-21,10,17,6,fatal injury,1,0,DUI,vehicle/pedestrian,yes,no,no,0,0,0,1,0,0,Passenger Car/Station Wagon,LOS ANGELES
82347983,2023-03-06,3,9,1,minor injury,0,4,unsafe speed,rear end,no,no,no,0,0,0,0,0,0,Passenger Car/Station Wagon,LOS ANGELES
82348049,2023-09-05,9,17,2,possible injury,0,1,DUI,broadside,no,no,yes,0,0,0,0,0,0,Passenger Car/Station Wagon,CONTRA COSTA
82349040,2023-12-15,12,11,5,possible injury,0,1,traffic signs,broadside,no,no,no,0,0,0,0,0,0,Passenger Car/Station Wagon,RIVERSIDE
82350104,2023-12-22,12,21,5,possible injury,0,1,improper turning,sideswipe,no,yes,no,0,1,0,0,0,0,Not Stated,SAN BERNARDINO
82350126,2023-11-28,11,10,2,minor injury,0,2,unsafe speed,hit object,no,no,no,0,0,0,0,0,0,Passenger Car/Station Wagon,LOS ANGELES
82350129,2023-12-31,12,12,7,minor injury,0,2,unsafe speed,rear end,no,no,no,0,0,0,0,0,0,Passenger Car/Station Wagon,LOS ANGELES
82350131,2023-12-31,12,14,7,minor injury,0,3,automobile right of way,head-on,no,no,no,0,0,0,0,0,0,Passenger Car/Station Wagon,LOS ANGELES
82350144,2023-07-10,7,14,1,fatal injury,1,0,pedestrian violation,vehicle/pedestrian,yes,no,no,0,0,0,1,0,0,Pedestrian,ORANGE
82351020,2023-12-02,12,14,6,minor injury,0,1,automobile right of way,broadside,no,no,no,0,0,0,0,0,0,Passenger Car/Station Wagon,ORANGE
82351076,2023-12-19,12,17,2,minor injury,0,1,unsafe speed,vehicle/pedestrian,yes,no,no,1,0,0,0,0,0,Not Stated,FRESNO
82351309,2023-04-21,4,22,5,possible injury,0,1,pedestrian right of way,vehicle/pedestrian,yes,no,no,1,0,0,0,0,0,Passenger Car/Station Wagon,FRESNO
82351892,2023-12-18,12,18,1,possible injury,0,1,improper turning,sideswipe,no,no,yes,0,0,1,0,0,0,Passenger Car/Station Wagon,RIVERSIDE
82351893,2023-07-17,7,17,1,fatal injury,1,1,DUI,broadside,no,no,yes,0,0,0,0,0,1,Motorcycle/Scooter,RIVERSIDE
82351899,2023-12-29,12,18,5,severe injury,0,1,pedestrian violation,vehicle/pedestrian,yes,no,no,1,0,0,0,0,0,Pedestrian,RIVERSIDE
82351902,2023-10-18,10,22,3,severe injury,0,2,DUI,head-on,no,no,no,0,0,0,0,0,0,Passenger Car/Station Wagon,RIVERSIDE
82351904,2023-12-16,12,13,6,minor injury,0,2,wrong side of road,sideswipe,no,no,no,0,0,0,0,0,0,Pickup or Panel Truck,RIVERSIDE
82353242,2023-12-30,12,23,6,fatal injury,1,0,DUI,hit object,no,no,no,0,0,0,0,0,0,Passenger Car/Station Wagon,RIVERSIDE
82354230,2023-03-25,3,20,6,minor injury,0,1,improper turning,sideswipe,no,no,no,0,0,0,0,0,0,Pickup or Panel Truck,LOS ANGELES
82354232,2023-04-03,4,12,1,possible injury,0,1,improper turning,sideswipe,no,no,no,0,0,0,0,0,0,Passenger Car/Station Wagon,LOS ANGELES
82354236,2023-04-14,4,22,5,possible injury,0,2,unsafe speed,rear end,no,no,no,0,0,0,0,0,0,Passenger Car/Station Wagon,LOS ANGELES
82354242,2023-04-20,4,8,4,minor injury,0,1,automobile right of way,head-on,no,no,no,0,0,0,0,0,0,Passenger Car/Station Wagon,LOS ANGELES
82354244,2023-04-21,4,17,5,minor injury,0,2,improper turning,broadside,no,no,no,0,0,0,0,0,0,Passenger Car/Station Wagon,LOS ANGELES
82354246,2023-04-24,4,13,1,minor injury,0,1,improper turning,sideswipe,no,no,yes,0,0,1,0,0,0,Motorcycle/Scooter,LOS ANGELES
82354249,2023-04-23,4,14,7,possible injury,0,2,automobile right of way,broadside,no,no,no,0,0,0,0,0,0,Pickup or Panel Truck,LOS ANGELES
82354251,2023-04-28,4,15,5,possible injury,0,2,automobile right of way,broadside,no,no,no,0,0,0,0,0,0,Passenger Car/Station Wagon,LOS ANGELES
82354253,2023-04-29,4,11,6,possible injury,0,1,automobile right of way,broadside,no,no,no,0,0,0,0,0,0,Pickup or Panel Truck,LOS ANGELES
82354256,2023-05-02,5,14,2,possible injury,0,4,unsafe speed,rear end,no,no,no,0,0,0,0,0,0,Passenger Car/Station Wagon,LOS ANGELES
82354257,2023-05-02,5,15,2,possible injury,0,1,unsafe speed,rear end,no,no,no,0,0,0,0,0,0,Passenger Car/Station Wagon,LOS ANGELES
82354258,2023-05-02,5,18,2,possible injury,0,2,automobile right of way,broadside,no,no,no,0,0,0,0,0,0,Other Bus,LOS ANGELES
82354259,2023-05-03,5,8,3,possible injury,0,1,automobile right of way,broadside,no,no,no,0,0,0,0,0,0,Pickup or Panel Truck,LOS ANGELES
82354260,2023-05-03,5,8,3,possible injury,0,3,automobile right of way,broadside,no,no,no,0,0,0,0,0,0,Passenger Car/Station Wagon,LOS ANGELES
82354261,2023-05-03,5,11,3,possible injury,0,3,traffic signs,broadside,no,no,no,0,0,0,0,0,0,Passenger Car/Station Wagon,LOS ANGELES
82354262,2023-05-04,5,8,4,minor injury,0,1,automobile right of way,broadside,no,no,no,0,0,0,0,0,0,Passenger Car/Station Wagon,LOS ANGELES
82354264,2023-05-04,5,16,4,possible injury,0,1,other than driver or pedestrian,hit object,no,no,no,0,0,0,0,0,0,Not Stated,LOS ANGELES
82354266,2023-05-05,5,9,5,minor injury,0,1,unsafe speed,rear end,no,no,no,0,0,0,0,0,0,Passenger Car/Station Wagon,LOS ANGELES