CASE_ID,COLLISION_DATE,MONTH,HOUR,DAY_OF_WEEK,COLLISION_SEVERITY,NUMBER_KILLED,NUMBER_INJURED,PCF_VIOL_CATEGORY,TYPE_OF_COLLISION,PEDESTRIAN_ACCIDENT,BICYCLE_ACCIDENT,MOTORCYCLE_ACCIDENT,COUNT_PED_INJURED,COUNT_BICYCLIST_INJURED,COUNT_MC_INJURED,COUNT_PED_KILLED,COUNT_BICYCLIST_KILLED,COUNT_MC_KILLED,STWD_VEHTYPE_AT_FAULT,COUNTY
91968306,2023-01-08,1,5,7,minor injury,0,1,improper turning,broadside,no,no,no,0,0,0,0,0,0,Passenger Car/Station Wagon,MADERA
91968308,2023-01-01,1,15,7,minor injury,0,2,improper turning,head-on,no,no,no,0,0,0,0,0,0,Not Stated,SAN DIEGO
91968309,2023-01-09,1,9,1,severe injury,0,1,unsafe speed,hit object,no,no,no,0,0,0,0,0,0,Passenger Car/Station Wagon,SAN MATEO
91968312,2023-01-13,1,15,5,possible injury,0,1,unsafe speed,rear end,no,no,no,0,0,0,0,0,0,Passenger Car/Station Wagon,SACRAMENTO
91968314,2023-01-01,1,16,7,possible injury,0,1,unsafe speed,other,no,yes,no,0,1,0,0,0,0,Bicycle,SANTA CRUZ
91968327,2023-01-03,1,20,2,possible injury,0,2,DUI,sideswipe,no,no,no,0,0,0,0,0,0,Passenger Car/Station Wagon,SAN DIEGO
91968328,2023-01-04,1,5,3,possible injury,0,1,improper turning,hit object,no,no,no,0,0,0,0,0,0,Truck or Truck Tractor with Trailer,SAN JOAQUIN
91968329,2023-01-03,1,15,2,minor injury,0,1,pedestrian right of way,vehicle/pedestrian,yes,no,no,1,0,0,0,0,0,Passenger Car/Station Wagon,SAN DIEGO
91968333,2023-01-08,1,19,7,severe injury,0,2,improper turning,hit object,no,no,no,0,0,0,0,0,0,Passenger Car/Station Wagon,SAN JOAQUIN
91968334,2023-01-10,1,17,2,minor injury,0,1,DUI,hit object,no,no,no,0,0,0,0,0,0,Passenger Car/Station Wagon,MADERA
91968347,2023-01-01,1,20,7,minor injury,0,1,unsafe lane change,hit object,no,no,no,0,0,0,0,0,0,Passenger Car/Station Wagon,SACRAMENTO
91968351,2023-01-03,1,14,2,possible injury,0,1,other than driver or pedestrian,sideswipe,no,no,no,0,0,0,0,0,0,Not Stated,SACRAMENTO
91968361,2023-01-03,1,21,2,possible injury,0,2,unsafe lane change,sideswipe,no,no,no,0,0,0,0,0,0,Pickup or Panel Truck,SAN BERNARDINO
91968363,2023-01-06,1,17,5,possible injury,0,1,unsafe speed,rear end,no,no,no,0,0,0,0,0,0,Passenger Car/Station Wagon,ORANGE
91968530,2023-01-11,1,10,3,possible injury,0,1,improper turning,rear end,no,no,no,0,0,0,0,0,0,Passenger Car/Station Wagon,BUTTE
91968531,2023-01-07,1,10,6,possible injury,0,1,unsafe speed,rear end,no,no,no,0,0,0,0,0,0,Passenger Car/Station Wagon,LOS ANGELES
91968533,2023-01-05,1,5,4,possible injury,0,1,traffic signs,broadside,no,no,no,0,0,0,0,0,0,Not Stated,ALAMEDA
91968544,2023-01-10,1,6,2,possible injury,0,1,unsafe speed,hit object,no,no,no,0,0,0,0,0,0,Passenger Car/Station Wagon,LOS ANGELES
91968548,2023-01-04,1,21,3,possible injury,0,1,unsafe speed,hit object,no,no,no,0,0,0,0,0,0,Passenger Car/Station Wagon,SANTA CLARA
91968558,2023-01-09,1,18,1,possible injury,0,1,improper turning,broadside,no,no,no,0,0,0,0,0,0,Passenger Car/Station Wagon,LOS ANGELES
91968560,2023-01-07,1,17,6,possible injury,0,1,unsafe speed,sideswipe,no,no,no,0,0,0,0,0,0,Passenger Car/Station Wagon,SANTA CLARA
91968563,2023-01-05,1,8,4,minor injury,0,1,improper turning,overturned,no,no,no,0,0,0,0,0,0,Passenger Car/Station Wagon,SAN BERNARDINO
91968570,2023-01-08,1,1,7,possible injury,0,1,unsafe speed,hit object,no,no,no,0,0,0,0,0,0,Passenger Car/Station Wagon,SANTA CLARA
91968572,2023-01-14,1,14,6,possible injury,0,1,unsafe lane change,sideswipe,no,no,no,0,0,0,0,0,0,Passenger Car/Station Wagon,LOS ANGELES
91968577,2023-01-05,1,5,4,minor injury,0,1,unsafe speed,overturned,no,no,no,0,0,0,0,0,0,Passenger Car/Station Wagon,LOS ANGELES
91968578,2023-01-06,1,14,5,minor injury,0,1,automobile right of way,broadside,no,no,yes,0,0,1,0,0,0,Passenger Car/Station Wagon,LOS ANGELES
91968678,2023-01-10,1,10,2,minor injury,0,1,unsafe speed,hit object,no,no,no,0,0,0,0,0,0,Passenger Car/Station Wagon,LOS ANGELES
91968689,2023-01-06,1,8,5,possible injury,0,1,unsafe speed,rear end,no,no,no,0,0,0,0,0,0,Passenger Car/Station Wagon,CONTRA COSTA
91968706,2023-01-06,1,18,5,possible injury,0,1,unsafe speed,rear end,no,no,no,0,0,0,0,0,0,Passenger Car/Station Wagon,SACRAMENTO
91968710,2023-01-06,1,18,5,possible injury,0,1,unsafe speed,rear end,no,no,no,0,0,0,0,0,0,Passenger Car/Station Wagon,SACRAMENTO
91968712,2023-01-06,1,17,5,possible injury,0,1,unsafe speed,rear end,no,no,no,0,0,0,0,0,0,Passenger Car/Station Wagon,SACRAMENTO
91968716,2023-01-06,1,14,5,possible injury,0,2,unsafe speed,rear end,no,no,no,0,0,0,0,0,0,Passenger Car/Station Wagon,SACRAMENTO
91968717,2023-01-05,1,10,4,possible injury,0,1,unsafe speed,hit object,no,no,no,0,0,0,0,0,0,Passenger Car/Station Wagon,SAN MATEO
91968718,2023-01-06,1,14,5,severe injury,0,1,pedestrian violation,vehicle/pedestrian,yes,no,no,1,0,0,0,0,0,Pedestrian,SACRAMENTO
91968722,2023-01-06,1,10,5,minor injury,0,2,unsafe speed,rear end,no,no,no,0,0,0,0,0,0,Passenger Car/Station Wagon,SACRAMENTO
91968725,2023-01-09,1,7,1,possible injury,0,1,other than driver or pedestrian,hit object,no,no,no,0,0,0,0,0,0,Not Stated,PLUMAS
91968734,2023-01-07,1,2,6,minor injury,0,1,DUI,hit object,no,no,no,0,0,0,0,0,0,Passenger Car/Station Wagon,SACRAMENTO
91968740,2023-01-06,1,7,5,minor injury,0,1,improper turning,hit object,no,no,no,0,0,0,0,0,0,Passenger Car/Station Wagon,SANTA CRUZ
91968741,2023-01-08,1,10,7,severe injury,0,3,unsafe speed,rear end,no,no,no,0,0,0,0,0,0,Passenger Car/Station Wagon,SACRAMENTO
91968743,2023-01-08,1,10,7,possible injury,0,1,automobile right of way,broadside,no,no,no,0,0,0,0,0,0,Passenger Car/Station Wagon,SACRAMENTO
91968745,2023-01-08,1,9,7,possible injury,0,1,automobile right of way,broadside,no,no,no,0,0,0,0,0,0,Passenger Car/Station Wagon,SACRAMENTO
91968747,2023-01-08,1,9,7,minor injury,0,1,unsafe speed,rear end,no,no,no,0,0,0,0,0,0,Passenger Car/Station Wagon,SACRAMENTO
91968749,2023-01-08,1,18,7,minor injury,0,1,automobile right of way,broadside,no,no,no,0,0,0,0,0,0,Passenger Car/Station Wagon,SACRAMENTO
91968753,2023-01-07,1,19,6,possible injury,0,1,DUI,rear end,no,no,no,0,0,0,0,0,0,Pickup or Panel Truck,SANTA CRUZ
91968761,2023-01-02,1,16,1,minor injury,0,1,unsafe lane change,sideswipe,no,no,no,0,0,0,0,0,0,Not Stated,SACRAMENTO
91968762,2023-01-13,1,16,5,possible injury,0,1,unsafe lane change,sideswipe,no,no,no,0,0,0,0,0,0,Passenger Car/Station Wagon,SACRAMENTO
91968778,2023-01-05,1,4,4,minor injury,0,1,improper turning,hit object,no,no,no,0,0,0,0,0,0,Passenger Car/Station Wagon,SAN BERNARDINO
91968784,2023-01-06,1,13,5,minor injury,0,2,unsafe speed,rear end,no,no,no,0,0,0,0,0,0,Passenger Car/Station Wagon,EL DORADO
91968788,2023-01-12,1,17,4,minor injury,0,1,unsafe lane change,sideswipe,no,no,no,0,0,0,0,0,0,Passenger Car/Station Wagon,RIVERSIDE
91968789,2023-01-12,1,15,4,minor injury,0,2,improper passing,sideswipe,no,no,yes,0,0,2,0,0,0,Motorcycle/Scooter,RIVERSIDE
91968790,2023-01-12,1,14,4,minor injury,0,1,improper turning,overturned,no,no,no,0,0,0,0,0,0,Passenger Car/Station Wagon,RIVERSIDE
91968791,2023-01-07,1,17,6,severe injury,0,4,automobile right of way,broadside,no,no,no,0,0,0,0,0,0,Passenger Car/Station Wagon,RIVERSIDE
91968793,2023-01-14,1,16,6,possible injury,0,1,unsafe speed,rear end,no,no,no,0,0,0,0,0,0,Pickup or Panel Truck,RIVERSIDE
91968794,2023-01-06,1,22,5,possible injury,0,1,DUI,broadside,no,no,no,0,0,0,0,0,0,Passenger Car/Station Wagon,IMPERIAL
91968893,2023-01-11,1,10,3,minor injury,0,1,unsafe speed,rear end,no,no,no,0,0,0,0,0,0,Pickup or Panel Truck,SANTA BARBARA
91968895,2023-01-08,1,4,7,severe injury,0,2,improper turning,sideswipe,no,no,no,0,0,0,0,0,0,Pickup or Panel Truck,LOS ANGELES
91968899,2023-01-10,1,18,2,possible injury,0,3,unsafe speed,rear end,no,no,no,0,0,0,0,0,0,Passenger Car/Station Wagon,LOS ANGELES
91968901,2023-01-03,1,19,2,possible injury,0,1,improper turning,sideswipe,no,no,no,0,0,0,0,0,0,Not Stated,SAN BENITO
91968910,2023-01-04,1,23,3,minor injury,0,1,improper turning,hit object,no,no,no,0,0,0,0,0,0,Passenger Car/Station Wagon,VENTURA
91968914,2023-01-08,1,4,7,minor injury,0,1,DUI,rear end,no,no,no,0,0,0,0,0,0,Passenger Car/Station Wagon,SAN DIEGO
91968915,2023-01-05,1,13,4,possible injury,0,1,unsafe speed,hit object,no,no,no,0,0,0,0,0,0,Passenger Car/Station Wagon,SANTA CLARA
91968916,2023-01-07,1,18,6,possible injury,0,1,DUI,head-on,no,no,no,0,0,0,0,0,0,Passenger Car/Station Wagon,SAN DIEGO
91968920,2023-01-06,1,17,5,severe injury,0,1,pedestrian violation,vehicle/pedestrian,yes,no,no,1,0,0,0,0,0,Pedestrian,SANTA CRUZ
91968923,2023-01-05,1,4,4,possible injury,0,1,improper turning,overturned,no,no,no,0,0,0,0,0,0,Passenger Car/Station Wagon,VENTURA
91968929,2023-01-06,1,16,5,minor injury,0,2,unsafe speed,rear end,no,no,no,0,0,0,0,0,0,Passenger Car/Station Wagon,ALAMEDA
91968935,2023-01-10,1,5,2,possible injury,0,1,unsafe speed,hit object,no,no,no,0,0,0,0,0,0,Pickup or Panel Truck,LOS ANGELES
91968937,2023-01-10,1,8,2,possible injury,0,1,unsafe speed,hit object,no,no,no,0,0,0,0,0,0,Passenger Car/Station Wagon,LOS ANGELES
91968941,2023-01-08,1,5,7,possible injury,0,1,unsafe speed,rear end,no,no,no,0,0,0,0,0,0,Passenger Car/Station Wagon,LOS ANGELES
91968942,2023-01-05,1,7,4,possible injury,0,1,unsafe lane change,sideswipe,no,no,no,0,0,0,0,0,0,Pickup or Panel Truck,VENTURA
91968945,2023-01-10,1,7,2,possible injury,0,1,unsafe speed,sideswipe,no,no,no,0,0,0,0,0,0,Truck or Truck Tractor with Trailer,LOS ANGELES
91968949,2023-01-09,1,8,1,possible injury,0,1,unsafe speed,hit object,no,no,no,0,0,0,0,0,0,Passenger Car/Station Wagon,LOS ANGELES
91968952,2023-01-14,1,23,6,minor injury,0,2,improper turning,hit object,no,no,no,0,0,0,0,0,0,Passenger Car/Station Wagon,MADERA
91968953,2023-01-06,1,17,5,possible injury,0,1,unsafe speed,rear end,no,no,no,0,0,0,0,0,0,Pickup or Panel Truck,SAN BERNARDINO
91968954,2023-01-06,1,17,5,possible injury,0,2,unsafe lane change,rear end,no,no,no,0,0,0,0,0,0,Pickup or Panel Truck,ALAMEDA
91968958,2023-01-09,1,14,1,minor injury,0,1,unsafe speed,hit object,no,no,no,0,0,0,0,0,0,Passenger Car/Station Wagon,LOS ANGELES
91968961,2023-01-08,1,21,7,severe injury,0,2,improper turning,hit object,no,no,no,0,0,0,0,0,0,Passenger Car/Station Wagon,SOLANO
91968962,2023-01-15,1,4,7,possible injury,0,1,improper turning,overturned,no,no,no,0,0,0,0,0,0,Pickup or Panel Truck,EL DORADO
91968969,2023-01-10,1,3,2,possible injury,0,3,unsafe speed,hit object,no,no,no,0,0,0,0,0,0,Passenger Car/Station Wagon,LOS ANGELES
91968971,2023-01-09,1,22,1,possible injury,0,1,unsafe speed,hit object,no,no,no,0,0,0,0,0,0,Passenger Car/Station Wagon,LOS ANGELES
91968976,2023-01-10,1,1,2,possible injury,0,1,improper turning,broadside,no,no,no,0,0,0,0,0,0,Not Stated,SOLANO
91968979,2023-01-14,1,8,6,minor injury,0,1,unsafe speed,overturned,no,no,no,0,0,0,0,0,0,Passenger Car/Station Wagon,MERCED
91968981,2023-01-10,1,1,2,possible injury,0,1,unsafe speed,hit object,no,no,no,0,0,0,0,0,0,Passenger Car/Station Wagon,LOS ANGELES
91968987,2023-01-11,1,9,3,possible injury,0,1,unsafe speed,rear end,no,no,no,0,0,0,0,0,0,Passenger Car/Station Wagon,ORANGE
91968988,2023-01-12,1,13,4,minor injury,0,2,improper turning,hit object,no,no,no,0,0,0,0,0,0,Passenger Car/Station Wagon,EL DORADO
91968994,2023-01-07,1,23,6,minor injury,0,1,DUI,hit object,no,no,no,0,0,0,0,0,0,Passenger Car/Station Wagon,HUMBOLDT
91968996,2023-01-10,1,0,2,severe injury,0,1,unsafe speed,hit object,no,no,no,0,0,0,0,0,0,Passenger Car/Station Wagon,ORANGE
91968999,2023-01-12,1,15,4,possible injury,0,1,unsafe speed,rear end,no,no,no,0,0,0,0,0,0,Pickup or Panel Truck,KERN
91969002,2023-01-14,1,9,6,possible injury,0,1,unsafe speed,hit object,no,no,no,0,0,0,0,0,0,Passenger Car/Station Wagon,MERCED
91969004,2023-01-08,1,23,7,possible injury,0,1,DUI,rear end,no,no,no,0,0,0,0,0,0,Passenger Car/Station Wagon,PLACER
91969006,2023-01-05,1,0,4,minor injury,0,1,unsafe lane change,sideswipe,no,no,no,0,0,0,0,0,0,Not Stated,LOS ANGELES
91969012,2023-01-07,1,12,6,possible injury,0,1,unsafe speed,rear end,no,no,no,0,0,0,0,0,0,Pickup or Panel Truck,SAN BERNARDINO
91969013,2023-01-04,1,10,3,minor injury,0,2,unsafe speed,hit object,no,no,no,0,0,0,0,0,0,Passenger Car/Station Wagon,ORANGE
91969015,2023-01-10,1,4,2,possible injury,0,1,unsafe speed,sideswipe,no,no,no,0,0,0,0,0,0,Passenger Car/Station Wagon,LOS ANGELES
91969019,2023-01-03,1,15,2,severe injury,0,1,wrong side of road,sideswipe,no,no,no,0,0,0,0,0,0,Pickup or Panel Truck,MADERA
91969020,2023-01-07,1,1,6,possible injury,0,1,improper turning,hit object,no,no,no,0,0,0,0,0,0,Passenger Car/Station Wagon,SAN BERNARDINO
91969021,2023-01-11,1,19,3,minor injury,0,1,improper turning,hit object,no,no,no,0,0,0,0,0,0,Truck or Truck Tractor with Trailer,KERN
91969022,2023-01-09,1,17,1,minor injury,0,1,improper turning,overturned,no,no,yes,0,0,1,0,0,0,Motorcycle/Scooter,ORANGE
91969023,2023-01-13,1,8,5,minor injury,0,1,improper turning,sideswipe,no,no,no,0,0,0,0,0,0,Truck or Truck Tractor with Trailer,SOLANO
91969024,2023-01-10,1,13,2,possible injury,0,1,DUI,hit object,no,no,no,0,0,0,0,0,0,Pickup or Panel Truck,KERN
91969032,2023-01-05,1,5,4,minor injury,0,1,improper turning,head-on,no,no,no,0,0,0,0,0,0,Truck or Truck Tractor with Trailer,ALAMEDA
91969033,2023-01-09,1,6,1,possible injury,0,1,unsafe speed,hit object,no,no,no,0,0,0,0,0,0,Passenger Car/Station Wagon,LOS ANGELES
91969034,2023-01-09,1,10,1,possible injury,0,1,unsafe speed,hit object,no,no,no,0,0,0,0,0,0,Passenger Car/Station Wagon,LOS ANGELES
91969041,2023-01-04,1,19,3,minor injury,0,1,improper turning,hit object,no,no,no,0,0,0,0,0,0,Passenger Car/Station Wagon,LASSEN
91969043,2023-01-12,1,16,4,minor injury,0,1,improper turning,sideswipe,no,no,no,0,0,0,0,0,0,Passenger Car/Station Wagon,LOS ANGELES
91969050,2023-01-10,1,21,2,possible injury,0,1,improper turning,hit object,no,no,no,0,0,0,0,0,0,Passenger Car/Station Wagon,LOS ANGELES
91969051,2023-01-14,1,8,6,minor injury,0,1,improper turning,hit object,no,no,no,0,0,0,0,0,0,Truck or Truck Tractor with Trailer,SOLANO
91969054,2023-01-06,1,6,5,minor injury,0,4,unsafe speed,rear end,no,no,no,0,0,0,0,0,0,Passenger Car/Station Wagon,ALAMEDA
91969055,2023-01-15,1,10,7,possible injury,0,2,improper turning,hit object,no,no,no,0,0,0,0,0,0,Passenger Car/Station Wagon,SOLANO
91969061,2023-01-12,1,8,4,possible injury,0,1,following too closely,rear end,no,no,no,0,0,0,0,0,0,Pickup or Panel Truck,ALAMEDA
91969063,2023-01-14,1,0,6,possible injury,0,1,improper turning,sideswipe,no,no,no,0,0,0,0,0,0,Not Stated,LOS ANGELES
91969064,2023-01-13,1,9,5,possible injury,0,1,unsafe speed,sideswipe,no,no,no,0,0,0,0,0,0,Passenger Car/Station Wagon,SHASTA
91969069,2023-01-14,1,15,6,possible injury,0,2,unsafe speed,hit object,no,no,no,0,0,0,0,0,0,Passenger Car/Station Wagon,LOS ANGELES
91969070,2023-01-08,1,10,7,possible injury,0,1,improper turning,hit object,no,no,no,0,0,0,0,0,0,Passenger Car/Station Wagon,LOS ANGELES
91969073,2023-01-14,1,9,6,minor injury,0,1,unsafe speed,hit object,no,no,no,0,0,0,0,0,0,Passenger Car/Station Wagon,SHASTA
91969075,2023-01-09,1,16,1,minor injury,0,1,unsafe speed,hit object,no,no,no,0,0,0,0,0,0,Passenger Car/Station Wagon,LOS ANGELES
91969079,2023-01-13,1,8,5,possible injury,0,1,unsafe speed,rear end,no,no,no,0,0,0,0,0,0,Passenger Car/Station Wagon,SOLANO
91969080,2023-01-10,1,8,2,possible injury,0,1,unsafe speed,rear end,no,no,no,0,0,0,0,0,0,Passenger Car/Station Wagon,LOS ANGELES
91969082,2023-01-14,1,12,6,possible injury,0,1,unsafe lane change,sideswipe,no,no,no,0,0,0,0,0,0,Passenger Car/Station Wagon,SHASTA
91969083,2023-01-11,1,8,3,possible injury,0,1,unsafe speed,rear end,no,no,no,0,0,0,0,0,0,Passenger Car/Station Wagon,LOS ANGELES
91969086,2023-01-08,1,9,7,possible injury,0,1,unsafe speed,hit object,no,no,no,0,0,0,0,0,0,Passenger Car/Station Wagon,SAN BENITO
91969097,2023-01-14,1,12,6,possible injury,0,1,unsafe speed,hit object,no,no,no,0,0,0,0,0,0,Pickup or Panel Truck,LOS ANGELES
91969098,2023-01-09,1,18,1,possible injury,0,1,unsafe speed,rear end,no,no,no,0,0,0,0,0,0,Passenger Car/Station Wagon,MERCED
91969099,2023-01-15,1,7,7,possible injury,0,1,improper turning,hit object,no,no,no,0,0,0,0,0,0,Passenger Car/Station Wagon,SOLANO
91969112,2023-01-12,1,13,4,minor injury,0,1,unsafe speed,rear end,no,no,no,0,0,0,0,0,0,Passenger Car/Station Wagon,PLACER
91969116,2023-01-13,1,14,5,possible injury,0,1,automobile right of way,broadside,no,no,no,0,0,0,0,0,0,Pickup or Panel Truck,PLACER
91969133,2023-01-11,1,19,3,possible injury,0,1,unsafe speed,rear end,no,no,no,0,0,0,0,0,0,Passenger Car/Station Wagon,LOS ANGELES
91969134,2023-01-09,1,22,1,severe injury,0,1,unsafe speed,hit object,no,no,no,0,0,0,0,0,0,Truck or Truck Tractor,LOS ANGELES
91969146,2023-01-07,1,8,6,minor injury,0,6,improper turning,sideswipe,no,no,no,0,0,0,0,0,0,Passenger Car/Station Wagon,ORANGE
91969151,2023-01-11,1,12,3,minor injury,0,1,unsafe speed,overturned,no,no,yes,0,0,1,0,0,0,Motorcycle/Scooter,RIVERSIDE
91969153,2023-01-04,1,8,3,possible injury,0,1,unsafe speed,overturned,no,no,no,0,0,0,0,0,0,Passenger Car/Station Wagon,ORANGE
91969166,2023-01-04,1,3,3,severe injury,0,3,unsafe speed,hit object,no,no,no,0,0,0,0,0,0,Passenger Car/Station Wagon,LOS ANGELES
91969167,2023-01-06,1,13,5,minor injury,0,1,unsafe speed,sideswipe,no,no,no,0,0,0,0,0,0,Pickup or Panel Truck with Trailer,SANTA CLARA
91969169,2023-01-09,1,6,1,possible injury,0,1,unsafe speed,hit object,no,no,no,0,0,0,0,0,0,Passenger Car/Station Wagon,SAN JOAQUIN
91969177,2023-01-10,1,8,2,possible injury,0,1,unsafe speed,hit object,no,no,no,0,0,0,0,0,0,Pickup or Panel Truck,LOS ANGELES
91969178,2023-01-09,1,21,1,possible injury,0,1,unknown,overturned,no,no,no,0,0,0,0,0,0,Passenger Car/Station Wagon,SAN JOAQUIN
91969180,2023-01-03,1,16,2,severe injury,0,1,improper turning,overturned,no,no,no,0,0,0,0,0,0,Passenger Car/Station Wagon,TULARE
91969182,2023-01-06,1,17,5,severe injury,0,4,traffic signs,broadside,no,no,no,0,0,0,0,0,0,Passenger Car/Station Wagon,TULARE
91969183,2023-01-09,1,12,1,possible injury,0,1,unsafe speed,hit object,no,no,no,0,0,0,0,0,0,Passenger Car/Station Wagon,TULARE
91969184,2023-01-10,1,9,2,possible injury,0,1,unsafe speed,hit object,no,no,no,0,0,0,0,0,0,Passenger Car/Station Wagon,SAN JOAQUIN
91969189,2023-01-13,1,13,5,possible injury,0,2,unsafe speed,rear end,no,no,no,0,0,0,0,0,0,Passenger Car/Station Wagon,RIVERSIDE
91969326,2023-01-05,1,10,4,possible injury,0,1,unsafe speed,hit object,no,no,no,0,0,0,0,0,0,Pickup or Panel Truck,ALAMEDA
91969328,2023-01-04,1,9,3,possible injury,0,1,unsafe speed,hit object,no,no,no,0,0,0,0,0,0,Passenger Car/Station Wagon,ORANGE
91969334,2023-01-03,1,21,2,severe injury,0,1,improper turning,vehicle/pedestrian,yes,no,no,1,0,0,0,0,0,Not Stated,STANISLAUS
91969337,2023-01-05,1,19,4,severe injury,0,1,unsafe speed,sideswipe,no,no,yes,0,0,1,0,0,0,Motorcycle/Scooter,STANISLAUS
91969338,2023-01-10,1,9,2,possible injury,0,1,unsafe speed,hit object,no,no,no,0,0,0,0,0,0,Passenger Car/Station Wagon,LOS ANGELES
91969339,2023-01-07,1,14,6,possible injury,0,1,improper turning,sideswipe,no,no,no,0,0,0,0,0,0,Passenger Car/Station Wagon,STANISLAUS
91969349,2023-01-04,1,17,3,possible injury,0,1,pedestrian violation,vehicle/pedestrian,yes,no,no,1,0,0,0,0,0,Not Stated,LOS ANGELES
91969357,2023-01-13,1,15,5,minor injury,0,2,improper turning,sideswipe,no,no,no,0,0,0,0,0,0,Passenger Car/Station Wagon,LOS ANGELES
91969361,2023-01-11,1,10,3,possible injury,0,1,unsafe lane change,rear end,no,no,no,0,0,0,0,0,0,Truck or Truck Tractor with Trailer,LOS ANGELES
91969364,2023-01-07,1,17,6,possible injury,0,1,unsafe speed,rear end,no,no,no,0,0,0,0,0,0,Passenger Car/Station Wagon,ORANGE
91969378,2023-01-04,1,11,3,minor injury,0,3,improper turning,hit object,no,no,no,0,0,0,0,0,0,Passenger Car/Station Wagon,LOS ANGELES
91969380,2023-01-04,1,9,3,possible injury,0,1,unsafe speed,hit object,no,no,no,0,0,0,0,0,0,Passenger Car/Station Wagon,LOS ANGELES
91969384,2023-01-04,1,22,3,possible injury,0,1,unsafe speed,hit object,no,no,no,0,0,0,0,0,0,Passenger Car/Station Wagon,ALAMEDA
91969388,2023-01-04,1,11,3,minor injury,0,1,unsafe speed,head-on,no,no,no,0,0,0,0,0,0,Passenger Car/Station Wagon,LOS ANGELES
91969392,2023-01-06,1,22,5,minor injury,0,1,DUI,hit object,no,no,no,0,0,0,0,0,0,Passenger Car/Station Wagon,VENTURA
91969394,2023-01-06,1,13,5,possible injury,0,2,traffic signs,broadside,no,no,no,0,0,0,0,0,0,Passenger Car/Station Wagon,CONTRA COSTA
91969395,2023-01-04,1,18,3,possible injury,0,3,unsafe speed,rear end,no,no,no,0,0,0,0,0,0,Passenger Car/Station Wagon,LOS ANGELES
91969396,2023-01-01,1,8,7,possible injury,0,3,DUI,sideswipe,no,no,no,0,0,0,0,0,0,Passenger Car/Station Wagon,LOS ANGELES
91969398,2023-01-11,1,7,3,minor injury,0,1,unsafe lane change,rear end,no,no,yes,0,0,1,0,0,0,Passenger Car/Station Wagon,ORANGE
91969399,2023-01-14,1,17,6,possible injury,0,1,DUI,rear end,no,no,no,0,0,0,0,0,0,Passenger Car/Station Wagon,SACRAMENTO
91969400,2023-01-09,1,12,1,minor injury,0,1,unsafe speed,hit object,no,no,no,0,0,0,0,0,0,Passenger Car/Station Wagon,LOS ANGELES
91969404,2023-01-04,1,7,3,possible injury,0,2,unsafe speed,rear end,no,no,no,0,0,0,0,0,0,Passenger Car/Station Wagon,LOS ANGELES
91969412,2023-01-09,1,11,1,possible injury,0,1,unsafe speed,hit object,no,no,no,0,0,0,0,0,0,Passenger Car/Station Wagon,VENTURA
91969414,2023-01-05,1,13,4,minor injury,0,1,unsafe speed,hit object,no,no,no,0,0,0,0,0,0,Passenger Car/Station Wagon,SAN MATEO
91969416,2023-01-09,1,12,1,minor injury,0,1,unsafe speed,hit object,no,no,no,0,0,0,0,0,0,Passenger Car/Station Wagon,VENTURA
91969421,2023-01-09,1,9,1,possible injury,0,1,unsafe speed,hit object,no,no,no,0,0,0,0,0,0,Passenger Car/Station Wagon,VENTURA
91969428,2023-01-05,1,19,4,possible injury,0,1,unsafe speed,rear end,no,no,no,0,0,0,0,0,0,Passenger Car/Station Wagon,SAN BERNARDINO
91969429,2023-01-16,1,9,1,possible injury,0,1,improper turning,hit object,no,no,no,0,0,0,0,0,0,Passenger Car/Station Wagon,SAN MATEO
91969434,2023-01-08,1,16,7,minor injury,0,1,DUI,hit object,no,no,no,0,0,0,0,0,0,Pickup or Panel Truck,STANISLAUS
91969435,2023-01-07,1,17,6,minor injury,0,1,pedestrian violation,vehicle/pedestrian,yes,no,no,1,0,0,0,0,0,Pedestrian,KERN
91969439,2023-01-15,1,8,7,possible injury,0,1,improper turning,hit object,no,no,no,0,0,0,0,0,0,Passenger Car/Station Wagon,LOS ANGELES
91969446,2023-01-12,1,19,4,minor injury,0,1,DUI,overturned,no,no,no,0,0,0,0,0,0,Passenger Car/Station Wagon,SACRAMENTO
91969448,2023-01-06,1,6,5,possible injury,0,1,improper passing,sideswipe,no,no,no,0,0,0,0,0,0,Pickup or Panel Truck,RIVERSIDE
91969459,2023-01-03,1,2,2,possible injury,0,1,unsafe speed,hit object,no,no,no,0,0,0,0,0,0,Truck or Truck Tractor with Trailer,SAN BERNARDINO
91969461,2023-01-05,1,9,4,possible injury,0,1,unsafe speed,rear end,no,no,no,0,0,0,0,0,0,Passenger Car/Station Wagon,ALAMEDA
91969469,2023-01-12,1,18,4,possible injury,0,1,improper turning,hit object,no,no,no,0,0,0,0,0,0,Pickup or Panel Truck,SHASTA
91969474,2023-01-04,1,14,3,possible injury,0,1,traffic signs,broadside,no,no,no,0,0,0,0,0,0,Not Stated,LOS ANGELES
91969478,2023-01-06,1,14,5,possible injury,0,3,traffic signs,broadside,no,no,no,0,0,0,0,0,0,Passenger Car/Station Wagon,FRESNO
91969480,2023-01-08,1,7,7,minor injury,0,1,unsafe speed,overturned,no,no,no,0,0,0,0,0,0,Passenger Car/Station Wagon,SACRAMENTO