CASE_ID,COLLISION_DATE,MONTH,HOUR,DAY_OF_WEEK,COLLISION_SEVERITY,NUMBER_KILLED,NUMBER_INJURED,PCF_VIOL_CATEGORY,TYPE_OF_COLLISION,PEDESTRIAN_ACCIDENT,BICYCLE_ACCIDENT,MOTORCYCLE_ACCIDENT,COUNT_PED_INJURED,COUNT_BICYCLIST_INJURED,COUNT_MC_INJURED,COUNT_PED_KILLED,COUNT_BICYCLIST_KILLED,COUNT_MC_KILLED,STWD_VEHTYPE_AT_FAULT,COUNTY
91994576,2023-02-08,2,5,3,minor injury,0,1,unsafe speed,rear end,no,no,no,0,0,0,0,0,0,Pickup or Panel Truck,LOS ANGELES
91994577,2023-02-11,2,12,6,minor injury,0,1,unsafe lane change,hit object,no,no,no,0,0,0,0,0,0,Not Stated,RIVERSIDE
91994578,2023-02-07,2,18,2,minor injury,0,2,unsafe speed,rear end,yes,no,no,1,0,0,0,0,0,Passenger Car/Station Wagon,LOS ANGELES
91994579,2023-02-04,2,7,6,possible injury,0,1,improper turning,sideswipe,no,no,no,0,0,0,0,0,0,Passenger Car/Station Wagon,LOS ANGELES
91994580,2023-02-05,2,19,7,possible injury,0,3,unsafe lane change,sideswipe,no,no,no,0,0,0,0,0,0,Not Stated,LOS ANGELES
91994583,2023-02-09,2,16,4,possible injury,0,1,unsafe speed,rear end,no,no,no,0,0,0,0,0,0,Passenger Car/Station Wagon,LOS ANGELES
91994584,2023-02-11,2,12,6,possible injury,0,1,other than driver or pedestrian,sideswipe,no,no,no,0,0,0,0,0,0,Not Stated,RIVERSIDE
91994592,2023-02-14,2,11,2,possible injury,0,1,unsafe speed,rear end,no,no,no,0,0,0,0,0,0,Passenger Car/Station Wagon,LOS ANGELES
91994595,2023-02-11,2,12,6,possible injury,0,1,unsafe speed,rear end,no,no,no,0,0,0,0,0,0,Passenger Car/Station Wagon,LOS ANGELES
91994602,2023-02-06,2,8,1,possible injury,0,1,improper turning,sideswipe,no,no,no,0,0,0,0,0,0,Passenger Car/Station Wagon,SACRAMENTO
91994627,2023-02-14,2,17,2,possible injury,0,1,unsafe speed,rear end,no,no,no,0,0,0,0,0,0,Not Stated,RIVERSIDE
91994840,2023-01-29,1,17,7,possible injury,0,1,unsafe speed,rear end,no,no,no,0,0,0,0,0,0,Passenger Car/Station Wagon,LOS ANGELES
91994843,2023-01-19,1,6,4,severe injury,0,6,automobile right of way,broadside,no,no,no,0,0,0,0,0,0,Passenger Car/Station Wagon,STANISLAUS
91994848,2023-02-08,2,20,3,possible injury,0,2,DUI,broadside,no,no,no,0,0,0,0,0,0,Pickup or Panel Truck,ALAMEDA
91994850,2023-02-07,2,17,2,possible injury,0,1,improper passing,sideswipe,no,no,yes,0,0,1,0,0,0,Motorcycle/Scooter,ORANGE
91994859,2023-01-17,1,17,2,possible injury,0,1,unsafe lane change,sideswipe,no,no,no,0,0,0,0,0,0,Truck or Truck Tractor,SAN MATEO
91994862,2023-02-03,2,18,5,minor injury,0,3,improper turning,broadside,no,no,no,0,0,0,0,0,0,Pickup or Panel Truck,MARIN
91994863,2023-02-03,2,10,5,possible injury,0,1,improper turning,rear end,yes,no,no,1,0,0,0,0,0,Passenger Car/Station Wagon,LOS ANGELES
91994864,2023-02-06,2,2,1,minor injury,0,1,improper turning,sideswipe,no,no,no,0,0,0,0,0,0,Passenger Car/Station Wagon,LOS ANGELES
91994865,2023-02-04,2,19,6,possible injury,0,1,traffic signs,vehicle/pedestrian,yes,no,no,1,0,0,0,0,0,Not Stated,SACRAMENTO
91994866,2023-02-03,2,15,5,possible injury,0,1,automobile right of way,broadside,no,no,no,0,0,0,0,0,0,Passenger Car/Station Wagon,LOS ANGELES
91994870,2023-02-03,2,16,5,possible injury,0,2,unsafe lane change,sideswipe,no,no,no,0,0,0,0,0,0,Passenger Car/Station Wagon,LOS ANGELES
91994877,2023-02-04,2,20,6,possible injury,0,2,unsafe speed,broadside,no,no,no,0,0,0,0,0,0,Passenger Car/Station Wagon,SANTA CLARA
91994883,2023-02-13,2,0,1,minor injury,0,1,DUI,hit object,no,no,no,0,0,0,0,0,0,Passenger Car/Station Wagon,RIVERSIDE
91994885,2023-02-05,2,23,7,minor injury,0,1,DUI,hit object,no,no,no,0,0,0,0,0,0,Passenger Car/Station Wagon,LOS ANGELES
91994886,2023-02-10,2,8,5,possible injury,0,1,unsafe speed,rear end,no,no,no,0,0,0,0,0,0,Pickup or Panel Truck,MARIN
91994888,2023-02-08,2,6,3,possible injury,0,1,automobile right of way,head-on,no,no,no,0,0,0,0,0,0,Passenger Car/Station Wagon,SONOMA
91994889,2023-02-03,2,13,5,possible injury,0,1,unsafe speed,rear end,no,no,no,0,0,0,0,0,0,Passenger Car/Station Wagon,LOS ANGELES
91994892,2023-02-14,2,10,2,possible injury,0,3,unsafe speed,rear end,no,no,no,0,0,0,0,0,0,Passenger Car/Station Wagon,RIVERSIDE
91994893,2023-02-08,2,10,3,possible injury,0,2,unsafe speed,rear end,no,no,no,0,0,0,0,0,0,Passenger Car/Station Wagon,SONOMA
91994894,2023-02-01,2,11,3,possible injury,0,2,unsafe speed,rear end,no,no,no,0,0,0,0,0,0,Passenger Car/Station Wagon,STANISLAUS
91994896,2023-02-03,2,22,5,possible injury,0,1,unsafe speed,sideswipe,yes,no,no,1,0,0,0,0,0,Passenger Car/Station Wagon,LOS ANGELES
91994898,2023-02-09,2,15,4,possible injury,0,1,traffic signs,broadside,no,no,no,0,0,0,0,0,0,Truck or Truck Tractor with Trailer,SAN JOAQUIN
91994899,2023-02-09,2,21,4,possible injury,0,1,unsafe starting or backing,rear end,no,no,no,0,0,0,0,0,0,Not Stated,ALAMEDA
91994911,2023-02-06,2,14,1,possible injury,0,1,unsafe speed,rear end,no,no,no,0,0,0,0,0,0,Passenger Car/Station Wagon,SAN BERNARDINO
91994912,2023-02-04,2,14,6,possible injury,0,1,unsafe speed,rear end,no,no,no,0,0,0,0,0,0,Passenger Car/Station Wagon,LOS ANGELES
91994914,2023-02-10,2,13,5,minor injury,0,1,improper turning,overturned,no,yes,no,0,1,0,0,0,0,Bicycle,ALAMEDA
91994915,2023-02-04,2,16,6,possible injury,0,1,DUI,broadside,no,no,no,0,0,0,0,0,0,Passenger Car/Station Wagon,LOS ANGELES
91994919,2023-01-03,1,17,2,possible injury,0,1,unsafe lane change,sideswipe,no,no,no,0,0,0,0,0,0,Passenger Car/Station Wagon,SAN BERNARDINO
91994922,2023-01-09,1,17,1,possible injury,0,1,improper turning,hit object,no,no,no,0,0,0,0,0,0,Passenger Car/Station Wagon,SAN BERNARDINO
91994923,2023-02-03,2,1,5,minor injury,0,3,DUI,rear end,no,no,no,0,0,0,0,0,0,Passenger Car/Station Wagon,LOS ANGELES
91994926,2023-02-06,2,17,1,possible injury,0,1,improper turning,sideswipe,no,no,no,0,0,0,0,0,0,Passenger Car/Station Wagon,SAN DIEGO
91994927,2023-01-31,1,14,2,possible injury,0,1,automobile right of way,broadside,no,no,no,0,0,0,0,0,0,Passenger Car/Station Wagon,KERN
91994928,2023-02-14,2,16,2,possible injury,0,2,unsafe speed,head-on,no,no,no,0,0,0,0,0,0,Passenger Car/Station Wagon,LOS ANGELES
91994929,2023-02-02,2,6,4,possible injury,0,1,traffic signs,overturned,no,no,no,0,0,0,0,0,0,Passenger Car/Station Wagon,KERN
91994931,2023-02-09,2,7,4,possible injury,0,3,automobile right of way,broadside,no,no,no,0,0,0,0,0,0,Passenger Car/Station Wagon,LOS ANGELES
91994936,2023-02-12,2,7,7,minor injury,0,1,unsafe speed,hit object,no,no,no,0,0,0,0,0,0,Passenger Car/Station Wagon,SAN DIEGO
91994939,2023-02-01,2,5,3,minor injury,0,1,unsafe speed,rear end,no,no,no,0,0,0,0,0,0,Pickup or Panel Truck,SAN BERNARDINO
91994941,2023-02-14,2,18,2,minor injury,0,1,improper turning,hit object,no,no,no,0,0,0,0,0,0,Passenger Car/Station Wagon,LOS ANGELES
91994944,2023-02-13,2,5,1,possible injury,0,2,unsafe speed,rear end,no,no,no,0,0,0,0,0,0,Not Stated,SAN DIEGO
91994947,2023-02-02,2,17,4,minor injury,0,1,unknown,head-on,no,no,no,0,0,0,0,0,0,Not Stated,KERN
91994948,2023-02-13,2,15,1,minor injury,0,3,unsafe speed,rear end,no,no,no,0,0,0,0,0,0,Pickup or Panel Truck,SAN DIEGO
91994949,2023-01-30,1,0,1,minor injury,0,1,improper turning,hit object,no,no,no,0,0,0,0,0,0,Passenger Car/Station Wagon,KINGS
91994956,2023-02-03,2,23,5,possible injury,0,1,unsafe speed,hit object,no,no,no,0,0,0,0,0,0,Pickup or Panel Truck,LOS ANGELES
91994960,2023-02-07,2,12,2,possible injury,0,1,improper turning,sideswipe,no,no,no,0,0,0,0,0,0,Passenger Car/Station Wagon,SANTA BARBARA
91994962,2023-02-14,2,15,2,minor injury,0,1,unsafe speed,rear end,no,no,no,0,0,0,0,0,0,Passenger Car/Station Wagon,LOS ANGELES
91994963,2023-02-04,2,23,6,minor injury,0,1,improper turning,hit object,no,no,no,0,0,0,0,0,0,Passenger Car/Station Wagon,VENTURA
91994965,2023-02-03,2,9,5,minor injury,0,1,unsafe speed,hit object,no,no,no,0,0,0,0,0,0,Pickup or Panel Truck,SANTA CLARA
91994971,2023-02-05,2,7,7,minor injury,0,3,unsafe speed,rear end,no,no,no,0,0,0,0,0,0,Pickup or Panel Truck,MONTEREY
91994972,2023-02-09,2,17,4,possible injury,0,1,unsafe speed,rear end,no,no,no,0,0,0,0,0,0,Passenger Car/Station Wagon,SACRAMENTO
91994975,2023-02-04,2,13,6,minor injury,0,3,traffic signs,broadside,no,no,no,0,0,0,0,0,0,Passenger Car/Station Wagon,CALAVERAS
91994976,2023-02-03,2,11,5,minor injury,0,1,improper turning,hit object,no,no,no,0,0,0,0,0,0,Pickup or Panel Truck,SANTA CLARA
91994980,2023-02-09,2,21,4,severe injury,0,1,improper turning,hit object,no,no,no,0,0,0,0,0,0,Passenger Car/Station Wagon,SAN MATEO
91994982,2023-02-14,2,15,2,possible injury,0,2,unsafe speed,rear end,no,no,no,0,0,0,0,0,0,Passenger Car/Station Wagon,ORANGE
91994983,2023-02-04,2,22,6,minor injury,0,1,DUI,hit object,no,no,no,0,0,0,0,0,0,Passenger Car/Station Wagon,TULARE
91994991,2023-02-09,2,12,4,minor injury,0,1,unsafe speed,rear end,no,no,no,0,0,0,0,0,0,Passenger Car/Station Wagon,SANTA BARBARA
91994995,2023-02-03,2,23,5,possible injury,0,1,DUI,hit object,no,no,no,0,0,0,0,0,0,Passenger Car/Station Wagon,KERN
91994997,2023-02-09,2,15,4,minor injury,0,1,wrong side of road,broadside,no,no,no,0,0,0,0,0,0,Other Vehicle,SANTA BARBARA
91994999,2023-02-14,2,12,2,minor injury,0,2,DUI,rear end,no,no,no,0,0,0,0,0,0,Passenger Car/Station Wagon,ORANGE
91995003,2023-02-11,2,23,6,possible injury,0,1,DUI,head-on,no,no,no,0,0,0,0,0,0,Passenger Car/Station Wagon,SACRAMENTO
91995004,2023-02-03,2,12,5,possible injury,0,1,improper turning,rear end,no,no,no,0,0,0,0,0,0,Passenger Car/Station Wagon,SANTA CLARA
91995006,2023-02-03,2,8,5,minor injury,0,1,improper turning,sideswipe,no,no,no,0,0,0,0,0,0,Passenger Car/Station Wagon,LOS ANGELES
91995009,2023-02-10,2,13,5,possible injury,0,1,improper turning,overturned,no,no,no,0,0,0,0,0,0,Passenger Car/Station Wagon,SAN BERNARDINO
91995010,2023-02-01,2,20,3,severe injury,0,2,DUI,hit object,no,no,no,0,0,0,0,0,0,Pickup or Panel Truck,AMADOR
91995011,2023-02-09,2,15,4,severe injury,0,1,unsafe speed,rear end,no,no,no,0,0,0,0,0,0,Passenger Car/Station Wagon,SONOMA
91995016,2023-02-10,2,17,5,minor injury,0,1,unsafe speed,rear end,no,no,no,0,0,0,0,0,0,Passenger Car/Station Wagon,SANTA BARBARA
91995017,2023-02-12,2,9,7,possible injury,0,1,unsafe speed,rear end,no,no,no,0,0,0,0,0,0,Passenger Car/Station Wagon,SAN FRANCISCO
91995020,2023-02-04,2,16,6,possible injury,0,1,unsafe speed,rear end,no,no,no,0,0,0,0,0,0,Passenger Car/Station Wagon,KERN
91995021,2023-02-03,2,22,5,possible injury,0,1,unsafe speed,rear end,no,no,no,0,0,0,0,0,0,Passenger Car/Station Wagon,LOS ANGELES
91995022,2023-02-10,2,8,5,possible injury,0,1,unsafe speed,rear end,no,no,no,0,0,0,0,0,0,Passenger Car/Station Wagon,SONOMA
91995027,2023-02-12,2,15,7,possible injury,0,1,unsafe starting or backing,rear end,no,no,no,0,0,0,0,0,0,Passenger Car/Station Wagon,KINGS
91995028,2023-02-04,2,12,6,possible injury,0,1,unsafe speed,rear end,no,no,no,0,0,0,0,0,0,Passenger Car/Station Wagon,LOS ANGELES
91995033,2023-02-05,2,9,7,severe injury,0,1,improper turning,hit object,no,no,no,0,0,0,0,0,0,Passenger Car/Station Wagon,CONTRA COSTA
91995034,2023-02-03,2,19,5,minor injury,0,2,DUI,hit object,no,no,no,0,0,0,0,0,0,Passenger Car/Station Wagon,SANTA CLARA
91995037,2023-02-08,2,13,3,possible injury,0,2,unsafe speed,rear end,no,no,no,0,0,0,0,0,0,Passenger Car/Station Wagon,ALAMEDA
91995038,2023-02-04,2,11,6,possible injury,0,1,unsafe speed,rear end,no,no,no,0,0,0,0,0,0,Passenger Car/Station Wagon,ORANGE
91995042,2023-02-11,2,14,6,minor injury,0,2,unsafe speed,broadside,no,no,no,0,0,0,0,0,0,Passenger Car/Station Wagon,PLACER
91995044,2023-02-09,2,21,4,minor injury,0,2,other than driver or pedestrian,hit object,no,no,no,0,0,0,0,0,0,Not Stated,KERN
91995059,2023-02-03,2,23,5,minor injury,0,1,improper turning,overturned,no,no,no,0,0,0,0,0,0,Passenger Car/Station Wagon,KERN
91995063,2023-02-01,2,8,3,possible injury,0,1,unsafe starting or backing,rear end,no,no,no,0,0,0,0,0,0,Passenger Car/Station Wagon,STANISLAUS
91995065,2023-02-09,2,13,4,possible injury,0,2,unknown,broadside,no,no,no,0,0,0,0,0,0,Not Stated,STANISLAUS
91995067,2023-02-08,2,20,3,possible injury,0,1,improper turning,hit object,no,no,no,0,0,0,0,0,0,Passenger Car/Station Wagon,SAN BERNARDINO
91995072,2023-02-08,2,7,3,possible injury,0,1,impeding traffic,rear end,no,no,no,0,0,0,0,0,0,Pickup or Panel Truck,SAN JOAQUIN
91995073,2023-02-07,2,5,2,minor injury,0,1,unsafe speed,rear end,no,no,no,0,0,0,0,0,0,Passenger Car/Station Wagon,LOS ANGELES
91995075,2023-02-04,2,9,6,minor injury,0,1,unsafe speed,hit object,no,no,no,0,0,0,0,0,0,Passenger Car/Station Wagon,SANTA CRUZ
91995079,2023-02-03,2,12,5,possible injury,0,1,improper turning,overturned,no,no,no,0,0,0,0,0,0,Pickup or Panel Truck with Trailer,SAN BERNARDINO
91995080,2023-02-09,2,11,4,possible injury,0,2,improper turning,rear end,no,no,no,0,0,0,0,0,0,Pickup or Panel Truck,SAN JOAQUIN
91995084,2023-02-08,2,5,3,possible injury,0,1,unsafe speed,rear end,no,no,no,0,0,0,0,0,0,Passenger Car/Station Wagon,SAN BERNARDINO
91995085,2023-02-04,2,11,6,severe injury,0,1,traffic signs,broadside,no,no,no,0,0,0,0,0,0,Passenger Car/Station Wagon,FRESNO
91995086,2023-02-09,2,1,4,minor injury,0,2,unsafe speed,rear end,no,no,no,0,0,0,0,0,0,Truck or Truck Tractor with Trailer,RIVERSIDE
91995095,2023-01-31,1,2,2,possible injury,0,1,unsafe speed,sideswipe,no,no,no,0,0,0,0,0,0,Passenger Car/Station Wagon,LOS ANGELES
91995098,2023-02-10,2,2,5,severe injury,0,2,improper turning,overturned,no,no,yes,0,0,2,0,0,0,Motorcycle/Scooter,SAN DIEGO
91995104,2023-02-12,2,20,7,severe injury,0,1,wrong side of road,head-on,no,no,no,0,0,0,0,0,0,Passenger Car/Station Wagon,SACRAMENTO
91995105,2023-02-03,2,11,5,possible injury,0,1,unsafe speed,rear end,no,no,no,0,0,0,0,0,0,Passenger Car/Station Wagon,STANISLAUS
91995114,2023-02-14,2,6,2,minor injury,0,1,unsafe speed,rear end,no,no,no,0,0,0,0,0,0,Passenger Car/Station Wagon,SAN DIEGO
91995115,2023-02-06,2,15,1,severe injury,0,2,unsafe lane change,sideswipe,no,no,no,0,0,0,0,0,0,Passenger Car/Station Wagon,SACRAMENTO
91995123,2023-02-03,2,18,5,minor injury,0,1,wrong side of road,head-on,no,no,no,0,0,0,0,0,0,Not Stated,AMADOR
91995124,2023-02-04,2,20,6,possible injury,0,2,unsafe speed,hit object,no,no,no,0,0,0,0,0,0,Passenger Car/Station Wagon,SANTA CLARA
91995126,2023-02-07,2,6,2,possible injury,0,2,automobile right of way,head-on,no,no,no,0,0,0,0,0,0,Passenger Car/Station Wagon,FRESNO
91995131,2023-02-09,2,7,4,possible injury,0,2,unsafe speed,rear end,no,no,no,0,0,0,0,0,0,Passenger Car/Station Wagon,MONTEREY
91995134,2023-02-04,2,10,6,possible injury,0,1,unsafe lane change,rear end,no,no,no,0,0,0,0,0,0,Passenger Car/Station Wagon,LOS ANGELES
91995141,2023-02-13,2,5,1,possible injury,0,2,unsafe speed,rear end,no,no,no,0,0,0,0,0,0,Pickup or Panel Truck,LOS ANGELES
91995144,2023-02-08,2,13,3,severe injury,0,1,unsafe speed,hit object,no,yes,no,0,1,0,0,0,0,Bicycle,VENTURA
91995146,2023-02-10,2,12,5,minor injury,0,1,DUI,rear end,no,no,no,0,0,0,0,0,0,Passenger Car/Station Wagon,SAN DIEGO
91995149,2023-01-22,1,15,7,possible injury,0,1,unsafe speed,rear end,no,no,no,0,0,0,0,0,0,Passenger Car/Station Wagon,LOS ANGELES
91995159,2023-02-09,2,7,4,possible injury,0,2,unsafe speed,rear end,no,no,no,0,0,0,0,0,0,Passenger Car/Station Wagon,VENTURA
91995161,2023-02-05,2,16,7,minor injury,0,1,DUI,hit object,no,no,no,0,0,0,0,0,0,Passenger Car/Station Wagon,SANTA CRUZ
91995167,2023-01-18,1,8,3,severe injury,0,2,unsafe speed,rear end,no,no,no,0,0,0,0,0,0,Passenger Car/Station Wagon,CONTRA COSTA
91995173,2023-02-06,2,17,1,minor injury,0,1,improper turning,overturned,no,no,no,0,0,0,0,0,0,Pickup or Panel Truck,ALPINE
91995174,2023-02-03,2,9,5,minor injury,0,4,improper turning,head-on,no,no,no,0,0,0,0,0,0,Passenger Car/Station Wagon,SAN DIEGO
91995177,2023-02-05,2,11,7,minor injury,0,1,unsafe speed,hit object,no,no,no,0,0,0,0,0,0,Not Stated,AMADOR
91995181,2023-02-08,2,0,3,minor injury,0,2,unsafe lane change,rear end,no,no,no,0,0,0,0,0,0,Pickup or Panel Truck,LOS ANGELES
91995188,2023-02-09,2,7,4,possible injury,0,1,traffic signs,broadside,no,no,no,0,0,0,0,0,0,Passenger Car/Station Wagon,VENTURA
91995192,2023-02-05,2,7,7,possible injury,0,1,DUI,hit object,no,no,no,0,0,0,0,0,0,Pickup or Panel Truck,LOS ANGELES
91995197,2023-02-07,2,10,2,possible injury,0,2,unsafe speed,rear end,no,no,no,0,0,0,0,0,0,Passenger Car/Station Wagon,ORANGE
91995198,2023-02-08,2,23,3,minor injury,0,1,improper turning,hit object,no,no,no,0,0,0,0,0,0,Passenger Car/Station Wagon,SAN BERNARDINO
91995199,2023-02-06,2,9,1,minor injury,0,1,DUI,rear end,no,no,no,0,0,0,0,0,0,Pickup or Panel Truck,SANTA CRUZ
91995205,2023-02-06,2,4,1,minor injury,0,1,unknown,hit object,no,no,no,0,0,0,0,0,0,Truck or Truck Tractor with Trailer,FRESNO
91995206,2023-02-10,2,21,5,severe injury,0,1,improper turning,overturned,no,no,yes,0,0,1,0,0,0,Motorcycle/Scooter,SAN JOAQUIN
91995207,2023-02-09,2,21,4,possible injury,0,1,improper turning,rear end,no,no,no,0,0,0,0,0,0,Passenger Car/Station Wagon,ALAMEDA
91995212,2023-02-06,2,17,1,possible injury,0,2,unsafe lane change,rear end,no,no,no,0,0,0,0,0,0,Not Stated,SAN DIEGO
91995217,2023-02-08,2,15,3,possible injury,0,2,unsafe speed,rear end,no,no,no,0,0,0,0,0,0,Passenger Car/Station Wagon,FRESNO
91995219,2023-02-14,2,16,2,possible injury,0,2,improper turning,sideswipe,no,no,no,0,0,0,0,0,0,Pickup or Panel Truck,LOS ANGELES
91995232,2023-02-12,2,1,7,possible injury,0,1,DUI,hit object,no,no,no,0,0,0,0,0,0,Passenger Car/Station Wagon,ALAMEDA
91995233,2023-02-13,2,16,1,possible injury,0,2,automobile right of way,broadside,no,no,no,0,0,0,0,0,0,Passenger Car/Station Wagon,ALAMEDA
91995234,2023-02-09,2,8,4,possible injury,0,1,unsafe speed,rear end,no,no,no,0,0,0,0,0,0,Passenger Car/Station Wagon,RIVERSIDE
91995240,2023-01-26,1,18,4,minor injury,0,2,unsafe speed,rear end,no,no,no,0,0,0,0,0,0,Passenger Car/Station Wagon,SAN DIEGO
91995244,2023-02-11,2,9,6,possible injury,0,1,unsafe speed,rear end,no,no,yes,0,0,1,0,0,0,Motorcycle/Scooter,CONTRA COSTA
91995245,2023-02-10,2,20,5,minor injury,0,2,unsafe speed,rear end,no,no,no,0,0,0,0,0,0,Passenger Car/Station Wagon,SAN DIEGO
91995255,2023-02-10,2,18,5,minor injury,0,1,unsafe speed,rear end,no,no,no,0,0,0,0,0,0,Passenger Car/Station Wagon,SAN DIEGO
91995267,2023-02-03,2,10,5,minor injury,0,1,unsafe speed,hit object,no,no,no,0,0,0,0,0,0,Passenger Car/Station Wagon,SAN DIEGO
91995270,2023-02-07,2,19,2,minor injury,0,2,unsafe speed,rear end,no,no,no,0,0,0,0,0,0,Passenger Car/Station Wagon,ORANGE
91995272,2023-02-03,2,19,5,severe injury,0,1,improper turning,rear end,no,yes,no,0,1,0,0,0,0,Bicycle,SAN BERNARDINO
91995274,2023-02-13,2,18,1,minor injury,0,1,unsafe speed,overturned,no,no,yes,0,0,1,0,0,0,Motorcycle/Scooter,KERN
91995276,2023-02-07,2,9,2,possible injury,0,1,unsafe speed,rear end,no,no,no,0,0,0,0,0,0,Passenger Car/Station Wagon,MONTEREY
91995280,2023-02-09,2,4,4,possible injury,0,1,automobile right of way,broadside,no,no,no,0,0,0,0,0,0,Passenger Car/Station Wagon,IMPERIAL
91995283,2023-02-06,2,16,1,severe injury,0,1,unknown,head-on,no,no,no,0,0,0,0,0,0,Passenger Car/Station Wagon,SANTA CRUZ
91995288,2023-02-09,2,17,4,possible injury,0,1,unsafe speed,rear end,no,no,no,0,0,0,0,0,0,Passenger Car/Station Wagon,VENTURA
91995292,2023-02-05,2,20,7,severe injury,0,2,improper turning,overturned,no,no,no,0,0,0,0,0,0,Passenger Car/Station Wagon,EL DORADO
91995296,2023-02-04,2,12,6,possible injury,0,1,unsafe speed,sideswipe,no,no,no,0,0,0,0,0,0,Passenger Car/Station Wagon,SANTA CLARA
91995298,2023-02-06,2,18,1,severe injury,0,2,DUI,head-on,no,no,no,0,0,0,0,0,0,Passenger Car/Station Wagon,SANTA CRUZ
91995300,2023-02-06,2,21,1,severe injury,0,2,improper turning,hit object,no,no,no,0,0,0,0,0,0,Passenger Car/Station Wagon,KERN
91995303,2023-02-04,2,21,6,minor injury,0,1,improper turning,hit object,no,no,no,0,0,0,0,0,0,Passenger Car/Station Wagon,SANTA CLARA
91995305,2023-02-08,2,8,3,possible injury,0,1,unsafe speed,rear end,no,no,no,0,0,0,0,0,0,Passenger Car/Station Wagon,LOS ANGELES
91995308,2023-01-30,1,0,1,minor injury,0,1,DUI,hit object,no,no,no,0,0,0,0,0,0,Passenger Car/Station Wagon,LOS ANGELES
91995310,2023-02-03,2,16,5,possible injury,0,1,unsafe speed,rear end,no,no,no,0,0,0,0,0,0,Passenger Car/Station Wagon,SAN JOAQUIN
91995312,2023-02-10,2,3,5,severe injury,0,2,improper turning,head-on,no,no,no,0,0,0,0,0,0,Passenger Car/Station Wagon,SAN DIEGO
91995313,2023-01-30,1,9,1,severe injury,0,1,improper turning,hit object,no,no,no,0,0,0,0,0,0,Truck or Truck Tractor with Trailer,SUTTER
91995314,2023-02-05,2,7,7,minor injury,0,1,unsafe speed,rear end,no,no,no,0,0,0,0,0,0,Passenger Car/Station Wagon,SANTA CLARA
91995319,2023-02-09,2,8,4,minor injury,0,2,unsafe speed,rear end,no,no,no,0,0,0,0,0,0,Passenger Car/Station Wagon,MARIN
91995328,2023-02-11,2,21,6,minor injury,0,1,DUI,hit object,no,no,no,0,0,0,0,0,0,Passenger Car/Station Wagon,EL DORADO
91995329,2023-02-07,2,3,2,minor injury,0,3,unsafe speed,hit object,no,no,no,0,0,0,0,0,0,Passenger Car/Station Wagon,SAN DIEGO
91995332,2023-02-08,2,12,3,possible injury,0,3,unsafe speed,rear end,no,no,no,0,0,0,0,0,0,Passenger Car/Station Wagon,LOS ANGELES
91995333,2023-02-05,2,20,7,possible injury,0,1,DUI,hit object,no,no,no,0,0,0,0,0,0,Passenger Car/Station Wagon,SANTA CLARA
91995334,2023-02-09,2,10,4,possible injury,0,2,automobile right of way,broadside,no,no,no,0,0,0,0,0,0,Pickup or Panel Truck,MERCED
91995335,2023-02-07,2,22,2,minor injury,0,3,unsafe speed,rear end,no,no,no,0,0,0,0,0,0,Passenger Car/Station Wagon,LOS ANGELES
91995338,2023-02-10,2,8,5,possible injury,0,2,unsafe speed,rear end,no,no,no,0,0,0,0,0,0,Passenger Car/Station Wagon,MERCED
91995339,2023-02-08,2,11,3,possible injury,0,1,unsafe lane change,sideswipe,no,no,no,0,0,0,0,0,0,Passenger Car/Station Wagon,LOS ANGELES
91995343,2023-01-30,1,6,1,minor injury,0,1,unsafe lane change,sideswipe,no,no,no,0,0,0,0,0,0,Passenger Car/Station Wagon,SANTA CLARA
91995346,2023-02-08,2,18,3,minor injury,0,1,improper passing,vehicle/pedestrian,yes,no,no,1,0,0,0,0,0,Passenger Car/Station Wagon,INYO
91995355,2023-02-08,2,15,3,possible injury,0,1,unsafe speed,rear end,no,no,no,0,0,0,0,0,0,Passenger Car/Station Wagon,FRESNO
91995363,2023-02-12,2,23,7,minor injury,0,1,DUI,hit object,no,no,no,0,0,0,0,0,0,Not Stated,BUTTE
91995364,2023-02-13,2,15,1,possible injury,0,1,automobile right of way,broadside,no,no,no,0,0,0,0,0,0,Passenger Car/Station Wagon,LOS ANGELES
91995371,2023-02-01,2,3,3,possible injury,0,1,DUI,overturned,no,no,no,0,0,0,0,0,0,Passenger Car/Station Wagon,LOS ANGELES
91995375,2023-02-07,2,6,2,minor injury,0,1,unsafe speed,broadside,no,no,no,0,0,0,0,0,0,Passenger Car/Station Wagon,HUMBOLDT
91995378,2023-02-04,2,15,6,possible injury,0,1,unsafe speed,rear end,no,no,no,0,0,0,0,0,0,Pickup or Panel Truck,SOLANO
91995380,2023-02-10,2,13,5,minor injury,0,1,unsafe speed,rear end,no,no,no,0,0,0,0,0,0,Passenger Car/Station Wagon,LOS ANGELES
91995383,2023-02-09,2,16,4,possible injury,0,1,improper turning,hit object,no,no,no,0,0,0,0,0,0,Passenger Car/Station Wagon,SOLANO
91995387,2023-01-30,1,2,1,minor injury,0,1,unsafe speed,hit object,no,no,no,0,0,0,0,0,0,Passenger Car/Station Wagon,LOS ANGELES
91995388,2023-02-13,2,20,1,possible injury,0,1,other than driver or pedestrian,hit object,no,no,no,0,0,0,0,0,0,Not Stated,ALAMEDA
91995389,2023-02-05,2,15,7,possible injury,0,2,DUI,broadside,no,no,no,0,0,0,0,0,0,Not Stated,CONTRA COSTA
91995396,2023-02-06,2,15,1,minor injury,0,1,DUI,broadside,no,no,no,0,0,0,0,0,0,Passenger Car/Station Wagon,FRESNO