CASE_ID,COLLISION_DATE,MONTH,HOUR,DAY_OF_WEEK,COLLISION_SEVERITY,NUMBER_KILLED,NUMBER_INJURED,PCF_VIOL_CATEGORY,TYPE_OF_COLLISION,PEDESTRIAN_ACCIDENT,BICYCLE_ACCIDENT,MOTORCYCLE_ACCIDENT,COUNT_PED_INJURED,COUNT_BICYCLIST_INJURED,COUNT_MC_INJURED,COUNT_PED_KILLED,COUNT_BICYCLIST_KILLED,COUNT_MC_KILLED,STWD_VEHTYPE_AT_FAULT,COUNTY
92037057,2023-03-29,3,7,3,possible injury,0,1,automobile right of way,broadside,no,no,no,0,0,0,0,0,0,Pickup or Panel Truck,SAN DIEGO
92037058,2023-03-07,3,10,2,severe injury,0,3,improper passing,broadside,no,no,no,0,0,0,0,0,0,Passenger Car/Station Wagon,FRESNO
92037059,2023-03-30,3,21,4,minor injury,0,2,automobile right of way,head-on,no,no,no,0,0,0,0,0,0,Passenger Car/Station Wagon,SACRAMENTO
92037062,2023-03-31,3,16,5,possible injury,0,1,unsafe speed,rear end,no,no,no,0,0,0,0,0,0,Passenger Car/Station Wagon,FRESNO
92037068,2023-03-31,3,13,5,possible injury,0,1,improper turning,hit object,no,no,no,0,0,0,0,0,0,Passenger Car/Station Wagon,FRESNO
92037069,2023-03-23,3,18,4,minor injury,0,1,improper turning,rear end,no,no,no,0,0,0,0,0,0,Passenger Car/Station Wagon,IMPERIAL
92037070,2023-03-31,3,14,5,possible injury,0,2,wrong side of road,broadside,no,no,no,0,0,0,0,0,0,Passenger Car/Station Wagon,SACRAMENTO
92037072,2023-01-14,1,23,6,fatal injury,1,0,pedestrian violation,vehicle/pedestrian,yes,no,no,0,0,0,1,0,0,Pedestrian,HUMBOLDT
92037073,2023-03-28,3,12,2,possible injury,0,1,improper turning,hit object,no,no,no,0,0,0,0,0,0,Pickup or Panel Truck,SAN FRANCISCO
92037075,2023-03-23,3,16,4,possible injury,0,1,traffic signs,broadside,no,no,no,0,0,0,0,0,0,Pickup or Panel Truck,IMPERIAL
92037076,2023-03-20,3,21,1,severe injury,0,1,traffic signs,broadside,no,no,yes,0,0,1,0,0,0,Motorcycle/Scooter,SAN DIEGO
92037081,2023-04-02,4,11,7,possible injury,0,2,improper turning,broadside,no,no,no,0,0,0,0,0,0,Passenger Car/Station Wagon,LOS ANGELES
92037082,2023-03-23,3,17,4,possible injury,0,1,unsafe speed,rear end,no,no,no,0,0,0,0,0,0,Passenger Car/Station Wagon,LOS ANGELES
92037084,2023-03-06,3,21,1,possible injury,0,1,DUI,hit object,no,no,no,0,0,0,0,0,0,Passenger Car/Station Wagon,SAN MATEO
92037090,2023-03-22,3,21,3,possible injury,0,2,improper turning,sideswipe,no,no,no,0,0,0,0,0,0,Passenger Car/Station Wagon,LOS ANGELES
92037091,2023-03-30,3,9,4,possible injury,0,1,unsafe starting or backing,rear end,no,no,no,0,0,0,0,0,0,Pickup or Panel Truck,LOS ANGELES
92037099,2023-03-22,3,8,3,possible injury,0,2,automobile right of way,broadside,no,no,no,0,0,0,0,0,0,Not Stated,LOS ANGELES
92037100,2023-03-23,3,16,4,possible injury,0,2,improper turning,hit object,no,no,no,0,0,0,0,0,0,Not Stated,KERN
92037101,2023-03-24,3,8,5,minor injury,0,2,unsafe speed,sideswipe,no,no,no,0,0,0,0,0,0,Passenger Car/Station Wagon,LOS ANGELES
92037213,2023-03-23,3,7,4,minor injury,0,1,unsafe speed,rear end,no,no,no,0,0,0,0,0,0,Passenger Car/Station Wagon,LOS ANGELES
92037285,2023-03-24,3,21,5,possible injury,0,1,improper turning,sideswipe,no,no,yes,0,0,1,0,0,0,Not Stated,ORANGE
92037288,2023-03-27,3,17,1,possible injury,0,2,unsafe speed,rear end,no,no,no,0,0,0,0,0,0,Passenger Car/Station Wagon,LOS ANGELES
92037289,2023-03-28,3,16,2,possible injury,0,1,unsafe speed,rear end,no,no,no,0,0,0,0,0,0,Passenger Car/Station Wagon,LOS ANGELES
92037290,2023-03-31,3,14,5,minor injury,0,1,improper turning,overturned,no,no,no,0,0,0,0,0,0,Passenger Car/Station Wagon,SAN BERNARDINO
92037291,2023-03-25,3,13,6,minor injury,0,1,unsafe speed,rear end,no,no,no,0,0,0,0,0,0,Passenger Car/Station Wagon,ORANGE
92037292,2023-04-01,4,17,6,possible injury,0,5,unsafe speed,rear end,no,no,no,0,0,0,0,0,0,Pickup or Panel Truck,LOS ANGELES
92037296,2023-02-06,2,18,1,minor injury,0,1,DUI,hit object,no,no,no,0,0,0,0,0,0,Pickup or Panel Truck,SONOMA
92037298,2023-03-24,3,20,5,possible injury,0,1,DUI,sideswipe,no,no,no,0,0,0,0,0,0,Passenger Car/Station Wagon,RIVERSIDE
92037299,2023-03-25,3,13,6,possible injury,0,2,unsafe speed,rear end,no,no,no,0,0,0,0,0,0,Passenger Car/Station Wagon,SAN BENITO
92037301,2023-03-25,3,12,6,possible injury,0,1,improper turning,broadside,no,yes,no,0,1,0,0,0,0,Bicycle,MARIN
92037303,2023-03-22,3,9,3,possible injury,0,1,improper turning,head-on,no,no,no,0,0,0,0,0,0,Pickup or Panel Truck,SONOMA
92037304,2023-03-24,3,17,5,possible injury,0,1,unsafe speed,rear end,no,no,no,0,0,0,0,0,0,Passenger Car/Station Wagon,SAN BERNARDINO
92037305,2023-04-01,4,4,6,possible injury,0,1,DUI,sideswipe,no,no,no,0,0,0,0,0,0,Passenger Car/Station Wagon,SAN BERNARDINO
92037306,2023-03-20,3,20,1,possible injury,0,1,unsafe speed,rear end,no,no,no,0,0,0,0,0,0,Passenger Car/Station Wagon,LOS ANGELES
92037307,2023-03-15,3,22,3,minor injury,0,2,unsafe speed,rear end,yes,no,no,1,0,0,0,0,0,Passenger Car/Station Wagon,LOS ANGELES
92037314,2023-03-22,3,1,3,possible injury,0,1,unsafe speed,rear end,no,no,no,0,0,0,0,0,0,Passenger Car/Station Wagon,SAN BERNARDINO
92037319,2023-03-23,3,7,4,possible injury,0,1,unsafe speed,rear end,no,no,no,0,0,0,0,0,0,Passenger Car/Station Wagon,LOS ANGELES
92037321,2023-03-29,3,21,3,minor injury,0,1,unsafe speed,hit object,no,no,no,0,0,0,0,0,0,Passenger Car/Station Wagon,LOS ANGELES
92037323,2023-03-24,3,8,5,possible injury,0,2,automobile right of way,broadside,no,no,no,0,0,0,0,0,0,Passenger Car/Station Wagon,SAN DIEGO
92037326,2023-03-25,3,14,6,possible injury,0,1,unsafe speed,rear end,no,no,no,0,0,0,0,0,0,Passenger Car/Station Wagon,SANTA CLARA
92037327,2023-04-04,4,6,2,possible injury,0,1,improper turning,hit object,no,no,no,0,0,0,0,0,0,Passenger Car/Station Wagon,SAN BERNARDINO
92037330,2023-04-04,4,7,2,possible injury,0,1,unsafe speed,rear end,no,no,no,0,0,0,0,0,0,Passenger Car/Station Wagon,SAN BERNARDINO
92037331,2023-03-27,3,11,1,possible injury,0,1,pedestrian violation,vehicle/pedestrian,yes,no,no,1,0,0,0,0,0,Not Stated,SAN DIEGO
92037334,2023-03-23,3,17,4,severe injury,0,1,improper turning,overturned,no,no,yes,0,0,1,0,0,0,Motorcycle/Scooter,LOS ANGELES
92037337,2023-03-26,3,14,7,minor injury,0,1,unsafe speed,rear end,no,no,no,0,0,0,0,0,0,Passenger Car/Station Wagon,SACRAMENTO
92037340,2023-03-25,3,13,6,possible injury,0,2,unsafe speed,rear end,no,no,no,0,0,0,0,0,0,Passenger Car/Station Wagon,SAN DIEGO
92037346,2023-03-31,3,13,5,possible injury,0,1,unsafe speed,rear end,no,no,no,0,0,0,0,0,0,Passenger Car/Station Wagon,LOS ANGELES
92037347,2023-03-28,3,16,2,possible injury,0,1,traffic signs,broadside,no,no,no,0,0,0,0,0,0,Pickup or Panel Truck,FRESNO
92037351,2023-03-24,3,12,5,possible injury,0,1,improper turning,sideswipe,no,no,no,0,0,0,0,0,0,Passenger Car/Station Wagon,LOS ANGELES
92037355,2023-04-04,4,7,2,possible injury,0,1,unsafe speed,rear end,no,no,no,0,0,0,0,0,0,Passenger Car/Station Wagon,LOS ANGELES
92037356,2023-03-28,3,16,2,possible injury,0,1,unsafe speed,hit object,no,no,no,0,0,0,0,0,0,Passenger Car/Station Wagon,MONTEREY
92037359,2023-04-02,4,17,7,possible injury,0,1,unsafe speed,sideswipe,no,no,no,0,0,0,0,0,0,Passenger Car/Station Wagon,LOS ANGELES
92037361,2023-03-26,3,20,7,minor injury,0,1,pedestrian right of way,vehicle/pedestrian,yes,no,no,1,0,0,0,0,0,Not Stated,LOS ANGELES
92037368,2023-03-27,3,13,1,possible injury,0,1,unsafe speed,rear end,no,no,no,0,0,0,0,0,0,Passenger Car/Station Wagon,LOS ANGELES
92037371,2023-04-04,4,16,2,possible injury,0,4,improper turning,rear end,no,no,no,0,0,0,0,0,0,Passenger Car/Station Wagon,LOS ANGELES
92037377,2023-03-25,3,19,6,minor injury,0,1,DUI,sideswipe,no,no,no,0,0,0,0,0,0,Passenger Car/Station Wagon,VENTURA
92037380,2023-03-28,3,17,2,possible injury,0,1,unsafe speed,other,no,no,no,0,0,0,0,0,0,Passenger Car/Station Wagon,MERCED
92037382,2023-03-25,3,18,6,minor injury,0,3,unsafe speed,rear end,no,no,no,0,0,0,0,0,0,Passenger Car/Station Wagon,SAN BERNARDINO
92037383,2023-03-25,3,20,6,possible injury,0,1,unsafe speed,rear end,no,no,no,0,0,0,0,0,0,Pickup or Panel Truck,SAN BENITO
92037392,2023-03-25,3,15,6,possible injury,0,1,unsafe speed,sideswipe,no,no,no,0,0,0,0,0,0,Passenger Car/Station Wagon,RIVERSIDE
92037393,2023-03-29,3,10,3,possible injury,0,1,unsafe speed,rear end,no,no,no,0,0,0,0,0,0,Passenger Car/Station Wagon,SANTA CLARA
92037394,2023-04-04,4,16,2,minor injury,0,1,other than driver or pedestrian,other,no,no,no,0,0,0,0,0,0,Not Stated,FRESNO
92037395,2023-03-25,3,12,6,possible injury,0,3,improper turning,sideswipe,no,no,no,0,0,0,0,0,0,Passenger Car/Station Wagon,SAN DIEGO
92037399,2023-04-03,4,15,1,possible injury,0,2,unsafe speed,rear end,no,no,no,0,0,0,0,0,0,Passenger Car/Station Wagon,LOS ANGELES
92037404,2023-04-04,4,14,2,possible injury,0,2,unsafe speed,rear end,no,no,no,0,0,0,0,0,0,Truck or Truck Tractor with Trailer,LOS ANGELES
92037406,2023-03-23,3,8,4,possible injury,0,2,improper turning,broadside,no,no,no,0,0,0,0,0,0,Passenger Car/Station Wagon,FRESNO
92037408,2023-03-31,3,22,5,possible injury,0,1,improper turning,hit object,no,no,no,0,0,0,0,0,0,Passenger Car/Station Wagon,TULARE
92037412,2023-04-04,4,11,2,possible injury,0,1,unsafe speed,rear end,no,no,no,0,0,0,0,0,0,Passenger Car/Station Wagon,LOS ANGELES
92037415,2023-03-27,3,2,1,possible injury,0,1,improper turning,hit object,no,no,no,0,0,0,0,0,0,Passenger Car/Station Wagon,IMPERIAL
92037418,2023-03-30,3,20,4,possible injury,0,1,improper turning,sideswipe,no,no,no,0,0,0,0,0,0,Not Stated,LOS ANGELES
92037420,2023-03-28,3,8,2,possible injury,0,1,unsafe speed,hit object,no,no,no,0,0,0,0,0,0,Passenger Car/Station Wagon,SACRAMENTO
92037423,2023-03-26,3,1,7,possible injury,0,1,unsafe speed,rear end,no,no,no,0,0,0,0,0,0,Not Stated,ORANGE
92037425,2023-03-23,3,12,4,possible injury,0,1,automobile right of way,head-on,no,no,no,0,0,0,0,0,0,Pickup or Panel Truck,LOS ANGELES
92037432,2023-03-28,3,9,2,possible injury,0,1,unsafe speed,rear end,no,no,no,0,0,0,0,0,0,Passenger Car/Station Wagon,SACRAMENTO
92037438,2023-03-26,3,15,7,possible injury,0,1,unsafe speed,rear end,no,no,no,0,0,0,0,0,0,Passenger Car/Station Wagon,ORANGE
92037440,2023-03-25,3,3,6,severe injury,0,1,improper turning,hit object,no,no,no,0,0,0,0,0,0,Pickup or Panel Truck,LOS ANGELES
92037443,2023-04-02,4,1,7,possible injury,0,1,DUI,hit object,no,no,no,0,0,0,0,0,0,Passenger Car/Station Wagon,SAN BERNARDINO
92037445,2023-03-26,3,10,7,possible injury,0,1,improper turning,hit object,no,no,no,0,0,0,0,0,0,Passenger Car/Station Wagon,ORANGE
92037451,2023-03-25,3,4,6,possible injury,0,1,other than driver or pedestrian,hit object,no,no,yes,0,0,0,0,0,0,Not Stated,SOLANO
92037459,2023-03-28,3,7,2,minor injury,0,1,unsafe lane change,sideswipe,no,no,yes,0,0,1,0,0,0,Passenger Car/Station Wagon,LOS ANGELES
92037463,2023-03-26,3,0,7,minor injury,0,1,improper turning,hit object,no,no,no,0,0,0,0,0,0,Passenger Car/Station Wagon,COLUSA
92037465,2023-03-26,3,13,7,minor injury,0,1,unsafe speed,rear end,no,no,no,0,0,0,0,0,0,Pickup or Panel Truck,ORANGE
92037468,2023-03-25,3,9,6,possible injury,0,1,unsafe speed,rear end,no,no,no,0,0,0,0,0,0,Passenger Car/Station Wagon,ORANGE
92037470,2023-03-25,3,2,6,possible injury,0,1,unsafe speed,broadside,no,no,no,0,0,0,0,0,0,Passenger Car/Station Wagon,RIVERSIDE
92037473,2023-03-29,3,9,3,possible injury,0,3,unsafe speed,rear end,no,no,no,0,0,0,0,0,0,Passenger Car/Station Wagon,SAN BERNARDINO
92037474,2023-03-25,3,4,6,possible injury,0,1,other than driver or pedestrian,hit object,no,no,no,0,0,0,0,0,0,Not Stated,SOLANO
92037475,2023-03-23,3,12,4,possible injury,0,1,traffic signs,broadside,no,no,no,0,0,0,0,0,0,Passenger Car/Station Wagon,SAN JOAQUIN
92037476,2023-04-02,4,10,7,possible injury,0,1,improper turning,hit object,no,no,no,0,0,0,0,0,0,Pickup or Panel Truck,MERCED
92037478,2023-03-24,3,0,5,severe injury,0,2,unsafe speed,vehicle/pedestrian,yes,no,no,1,0,0,0,0,0,Passenger Car/Station Wagon,SAN DIEGO
92037481,2023-04-01,4,10,6,possible injury,0,1,unsafe speed,rear end,no,no,no,0,0,0,0,0,0,Passenger Car/Station Wagon,ALAMEDA
92037486,2023-03-24,3,0,5,severe injury,0,1,improper turning,hit object,no,no,no,0,0,0,0,0,0,Passenger Car/Station Wagon,SAN DIEGO
92037491,2023-03-30,3,11,4,possible injury,0,1,other than driver or pedestrian,hit object,no,no,no,0,0,0,0,0,0,Not Stated,FRESNO
92037492,2023-03-23,3,14,4,minor injury,0,1,unsafe speed,rear end,no,no,no,0,0,0,0,0,0,Passenger Car/Station Wagon,SAN JOAQUIN
92037494,2023-03-23,3,17,4,minor injury,0,2,unsafe speed,rear end,no,no,no,0,0,0,0,0,0,Passenger Car/Station Wagon,SAN JOAQUIN
92037495,2023-04-03,4,11,1,possible injury,0,1,unsafe speed,rear end,no,no,no,0,0,0,0,0,0,Pickup or Panel Truck,KINGS
92037497,2023-03-23,3,23,4,minor injury,0,1,improper turning,hit object,no,no,yes,0,0,1,0,0,0,Motorcycle/Scooter,LOS ANGELES
92037501,2023-03-23,3,16,4,possible injury,0,1,improper turning,broadside,no,no,no,0,0,0,0,0,0,Not Stated,RIVERSIDE
92037502,2023-04-02,4,1,7,severe injury,0,1,DUI,hit object,no,no,no,0,0,0,0,0,0,Passenger Car/Station Wagon,FRESNO
92037503,2023-03-18,3,2,6,possible injury,0,1,DUI,rear end,no,no,no,0,0,0,0,0,0,Passenger Car/Station Wagon,SAN BERNARDINO
92037504,2023-03-26,3,1,7,severe injury,0,1,DUI,hit object,no,no,no,0,0,0,0,0,0,Passenger Car/Station Wagon,SAN BENITO
92037506,2023-03-28,3,22,2,possible injury,0,2,improper passing,sideswipe,no,no,no,0,0,0,0,0,0,Passenger Car/Station Wagon,SACRAMENTO
92037507,2023-03-23,3,22,4,possible injury,0,1,improper turning,sideswipe,no,no,no,0,0,0,0,0,0,Passenger Car/Station Wagon,LOS ANGELES
92037511,2023-03-28,3,12,2,minor injury,0,1,unsafe speed,overturned,no,no,no,0,0,0,0,0,0,Truck or Truck Tractor,SACRAMENTO
92037515,2023-03-31,3,11,5,minor injury,0,1,unsafe speed,rear end,no,no,no,0,0,0,0,0,0,Passenger Car/Station Wagon,ORANGE
92037518,2023-03-28,3,13,2,possible injury,0,1,unsafe lane change,sideswipe,no,no,no,0,0,0,0,0,0,Pickup or Panel Truck,ORANGE
92037519,2023-03-26,3,3,7,possible injury,0,1,improper turning,hit object,no,no,no,0,0,0,0,0,0,Passenger Car/Station Wagon,SOLANO
92037525,2023-03-27,3,15,1,minor injury,0,1,traffic signs,broadside,no,no,no,0,0,0,0,0,0,Truck or Truck Tractor,ALAMEDA
92037529,2023-04-01,4,13,6,possible injury,0,2,unsafe speed,rear end,no,no,no,0,0,0,0,0,0,Pickup or Panel Truck,MERCED
92037530,2023-04-04,4,7,2,possible injury,0,1,unsafe speed,rear end,no,no,no,0,0,0,0,0,0,Pickup or Panel Truck,ALAMEDA
92037531,2023-03-28,3,17,2,minor injury,0,1,unsafe speed,rear end,no,no,no,0,0,0,0,0,0,Passenger Car/Station Wagon,LOS ANGELES
92037534,2023-04-03,4,22,1,minor injury,0,1,DUI,broadside,no,no,no,0,0,0,0,0,0,Passenger Car/Station Wagon,LOS ANGELES
92037540,2023-03-23,3,13,4,minor injury,0,1,unsafe speed,rear end,no,no,no,0,0,0,0,0,0,Passenger Car/Station Wagon,CONTRA COSTA
92037546,2023-03-05,3,11,7,possible injury,0,1,unknown,other,no,no,no,0,0,0,0,0,0,Not Stated,SANTA CLARA
92037548,2023-03-28,3,8,2,possible injury,0,1,unsafe lane change,sideswipe,no,no,no,0,0,0,0,0,0,Truck or Truck Tractor,LOS ANGELES
92037550,2023-03-23,3,18,4,possible injury,0,2,unsafe speed,rear end,no,no,no,0,0,0,0,0,0,Passenger Car/Station Wagon,SANTA CLARA
92037552,2023-03-23,3,0,4,possible injury,0,4,traffic signs,broadside,no,no,no,0,0,0,0,0,0,Passenger Car/Station Wagon,SAN DIEGO
92037553,2023-03-24,3,21,5,possible injury,0,1,DUI,sideswipe,no,no,no,0,0,0,0,0,0,Passenger Car/Station Wagon,LOS ANGELES
92037554,2023-03-23,3,17,4,minor injury,0,1,automobile right of way,other,no,no,no,0,0,0,0,0,0,Pickup or Panel Truck,CONTRA COSTA
92037555,2023-03-31,3,22,5,possible injury,0,1,unsafe speed,rear end,no,no,no,0,0,0,0,0,0,Passenger Car/Station Wagon,LOS ANGELES
92037558,2023-03-28,3,13,2,possible injury,0,2,improper turning,sideswipe,no,no,no,0,0,0,0,0,0,Truck or Truck Tractor,SACRAMENTO
92037562,2023-04-01,4,10,6,possible injury,0,1,unsafe lane change,sideswipe,no,no,no,0,0,0,0,0,0,Passenger Car/Station Wagon,ALAMEDA
92037567,2023-03-24,3,21,5,possible injury,0,1,pedestrian violation,vehicle/pedestrian,yes,no,no,1,0,0,0,0,0,Not Stated,RIVERSIDE
92037569,2023-03-29,3,5,3,possible injury,0,1,improper turning,hit object,no,no,no,0,0,0,0,0,0,Passenger Car/Station Wagon,SACRAMENTO
92037570,2023-03-24,3,13,5,possible injury,0,2,unsafe lane change,sideswipe,no,no,no,0,0,0,0,0,0,Passenger Car/Station Wagon,LOS ANGELES
92037577,2023-04-01,4,18,6,possible injury,0,2,automobile right of way,broadside,no,no,no,0,0,0,0,0,0,Passenger Car/Station Wagon,FRESNO
92037579,2023-03-27,3,13,1,possible injury,0,3,unsafe speed,rear end,no,no,no,0,0,0,0,0,0,Passenger Car/Station Wagon,SAN DIEGO
92037580,2023-03-26,3,22,7,possible injury,0,3,improper turning,hit object,no,no,no,0,0,0,0,0,0,Passenger Car/Station Wagon,ORANGE
92037595,2023-03-26,3,15,7,possible injury,0,2,unsafe speed,rear end,no,no,no,0,0,0,0,0,0,Pickup or Panel Truck,SANTA CLARA
92037611,2023-04-03,4,9,1,possible injury,0,1,unsafe speed,rear end,no,no,no,0,0,0,0,0,0,Passenger Car/Station Wagon,ALAMEDA
92037612,2023-03-22,3,7,3,minor injury,0,2,unsafe speed,rear end,no,no,no,0,0,0,0,0,0,Pickup or Panel Truck,LOS ANGELES
92037616,2023-04-05,4,7,3,possible injury,0,2,unsafe speed,rear end,no,no,no,0,0,0,0,0,0,Passenger Car/Station Wagon,SAN BERNARDINO
92037618,2023-04-03,4,11,1,minor injury,0,1,unsafe speed,rear end,no,no,no,0,0,0,0,0,0,Pickup or Panel Truck,MARIN
92037619,2023-03-30,3,10,4,severe injury,0,2,unsafe speed,rear end,no,no,no,0,0,0,0,0,0,Passenger Car/Station Wagon,ALAMEDA
92037623,2023-03-28,3,18,2,possible injury,0,1,improper turning,head-on,no,no,no,0,0,0,0,0,0,Passenger Car/Station Wagon,VENTURA
92037625,2023-04-04,4,14,2,possible injury,0,1,traffic signs,broadside,no,no,no,0,0,0,0,0,0,Truck or Truck Tractor with Trailer,FRESNO
92037627,2023-04-03,4,23,1,possible injury,0,2,unsafe lane change,rear end,no,no,no,0,0,0,0,0,0,Truck or Truck Tractor with Trailer,SAN DIEGO
92037631,2023-03-22,3,2,3,minor injury,0,1,improper turning,hit object,no,no,no,0,0,0,0,0,0,Pickup or Panel Truck,LOS ANGELES
92037635,2023-03-22,3,11,3,possible injury,0,1,wrong side of road,broadside,no,no,no,0,0,0,0,0,0,Pickup or Panel Truck,IMPERIAL
92037636,2023-03-23,3,13,4,minor injury,0,3,unsafe speed,hit object,no,no,no,0,0,0,0,0,0,Passenger Car/Station Wagon,LOS ANGELES
92037638,2023-03-23,3,23,4,minor injury,0,1,DUI,hit object,no,no,no,0,0,0,0,0,0,Pickup or Panel Truck,SANTA CRUZ
92037644,2023-03-30,3,3,4,possible injury,0,1,unsafe speed,hit object,no,no,no,0,0,0,0,0,0,Passenger Car/Station Wagon,SANTA BARBARA
92037648,2023-03-28,3,20,2,possible injury,0,1,improper turning,hit object,no,no,no,0,0,0,0,0,0,Passenger Car/Station Wagon,SAN FRANCISCO
92037654,2023-03-24,3,23,5,possible injury,0,1,improper turning,hit object,no,no,no,0,0,0,0,0,0,Passenger Car/Station Wagon,SAN DIEGO
92037657,2023-03-25,3,8,6,possible injury,0,1,improper turning,hit object,no,no,no,0,0,0,0,0,0,Passenger Car/Station Wagon,SAN BERNARDINO
92037665,2023-03-26,3,15,7,minor injury,0,1,DUI,hit object,no,no,no,0,0,0,0,0,0,Passenger Car/Station Wagon,SANTA CLARA
92037668,2023-03-29,3,23,3,possible injury,0,1,wrong side of road,hit object,no,no,no,0,0,0,0,0,0,Passenger Car/Station Wagon,CALAVERAS
92037670,2023-03-28,3,11,2,minor injury,0,3,unsafe speed,rear end,no,no,no,0,0,0,0,0,0,Passenger Car/Station Wagon,SAN FRANCISCO
92037671,2023-03-30,3,0,4,severe injury,0,1,improper turning,hit object,no,no,no,0,0,0,0,0,0,Passenger Car/Station Wagon,SAN DIEGO
92037672,2023-03-28,3,8,2,minor injury,0,1,traffic signs,broadside,no,no,no,0,0,0,0,0,0,Passenger Car/Station Wagon,SUTTER
92037676,2023-03-30,3,2,4,minor injury,0,1,unsafe speed,hit object,no,no,no,0,0,0,0,0,0,Passenger Car/Station Wagon,SAN DIEGO
92037685,2023-03-26,3,18,7,minor injury,0,1,improper turning,hit object,no,no,no,0,0,0,0,0,0,Other Vehicle,SANTA CLARA
92037688,2023-04-05,4,8,3,minor injury,0,1,improper turning,overturned,no,no,no,0,0,0,0,0,0,Passenger Car/Station Wagon,FRESNO
92037695,2023-03-27,3,16,1,minor injury,0,2,unsafe lane change,rear end,no,no,yes,0,0,2,0,0,0,Passenger Car/Station Wagon,ORANGE
92037697,2023-03-31,3,13,5,possible injury,0,1,unsafe speed,hit object,no,no,no,0,0,0,0,0,0,Pickup or Panel Truck,SAN DIEGO
92037700,2023-03-28,3,18,2,possible injury,0,1,unsafe speed,hit object,no,no,no,0,0,0,0,0,0,Passenger Car/Station Wagon,NEVADA
92037704,2023-03-30,3,9,4,minor injury,0,2,unsafe speed,rear end,no,no,no,0,0,0,0,0,0,Passenger Car/Station Wagon,FRESNO
92037706,2023-03-24,3,17,5,possible injury,0,1,unsafe speed,rear end,no,no,no,0,0,0,0,0,0,Passenger Car/Station Wagon,SAN DIEGO
92037714,2023-02-16,2,23,4,severe injury,0,2,DUI,vehicle/pedestrian,yes,no,no,1,0,0,0,0,0,Passenger Car/Station Wagon,LOS ANGELES
92037715,2023-03-26,3,18,7,possible injury,0,2,unsafe speed,rear end,no,no,no,0,0,0,0,0,0,Pickup or Panel Truck,SAN JOAQUIN
92037717,2023-03-29,3,6,3,possible injury,0,1,automobile right of way,broadside,no,no,no,0,0,0,0,0,0,Truck or Truck Tractor,LOS ANGELES
92037719,2023-03-28,3,17,2,minor injury,0,2,wrong side of road,head-on,no,no,no,0,0,0,0,0,0,Passenger Car/Station Wagon,CONTRA COSTA
92037722,2023-03-29,3,6,3,minor injury,0,2,automobile right of way,head-on,no,no,no,0,0,0,0,0,0,Passenger Car/Station Wagon,LOS ANGELES
92037724,2023-03-25,3,10,6,minor injury,0,2,unsafe speed,rear end,no,no,no,0,0,0,0,0,0,Passenger Car/Station Wagon,LOS ANGELES
92037726,2023-04-02,4,19,7,minor injury,0,3,DUI,rear end,no,no,no,0,0,0,0,0,0,Passenger Car/Station Wagon,SAN DIEGO
92037727,2023-04-05,4,7,3,minor injury,0,1,unsafe speed,broadside,no,no,no,0,0,0,0,0,0,Pickup or Panel Truck,SOLANO
92037734,2023-03-31,3,12,5,possible injury,0,1,unsafe speed,rear end,no,no,no,0,0,0,0,0,0,Passenger Car/Station Wagon,SAN DIEGO
92037736,2023-03-30,3,12,4,possible injury,0,1,automobile right of way,broadside,no,no,no,0,0,0,0,0,0,Passenger Car/Station Wagon,FRESNO
92037741,2023-03-28,3,20,2,possible injury,0,1,other than driver or pedestrian,hit object,no,no,no,0,0,0,0,0,0,Not Stated,ALAMEDA
92037742,2023-03-26,3,19,7,possible injury,0,1,unsafe speed,rear end,no,no,no,0,0,0,0,0,0,Passenger Car/Station Wagon,LOS ANGELES
92037749,2023-03-26,3,17,7,minor injury,0,4,improper turning,hit object,no,no,no,0,0,0,0,0,0,Passenger Car/Station Wagon,ORANGE
92037760,2023-03-30,3,1,4,minor injury,0,1,unsafe speed,hit object,no,no,no,0,0,0,0,0,0,Passenger Car/Station Wagon,EL DORADO
92037763,2023-03-23,3,18,4,possible injury,0,1,improper turning,rear end,no,no,no,0,0,0,0,0,0,Passenger Car/Station Wagon,SAN DIEGO
92037768,2023-04-03,4,12,1,minor injury,0,1,improper turning,hit object,no,no,no,0,0,0,0,0,0,Truck or Truck Tractor with Trailer,VENTURA
92037769,2023-03-30,3,12,4,possible injury,0,1,DUI,sideswipe,no,no,no,0,0,0,0,0,0,Passenger Car/Station Wagon,ALAMEDA
92037772,2023-03-23,3,1,4,severe injury,0,1,DUI,hit object,no,no,no,0,0,0,0,0,0,Pickup or Panel Truck,SAN JOAQUIN
92037776,2023-03-24,3,19,5,possible injury,0,1,DUI,overturned,no,no,no,0,0,0,0,0,0,Passenger Car/Station Wagon,SONOMA
92037778,2023-04-03,4,12,1,possible injury,0,1,pedestrian violation,vehicle/pedestrian,yes,no,no,1,0,0,0,0,0,Not Stated,MADERA
92037783,2023-02-05,2,20,7,fatal injury,1,1,pedestrian violation,vehicle/pedestrian,yes,no,no,0,0,0,1,0,0,Pedestrian,RIVERSIDE
92037785,2023-03-28,3,23,2,minor injury,0,1,DUI,hit object,no,no,no,0,0,0,0,0,0,Passenger Car/Station Wagon,NAPA
92037793,2023-03-18,3,3,6,severe injury,0,1,DUI,hit object,no,no,no,0,0,0,0,0,0,Passenger Car/Station Wagon,SAN BERNARDINO
92037795,2023-03-30,3,4,4,possible injury,0,3,unsafe speed,hit object,no,no,no,0,0,0,0,0,0,Pickup or Panel Truck,SAN DIEGO