CASE_ID,COLLISION_DATE,MONTH,HOUR,DAY_OF_WEEK,COLLISION_SEVERITY,NUMBER_KILLED,NUMBER_INJURED,PCF_VIOL_CATEGORY,TYPE_OF_COLLISION,PEDESTRIAN_ACCIDENT,BICYCLE_ACCIDENT,MOTORCYCLE_ACCIDENT,COUNT_PED_INJURED,COUNT_BICYCLIST_INJURED,COUNT_MC_INJURED,COUNT_PED_KILLED,COUNT_BICYCLIST_KILLED,COUNT_MC_KILLED,STWD_VEHTYPE_AT_FAULT,COUNTY
92048960,2023-04-09,4,23,7,possible injury,0,1,unsafe speed,hit object,no,no,no,0,0,0,0,0,0,Passenger Car/Station Wagon,SANTA CRUZ
92048964,2023-04-05,4,20,3,possible injury,0,1,automobile right of way,head-on,no,no,no,0,0,0,0,0,0,Passenger Car/Station Wagon,SANTA CRUZ
92048966,2023-04-06,4,14,4,possible injury,0,1,unsafe starting or backing,rear end,no,no,no,0,0,0,0,0,0,Pickup or Panel Truck,SACRAMENTO
92048969,2023-04-18,4,12,2,minor injury,0,2,DUI,overturned,no,no,no,0,0,0,0,0,0,Passenger Car/Station Wagon,SAN JOAQUIN
92048970,2023-04-06,4,10,4,possible injury,0,2,unsafe speed,rear end,no,no,no,0,0,0,0,0,0,Passenger Car/Station Wagon,SACRAMENTO
92048972,2023-04-18,4,17,2,possible injury,0,1,unsafe lane change,sideswipe,no,no,no,0,0,0,0,0,0,Not Stated,SOLANO
92048983,2023-04-10,4,16,1,possible injury,0,1,improper turning,sideswipe,no,no,no,0,0,0,0,0,0,Passenger Car/Station Wagon,LOS ANGELES
92048988,2023-04-08,4,3,6,possible injury,0,1,improper turning,rear end,no,no,no,0,0,0,0,0,0,Passenger Car/Station Wagon,LOS ANGELES
92048989,2023-04-10,4,1,1,minor injury,0,1,unsafe speed,overturned,no,no,yes,0,0,1,0,0,0,Motorcycle/Scooter,LOS ANGELES
92048991,2023-04-09,4,20,7,possible injury,0,1,improper turning,hit object,no,no,no,0,0,0,0,0,0,Passenger Car/Station Wagon,LOS ANGELES
92049147,2023-04-08,4,23,6,minor injury,0,2,improper turning,hit object,no,no,no,0,0,0,0,0,0,Passenger Car/Station Wagon,LOS ANGELES
92049159,2023-04-14,4,5,5,minor injury,0,2,improper turning,hit object,no,no,no,0,0,0,0,0,0,Passenger Car/Station Wagon,LOS ANGELES
92049162,2023-04-08,4,1,6,possible injury,0,1,DUI,hit object,no,no,no,0,0,0,0,0,0,Passenger Car/Station Wagon,SAN BERNARDINO
92049163,2023-04-10,4,9,1,possible injury,0,1,unsafe speed,rear end,no,no,no,0,0,0,0,0,0,Passenger Car/Station Wagon,LOS ANGELES
92049165,2023-04-11,4,8,2,possible injury,0,1,unsafe speed,rear end,no,no,no,0,0,0,0,0,0,Truck or Truck Tractor with Trailer,LOS ANGELES
92049171,2023-04-10,4,14,1,possible injury,0,1,unsafe speed,rear end,no,no,no,0,0,0,0,0,0,Passenger Car/Station Wagon,SAN BERNARDINO
92049173,2023-04-09,4,16,7,possible injury,0,1,DUI,overturned,no,no,no,0,0,0,0,0,0,Passenger Car/Station Wagon,LOS ANGELES
92049174,2023-04-08,4,22,6,possible injury,0,1,DUI,rear end,no,no,no,0,0,0,0,0,0,Passenger Car/Station Wagon,LOS ANGELES
92049176,2023-04-10,4,16,1,minor injury,0,1,improper turning,sideswipe,no,no,yes,0,0,1,0,0,0,Motorcycle/Scooter,LOS ANGELES
92049177,2023-04-15,4,0,6,possible injury,0,1,DUI,hit object,no,no,no,0,0,0,0,0,0,Passenger Car/Station Wagon,MARIN
92049179,2023-04-09,4,16,7,possible injury,0,1,improper turning,broadside,no,no,no,0,0,0,0,0,0,Not Stated,LOS ANGELES
92049180,2023-04-09,4,15,7,possible injury,0,1,unsafe speed,rear end,no,no,no,0,0,0,0,0,0,Passenger Car/Station Wagon,LOS ANGELES
92049191,2023-04-08,4,12,6,possible injury,0,1,unsafe speed,rear end,no,no,no,0,0,0,0,0,0,Pickup or Panel Truck,SAN BERNARDINO
92049195,2023-04-10,4,17,1,possible injury,0,1,unsafe speed,rear end,no,no,no,0,0,0,0,0,0,Passenger Car/Station Wagon,LOS ANGELES
92049196,2023-04-09,4,12,7,minor injury,0,1,unsafe speed,overturned,no,no,yes,0,0,1,0,0,0,Motorcycle/Scooter,SAN BERNARDINO
92049199,2023-04-09,4,5,7,possible injury,0,1,improper turning,hit object,no,no,no,0,0,0,0,0,0,Passenger Car/Station Wagon,LOS ANGELES
92049201,2023-04-12,4,14,3,minor injury,0,2,automobile right of way,head-on,no,no,no,0,0,0,0,0,0,Passenger Car/Station Wagon,SAN BERNARDINO
92049202,2023-04-10,4,17,1,possible injury,0,2,unsafe lane change,sideswipe,no,no,yes,0,0,1,0,0,0,Passenger Car/Station Wagon,LOS ANGELES
92049203,2023-04-07,4,14,5,possible injury,0,1,unsafe speed,rear end,no,no,no,0,0,0,0,0,0,Passenger Car/Station Wagon,LOS ANGELES
92049204,2023-04-11,4,17,2,severe injury,0,1,DUI,hit object,no,no,no,0,0,0,0,0,0,Passenger Car/Station Wagon,SONOMA
92049208,2023-04-08,4,9,6,minor injury,0,3,improper turning,sideswipe,no,no,no,0,0,0,0,0,0,Passenger Car/Station Wagon,SAN BERNARDINO
92049211,2023-04-12,4,17,3,possible injury,0,1,improper turning,sideswipe,no,no,no,0,0,0,0,0,0,Passenger Car/Station Wagon,CONTRA COSTA
92049215,2023-04-14,4,23,5,minor injury,0,1,DUI,hit object,no,no,no,0,0,0,0,0,0,Passenger Car/Station Wagon,BUTTE
92049217,2023-04-08,4,19,6,possible injury,0,1,unsafe speed,rear end,no,no,no,0,0,0,0,0,0,Passenger Car/Station Wagon,VENTURA
92049220,2023-04-15,4,4,6,possible injury,0,1,traffic signs,hit object,no,no,no,0,0,0,0,0,0,Passenger Car/Station Wagon,KERN
92049221,2023-04-11,4,23,2,possible injury,0,1,unsafe speed,rear end,no,no,no,0,0,0,0,0,0,Passenger Car/Station Wagon,CONTRA COSTA
92049224,2023-04-09,4,7,7,minor injury,0,1,improper turning,hit object,no,no,no,0,0,0,0,0,0,Passenger Car/Station Wagon,LOS ANGELES
92049225,2023-04-08,4,18,6,possible injury,0,1,traffic signs,broadside,no,no,no,0,0,0,0,0,0,Passenger Car/Station Wagon,LOS ANGELES
92049227,2023-04-13,4,8,4,possible injury,0,2,unsafe speed,rear end,no,no,no,0,0,0,0,0,0,Passenger Car/Station Wagon,SONOMA
92049230,2023-04-13,4,7,4,possible injury,0,1,unsafe speed,rear end,no,no,no,0,0,0,0,0,0,Passenger Car/Station Wagon,CONTRA COSTA
92049235,2023-04-13,4,7,4,possible injury,0,1,improper turning,rear end,no,no,no,0,0,0,0,0,0,Passenger Car/Station Wagon,CONTRA COSTA
92049238,2023-04-13,4,9,4,possible injury,0,3,unsafe speed,rear end,no,no,no,0,0,0,0,0,0,Passenger Car/Station Wagon,CONTRA COSTA
92049239,2023-04-13,4,12,4,minor injury,0,2,unsafe speed,rear end,no,no,no,0,0,0,0,0,0,Passenger Car/Station Wagon,CONTRA COSTA
92049240,2023-04-09,4,0,7,minor injury,0,1,improper turning,overturned,no,no,yes,0,0,1,0,0,0,Motorcycle/Scooter,ORANGE
92049242,2023-04-08,4,21,6,possible injury,0,2,unsafe speed,rear end,no,no,no,0,0,0,0,0,0,Passenger Car/Station Wagon,CONTRA COSTA
92049247,2023-04-01,4,2,6,minor injury,0,1,improper turning,hit object,no,no,no,0,0,0,0,0,0,Pickup or Panel Truck,VENTURA
92049249,2023-04-10,4,12,1,possible injury,0,1,unsafe speed,rear end,no,no,no,0,0,0,0,0,0,Passenger Car/Station Wagon,ALAMEDA
92049250,2023-04-18,4,6,2,minor injury,0,2,automobile right of way,broadside,no,no,no,0,0,0,0,0,0,Passenger Car/Station Wagon,TEHAMA
92049251,2023-04-08,4,21,6,minor injury,0,1,DUI,sideswipe,no,no,no,0,0,0,0,0,0,Passenger Car/Station Wagon,LOS ANGELES
92049252,2023-04-11,4,15,2,possible injury,0,1,unsafe speed,rear end,no,no,no,0,0,0,0,0,0,Passenger Car/Station Wagon,VENTURA
92049253,2023-04-18,4,23,2,possible injury,0,2,other than driver or pedestrian,hit object,no,no,no,0,0,0,0,0,0,Not Stated,MERCED
92049261,2023-04-14,4,20,5,severe injury,0,1,improper turning,hit object,no,no,no,0,0,0,0,0,0,Passenger Car/Station Wagon,LOS ANGELES
92049265,2023-04-10,4,1,1,minor injury,0,1,improper turning,hit object,no,no,no,0,0,0,0,0,0,Passenger Car/Station Wagon,KERN
92049270,2023-04-16,4,3,7,minor injury,0,1,improper turning,broadside,no,no,no,0,0,0,0,0,0,Passenger Car/Station Wagon,SAN BENITO
92049278,2023-04-18,4,17,2,possible injury,0,2,other than driver or pedestrian,head-on,no,no,no,0,0,0,0,0,0,Not Stated,SANTA CLARA
92049280,2023-04-19,4,5,3,possible injury,0,1,improper turning,hit object,no,no,no,0,0,0,0,0,0,Passenger Car/Station Wagon,TULARE
92049283,2023-04-15,4,2,6,possible injury,0,1,unsafe speed,broadside,no,no,no,0,0,0,0,0,0,Passenger Car/Station Wagon,SAN DIEGO
92049284,2023-04-12,4,23,3,possible injury,0,1,automobile right of way,broadside,no,no,no,0,0,0,0,0,0,Pickup or Panel Truck,RIVERSIDE
92049285,2023-04-11,4,14,2,minor injury,0,1,unsafe speed,rear end,no,no,no,0,0,0,0,0,0,Passenger Car/Station Wagon,LOS ANGELES
92049287,2023-04-14,4,7,5,possible injury,0,4,unsafe speed,rear end,no,no,no,0,0,0,0,0,0,Passenger Car/Station Wagon,SACRAMENTO
92049291,2023-04-11,4,9,2,minor injury,0,1,unsafe speed,rear end,no,no,no,0,0,0,0,0,0,Passenger Car/Station Wagon,SAN DIEGO
92049292,2023-04-16,4,17,7,possible injury,0,1,automobile right of way,broadside,no,no,no,0,0,0,0,0,0,Passenger Car/Station Wagon,SACRAMENTO
92049294,2023-04-14,4,23,5,possible injury,0,1,DUI,hit object,no,no,no,0,0,0,0,0,0,Passenger Car/Station Wagon,CONTRA COSTA
92049298,2023-04-08,4,15,6,possible injury,0,1,unsafe speed,hit object,no,no,no,0,0,0,0,0,0,Passenger Car/Station Wagon,YOLO
92049299,2023-04-12,4,8,3,minor injury,0,1,improper passing,broadside,no,no,yes,0,0,1,0,0,0,Motorcycle/Scooter,VENTURA
92049303,2023-04-09,4,2,7,severe injury,0,1,unsafe speed,rear end,no,no,no,0,0,0,0,0,0,Pickup or Panel Truck,KERN
92049305,2023-04-15,4,3,6,minor injury,0,2,DUI,sideswipe,no,no,no,0,0,0,0,0,0,Passenger Car/Station Wagon,LOS ANGELES
92049307,2023-04-12,4,15,3,possible injury,0,2,unsafe speed,rear end,no,no,no,0,0,0,0,0,0,Not Stated,VENTURA
92049310,2023-04-13,4,16,4,possible injury,0,1,unsafe speed,rear end,no,no,no,0,0,0,0,0,0,Passenger Car/Station Wagon,SONOMA
92049311,2023-04-09,4,15,7,possible injury,0,5,improper turning,rear end,no,no,no,0,0,0,0,0,0,Passenger Car/Station Wagon,SAN DIEGO
92049317,2023-04-13,4,16,4,possible injury,0,1,unsafe lane change,broadside,no,no,no,0,0,0,0,0,0,Passenger Car/Station Wagon,SOLANO
92049319,2023-04-08,4,22,6,minor injury,0,1,other than driver or pedestrian,rear end,no,no,no,0,0,0,0,0,0,Not Stated,SAN JOAQUIN
92049321,2023-04-08,4,5,6,possible injury,0,1,improper turning,hit object,no,no,no,0,0,0,0,0,0,Passenger Car/Station Wagon,KERN
92049324,2023-04-16,4,7,7,minor injury,0,1,unsafe speed,overturned,no,no,yes,0,0,1,0,0,0,Motorcycle/Scooter,SOLANO
92049326,2023-04-16,4,5,7,possible injury,0,1,DUI,hit object,no,no,no,0,0,0,0,0,0,Passenger Car/Station Wagon,ALAMEDA
92049329,2023-04-15,4,22,6,possible injury,0,1,improper turning,broadside,no,no,no,0,0,0,0,0,0,Not Stated,TULARE
92049334,2023-04-16,4,12,7,minor injury,0,1,unsafe speed,sideswipe,no,no,no,0,0,0,0,0,0,Passenger Car/Station Wagon,SANTA CLARA
92049337,2023-04-11,4,16,2,possible injury,0,1,DUI,sideswipe,no,no,no,0,0,0,0,0,0,Not Stated,SUTTER
92049343,2023-04-15,4,14,6,minor injury,0,2,DUI,rear end,no,no,no,0,0,0,0,0,0,Passenger Car/Station Wagon,SAN JOAQUIN
92049348,2023-04-13,4,12,4,minor injury,0,2,unsafe speed,rear end,no,no,no,0,0,0,0,0,0,Pickup or Panel Truck,VENTURA
92049349,2023-04-17,4,15,1,possible injury,0,2,automobile right of way,head-on,no,no,no,0,0,0,0,0,0,Passenger Car/Station Wagon,TULARE
92049350,2023-04-09,4,14,7,possible injury,0,1,unsafe lane change,sideswipe,no,no,no,0,0,0,0,0,0,Passenger Car/Station Wagon,SANTA CLARA
92049351,2023-04-11,4,17,2,possible injury,0,1,unsafe speed,rear end,no,no,no,0,0,0,0,0,0,Pickup or Panel Truck,LOS ANGELES
92049354,2023-04-12,4,9,3,possible injury,0,1,improper turning,sideswipe,no,no,no,0,0,0,0,0,0,Passenger Car/Station Wagon,SAN BERNARDINO
92049358,2023-04-07,4,23,5,minor injury,0,1,DUI,rear end,no,no,no,0,0,0,0,0,0,Passenger Car/Station Wagon,SANTA CLARA
92049364,2023-04-08,4,18,6,severe injury,0,1,DUI,sideswipe,no,no,no,0,0,0,0,0,0,Passenger Car/Station Wagon,RIVERSIDE
92049365,2023-04-11,4,0,2,possible injury,0,1,DUI,hit object,no,no,no,0,0,0,0,0,0,Passenger Car/Station Wagon,LOS ANGELES
92049367,2023-04-13,4,13,4,possible injury,0,1,unsafe speed,overturned,no,no,no,0,0,0,0,0,0,Passenger Car/Station Wagon,LOS ANGELES
92049371,2023-04-14,4,5,5,possible injury,0,1,other than driver or pedestrian,hit object,no,no,no,0,0,0,0,0,0,Not Stated,SOLANO
92049377,2023-04-12,4,17,3,severe injury,0,1,traffic signs,broadside,no,no,yes,0,0,1,0,0,0,Motorcycle/Scooter,SAN BERNARDINO
92049378,2023-04-12,4,16,3,possible injury,0,1,improper turning,hit object,no,no,no,0,0,0,0,0,0,Passenger Car/Station Wagon,KERN
92049380,2023-04-08,4,16,6,possible injury,0,2,unsafe speed,rear end,no,no,no,0,0,0,0,0,0,Not Stated,SAN JOAQUIN
92049386,2023-04-09,4,18,7,possible injury,0,1,DUI,hit object,no,no,no,0,0,0,0,0,0,Pickup or Panel Truck,KERN
92049389,2023-04-14,4,22,5,minor injury,0,1,improper turning,hit object,no,no,no,0,0,0,0,0,0,Passenger Car/Station Wagon,SACRAMENTO
92049390,2023-04-18,4,7,2,possible injury,0,1,unsafe speed,rear end,no,no,no,0,0,0,0,0,0,Pickup or Panel Truck,LOS ANGELES
92049394,2023-04-08,4,17,6,possible injury,0,1,unsafe speed,rear end,no,no,no,0,0,0,0,0,0,Pickup or Panel Truck,RIVERSIDE
92049397,2023-04-15,4,0,6,possible injury,0,1,DUI,broadside,no,no,no,0,0,0,0,0,0,Passenger Car/Station Wagon,ALAMEDA
92049401,2023-04-14,4,12,5,possible injury,0,2,traffic signs,broadside,no,no,no,0,0,0,0,0,0,Passenger Car/Station Wagon,SOLANO
92049409,2023-04-11,4,7,2,possible injury,0,1,unsafe speed,rear end,no,no,no,0,0,0,0,0,0,Passenger Car/Station Wagon,LOS ANGELES
92049411,2023-04-08,4,23,6,minor injury,0,1,improper turning,hit object,no,no,no,0,0,0,0,0,0,Not Stated,LOS ANGELES
92049412,2023-03-25,3,2,6,minor injury,0,1,DUI,hit object,no,no,no,0,0,0,0,0,0,Passenger Car/Station Wagon,ALAMEDA
92049413,2023-04-13,4,17,4,possible injury,0,1,unsafe speed,rear end,no,no,no,0,0,0,0,0,0,Pickup or Panel Truck,SONOMA
92049414,2023-04-11,4,14,2,possible injury,0,1,unsafe speed,rear end,no,no,no,0,0,0,0,0,0,Passenger Car/Station Wagon,LOS ANGELES
92049415,2023-04-10,4,5,1,minor injury,0,1,improper turning,overturned,no,no,no,0,0,0,0,0,0,Passenger Car/Station Wagon,SAN JOAQUIN
92049419,2023-04-13,4,6,4,possible injury,0,1,unsafe speed,rear end,no,no,no,0,0,0,0,0,0,Passenger Car/Station Wagon,SAN DIEGO
92049420,2023-04-11,4,5,2,possible injury,0,1,unsafe speed,rear end,no,no,no,0,0,0,0,0,0,Passenger Car/Station Wagon,SAN JOAQUIN
92049423,2023-04-11,4,16,2,minor injury,0,1,unsafe lane change,sideswipe,no,no,no,0,0,0,0,0,0,Truck or Truck Tractor with Trailer,SAN BERNARDINO
92049425,2023-04-07,4,16,5,possible injury,0,2,unsafe speed,rear end,no,no,no,0,0,0,0,0,0,Passenger Car/Station Wagon,LOS ANGELES
92049427,2023-04-10,4,1,1,minor injury,0,3,DUI,rear end,no,no,no,0,0,0,0,0,0,Pickup or Panel Truck,ALAMEDA
92049428,2023-04-12,4,12,3,possible injury,0,1,unsafe speed,rear end,no,no,no,0,0,0,0,0,0,Not Stated,LOS ANGELES
92049431,2023-04-10,4,6,1,possible injury,0,1,unsafe speed,rear end,no,no,no,0,0,0,0,0,0,Truck or Truck Tractor,SAN BERNARDINO
92049432,2023-04-10,4,8,1,possible injury,0,1,unsafe speed,rear end,no,no,no,0,0,0,0,0,0,Passenger Car/Station Wagon,SAN JOAQUIN
92049434,2023-04-09,4,16,7,possible injury,0,1,unsafe speed,rear end,no,no,no,0,0,0,0,0,0,Passenger Car/Station Wagon,SAN DIEGO
92049435,2023-04-09,4,23,7,minor injury,0,1,improper turning,hit object,no,no,no,0,0,0,0,0,0,Passenger Car/Station Wagon,SAN BERNARDINO
92049437,2023-04-17,4,8,1,minor injury,0,1,unsafe speed,rear end,no,no,no,0,0,0,0,0,0,Truck or Truck Tractor with Trailer,ALAMEDA
92049443,2023-04-13,4,14,4,possible injury,0,1,improper turning,sideswipe,no,no,no,0,0,0,0,0,0,Truck or Truck Tractor,SAN DIEGO
92049449,2023-04-14,4,16,5,possible injury,0,1,unsafe speed,rear end,no,no,no,0,0,0,0,0,0,Pickup or Panel Truck,SOLANO
92049451,2023-04-19,4,5,3,possible injury,0,1,unsafe speed,rear end,no,no,no,0,0,0,0,0,0,Passenger Car/Station Wagon,KERN
92049452,2023-04-13,4,20,4,possible injury,0,2,unsafe lane change,sideswipe,no,no,no,0,0,0,0,0,0,Passenger Car/Station Wagon,SAN BERNARDINO
92049453,2023-04-09,4,16,7,minor injury,0,2,unsafe speed,rear end,no,no,no,0,0,0,0,0,0,Passenger Car/Station Wagon,SANTA CLARA
92049456,2023-04-15,4,11,6,minor injury,0,1,improper turning,overturned,no,no,no,0,0,0,0,0,0,Passenger Car/Station Wagon,SOLANO
92049458,2023-04-13,4,16,4,possible injury,0,1,unsafe lane change,sideswipe,no,no,no,0,0,0,0,0,0,Passenger Car/Station Wagon,SAN DIEGO
92049459,2023-04-08,4,9,6,minor injury,0,1,improper turning,hit object,no,no,no,0,0,0,0,0,0,Passenger Car/Station Wagon,SAN DIEGO
92049462,2023-04-07,4,10,5,possible injury,0,2,improper turning,rear end,no,no,no,0,0,0,0,0,0,Not Stated,YUBA
92049463,2023-04-12,4,15,3,possible injury,0,1,improper turning,sideswipe,no,no,no,0,0,0,0,0,0,Passenger Car/Station Wagon,SANTA CLARA
92049469,2023-04-10,4,16,1,possible injury,0,1,unsafe speed,rear end,no,no,no,0,0,0,0,0,0,Not Stated,LOS ANGELES
92049471,2023-04-10,4,7,1,possible injury,0,2,unsafe speed,rear end,no,no,no,0,0,0,0,0,0,Passenger Car/Station Wagon,SAN BERNARDINO
92049475,2023-04-18,4,8,2,possible injury,0,1,unsafe speed,rear end,no,no,no,0,0,0,0,0,0,Pickup or Panel Truck,SAN MATEO
92049479,2023-04-11,4,12,2,possible injury,0,1,unsafe speed,rear end,no,no,no,0,0,0,0,0,0,Passenger Car/Station Wagon,LOS ANGELES
92049480,2023-04-14,4,6,5,minor injury,0,1,unsafe speed,hit object,no,no,no,0,0,0,0,0,0,Pickup or Panel Truck,NAPA
92049481,2023-04-18,4,10,2,possible injury,0,2,unsafe lane change,sideswipe,no,no,no,0,0,0,0,0,0,Passenger Car/Station Wagon,LOS ANGELES
92049482,2023-04-13,4,8,4,possible injury,0,1,unsafe speed,rear end,no,no,no,0,0,0,0,0,0,Passenger Car/Station Wagon,SAN DIEGO
92049485,2023-04-19,4,6,3,possible injury,0,2,unsafe speed,rear end,no,no,no,0,0,0,0,0,0,Pickup or Panel Truck,SOLANO
92049486,2023-04-15,4,14,6,minor injury,0,1,improper turning,head-on,no,no,no,0,0,0,0,0,0,Passenger Car/Station Wagon,PLACER
92049488,2023-04-10,4,13,1,possible injury,0,1,unsafe speed,rear end,no,no,no,0,0,0,0,0,0,Passenger Car/Station Wagon,ORANGE
92049492,2023-03-26,3,15,7,fatal injury,1,1,DUI,hit object,no,no,no,0,0,0,0,0,0,Passenger Car/Station Wagon,NEVADA
92049493,2023-04-18,4,16,2,minor injury,0,1,unsafe lane change,sideswipe,no,no,yes,0,0,1,0,0,0,Passenger Car/Station Wagon,MARIN
92049494,2023-04-08,4,13,6,possible injury,0,1,unsafe speed,hit object,no,no,no,0,0,0,0,0,0,Passenger Car/Station Wagon,SAN DIEGO
92049497,2023-04-16,4,5,7,severe injury,0,3,unsafe speed,rear end,no,no,no,0,0,0,0,0,0,Passenger Car/Station Wagon,LOS ANGELES
92049501,2023-04-07,4,12,5,possible injury,0,1,other than driver or pedestrian,rear end,no,no,no,0,0,0,0,0,0,Not Stated,TUOLUMNE
92049507,2023-04-09,4,23,7,severe injury,0,1,improper turning,hit object,no,no,yes,0,0,1,0,0,0,Motorcycle/Scooter,YUBA
92049508,2023-04-11,4,15,2,possible injury,0,1,unsafe speed,rear end,no,no,no,0,0,0,0,0,0,Not Stated,LOS ANGELES
92049510,2023-04-12,4,8,3,possible injury,0,1,unsafe speed,rear end,no,no,no,0,0,0,0,0,0,Passenger Car/Station Wagon,LOS ANGELES
92049515,2023-04-08,4,14,6,minor injury,0,1,improper turning,hit object,no,no,no,0,0,0,0,0,0,Passenger Car/Station Wagon,SAN LUIS OBISPO
92049520,2023-04-13,4,10,4,minor injury,0,2,automobile right of way,broadside,no,no,no,0,0,0,0,0,0,Passenger Car/Station Wagon,SAN BERNARDINO
92049523,2023-04-14,4,12,5,severe injury,0,1,unsafe speed,hit object,no,no,no,0,0,0,0,0,0,Passenger Car/Station Wagon,LOS ANGELES
92049526,2023-04-12,4,8,3,possible injury,0,1,unsafe speed,rear end,no,no,no,0,0,0,0,0,0,Passenger Car/Station Wagon,ALAMEDA
92049531,2023-01-10,1,23,2,fatal injury,1,0,improper turning,hit object,no,no,no,0,0,0,0,0,0,Passenger Car/Station Wagon,RIVERSIDE
92049532,2023-04-13,4,4,4,possible injury,0,1,improper turning,hit object,no,no,no,0,0,0,0,0,0,Truck or Truck Tractor with Trailer,SAN BERNARDINO
92049533,2023-04-09,4,14,7,possible injury,0,1,improper turning,hit object,no,no,no,0,0,0,0,0,0,Passenger Car/Station Wagon,ALAMEDA
92049541,2023-04-13,4,22,4,possible injury,0,1,improper turning,hit object,no,no,no,0,0,0,0,0,0,Truck or Truck Tractor with Trailer,RIVERSIDE
92049543,2023-04-16,4,16,7,possible injury,0,1,automobile right of way,broadside,no,no,no,0,0,0,0,0,0,Passenger Car/Station Wagon,SOLANO
92049545,2023-02-20,2,17,1,fatal injury,1,0,improper turning,hit object,no,no,no,0,0,0,0,0,0,Passenger Car/Station Wagon,RIVERSIDE
92049546,2023-04-14,4,20,5,possible injury,0,1,unsafe speed,rear end,no,no,no,0,0,0,0,0,0,Passenger Car/Station Wagon,SAN BERNARDINO
92049547,2023-04-10,4,10,1,possible injury,0,1,automobile right of way,broadside,no,no,no,0,0,0,0,0,0,Passenger Car/Station Wagon,LOS ANGELES
92049549,2023-04-17,4,6,1,possible injury,0,3,unsafe speed,rear end,no,no,no,0,0,0,0,0,0,Passenger Car/Station Wagon,SOLANO
92049551,2023-04-12,4,9,3,possible injury,0,1,unsafe speed,rear end,no,no,no,0,0,0,0,0,0,Passenger Car/Station Wagon,LOS ANGELES
92049552,2023-04-16,4,17,7,minor injury,0,1,improper turning,overturned,no,no,no,0,0,0,0,0,0,Passenger Car/Station Wagon,KINGS
92049553,2023-04-18,4,7,2,possible injury,0,1,unsafe speed,rear end,no,no,no,0,0,0,0,0,0,Pickup or Panel Truck,ALAMEDA
92049556,2023-04-15,4,2,6,minor injury,0,4,DUI,rear end,no,no,no,0,0,0,0,0,0,Passenger Car/Station Wagon,SAN MATEO
92049564,2023-04-09,4,10,7,minor injury,0,1,unsafe speed,rear end,no,no,no,0,0,0,0,0,0,Passenger Car/Station Wagon,LOS ANGELES
92049565,2023-04-08,4,13,6,possible injury,0,1,unsafe lane change,sideswipe,no,no,no,0,0,0,0,0,0,Passenger Car/Station Wagon,LOS ANGELES
92049566,2023-04-11,4,17,2,possible injury,0,1,automobile right of way,broadside,no,no,no,0,0,0,0,0,0,Passenger Car/Station Wagon,LOS ANGELES
92049569,2023-04-10,4,17,1,possible injury,0,1,unsafe speed,rear end,no,no,yes,0,0,1,0,0,0,Motorcycle/Scooter,SAN BERNARDINO
92049571,2023-04-09,4,12,7,minor injury,0,1,DUI,hit object,no,no,no,0,0,0,0,0,0,Pickup or Panel Truck,ALAMEDA
92049573,2023-04-13,4,7,4,possible injury,0,1,unsafe lane change,sideswipe,no,no,yes,0,0,1,0,0,0,Passenger Car/Station Wagon,LOS ANGELES
92049578,2023-04-09,4,2,7,minor injury,0,1,DUI,hit object,no,no,no,0,0,0,0,0,0,Passenger Car/Station Wagon,RIVERSIDE
92049581,2023-04-18,4,15,2,possible injury,0,2,unsafe speed,rear end,no,no,no,0,0,0,0,0,0,Pickup or Panel Truck,SOLANO
92049586,2023-04-13,4,7,4,possible injury,0,1,unsafe speed,hit object,no,no,no,0,0,0,0,0,0,Passenger Car/Station Wagon,LOS ANGELES
92049593,2023-04-13,4,13,4,possible injury,0,2,unsafe speed,rear end,no,no,no,0,0,0,0,0,0,Passenger Car/Station Wagon,RIVERSIDE
92049594,2023-04-14,4,8,5,possible injury,0,1,unsafe speed,rear end,no,no,no,0,0,0,0,0,0,Passenger Car/Station Wagon,SAN DIEGO
92049597,2023-04-08,4,3,6,severe injury,0,1,DUI,overturned,no,no,no,0,0,0,0,0,0,Passenger Car/Station Wagon,YUBA
92049601,2023-04-10,4,1,1,severe injury,0,1,improper turning,hit object,no,no,no,0,0,0,0,0,0,Passenger Car/Station Wagon,ALAMEDA
92049604,2023-04-12,4,9,3,possible injury,0,3,unsafe speed,rear end,no,no,no,0,0,0,0,0,0,Truck or Truck Tractor,ALAMEDA
92049609,2023-04-10,4,5,1,fatal injury,1,0,improper turning,overturned,no,no,no,0,0,0,0,0,0,Passenger Car/Station Wagon,PLACER
92049612,2023-04-08,4,1,6,possible injury,0,1,pedestrian right of way,vehicle/pedestrian,yes,no,no,1,0,0,0,0,0,Not Stated,LOS ANGELES
92049613,2023-04-18,4,13,2,minor injury,0,1,DUI,overturned,no,no,no,0,0,0,0,0,0,Pickup or Panel Truck,SHASTA
92049616,2023-04-19,4,5,3,possible injury,0,1,automobile right of way,broadside,no,no,no,0,0,0,0,0,0,Pickup or Panel Truck,TULARE
92049617,2023-04-14,4,10,5,possible injury,0,1,improper turning,overturned,no,no,no,0,0,0,0,0,0,Passenger Car/Station Wagon,SAN DIEGO
92049620,2023-04-11,4,17,2,possible injury,0,1,traffic signs,broadside,no,no,no,0,0,0,0,0,0,Passenger Car/Station Wagon,LOS ANGELES
92049628,2023-04-14,4,9,5,possible injury,0,1,improper turning,hit object,no,no,no,0,0,0,0,0,0,Pickup or Panel Truck,RIVERSIDE