CASE_ID,COLLISION_DATE,MONTH,HOUR,DAY_OF_WEEK,COLLISION_SEVERITY,NUMBER_KILLED,NUMBER_INJURED,PCF_VIOL_CATEGORY,TYPE_OF_COLLISION,PEDESTRIAN_ACCIDENT,BICYCLE_ACCIDENT,MOTORCYCLE_ACCIDENT,COUNT_PED_INJURED,COUNT_BICYCLIST_INJURED,COUNT_MC_INJURED,COUNT_PED_KILLED,COUNT_BICYCLIST_KILLED,COUNT_MC_KILLED,STWD_VEHTYPE_AT_FAULT,COUNTY
92059114,2023-04-24,4,7,1,possible injury,0,1,unsafe lane change,rear end,no,no,no,0,0,0,0,0,0,Passenger Car/Station Wagon,ALAMEDA
92059115,2023-04-19,4,19,3,severe injury,0,1,other than driver or pedestrian,other,no,no,yes,0,0,1,0,0,0,Not Stated,TUOLUMNE
92059116,2023-04-29,4,17,6,minor injury,0,1,improper turning,hit object,no,no,no,0,0,0,0,0,0,Passenger Car/Station Wagon,SAN JOAQUIN
92059117,2023-04-23,4,14,7,possible injury,0,3,unsafe speed,rear end,no,no,no,0,0,0,0,0,0,Passenger Car/Station Wagon,LOS ANGELES
92059118,2023-04-24,4,11,1,possible injury,0,1,unsafe lane change,sideswipe,no,no,no,0,0,0,0,0,0,Passenger Car/Station Wagon,ALAMEDA
92059120,2023-04-22,4,14,6,possible injury,0,1,automobile right of way,vehicle/pedestrian,no,yes,no,0,1,0,0,0,0,Passenger Car/Station Wagon,LOS ANGELES
92059128,2023-04-29,4,21,6,severe injury,0,1,improper turning,overturned,no,no,no,0,0,0,0,0,0,Pickup or Panel Truck,SAN JOAQUIN
92059133,2023-05-01,5,14,1,possible injury,0,1,unsafe speed,rear end,no,no,no,0,0,0,0,0,0,Passenger Car/Station Wagon,KERN
92059134,2023-04-16,4,0,7,severe injury,0,1,improper turning,sideswipe,no,no,no,0,0,0,0,0,0,Passenger Car/Station Wagon,CONTRA COSTA
92059135,2023-04-23,4,0,7,severe injury,0,3,improper passing,head-on,no,no,no,0,0,0,0,0,0,Passenger Car/Station Wagon,FRESNO
92059138,2023-04-15,4,17,6,minor injury,0,1,other than driver or pedestrian,other,no,no,no,0,0,0,0,0,0,Not Stated,MARIPOSA
92059143,2023-04-20,4,16,4,minor injury,0,1,unsafe speed,rear end,no,no,no,0,0,0,0,0,0,Passenger Car/Station Wagon,CONTRA COSTA
92059146,2023-04-25,4,20,2,possible injury,0,1,unsafe speed,rear end,no,no,no,0,0,0,0,0,0,Passenger Car/Station Wagon,ORANGE
92059148,2023-04-29,4,11,6,possible injury,0,1,other than driver or pedestrian,overturned,no,no,yes,0,0,1,0,0,0,Not Stated,LAKE
92059152,2023-04-18,4,23,2,fatal injury,1,0,improper turning,hit object,no,no,no,0,0,0,0,0,0,Passenger Car/Station Wagon,YUBA
92059154,2023-04-23,4,22,7,possible injury,0,1,DUI,sideswipe,no,no,no,0,0,0,0,0,0,Passenger Car/Station Wagon,CONTRA COSTA
92059157,2023-05-01,5,6,1,minor injury,0,2,improper turning,sideswipe,no,no,no,0,0,0,0,0,0,Truck or Truck Tractor with Trailer,SAN JOAQUIN
92059158,2023-05-01,5,8,1,possible injury,0,1,improper turning,hit object,no,no,no,0,0,0,0,0,0,Pickup or Panel Truck,SAN JOAQUIN
92059163,2023-04-29,4,20,6,severe injury,0,1,improper turning,overturned,no,no,yes,0,0,1,0,0,0,Motorcycle/Scooter,BUTTE
92059173,2023-04-25,4,22,2,possible injury,0,5,unsafe speed,rear end,no,no,no,0,0,0,0,0,0,Passenger Car/Station Wagon,MONTEREY
92059177,2023-04-21,4,19,5,possible injury,0,1,unsafe lane change,sideswipe,no,no,no,0,0,0,0,0,0,Passenger Car/Station Wagon,SAN BERNARDINO
92059178,2023-04-30,4,17,7,possible injury,0,1,improper turning,hit object,no,no,no,0,0,0,0,0,0,Passenger Car/Station Wagon,YOLO
92059181,2023-04-28,4,2,5,possible injury,0,1,improper turning,sideswipe,no,no,no,0,0,0,0,0,0,Passenger Car/Station Wagon,SOLANO
92059182,2023-04-20,4,14,4,possible injury,0,3,unsafe speed,rear end,no,no,no,0,0,0,0,0,0,Passenger Car/Station Wagon,LOS ANGELES
92059186,2023-04-25,4,6,2,possible injury,0,1,unsafe speed,hit object,no,no,no,0,0,0,0,0,0,Pickup or Panel Truck,MERCED
92059187,2023-04-28,4,17,5,minor injury,0,1,unsafe speed,vehicle/pedestrian,yes,no,no,1,0,0,0,0,0,Passenger Car/Station Wagon,SAN DIEGO
92059188,2023-04-20,4,3,4,minor injury,0,1,pedestrian violation,vehicle/pedestrian,yes,no,no,1,0,0,0,0,0,Pedestrian,SAN DIEGO
92059190,2023-04-29,4,13,6,possible injury,0,1,DUI,hit object,no,no,no,0,0,0,0,0,0,Passenger Car/Station Wagon,SHASTA
92059192,2023-04-22,4,21,6,minor injury,0,1,unsafe speed,overturned,no,no,yes,0,0,1,0,0,0,Motorcycle/Scooter,SAN DIEGO
92059193,2023-03-06,3,23,1,fatal injury,1,0,DUI,sideswipe,no,no,no,0,0,0,0,0,0,Passenger Car/Station Wagon,MERCED
92059197,2023-04-23,4,19,7,minor injury,0,1,DUI,overturned,no,no,no,0,0,0,0,0,0,Passenger Car/Station Wagon,SAN BERNARDINO
92059206,2023-04-26,4,21,3,minor injury,0,2,DUI,rear end,no,no,no,0,0,0,0,0,0,Passenger Car/Station Wagon,SAN JOAQUIN
92059213,2023-04-24,4,6,1,minor injury,0,1,improper turning,overturned,no,no,no,0,0,0,0,0,0,Passenger Car/Station Wagon,KERN
92059216,2023-05-01,5,15,1,minor injury,0,1,traffic signs,broadside,no,no,no,0,0,0,0,0,0,Passenger Car/Station Wagon,SAN LUIS OBISPO
92059219,2023-04-20,4,4,4,possible injury,0,1,improper turning,hit object,no,no,no,0,0,0,0,0,0,Passenger Car/Station Wagon,ORANGE
92059222,2023-04-15,4,12,6,minor injury,0,1,unsafe speed,overturned,no,no,yes,0,0,1,0,0,0,Motorcycle/Scooter,NEVADA
92059224,2023-04-24,4,14,1,possible injury,0,1,unsafe speed,hit object,no,no,no,0,0,0,0,0,0,Passenger Car/Station Wagon,KERN
92059226,2023-04-20,4,15,4,possible injury,0,1,unsafe lane change,sideswipe,no,no,yes,0,0,1,0,0,0,Not Stated,LOS ANGELES
92059228,2023-04-23,4,11,7,possible injury,0,1,automobile right of way,broadside,no,no,no,0,0,0,0,0,0,Passenger Car/Station Wagon,YOLO
92059232,2023-04-18,4,22,2,possible injury,0,2,unsafe speed,rear end,no,no,no,0,0,0,0,0,0,Passenger Car/Station Wagon,SAN BERNARDINO
92059235,2023-04-17,4,9,1,minor injury,0,2,wrong side of road,sideswipe,no,no,no,0,0,0,0,0,0,Passenger Car/Station Wagon,AMADOR
92059236,2023-04-23,4,1,7,minor injury,0,1,unsafe lane change,sideswipe,no,no,no,0,0,0,0,0,0,Passenger Car/Station Wagon,ALAMEDA
92059237,2023-04-24,4,6,1,possible injury,0,3,unsafe speed,rear end,no,no,no,0,0,0,0,0,0,Passenger Car/Station Wagon,SOLANO
92059243,2023-04-28,4,14,5,minor injury,0,1,other than driver or pedestrian,overturned,no,no,yes,0,0,1,0,0,0,Not Stated,SOLANO
92059250,2023-01-03,1,1,2,possible injury,0,1,automobile right of way,other,no,no,no,0,0,0,0,0,0,Passenger Car/Station Wagon,LOS ANGELES
92059251,2023-04-27,4,13,4,minor injury,0,1,improper turning,overturned,no,no,no,0,0,0,0,0,0,Truck or Truck Tractor,LAKE
92059253,2023-04-21,4,9,5,minor injury,0,2,other than driver or pedestrian,overturned,no,no,no,0,0,0,0,0,0,Not Stated,SAN JOAQUIN
92059257,2023-04-22,4,23,6,severe injury,0,1,improper turning,hit object,no,no,no,0,0,0,0,0,0,Passenger Car/Station Wagon,FRESNO
92059258,2023-04-26,4,9,3,possible injury,0,1,unsafe starting or backing,broadside,no,no,no,0,0,0,0,0,0,Passenger Car/Station Wagon,LOS ANGELES
92059260,2023-04-22,4,10,6,minor injury,0,1,traffic signs,broadside,no,no,no,0,0,0,0,0,0,Pickup or Panel Truck,SACRAMENTO
92059263,2023-04-27,4,18,4,minor injury,0,1,automobile right of way,broadside,no,no,no,0,0,0,0,0,0,Passenger Car/Station Wagon,SACRAMENTO
92059264,2023-04-22,4,18,6,minor injury,0,1,unsafe speed,rear end,no,no,no,0,0,0,0,0,0,Passenger Car/Station Wagon,SAN DIEGO
92059265,2023-04-20,4,9,4,minor injury,0,1,unsafe lane change,sideswipe,no,no,no,0,0,0,0,0,0,Not Stated,ORANGE
92059267,2023-04-23,4,19,7,minor injury,0,3,unsafe speed,rear end,no,no,no,0,0,0,0,0,0,Passenger Car/Station Wagon,MERCED
92059269,2023-04-28,4,14,5,minor injury,0,1,improper turning,hit object,no,no,no,0,0,0,0,0,0,Passenger Car/Station Wagon,SACRAMENTO
92059270,2023-04-28,4,1,5,possible injury,0,1,DUI,hit object,no,no,no,0,0,0,0,0,0,Passenger Car/Station Wagon,TUOLUMNE
92059271,2023-04-27,4,17,4,possible injury,0,2,wrong side of road,broadside,no,no,no,0,0,0,0,0,0,Passenger Car/Station Wagon,SACRAMENTO
92059274,2023-04-23,4,17,7,minor injury,0,1,DUI,rear end,no,no,no,0,0,0,0,0,0,Passenger Car/Station Wagon,LOS ANGELES
92059278,2023-04-23,4,16,7,minor injury,0,1,improper turning,hit object,no,no,no,0,0,0,0,0,0,Passenger Car/Station Wagon,SANTA CLARA
92059279,2023-04-23,4,19,7,possible injury,0,1,improper turning,hit object,no,no,no,0,0,0,0,0,0,Passenger Car/Station Wagon,SUTTER
92059282,2023-04-25,4,7,2,possible injury,0,2,unsafe speed,rear end,no,no,no,0,0,0,0,0,0,Passenger Car/Station Wagon,LOS ANGELES
92059284,2023-04-23,4,22,7,possible injury,0,1,unsafe speed,rear end,no,no,no,0,0,0,0,0,0,Passenger Car/Station Wagon,SAN DIEGO
92059291,2023-04-27,4,16,4,possible injury,0,1,improper turning,hit object,no,no,no,0,0,0,0,0,0,Passenger Car/Station Wagon,SAN LUIS OBISPO
92059293,2023-04-27,4,14,4,possible injury,0,2,unsafe speed,rear end,no,no,no,0,0,0,0,0,0,Passenger Car/Station Wagon,LOS ANGELES
92059294,2023-04-25,4,14,2,severe injury,0,1,improper turning,hit object,no,no,no,0,0,0,0,0,0,Passenger Car/Station Wagon,EL DORADO
92059304,2023-04-26,4,9,3,minor injury,0,2,unsafe speed,rear end,no,no,no,0,0,0,0,0,0,Truck or Truck Tractor with Trailer,SAN BERNARDINO
92059306,2023-04-24,4,9,1,possible injury,0,3,unsafe speed,rear end,no,no,no,0,0,0,0,0,0,Pickup or Panel Truck,ALAMEDA
92059314,2023-04-09,4,0,7,possible injury,0,1,DUI,broadside,no,no,no,0,0,0,0,0,0,Passenger Car/Station Wagon,LOS ANGELES
92059316,2023-04-24,4,7,1,minor injury,0,1,unsafe speed,rear end,no,no,no,0,0,0,0,0,0,Passenger Car/Station Wagon,SANTA CLARA
92059319,2023-04-21,4,20,5,severe injury,0,7,traffic signs,broadside,no,no,no,0,0,0,0,0,0,Passenger Car/Station Wagon,RIVERSIDE
92059325,2023-04-24,4,8,1,possible injury,0,1,unsafe speed,rear end,no,no,no,0,0,0,0,0,0,Passenger Car/Station Wagon,SANTA CLARA
92059327,2023-04-20,4,17,4,possible injury,0,1,improper turning,head-on,no,no,no,0,0,0,0,0,0,Passenger Car/Station Wagon,SAN DIEGO
92059328,2023-04-25,4,15,2,possible injury,0,1,improper turning,hit object,no,no,no,0,0,0,0,0,0,Passenger Car/Station Wagon,RIVERSIDE
92059330,2023-04-20,4,8,4,minor injury,0,2,unsafe speed,head-on,no,no,no,0,0,0,0,0,0,Pickup or Panel Truck,KERN
92059337,2023-04-27,4,14,4,possible injury,0,1,unsafe speed,rear end,no,no,no,0,0,0,0,0,0,Truck or Truck Tractor,LOS ANGELES
92059338,2023-04-26,4,12,3,possible injury,0,1,unsafe speed,rear end,no,no,no,0,0,0,0,0,0,Passenger Car/Station Wagon,SAN FRANCISCO
92059339,2023-04-20,4,15,4,minor injury,0,3,automobile right of way,broadside,no,no,no,0,0,0,0,0,0,Passenger Car/Station Wagon,TULARE
92059340,2023-04-21,4,13,5,possible injury,0,3,unsafe speed,rear end,no,no,no,0,0,0,0,0,0,Passenger Car/Station Wagon,RIVERSIDE
92059344,2023-04-24,4,7,1,minor injury,0,1,improper turning,sideswipe,no,no,no,0,0,0,0,0,0,Not Stated,KERN
92059346,2023-04-20,4,19,4,minor injury,0,1,unsafe starting or backing,other,no,no,no,0,0,0,0,0,0,Passenger Car/Station Wagon,LOS ANGELES
92059350,2023-04-21,4,19,5,possible injury,0,1,improper turning,hit object,no,no,no,0,0,0,0,0,0,Passenger Car/Station Wagon,LOS ANGELES
92059353,2023-04-20,4,15,4,minor injury,0,1,improper turning,hit object,no,no,no,0,0,0,0,0,0,Passenger Car/Station Wagon,SAN DIEGO
92059354,2023-04-24,4,8,1,possible injury,0,1,unsafe speed,rear end,no,no,no,0,0,0,0,0,0,Pickup or Panel Truck,LOS ANGELES
92059355,2023-04-24,4,10,1,possible injury,0,1,unsafe lane change,rear end,no,no,no,0,0,0,0,0,0,Passenger Car/Station Wagon,SAN FRANCISCO
92059359,2023-04-21,4,16,5,minor injury,0,1,unsafe speed,rear end,no,no,no,0,0,0,0,0,0,Passenger Car/Station Wagon,SONOMA
92059361,2023-04-24,4,13,1,possible injury,0,1,unsafe speed,rear end,no,no,yes,0,0,1,0,0,0,Motorcycle/Scooter,SAN FRANCISCO
92059363,2023-04-24,4,17,1,minor injury,0,2,unsafe speed,rear end,no,no,no,0,0,0,0,0,0,Passenger Car/Station Wagon,SANTA CLARA
92059364,2023-04-29,4,10,6,possible injury,0,2,improper turning,broadside,no,no,no,0,0,0,0,0,0,Passenger Car/Station Wagon,SAN BERNARDINO
92059365,2023-04-21,4,7,5,minor injury,0,1,improper turning,overturned,no,no,no,0,0,0,0,0,0,Passenger Car/Station Wagon,SAN BERNARDINO
92059374,2023-04-20,4,17,4,minor injury,0,1,unsafe speed,rear end,no,no,no,0,0,0,0,0,0,Passenger Car/Station Wagon,SACRAMENTO
92059376,2023-04-24,4,5,1,possible injury,0,1,following too closely,rear end,no,no,no,0,0,0,0,0,0,Pickup or Panel Truck,LOS ANGELES
92059377,2023-04-24,4,17,1,possible injury,0,2,unsafe speed,rear end,no,no,no,0,0,0,0,0,0,Passenger Car/Station Wagon,SANTA CLARA
92059379,2023-04-28,4,18,5,possible injury,0,2,automobile right of way,broadside,no,no,no,0,0,0,0,0,0,Passenger Car/Station Wagon,PLACER
92059380,2023-05-01,5,17,1,possible injury,0,2,improper turning,sideswipe,no,no,no,0,0,0,0,0,0,Passenger Car/Station Wagon,LOS ANGELES
92059381,2023-04-26,4,16,3,minor injury,0,3,improper turning,overturned,no,no,no,0,0,0,0,0,0,Passenger Car/Station Wagon,SHASTA
92059382,2023-04-24,4,13,1,minor injury,0,1,unsafe lane change,sideswipe,no,no,no,0,0,0,0,0,0,Passenger Car/Station Wagon,ALAMEDA
92059383,2023-04-27,4,9,4,minor injury,0,1,improper turning,overturned,no,no,yes,0,0,1,0,0,0,Motorcycle/Scooter,SAN BERNARDINO
92059388,2023-04-27,4,14,4,possible injury,0,1,unsafe speed,rear end,no,no,no,0,0,0,0,0,0,Passenger Car/Station Wagon,FRESNO
92059389,2023-04-25,4,8,2,possible injury,0,1,unsafe speed,hit object,no,no,no,0,0,0,0,0,0,Pickup or Panel Truck,SANTA CLARA
92059395,2023-04-20,4,15,4,possible injury,0,1,unsafe speed,rear end,no,no,no,0,0,0,0,0,0,Passenger Car/Station Wagon,SANTA CLARA
92059399,2023-04-26,4,14,3,minor injury,0,1,improper turning,hit object,no,no,no,0,0,0,0,0,0,Passenger Car/Station Wagon,KERN
92059401,2023-05-01,5,1,1,minor injury,0,2,DUI,head-on,no,no,no,0,0,0,0,0,0,Passenger Car/Station Wagon,LOS ANGELES
92059403,2023-04-27,4,8,4,minor injury,0,1,other than driver or pedestrian,hit object,no,no,no,0,0,0,0,0,0,Not Stated,TUOLUMNE
92059408,2023-04-21,4,11,5,possible injury,0,1,improper turning,broadside,no,no,no,0,0,0,0,0,0,Passenger Car/Station Wagon,SAN BERNARDINO
92059409,2023-05-02,5,8,2,possible injury,0,1,traffic signs,broadside,no,yes,no,0,1,0,0,0,0,Passenger Car/Station Wagon,ORANGE
92059410,2023-05-01,5,13,1,minor injury,0,1,unsafe speed,rear end,no,no,no,0,0,0,0,0,0,Passenger Car/Station Wagon,SAN JOAQUIN
92059417,2023-04-23,4,15,7,minor injury,0,1,traffic signs,broadside,no,no,no,0,0,0,0,0,0,Not Stated,SACRAMENTO
92059419,2023-04-26,4,20,3,possible injury,0,1,unsafe speed,rear end,no,no,no,0,0,0,0,0,0,Passenger Car/Station Wagon,SAN BERNARDINO
92059422,2023-04-25,4,16,2,possible injury,0,1,unsafe speed,rear end,no,no,no,0,0,0,0,0,0,Passenger Car/Station Wagon,MARIN
92059423,2023-05-02,5,8,2,possible injury,0,3,unsafe speed,rear end,no,no,no,0,0,0,0,0,0,Passenger Car/Station Wagon,SAN MATEO
92059425,2023-04-27,4,15,4,minor injury,0,1,unsafe speed,rear end,no,no,no,0,0,0,0,0,0,Passenger Car/Station Wagon,SAN MATEO
92059426,2023-04-23,4,21,7,minor injury,0,1,pedestrian violation,vehicle/pedestrian,yes,no,no,1,0,0,0,0,0,Pedestrian,ALAMEDA
92059427,2023-04-23,4,16,7,minor injury,0,1,automobile right of way,sideswipe,no,no,no,0,0,0,0,0,0,Passenger Car/Station Wagon,ALAMEDA
92059428,2023-04-23,4,12,7,minor injury,0,2,wrong side of road,overturned,no,no,no,0,0,0,0,0,0,Pickup or Panel Truck,SISKIYOU
92059430,2023-04-28,4,11,5,minor injury,0,1,improper turning,hit object,no,no,no,0,0,0,0,0,0,Passenger Car/Station Wagon,SAN MATEO
92059431,2023-05-01,5,9,1,possible injury,0,1,improper turning,hit object,no,no,no,0,0,0,0,0,0,Passenger Car/Station Wagon,SHASTA
92059434,2023-04-24,4,2,1,possible injury,0,1,improper turning,hit object,no,no,no,0,0,0,0,0,0,Passenger Car/Station Wagon,CONTRA COSTA
92059436,2023-04-29,4,22,6,minor injury,0,1,improper turning,hit object,no,no,yes,0,0,1,0,0,0,Motorcycle/Scooter,SOLANO
92059444,2023-04-20,4,22,4,possible injury,0,1,improper turning,hit object,no,no,no,0,0,0,0,0,0,Passenger Car/Station Wagon,SAN DIEGO
92059445,2023-04-25,4,5,2,minor injury,0,1,improper passing,hit object,no,no,yes,0,0,1,0,0,0,Motorcycle/Scooter,ALAMEDA
92059446,2023-04-24,4,14,1,possible injury,0,1,improper turning,overturned,no,no,no,0,0,0,0,0,0,Pickup or Panel Truck,SOLANO
92059447,2023-04-24,4,12,1,minor injury,0,2,traffic signs,broadside,no,no,no,0,0,0,0,0,0,Passenger Car/Station Wagon,SACRAMENTO
92059450,2023-04-28,4,14,5,possible injury,0,2,unsafe speed,rear end,no,no,no,0,0,0,0,0,0,Pickup or Panel Truck,LOS ANGELES
92059452,2023-04-20,4,14,4,possible injury,0,1,unsafe speed,rear end,no,no,no,0,0,0,0,0,0,Passenger Car/Station Wagon,IMPERIAL
92059456,2023-03-26,3,2,7,severe injury,0,4,unsafe speed,rear end,no,no,no,0,0,0,0,0,0,Passenger Car/Station Wagon,LOS ANGELES
92059459,2023-04-24,4,15,1,possible injury,0,1,unsafe speed,rear end,no,no,no,0,0,0,0,0,0,Passenger Car/Station Wagon,LOS ANGELES
92059460,2023-04-25,4,7,2,possible injury,0,2,unsafe speed,rear end,no,no,no,0,0,0,0,0,0,Passenger Car/Station Wagon,LOS ANGELES
92059461,2023-04-24,4,17,1,possible injury,0,2,unsafe speed,rear end,no,no,no,0,0,0,0,0,0,Passenger Car/Station Wagon,SANTA CLARA
92059464,2023-04-23,4,17,7,minor injury,0,1,automobile right of way,hit object,no,no,yes,0,0,1,0,0,0,Passenger Car/Station Wagon,AMADOR
92059468,2023-04-24,4,16,1,minor injury,0,1,unsafe speed,rear end,no,no,no,0,0,0,0,0,0,Pickup or Panel Truck with Trailer,SAN JOAQUIN
92059471,2023-04-28,4,16,5,possible injury,0,1,unsafe speed,rear end,no,no,no,0,0,0,0,0,0,Passenger Car/Station Wagon,SAN BERNARDINO
92059473,2023-04-24,4,23,1,severe injury,0,1,improper turning,overturned,no,no,no,0,0,0,0,0,0,Passenger Car/Station Wagon,MONTEREY
92059477,2023-04-25,4,8,2,minor injury,0,1,improper turning,hit object,no,no,no,0,0,0,0,0,0,Passenger Car/Station Wagon,AMADOR
92059479,2023-05-01,5,17,1,possible injury,0,1,unsafe speed,rear end,no,no,no,0,0,0,0,0,0,Passenger Car/Station Wagon,LOS ANGELES
92059480,2023-04-18,4,22,2,minor injury,0,2,improper turning,hit object,no,no,no,0,0,0,0,0,0,Passenger Car/Station Wagon,NAPA
92059488,2023-05-01,5,15,1,possible injury,0,1,unsafe speed,rear end,no,no,no,0,0,0,0,0,0,Passenger Car/Station Wagon,LOS ANGELES
92059489,2023-04-26,4,23,3,possible injury,0,4,unsafe speed,rear end,no,no,no,0,0,0,0,0,0,Passenger Car/Station Wagon,SOLANO
92059490,2023-04-19,4,15,3,possible injury,0,1,unsafe speed,rear end,no,no,no,0,0,0,0,0,0,Not Stated,NAPA
92059491,2023-04-25,4,14,2,possible injury,0,1,other than driver or pedestrian,rear end,no,no,no,0,0,0,0,0,0,Not Stated,EL DORADO
92059495,2023-04-28,4,11,5,minor injury,0,2,unsafe speed,broadside,no,no,no,0,0,0,0,0,0,Passenger Car/Station Wagon,SAN MATEO
92059496,2023-05-01,5,14,1,possible injury,0,2,improper turning,sideswipe,no,no,no,0,0,0,0,0,0,Passenger Car/Station Wagon,LOS ANGELES
92059497,2023-04-20,4,10,4,minor injury,0,2,traffic signs,broadside,no,no,no,0,0,0,0,0,0,Passenger Car/Station Wagon,FRESNO
92059499,2023-04-21,4,15,5,possible injury,0,1,unsafe speed,rear end,no,no,no,0,0,0,0,0,0,Passenger Car/Station Wagon,SANTA CLARA
92059504,2023-04-21,4,17,5,possible injury,0,1,unsafe speed,rear end,no,no,no,0,0,0,0,0,0,Passenger Car/Station Wagon,SAN JOAQUIN
92059505,2023-04-30,4,9,7,minor injury,0,2,unsafe speed,rear end,yes,no,no,1,0,0,0,0,0,Passenger Car/Station Wagon,LOS ANGELES
92059507,2023-04-22,4,3,6,severe injury,0,1,traffic signs,broadside,no,no,no,0,0,0,0,0,0,Passenger Car/Station Wagon,MONTEREY
92059513,2023-04-27,4,5,4,minor injury,0,1,DUI,hit object,no,no,no,0,0,0,0,0,0,Passenger Car/Station Wagon,LOS ANGELES
92059514,2023-04-21,4,9,5,possible injury,0,1,other than driver or pedestrian,sideswipe,no,no,no,0,0,0,0,0,0,Not Stated,ORANGE
92059515,2023-04-21,4,15,5,severe injury,0,1,unsafe lane change,sideswipe,no,no,yes,0,0,1,0,0,0,Passenger Car/Station Wagon,SAN MATEO
92059518,2023-05-02,5,8,2,minor injury,0,1,improper turning,hit object,no,no,no,0,0,0,0,0,0,Pickup or Panel Truck,SOLANO
92059520,2023-04-23,4,1,7,minor injury,0,1,improper turning,hit object,no,no,no,0,0,0,0,0,0,Passenger Car/Station Wagon,MONTEREY
92059521,2023-04-22,4,18,6,possible injury,0,3,improper turning,sideswipe,no,no,no,0,0,0,0,0,0,Passenger Car/Station Wagon,LOS ANGELES
92059529,2023-04-25,4,14,2,possible injury,0,1,unsafe speed,rear end,no,no,no,0,0,0,0,0,0,Passenger Car/Station Wagon,SAN BERNARDINO
92059531,2023-04-20,4,16,4,possible injury,0,1,unsafe speed,rear end,no,no,no,0,0,0,0,0,0,Passenger Car/Station Wagon,SAN DIEGO
92059533,2023-04-24,4,20,1,possible injury,0,1,unsafe speed,rear end,no,no,no,0,0,0,0,0,0,Passenger Car/Station Wagon,MENDOCINO
92059538,2023-04-26,4,15,3,severe injury,0,1,improper turning,overturned,no,no,no,0,0,0,0,0,0,Truck or Truck Tractor with Trailer,FRESNO
92059540,2023-04-22,4,16,6,minor injury,0,3,unsafe speed,rear end,no,no,no,0,0,0,0,0,0,Passenger Car/Station Wagon,RIVERSIDE
92059544,2023-04-21,4,0,5,possible injury,0,1,improper turning,hit object,no,no,no,0,0,0,0,0,0,Pickup or Panel Truck,SAN DIEGO
92059545,2023-04-29,4,13,6,minor injury,0,2,unsafe speed,rear end,no,no,no,0,0,0,0,0,0,Passenger Car/Station Wagon,SAN MATEO
92059550,2023-04-21,4,17,5,possible injury,0,2,unsafe speed,rear end,no,no,no,0,0,0,0,0,0,Passenger Car/Station Wagon,LOS ANGELES
92059551,2023-04-27,4,21,4,minor injury,0,2,DUI,broadside,no,no,no,0,0,0,0,0,0,Passenger Car/Station Wagon,LOS ANGELES
92059557,2023-04-23,4,17,7,minor injury,0,1,unsafe lane change,sideswipe,no,no,no,0,0,0,0,0,0,Not Stated,SOLANO
92059558,2023-04-23,4,2,7,minor injury,0,1,DUI,overturned,no,no,yes,0,0,1,0,0,0,Motorcycle/Scooter,SAN BERNARDINO
92059560,2023-04-23,4,17,7,severe injury,0,2,DUI,overturned,no,no,no,0,0,0,0,0,0,Passenger Car/Station Wagon,RIVERSIDE
92059561,2023-04-27,4,17,4,minor injury,0,1,improper turning,sideswipe,no,no,yes,0,0,1,0,0,0,Not Stated,LOS ANGELES
92059562,2023-01-30,1,13,1,fatal injury,1,2,DUI,head-on,no,no,no,0,0,0,0,0,0,Passenger Car/Station Wagon,AMADOR
92059566,2023-04-24,4,20,1,minor injury,0,1,traffic signs,broadside,no,yes,no,0,1,0,0,0,0,Bicycle,SAN LUIS OBISPO
92059569,2023-04-29,4,14,6,possible injury,0,2,unsafe speed,rear end,no,no,no,0,0,0,0,0,0,Pickup or Panel Truck,LOS ANGELES
92059570,2023-04-29,4,16,6,possible injury,0,1,automobile right of way,sideswipe,no,no,no,0,0,0,0,0,0,Passenger Car/Station Wagon,SOLANO
92059573,2023-04-21,4,9,5,possible injury,0,1,unsafe speed,rear end,no,no,no,0,0,0,0,0,0,Passenger Car/Station Wagon,SACRAMENTO
92059574,2023-05-01,5,7,1,possible injury,0,1,unsafe speed,rear end,no,no,no,0,0,0,0,0,0,Passenger Car/Station Wagon,HUMBOLDT
92059576,2023-04-12,4,17,3,possible injury,0,1,traffic signs,broadside,no,no,no,0,0,0,0,0,0,Pickup or Panel Truck,LOS ANGELES
92059579,2023-04-28,4,22,5,possible injury,0,1,improper turning,hit object,no,no,no,0,0,0,0,0,0,Passenger Car/Station Wagon,FRESNO
92059580,2023-04-20,4,14,4,possible injury,0,1,unsafe speed,rear end,no,no,no,0,0,0,0,0,0,Not Stated,LOS ANGELES
92059581,2023-04-24,4,17,1,possible injury,0,5,automobile right of way,broadside,yes,no,no,1,0,0,0,0,0,Passenger Car/Station Wagon,YUBA
92059584,2023-04-30,4,17,7,minor injury,0,1,unsafe speed,overturned,no,no,yes,0,0,1,0,0,0,Motorcycle/Scooter,SACRAMENTO
92059585,2023-04-23,4,8,7,possible injury,0,1,improper turning,sideswipe,no,no,no,0,0,0,0,0,0,Pickup or Panel Truck,LOS ANGELES
92059586,2023-04-21,4,8,5,severe injury,0,1,unsafe speed,rear end,no,no,yes,0,0,1,0,0,0,Motorcycle/Scooter,SAN DIEGO
92059599,2023-04-20,4,13,4,minor injury,0,1,improper turning,overturned,no,no,yes,0,0,1,0,0,0,Motorcycle/Scooter,IMPERIAL
92059600,2023-04-25,4,17,2,possible injury,0,1,unsafe speed,rear end,no,no,no,0,0,0,0,0,0,Passenger Car/Station Wagon,FRESNO
92059601,2023-04-21,4,15,5,severe injury,0,1,improper passing,broadside,no,no,yes,0,0,1,0,0,0,Motorcycle/Scooter,IMPERIAL