CASE_ID,COLLISION_DATE,MONTH,HOUR,DAY_OF_WEEK,COLLISION_SEVERITY,NUMBER_KILLED,NUMBER_INJURED,PCF_VIOL_CATEGORY,TYPE_OF_COLLISION,PEDESTRIAN_ACCIDENT,BICYCLE_ACCIDENT,MOTORCYCLE_ACCIDENT,COUNT_PED_INJURED,COUNT_BICYCLIST_INJURED,COUNT_MC_INJURED,COUNT_PED_KILLED,COUNT_BICYCLIST_KILLED,COUNT_MC_KILLED,STWD_VEHTYPE_AT_FAULT,COUNTY
92071437,2023-05-08,5,1,1,minor injury,0,1,DUI,hit object,no,no,no,0,0,0,0,0,0,Passenger Car/Station Wagon,EL DORADO
92071442,2023-05-11,5,13,4,minor injury,0,1,improper turning,head-on,no,no,no,0,0,0,0,0,0,Pickup or Panel Truck,SACRAMENTO
92071443,2023-05-07,5,13,7,minor injury,0,4,unsafe speed,rear end,no,no,no,0,0,0,0,0,0,Passenger Car/Station Wagon,SANTA CRUZ
92071445,2023-05-11,5,16,4,minor injury,0,1,unsafe speed,rear end,no,no,no,0,0,0,0,0,0,Passenger Car/Station Wagon,SACRAMENTO
92071447,2023-05-08,5,4,1,severe injury,0,1,automobile right of way,broadside,no,yes,no,0,1,0,0,0,0,Pickup or Panel Truck,SAN LUIS OBISPO
92071448,2023-05-08,5,20,1,severe injury,0,1,unsafe speed,overturned,no,yes,no,0,1,0,0,0,0,Bicycle,SAN LUIS OBISPO
92071456,2023-05-06,5,12,6,minor injury,0,1,unsafe speed,overturned,no,no,no,0,0,0,0,0,0,Pickup or Panel Truck,SANTA CRUZ
92071457,2023-05-08,5,16,1,possible injury,0,1,unsafe speed,rear end,no,no,no,0,0,0,0,0,0,Passenger Car/Station Wagon,SANTA CRUZ
92071460,2023-05-15,5,17,1,possible injury,0,1,unsafe speed,rear end,no,no,no,0,0,0,0,0,0,Passenger Car/Station Wagon,ORANGE
92071464,2023-05-13,5,7,6,minor injury,0,1,improper turning,hit object,no,no,no,0,0,0,0,0,0,Passenger Car/Station Wagon,SANTA CRUZ
92071465,2023-05-13,5,12,6,possible injury,0,1,unsafe speed,rear end,no,no,no,0,0,0,0,0,0,Passenger Car/Station Wagon,ORANGE
92071469,2023-04-24,4,15,1,minor injury,0,1,other hazardous violation,broadside,no,no,yes,0,0,1,0,0,0,Motorcycle/Scooter,LOS ANGELES
92071480,2023-05-16,5,21,2,possible injury,0,2,improper turning,rear end,no,no,no,0,0,0,0,0,0,Passenger Car/Station Wagon,LOS ANGELES
92071484,2023-05-10,5,16,3,minor injury,0,1,improper turning,hit object,no,no,no,0,0,0,0,0,0,Passenger Car/Station Wagon,KERN
92071485,2023-04-27,4,15,4,possible injury,0,1,unsafe speed,rear end,no,no,no,0,0,0,0,0,0,Schoolbus,KERN
92071492,2023-05-09,5,18,2,minor injury,0,3,automobile right of way,broadside,no,no,no,0,0,0,0,0,0,Passenger Car/Station Wagon,LOS ANGELES
92071494,2023-05-11,5,12,4,minor injury,0,2,unsafe speed,rear end,no,no,no,0,0,0,0,0,0,Passenger Car/Station Wagon,LOS ANGELES
92071510,2023-05-13,5,22,6,possible injury,0,5,unsafe speed,rear end,no,no,no,0,0,0,0,0,0,Passenger Car/Station Wagon,LOS ANGELES
92071619,2023-05-09,5,16,2,minor injury,0,1,unsafe speed,broadside,no,no,no,0,0,0,0,0,0,Passenger Car/Station Wagon,MARIN
92071624,2023-05-17,5,18,3,possible injury,0,4,other hazardous violation,broadside,no,no,no,0,0,0,0,0,0,Passenger Car/Station Wagon,LOS ANGELES
92071626,2023-05-15,5,14,1,severe injury,0,1,pedestrian violation,vehicle/pedestrian,yes,no,no,1,0,0,0,0,0,Pedestrian,ORANGE
92071630,2023-05-07,5,22,7,minor injury,0,1,unsafe speed,rear end,no,no,no,0,0,0,0,0,0,Passenger Car/Station Wagon,LOS ANGELES
92071631,2023-05-10,5,14,3,minor injury,0,2,improper turning,sideswipe,no,no,no,0,0,0,0,0,0,Passenger Car/Station Wagon,ORANGE
92071637,2023-05-17,5,21,3,possible injury,0,1,improper turning,hit object,no,no,no,0,0,0,0,0,0,Passenger Car/Station Wagon,MARIN
92071640,2023-05-05,5,14,5,severe injury,0,1,improper turning,hit object,no,no,yes,0,0,1,0,0,0,Motorcycle/Scooter,LOS ANGELES
92071642,2023-05-07,5,6,7,possible injury,0,1,unsafe lane change,sideswipe,no,no,no,0,0,0,0,0,0,Passenger Car/Station Wagon,LOS ANGELES
92071646,2023-05-16,5,23,2,possible injury,0,5,DUI,rear end,no,no,no,0,0,0,0,0,0,Passenger Car/Station Wagon,LOS ANGELES
92071653,2023-05-09,5,11,2,minor injury,0,2,unsafe speed,rear end,no,no,no,0,0,0,0,0,0,Passenger Car/Station Wagon,VENTURA
92071654,2023-05-10,5,13,3,minor injury,0,1,traffic signs,vehicle/pedestrian,yes,no,no,1,0,0,0,0,0,Not Stated,CONTRA COSTA
92071657,2023-05-11,5,15,4,possible injury,0,1,unsafe lane change,sideswipe,no,no,no,0,0,0,0,0,0,Pickup or Panel Truck,LOS ANGELES
92071660,2023-05-10,5,6,3,possible injury,0,1,pedestrian right of way,vehicle/pedestrian,yes,no,no,1,0,0,0,0,0,Passenger Car/Station Wagon,VENTURA
92071662,2023-05-11,5,16,4,minor injury,0,1,unsafe speed,rear end,no,no,yes,0,0,1,0,0,0,Motorcycle/Scooter,SACRAMENTO
92071667,2023-05-15,5,14,1,possible injury,0,1,unsafe speed,rear end,no,no,no,0,0,0,0,0,0,Pickup or Panel Truck,LOS ANGELES
92071670,2023-05-10,5,17,3,possible injury,0,2,unsafe speed,rear end,no,no,no,0,0,0,0,0,0,Passenger Car/Station Wagon,ORANGE
92071675,2023-05-02,5,4,2,possible injury,0,1,unsafe speed,hit object,no,no,no,0,0,0,0,0,0,Pickup or Panel Truck,CONTRA COSTA
92071677,2023-05-09,5,14,2,minor injury,0,2,unsafe speed,rear end,no,no,no,0,0,0,0,0,0,Pickup or Panel Truck,SACRAMENTO
92071679,2023-05-07,5,10,7,possible injury,0,1,unsafe speed,rear end,no,no,no,0,0,0,0,0,0,Passenger Car/Station Wagon,ALAMEDA
92071680,2023-05-16,5,10,2,possible injury,0,2,unsafe speed,rear end,no,no,no,0,0,0,0,0,0,Passenger Car/Station Wagon,ORANGE
92071682,2023-05-09,5,23,2,minor injury,0,1,DUI,hit object,no,no,no,0,0,0,0,0,0,Pickup or Panel Truck,SAN MATEO
92071685,2023-05-06,5,4,6,severe injury,0,5,traffic signs,broadside,no,no,no,0,0,0,0,0,0,Passenger Car/Station Wagon,IMPERIAL
92071687,2023-05-06,5,4,6,severe injury,0,2,DUI,head-on,no,no,no,0,0,0,0,0,0,Passenger Car/Station Wagon,LOS ANGELES
92071691,2023-04-28,4,1,5,minor injury,0,1,DUI,hit object,no,no,no,0,0,0,0,0,0,Passenger Car/Station Wagon,KERN
92071694,2023-05-06,5,14,6,possible injury,0,1,unsafe lane change,sideswipe,no,no,yes,0,0,1,0,0,0,Passenger Car/Station Wagon,SANTA CRUZ
92071697,2023-05-04,5,18,4,possible injury,0,1,unsafe speed,rear end,no,no,no,0,0,0,0,0,0,Passenger Car/Station Wagon,SACRAMENTO
92071699,2023-05-07,5,23,7,minor injury,0,2,improper turning,hit object,no,no,no,0,0,0,0,0,0,Passenger Car/Station Wagon,KERN
92071701,2023-05-08,5,10,1,possible injury,0,1,improper turning,head-on,no,no,no,0,0,0,0,0,0,Passenger Car/Station Wagon,SAN MATEO
92071702,2023-05-16,5,19,2,possible injury,0,2,improper turning,hit object,no,no,no,0,0,0,0,0,0,Passenger Car/Station Wagon,ORANGE
92071704,2023-05-11,5,8,4,minor injury,0,1,unsafe speed,rear end,no,no,no,0,0,0,0,0,0,Passenger Car/Station Wagon,SACRAMENTO
92071706,2023-05-08,5,1,1,minor injury,0,1,unsafe speed,rear end,no,no,no,0,0,0,0,0,0,Passenger Car/Station Wagon,SONOMA
92071710,2023-05-02,5,7,2,minor injury,0,1,traffic signs,broadside,no,no,no,0,0,0,0,0,0,Passenger Car/Station Wagon,SACRAMENTO
92071714,2023-05-17,5,9,3,possible injury,0,1,unsafe speed,rear end,no,no,no,0,0,0,0,0,0,Passenger Car/Station Wagon,ORANGE
92071716,2023-05-06,5,3,6,severe injury,0,1,improper turning,hit object,no,no,no,0,0,0,0,0,0,Passenger Car/Station Wagon,LOS ANGELES
92071718,2023-05-04,5,6,4,possible injury,0,1,improper turning,rear end,no,no,no,0,0,0,0,0,0,Pickup or Panel Truck,SAN BERNARDINO
92071723,2023-05-16,5,15,2,minor injury,0,1,improper turning,hit object,no,no,no,0,0,0,0,0,0,Pickup or Panel Truck,PLACER
92071724,2023-05-11,5,2,4,severe injury,0,1,unsafe speed,hit object,no,no,no,0,0,0,0,0,0,Not Stated,SAN BERNARDINO
92071725,2023-05-09,5,9,2,minor injury,0,2,unsafe speed,broadside,no,no,no,0,0,0,0,0,0,Passenger Car/Station Wagon,SANTA BARBARA
92071726,2023-05-11,5,7,4,possible injury,0,2,automobile right of way,broadside,no,no,no,0,0,0,0,0,0,Passenger Car/Station Wagon,VENTURA
92071727,2023-05-07,5,16,7,minor injury,0,1,improper passing,sideswipe,no,no,no,0,0,0,0,0,0,Passenger Car/Station Wagon,SAN BERNARDINO
92071730,2023-05-08,5,17,1,possible injury,0,1,unsafe speed,rear end,no,no,no,0,0,0,0,0,0,Passenger Car/Station Wagon,LOS ANGELES
92071737,2023-05-10,5,19,3,possible injury,0,1,other than driver or pedestrian,hit object,no,no,no,0,0,0,0,0,0,Not Stated,SANTA CRUZ
92071742,2023-05-17,5,15,3,possible injury,0,2,unsafe lane change,sideswipe,no,no,no,0,0,0,0,0,0,Passenger Car/Station Wagon,SAN BENITO
92071743,2023-05-11,5,12,4,possible injury,0,2,unsafe speed,rear end,no,no,no,0,0,0,0,0,0,Passenger Car/Station Wagon,LOS ANGELES
92071744,2023-05-10,5,16,3,possible injury,0,1,unsafe speed,rear end,no,no,no,0,0,0,0,0,0,Pickup or Panel Truck,LOS ANGELES
92071747,2023-05-07,5,16,7,severe injury,0,1,improper turning,overturned,no,no,yes,0,0,1,0,0,0,Motorcycle/Scooter,KERN
92071754,2023-05-17,5,8,3,minor injury,0,2,automobile right of way,broadside,no,no,no,0,0,0,0,0,0,Passenger Car/Station Wagon,SACRAMENTO
92071769,2023-05-15,5,6,1,possible injury,0,2,unsafe speed,rear end,no,no,no,0,0,0,0,0,0,Pickup or Panel Truck,LOS ANGELES
92071775,2023-05-16,5,9,2,possible injury,0,1,improper turning,hit object,no,no,no,0,0,0,0,0,0,Passenger Car/Station Wagon,SACRAMENTO
92071778,2023-05-10,5,15,3,possible injury,0,1,improper turning,overturned,no,no,yes,0,0,1,0,0,0,Motorcycle/Scooter,TEHAMA
92071783,2023-05-06,5,9,6,possible injury,0,2,unsafe speed,broadside,no,no,no,0,0,0,0,0,0,Passenger Car/Station Wagon,SANTA CLARA
92071785,2023-05-10,5,16,3,possible injury,0,1,automobile right of way,head-on,no,no,no,0,0,0,0,0,0,Passenger Car/Station Wagon,SACRAMENTO
92071788,2023-05-05,5,21,5,minor injury,0,1,DUI,broadside,no,no,no,0,0,0,0,0,0,Passenger Car/Station Wagon,SONOMA
92071791,2023-05-17,5,8,3,possible injury,0,1,improper turning,hit object,no,no,no,0,0,0,0,0,0,Passenger Car/Station Wagon,LOS ANGELES
92071796,2023-05-11,5,13,4,possible injury,0,1,unsafe speed,rear end,no,no,no,0,0,0,0,0,0,Pickup or Panel Truck,LOS ANGELES
92071798,2023-05-11,5,17,4,possible injury,0,1,traffic signs,broadside,no,no,no,0,0,0,0,0,0,Pickup or Panel Truck,SHASTA
92071800,2023-04-30,4,10,7,severe injury,0,2,improper turning,sideswipe,no,no,no,0,0,0,0,0,0,Passenger Car/Station Wagon,SACRAMENTO
92071801,2023-05-02,5,19,2,minor injury,0,1,DUI,hit object,no,no,no,0,0,0,0,0,0,Passenger Car/Station Wagon,SANTA CLARA
92071802,2023-05-06,5,2,6,severe injury,0,1,DUI,hit object,no,no,no,0,0,0,0,0,0,Passenger Car/Station Wagon,FRESNO
92071805,2023-05-09,5,17,2,minor injury,0,1,DUI,hit object,no,no,yes,0,0,1,0,0,0,Not Stated,NEVADA
92071808,2023-05-08,5,12,1,minor injury,0,2,improper turning,sideswipe,no,no,no,0,0,0,0,0,0,Not Stated,LOS ANGELES
92071809,2023-05-07,5,21,7,possible injury,0,1,traffic signs,rear end,no,yes,no,0,1,0,0,0,0,Not Stated,RIVERSIDE
92071810,2023-05-06,5,0,6,possible injury,0,1,improper turning,hit object,no,no,no,0,0,0,0,0,0,Passenger Car/Station Wagon,SAN DIEGO
92071812,2023-05-11,5,18,4,minor injury,0,1,unsafe speed,rear end,no,no,no,0,0,0,0,0,0,Passenger Car/Station Wagon,LOS ANGELES
92071816,2023-05-08,5,19,1,minor injury,0,1,unsafe speed,overturned,no,no,yes,0,0,1,0,0,0,Motorcycle/Scooter,FRESNO
92071818,2023-05-15,5,17,1,possible injury,0,1,improper turning,hit object,no,no,no,0,0,0,0,0,0,Passenger Car/Station Wagon,SHASTA
92071823,2023-05-06,5,7,6,minor injury,0,1,unsafe speed,hit object,no,no,no,0,0,0,0,0,0,Pickup or Panel Truck,SANTA CLARA
92071825,2023-05-16,5,21,2,possible injury,0,1,other than driver or pedestrian,other,no,no,no,0,0,0,0,0,0,Not Stated,MADERA
92071828,2023-05-16,5,14,2,possible injury,0,1,improper turning,sideswipe,no,no,no,0,0,0,0,0,0,Truck or Truck Tractor with Trailer,ORANGE
92071836,2023-05-06,5,18,6,minor injury,0,1,unsafe speed,sideswipe,no,no,yes,0,0,1,0,0,0,Not Stated,SAN DIEGO
92071839,2023-04-29,4,5,6,minor injury,0,1,unsafe speed,rear end,no,no,no,0,0,0,0,0,0,Not Stated,SACRAMENTO
92071840,2023-05-07,5,20,7,possible injury,0,1,other than driver or pedestrian,hit object,no,no,no,0,0,0,0,0,0,Not Stated,RIVERSIDE
92071843,2023-05-07,5,10,7,possible injury,0,1,unsafe speed,rear end,no,no,yes,0,0,1,0,0,0,Motorcycle/Scooter,SAN DIEGO
92071844,2023-05-17,5,5,3,possible injury,0,2,improper turning,hit object,no,no,no,0,0,0,0,0,0,Passenger Car/Station Wagon,MADERA
92071852,2023-05-12,5,14,5,possible injury,0,1,unsafe speed,rear end,no,no,no,0,0,0,0,0,0,Passenger Car/Station Wagon,VENTURA
92071854,2023-05-16,5,6,2,possible injury,0,1,automobile right of way,broadside,no,no,no,0,0,0,0,0,0,Passenger Car/Station Wagon,SACRAMENTO
92071855,2023-05-06,5,2,6,minor injury,0,2,DUI,hit object,no,no,no,0,0,0,0,0,0,Passenger Car/Station Wagon,SAN JOAQUIN
92071862,2023-05-09,5,23,2,possible injury,0,1,unsafe lane change,sideswipe,no,no,no,0,0,0,0,0,0,Passenger Car/Station Wagon,SAN MATEO
92071864,2023-05-11,5,21,4,minor injury,0,2,improper turning,rear end,no,no,no,0,0,0,0,0,0,Passenger Car/Station Wagon,RIVERSIDE
92071867,2023-05-08,5,12,1,possible injury,0,1,improper turning,rear end,no,no,no,0,0,0,0,0,0,Passenger Car/Station Wagon,SAN DIEGO
92071871,2023-05-08,5,15,1,possible injury,0,1,unsafe speed,rear end,no,no,no,0,0,0,0,0,0,Passenger Car/Station Wagon,SAN DIEGO
92071875,2023-05-10,5,7,3,possible injury,0,3,traffic signs,broadside,no,no,no,0,0,0,0,0,0,Passenger Car/Station Wagon,MONTEREY
92071881,2023-05-08,5,5,1,possible injury,0,1,DUI,rear end,no,no,no,0,0,0,0,0,0,Passenger Car/Station Wagon,SANTA CLARA
92071886,2023-05-11,5,17,4,possible injury,0,1,unsafe speed,rear end,no,no,no,0,0,0,0,0,0,Passenger Car/Station Wagon,LOS ANGELES
92071890,2023-05-11,5,13,4,possible injury,0,1,improper turning,hit object,no,no,no,0,0,0,0,0,0,Passenger Car/Station Wagon,RIVERSIDE
92071895,2023-05-11,5,12,4,possible injury,0,2,traffic signs,broadside,no,no,no,0,0,0,0,0,0,Passenger Car/Station Wagon,LOS ANGELES
92071900,2023-05-09,5,8,2,possible injury,0,1,unsafe lane change,sideswipe,no,no,no,0,0,0,0,0,0,Pickup or Panel Truck,FRESNO
92071901,2023-05-18,5,5,4,possible injury,0,1,improper turning,hit object,no,no,no,0,0,0,0,0,0,Passenger Car/Station Wagon,FRESNO
92071903,2023-05-11,5,17,4,possible injury,0,5,unsafe speed,rear end,no,no,no,0,0,0,0,0,0,Passenger Car/Station Wagon,SAN FRANCISCO
92071908,2023-05-07,5,11,7,minor injury,0,1,improper turning,hit object,no,no,no,0,0,0,0,0,0,Pickup or Panel Truck,ALAMEDA
92071913,2023-05-05,5,18,5,minor injury,0,1,unsafe speed,rear end,no,no,no,0,0,0,0,0,0,Passenger Car/Station Wagon,SAN DIEGO
92071915,2023-05-08,5,22,1,possible injury,0,1,unsafe speed,rear end,no,no,no,0,0,0,0,0,0,Passenger Car/Station Wagon,SONOMA
92071916,2023-05-10,5,17,3,minor injury,0,1,automobile right of way,broadside,no,no,no,0,0,0,0,0,0,Pickup or Panel Truck,SAN JOAQUIN
92071924,2023-05-11,5,18,4,possible injury,0,1,unsafe speed,rear end,no,no,no,0,0,0,0,0,0,Passenger Car/Station Wagon,SAN BERNARDINO
92071925,2023-05-17,5,0,3,possible injury,0,1,unsafe speed,rear end,no,no,no,0,0,0,0,0,0,Passenger Car/Station Wagon,ORANGE
92071928,2023-05-16,5,16,2,minor injury,0,1,unsafe speed,overturned,no,no,no,0,0,0,0,0,0,Pickup or Panel Truck with Trailer,KERN
92071933,2023-05-09,5,8,2,possible injury,0,1,improper turning,overturned,no,no,no,0,0,0,0,0,0,Truck or Truck Tractor,TUOLUMNE
92071938,2023-05-17,5,7,3,possible injury,0,2,unsafe speed,rear end,no,no,no,0,0,0,0,0,0,Pickup or Panel Truck,ORANGE
92071945,2023-05-11,5,11,4,possible injury,0,1,unsafe lane change,rear end,no,no,no,0,0,0,0,0,0,Pickup or Panel Truck,ALAMEDA
92071948,2023-05-09,5,8,2,possible injury,0,1,unsafe speed,rear end,no,no,no,0,0,0,0,0,0,Pickup or Panel Truck,SAN DIEGO
92071952,2023-05-17,5,6,3,possible injury,0,1,automobile right of way,head-on,no,no,no,0,0,0,0,0,0,Passenger Car/Station Wagon,TULARE
92071955,2023-05-11,5,23,4,possible injury,0,2,unsafe speed,rear end,no,no,no,0,0,0,0,0,0,Truck or Truck Tractor with Trailer,SAN BERNARDINO
92071959,2023-05-17,5,14,3,possible injury,0,1,unsafe speed,rear end,no,no,no,0,0,0,0,0,0,Passenger Car/Station Wagon,ORANGE
92071960,2023-05-11,5,18,4,possible injury,0,1,other than driver or pedestrian,hit object,no,no,no,0,0,0,0,0,0,Not Stated,CONTRA COSTA
92071961,2023-05-15,5,16,1,possible injury,0,1,unsafe starting or backing,sideswipe,no,no,no,0,0,0,0,0,0,Pickup or Panel Truck,FRESNO
92071966,2023-05-10,5,8,3,minor injury,0,1,unsafe speed,hit object,no,no,no,0,0,0,0,0,0,Passenger Car/Station Wagon,SUTTER
92071971,2023-05-09,5,17,2,severe injury,0,1,unsafe speed,rear end,no,no,yes,0,0,1,0,0,0,Motorcycle/Scooter,SAN DIEGO
92071972,2023-05-12,5,0,5,possible injury,0,1,unsafe speed,rear end,no,no,no,0,0,0,0,0,0,Pickup or Panel Truck,SAN BERNARDINO
92071973,2023-05-06,5,15,6,possible injury,0,1,improper turning,hit object,no,no,no,0,0,0,0,0,0,Passenger Car/Station Wagon,LOS ANGELES
92071979,2023-05-09,5,19,2,possible injury,0,1,unsafe speed,hit object,no,no,no,0,0,0,0,0,0,Passenger Car/Station Wagon,KERN
92071983,2023-03-21,3,21,2,minor injury,0,1,other than driver or pedestrian,sideswipe,no,no,no,0,0,0,0,0,0,Not Stated,ALAMEDA
92071988,2023-05-17,5,13,3,minor injury,0,1,unsafe speed,hit object,no,no,no,0,0,0,0,0,0,Passenger Car/Station Wagon,FRESNO
92071991,2023-05-10,5,14,3,severe injury,0,1,unsafe speed,hit object,no,no,no,0,0,0,0,0,0,Passenger Car/Station Wagon,YUBA
92071993,2023-05-06,5,16,6,minor injury,0,3,improper turning,sideswipe,no,no,no,0,0,0,0,0,0,Passenger Car/Station Wagon,LOS ANGELES
92071997,2023-05-11,5,7,4,possible injury,0,1,unsafe speed,rear end,no,no,yes,0,0,0,0,0,0,Passenger Car/Station Wagon,ALAMEDA
92071998,2023-05-11,5,5,4,possible injury,0,1,unsafe speed,rear end,no,no,no,0,0,0,0,0,0,Passenger Car/Station Wagon,ALAMEDA
92071999,2023-05-10,5,20,3,possible injury,0,1,unsafe speed,rear end,no,no,no,0,0,0,0,0,0,Passenger Car/Station Wagon,SAN JOAQUIN
92072001,2023-05-14,5,2,7,minor injury,0,1,DUI,hit object,no,no,no,0,0,0,0,0,0,Passenger Car/Station Wagon,ALAMEDA
92072002,2023-05-10,5,0,3,minor injury,0,1,DUI,hit object,no,no,no,0,0,0,0,0,0,Passenger Car/Station Wagon,SAN DIEGO
92072005,2023-05-12,5,17,5,minor injury,0,1,unsafe speed,overturned,no,no,yes,0,0,1,0,0,0,Motorcycle/Scooter,CALAVERAS
92072007,2023-05-11,5,5,4,minor injury,0,1,improper turning,overturned,no,no,no,0,0,0,0,0,0,Pickup or Panel Truck,SUTTER
92072008,2023-05-08,5,15,1,possible injury,0,2,automobile right of way,broadside,no,no,no,0,0,0,0,0,0,Truck or Truck Tractor,GLENN
92072010,2023-05-16,5,16,2,possible injury,0,1,unsafe speed,rear end,no,no,no,0,0,0,0,0,0,Passenger Car/Station Wagon,VENTURA
92072022,2023-05-06,5,9,6,possible injury,0,1,unsafe speed,rear end,no,no,no,0,0,0,0,0,0,Passenger Car/Station Wagon,LAKE
92072025,2023-05-12,5,13,5,minor injury,0,2,traffic signs,head-on,no,no,no,0,0,0,0,0,0,Passenger Car/Station Wagon,SACRAMENTO
92072027,2023-05-12,5,18,5,possible injury,0,1,wrong side of road,head-on,no,no,no,0,0,0,0,0,0,Pickup or Panel Truck,MONTEREY
92072030,2023-05-18,5,8,4,possible injury,0,1,unsafe speed,rear end,no,no,no,0,0,0,0,0,0,Passenger Car/Station Wagon,FRESNO
92072036,2023-05-12,5,18,5,possible injury,0,2,unsafe lane change,sideswipe,no,no,no,0,0,0,0,0,0,Pickup or Panel Truck,SAN JOAQUIN
92072038,2023-05-13,5,12,6,severe injury,0,1,unsafe speed,overturned,no,no,yes,0,0,1,0,0,0,Motorcycle/Scooter,SAN BERNARDINO
92072045,2023-05-04,5,6,4,possible injury,0,1,improper passing,broadside,no,no,no,0,0,0,0,0,0,Passenger Car/Station Wagon,PLACER
92072050,2023-05-15,5,17,1,possible injury,0,1,improper turning,hit object,no,no,no,0,0,0,0,0,0,Not Stated,COLUSA
92072053,2023-05-11,5,18,4,possible injury,0,1,unsafe speed,rear end,no,no,no,0,0,0,0,0,0,Passenger Car/Station Wagon,SAN DIEGO
92072054,2023-05-12,5,5,5,severe injury,0,1,improper turning,hit object,no,no,no,0,0,0,0,0,0,Passenger Car/Station Wagon,ALAMEDA
92072060,2023-05-08,5,14,1,possible injury,0,1,unsafe lane change,rear end,no,no,no,0,0,0,0,0,0,Not Stated,SAN DIEGO
92072061,2023-05-09,5,13,2,minor injury,0,1,unsafe speed,rear end,no,no,no,0,0,0,0,0,0,Passenger Car/Station Wagon,NAPA
92072068,2023-05-10,5,5,3,minor injury,0,1,unsafe speed,overturned,no,no,no,0,0,0,0,0,0,Truck or Truck Tractor with Trailer,SAN JOAQUIN
92072070,2023-05-12,5,14,5,possible injury,0,1,other than driver or pedestrian,rear end,no,no,no,0,0,0,0,0,0,Not Stated,SACRAMENTO
92072071,2023-05-15,5,15,1,minor injury,0,3,improper turning,broadside,no,no,no,0,0,0,0,0,0,Passenger Car/Station Wagon,TULARE
92072078,2023-05-12,5,21,5,possible injury,0,3,unsafe speed,rear end,no,no,no,0,0,0,0,0,0,Passenger Car/Station Wagon,LOS ANGELES
92072082,2023-05-07,5,0,7,possible injury,0,2,DUI,head-on,no,no,no,0,0,0,0,0,0,Pickup or Panel Truck,SAN DIEGO
92072084,2023-05-08,5,7,1,minor injury,0,3,other improper driving,broadside,no,no,no,0,0,0,0,0,0,Emergency Vehicle,LOS ANGELES
92072088,2023-05-12,5,12,5,possible injury,0,1,unsafe speed,rear end,no,no,no,0,0,0,0,0,0,Passenger Car/Station Wagon,LOS ANGELES
92072092,2023-05-12,5,6,5,possible injury,0,2,unsafe speed,rear end,no,no,no,0,0,0,0,0,0,Passenger Car/Station Wagon,ALAMEDA
92072093,2023-05-15,5,21,1,possible injury,0,1,unsafe speed,rear end,no,no,no,0,0,0,0,0,0,Passenger Car/Station Wagon,MERCED
92072094,2023-05-12,5,15,5,possible injury,0,2,unsafe speed,rear end,no,no,no,0,0,0,0,0,0,Passenger Car/Station Wagon,SANTA CLARA
92072096,2023-05-06,5,2,6,possible injury,0,1,improper turning,hit object,no,no,no,0,0,0,0,0,0,Passenger Car/Station Wagon,STANISLAUS
92072103,2023-05-08,5,7,1,possible injury,0,1,other than driver or pedestrian,sideswipe,no,no,no,0,0,0,0,0,0,Not Stated,ORANGE
92072105,2023-05-12,5,10,5,possible injury,0,1,unsafe speed,rear end,no,no,no,0,0,0,0,0,0,Passenger Car/Station Wagon,ALAMEDA
92072119,2023-05-11,5,18,4,minor injury,0,2,automobile right of way,broadside,no,no,no,0,0,0,0,0,0,Passenger Car/Station Wagon,STANISLAUS
92072121,2023-05-04,5,10,4,minor injury,0,1,traffic signs,broadside,no,no,no,0,0,0,0,0,0,Passenger Car/Station Wagon,FRESNO
92072125,2023-05-12,5,5,5,possible injury,0,2,unsafe speed,rear end,no,no,no,0,0,0,0,0,0,Passenger Car/Station Wagon,SAN DIEGO
92072126,2023-05-13,5,11,6,possible injury,0,1,unsafe lane change,sideswipe,no,no,no,0,0,0,0,0,0,Passenger Car/Station Wagon,SACRAMENTO
92072128,2023-05-16,5,13,2,possible injury,0,1,unsafe speed,rear end,no,no,no,0,0,0,0,0,0,Passenger Car/Station Wagon,TRINITY
92072130,2023-03-25,3,17,6,possible injury,0,2,unsafe speed,rear end,no,no,no,0,0,0,0,0,0,Passenger Car/Station Wagon,SAN DIEGO
92072132,2023-04-20,4,12,4,possible injury,0,4,unsafe speed,rear end,no,no,no,0,0,0,0,0,0,Passenger Car/Station Wagon,RIVERSIDE
92072136,2023-05-08,5,15,1,possible injury,0,1,unsafe speed,rear end,no,no,no,0,0,0,0,0,0,Pickup or Panel Truck,SAN DIEGO
92072138,2023-05-13,5,18,6,severe injury,0,4,automobile right of way,head-on,no,no,no,0,0,0,0,0,0,Passenger Car/Station Wagon,VENTURA
92072141,2023-05-15,5,18,1,possible injury,0,3,unsafe lane change,rear end,no,no,no,0,0,0,0,0,0,Passenger Car/Station Wagon,SACRAMENTO
92072148,2023-05-11,5,16,4,minor injury,0,2,unsafe speed,rear end,no,no,yes,0,0,1,0,0,0,Motorcycle/Scooter,PLACER
92072149,2023-05-12,5,7,5,possible injury,0,1,unsafe speed,rear end,no,no,no,0,0,0,0,0,0,Passenger Car/Station Wagon,LOS ANGELES
92072153,2023-05-13,5,4,6,possible injury,0,1,traffic signs,rear end,no,no,no,0,0,0,0,0,0,Passenger Car/Station Wagon,LOS ANGELES
92072154,2023-05-14,5,3,7,minor injury,0,1,improper turning,hit object,no,no,no,0,0,0,0,0,0,Passenger Car/Station Wagon,LOS ANGELES
92072155,2023-05-07,5,18,7,minor injury,0,1,automobile right of way,broadside,no,no,yes,0,0,1,0,0,0,Pickup or Panel Truck,SAN DIEGO
92072156,2023-05-14,5,9,7,possible injury,0,1,unsafe starting or backing,broadside,no,no,no,0,0,0,0,0,0,Passenger Car/Station Wagon,LOS ANGELES