CASE_ID,COLLISION_DATE,MONTH,HOUR,DAY_OF_WEEK,COLLISION_SEVERITY,NUMBER_KILLED,NUMBER_INJURED,PCF_VIOL_CATEGORY,TYPE_OF_COLLISION,PEDESTRIAN_ACCIDENT,BICYCLE_ACCIDENT,MOTORCYCLE_ACCIDENT,COUNT_PED_INJURED,COUNT_BICYCLIST_INJURED,COUNT_MC_INJURED,COUNT_PED_KILLED,COUNT_BICYCLIST_KILLED,COUNT_MC_KILLED,STWD_VEHTYPE_AT_FAULT,COUNTY
92086316,2023-05-31,5,7,3,possible injury,0,1,unsafe speed,rear end,no,no,no,0,0,0,0,0,0,Pickup or Panel Truck,SANTA CLARA
92086317,2023-06-01,6,15,4,possible injury,0,1,unsafe lane change,sideswipe,no,no,no,0,0,0,0,0,0,Passenger Car/Station Wagon,FRESNO
92086320,2023-05-23,5,18,2,possible injury,0,1,unsafe lane change,sideswipe,no,no,no,0,0,0,0,0,0,Passenger Car/Station Wagon,ORANGE
92086325,2023-05-27,5,19,6,minor injury,0,1,DUI,hit object,no,no,no,0,0,0,0,0,0,Passenger Car/Station Wagon,MONTEREY
92086326,2023-05-27,5,11,6,minor injury,0,2,unsafe speed,rear end,no,no,no,0,0,0,0,0,0,Passenger Car with Trailer,RIVERSIDE
92086328,2023-05-24,5,18,3,minor injury,0,1,DUI,hit object,no,no,no,0,0,0,0,0,0,Pickup or Panel Truck,RIVERSIDE
92086329,2023-05-15,5,9,1,severe injury,0,1,unsafe speed,overturned,no,no,yes,0,0,1,0,0,0,Motorcycle/Scooter,SAN DIEGO
92086331,2023-05-31,5,16,3,possible injury,0,1,unsafe speed,rear end,no,no,no,0,0,0,0,0,0,Pickup or Panel Truck,RIVERSIDE
92086334,2023-05-26,5,0,5,fatal injury,1,1,DUI,head-on,no,no,no,0,0,0,0,0,0,Passenger Car/Station Wagon,EL DORADO
92086336,2023-05-26,5,6,5,minor injury,0,1,unsafe speed,rear end,no,no,no,0,0,0,0,0,0,Passenger Car/Station Wagon,MARIN
92086337,2023-05-31,5,12,3,possible injury,0,1,unsafe speed,rear end,no,no,no,0,0,0,0,0,0,Passenger Car/Station Wagon,LOS ANGELES
92086342,2023-05-27,5,14,6,minor injury,0,2,unsafe lane change,sideswipe,no,no,yes,0,0,2,0,0,0,Passenger Car/Station Wagon,RIVERSIDE
92086348,2023-05-28,5,5,7,possible injury,0,1,other improper driving,hit object,no,no,no,0,0,0,0,0,0,Not Stated,SOLANO
92086353,2023-05-25,5,18,4,possible injury,0,1,unsafe speed,rear end,no,no,yes,0,0,1,0,0,0,Motorcycle/Scooter,SAN DIEGO
92086357,2023-05-15,5,10,1,possible injury,0,1,unsafe speed,rear end,no,no,no,0,0,0,0,0,0,Passenger Car/Station Wagon,SAN DIEGO
92086359,2023-05-20,5,22,6,severe injury,0,2,DUI,head-on,no,no,no,0,0,0,0,0,0,Pickup or Panel Truck,MARIN
92086360,2023-06-02,6,18,5,minor injury,0,1,DUI,hit object,no,no,no,0,0,0,0,0,0,Passenger Car/Station Wagon,MONTEREY
92086362,2023-05-19,5,21,5,possible injury,0,1,unsafe speed,rear end,no,no,no,0,0,0,0,0,0,Passenger Car/Station Wagon,MARIN
92086366,2023-06-04,6,20,7,minor injury,0,2,unsafe speed,rear end,no,no,no,0,0,0,0,0,0,Passenger Car/Station Wagon,SAN BERNARDINO
92086371,2023-05-30,5,15,2,possible injury,0,1,unsafe speed,rear end,no,no,no,0,0,0,0,0,0,Passenger Car/Station Wagon,MONTEREY
92086372,2023-05-25,5,14,4,minor injury,0,4,traffic signs,broadside,no,no,no,0,0,0,0,0,0,Passenger Car/Station Wagon,SAN DIEGO
92086374,2023-05-23,5,13,2,severe injury,0,3,automobile right of way,broadside,no,no,no,0,0,0,0,0,0,Pickup or Panel Truck,MADERA
92086376,2023-05-19,5,17,5,severe injury,0,2,automobile right of way,broadside,no,no,no,0,0,0,0,0,0,Pickup or Panel Truck,TUOLUMNE
92086387,2023-05-27,5,13,6,minor injury,0,2,unsafe speed,rear end,no,no,no,0,0,0,0,0,0,Passenger Car/Station Wagon,LOS ANGELES
92086392,2023-05-27,5,18,6,severe injury,0,1,unsafe speed,hit object,no,yes,no,0,1,0,0,0,0,Other Vehicle,SAN BERNARDINO
92086400,2023-05-23,5,17,2,possible injury,0,1,automobile right of way,broadside,no,no,no,0,0,0,0,0,0,Passenger Car/Station Wagon,STANISLAUS
92086401,2023-06-05,6,4,1,minor injury,0,2,DUI,rear end,no,no,no,0,0,0,0,0,0,Passenger Car/Station Wagon,LOS ANGELES
92086402,2023-05-05,5,23,5,possible injury,0,2,DUI,broadside,no,no,no,0,0,0,0,0,0,Pickup or Panel Truck,LOS ANGELES
92086403,2023-06-01,6,13,4,possible injury,0,1,automobile right of way,broadside,no,no,no,0,0,0,0,0,0,Passenger Car/Station Wagon,MERCED
92086404,2023-06-03,6,1,6,severe injury,0,1,unsafe speed,hit object,no,no,yes,0,0,1,0,0,0,Motorcycle/Scooter,BUTTE
92086407,2023-05-24,5,14,3,possible injury,0,1,unsafe speed,overturned,no,no,yes,0,0,1,0,0,0,Motorcycle/Scooter,SAN DIEGO
92086408,2023-05-09,5,0,2,possible injury,0,2,unsafe speed,hit object,no,no,no,0,0,0,0,0,0,Passenger Car/Station Wagon,LOS ANGELES
92086411,2023-06-02,6,9,5,possible injury,0,1,unsafe speed,rear end,no,no,no,0,0,0,0,0,0,Not Stated,LOS ANGELES
92086412,2023-06-05,6,8,1,minor injury,0,1,improper turning,overturned,no,no,yes,0,0,1,0,0,0,Motorcycle/Scooter,SAN BERNARDINO
92086414,2023-05-07,5,3,7,minor injury,0,1,DUI,hit object,no,no,no,0,0,0,0,0,0,Passenger Car/Station Wagon,HUMBOLDT
92086416,2023-05-31,5,13,3,severe injury,0,1,improper turning,hit object,no,no,no,0,0,0,0,0,0,Passenger Car/Station Wagon,SOLANO
92086417,2023-05-25,5,18,4,minor injury,0,1,DUI,hit object,no,no,no,0,0,0,0,0,0,Passenger Car/Station Wagon,MENDOCINO
92086418,2023-05-12,5,20,5,minor injury,0,5,unsafe speed,rear end,no,no,no,0,0,0,0,0,0,Passenger Car/Station Wagon,SAN DIEGO
92086423,2023-05-24,5,15,3,minor injury,0,1,other than driver or pedestrian,broadside,no,no,no,0,0,0,0,0,0,Not Stated,RIVERSIDE
92086427,2023-06-01,6,10,4,minor injury,0,1,unsafe lane change,broadside,no,no,no,0,0,0,0,0,0,Passenger Car/Station Wagon,LOS ANGELES
92086432,2023-05-29,5,5,1,possible injury,0,1,unsafe speed,rear end,no,no,no,0,0,0,0,0,0,Passenger Car/Station Wagon,TRINITY
92086433,2023-05-30,5,17,2,possible injury,0,2,following too closely,rear end,no,no,no,0,0,0,0,0,0,Pickup or Panel Truck,SONOMA
92086434,2023-06-02,6,13,5,possible injury,0,2,unsafe speed,rear end,no,no,no,0,0,0,0,0,0,Pickup or Panel Truck,LOS ANGELES
92086437,2023-05-27,5,16,6,possible injury,0,1,unsafe speed,rear end,no,no,no,0,0,0,0,0,0,Passenger Car/Station Wagon,SONOMA
92086440,2023-05-26,5,11,5,possible injury,0,1,improper turning,hit object,no,no,no,0,0,0,0,0,0,Pickup or Panel Truck,EL DORADO
92086441,2023-05-26,5,13,5,minor injury,0,3,unsafe speed,hit object,no,no,no,0,0,0,0,0,0,Passenger Car/Station Wagon,EL DORADO
92086446,2023-04-24,4,0,1,minor injury,0,4,unsafe speed,rear end,no,no,no,0,0,0,0,0,0,Passenger Car/Station Wagon,SAN FRANCISCO
92086449,2023-05-24,5,22,3,minor injury,0,1,DUI,hit object,no,no,no,0,0,0,0,0,0,Passenger Car/Station Wagon,SAN DIEGO
92086451,2023-05-30,5,21,2,possible injury,0,1,improper turning,overturned,no,no,no,0,0,0,0,0,0,Pickup or Panel Truck,SAN DIEGO
92086453,2023-05-26,5,12,5,possible injury,0,1,unsafe lane change,sideswipe,no,no,yes,0,0,1,0,0,0,Motorcycle/Scooter,SACRAMENTO
92086454,2023-05-31,5,7,3,possible injury,0,1,unsafe starting or backing,rear end,no,no,no,0,0,0,0,0,0,Passenger Car/Station Wagon,ORANGE
92086455,2023-05-28,5,12,7,minor injury,0,4,unknown,broadside,no,no,no,0,0,0,0,0,0,Not Stated,SACRAMENTO
92086459,2023-05-23,5,18,2,possible injury,0,2,unsafe speed,rear end,no,no,no,0,0,0,0,0,0,Passenger Car/Station Wagon,SAN BERNARDINO
92086465,2023-05-19,5,17,5,possible injury,0,1,unsafe speed,rear end,no,no,no,0,0,0,0,0,0,Passenger Car/Station Wagon,SAN BERNARDINO
92086470,2023-04-25,4,16,2,possible injury,0,1,unsafe speed,overturned,no,no,no,0,0,0,0,0,0,Passenger Car/Station Wagon,RIVERSIDE
92086474,2023-05-23,5,18,2,minor injury,0,2,traffic signs,broadside,no,no,no,0,0,0,0,0,0,Pickup or Panel Truck,STANISLAUS
92086475,2023-05-23,5,22,2,minor injury,0,2,improper turning,hit object,no,no,no,0,0,0,0,0,0,Passenger Car/Station Wagon,SAN DIEGO
92086626,2023-05-21,5,2,7,minor injury,0,1,improper turning,hit object,no,no,no,0,0,0,0,0,0,Passenger Car/Station Wagon,SANTA BARBARA
92086627,2023-05-18,5,21,4,possible injury,0,1,unsafe speed,rear end,no,no,no,0,0,0,0,0,0,Pickup or Panel Truck,SAN BERNARDINO
92086628,2023-05-25,5,9,4,possible injury,0,1,unsafe speed,sideswipe,no,no,no,0,0,0,0,0,0,Passenger Car/Station Wagon,SAN BERNARDINO
92086630,2023-06-01,6,22,4,minor injury,0,1,unsafe speed,rear end,no,no,no,0,0,0,0,0,0,Passenger Car/Station Wagon,LOS ANGELES
92086632,2023-06-06,6,0,2,possible injury,0,1,improper turning,overturned,no,no,no,0,0,0,0,0,0,Passenger Car/Station Wagon,SAN BERNARDINO
92086633,2023-05-31,5,3,3,minor injury,0,3,unsafe speed,broadside,no,no,no,0,0,0,0,0,0,Passenger Car/Station Wagon,ORANGE
92086636,2023-05-23,5,22,2,minor injury,0,1,improper turning,sideswipe,no,no,no,0,0,0,0,0,0,Passenger Car/Station Wagon,SAN BERNARDINO
92086637,2023-05-29,5,22,1,possible injury,0,1,unsafe lane change,sideswipe,no,no,no,0,0,0,0,0,0,Passenger Car/Station Wagon,SAN BERNARDINO
92086639,2023-05-26,5,12,5,possible injury,0,3,unsafe speed,rear end,no,no,no,0,0,0,0,0,0,Passenger Car/Station Wagon,SAN BERNARDINO
92086645,2023-06-01,6,14,4,severe injury,0,1,automobile right of way,broadside,no,no,yes,0,0,1,0,0,0,Passenger Car/Station Wagon,ORANGE
92086648,2023-06-05,6,8,1,possible injury,0,1,unsafe speed,rear end,no,no,no,0,0,0,0,0,0,Passenger Car/Station Wagon,ORANGE
92086650,2023-05-14,5,4,7,minor injury,0,1,DUI,overturned,no,no,no,0,0,0,0,0,0,Passenger Car/Station Wagon,STANISLAUS
92086657,2023-05-27,5,22,6,possible injury,0,1,automobile right of way,broadside,no,no,no,0,0,0,0,0,0,Pickup or Panel Truck,SONOMA
92086659,2023-05-26,5,15,5,minor injury,0,1,other hazardous violation,sideswipe,no,no,no,0,0,0,0,0,0,Truck or Truck Tractor with Trailer,SAN BERNARDINO
92086661,2023-05-25,5,17,4,possible injury,0,1,automobile right of way,broadside,no,no,no,0,0,0,0,0,0,Passenger Car/Station Wagon,STANISLAUS
92086665,2023-05-14,5,2,7,severe injury,0,1,improper turning,overturned,no,no,no,0,0,0,0,0,0,Passenger Car/Station Wagon,KERN
92086666,2023-05-28,5,21,7,possible injury,0,2,automobile right of way,head-on,no,no,no,0,0,0,0,0,0,Pickup or Panel Truck,SONOMA
92086669,2023-05-15,5,0,1,minor injury,0,1,DUI,rear end,no,no,no,0,0,0,0,0,0,Passenger Car/Station Wagon,LOS ANGELES
92086671,2023-05-23,5,0,2,possible injury,0,1,unsafe speed,rear end,no,no,no,0,0,0,0,0,0,Pickup or Panel Truck,LOS ANGELES
92086674,2023-05-24,5,20,3,minor injury,0,1,improper turning,overturned,no,no,yes,0,0,1,0,0,0,Motorcycle/Scooter,KERN
92086680,2023-05-24,5,18,3,severe injury,0,2,improper turning,sideswipe,no,no,no,0,0,0,0,0,0,Passenger Car/Station Wagon,LOS ANGELES
92086682,2023-06-02,6,16,5,possible injury,0,2,unsafe speed,rear end,no,no,no,0,0,0,0,0,0,Not Stated,LOS ANGELES
92086686,2023-05-30,5,8,2,possible injury,0,1,unsafe speed,rear end,no,no,no,0,0,0,0,0,0,Passenger Car/Station Wagon,KERN
92086687,2023-05-30,5,11,2,possible injury,0,2,improper turning,broadside,no,no,no,0,0,0,0,0,0,Passenger Car/Station Wagon,KERN
92086689,2023-05-28,5,17,7,minor injury,0,2,improper turning,hit object,no,no,no,0,0,0,0,0,0,Passenger Car/Station Wagon,CONTRA COSTA
92086691,2023-06-05,6,8,1,possible injury,0,1,automobile right of way,head-on,no,no,no,0,0,0,0,0,0,Pickup or Panel Truck,LOS ANGELES
92086693,2023-05-23,5,21,2,possible injury,0,2,unsafe speed,rear end,no,no,no,0,0,0,0,0,0,Passenger Car/Station Wagon,SAN JOAQUIN
92086694,2023-05-23,5,21,2,possible injury,0,1,unsafe speed,rear end,no,no,no,0,0,0,0,0,0,Not Stated,SAN JOAQUIN
92086701,2023-05-30,5,17,2,possible injury,0,1,automobile right of way,broadside,no,no,no,0,0,0,0,0,0,Passenger Car/Station Wagon,KERN
92086703,2023-05-24,5,1,3,possible injury,0,1,unsafe lane change,sideswipe,no,no,no,0,0,0,0,0,0,Pickup or Panel Truck,STANISLAUS
92086710,2023-05-27,5,0,6,minor injury,0,1,DUI,broadside,no,no,no,0,0,0,0,0,0,Passenger Car/Station Wagon,STANISLAUS
92086715,2023-05-24,5,22,3,minor injury,0,1,unsafe speed,rear end,no,no,yes,0,0,1,0,0,0,Motorcycle/Scooter,LOS ANGELES
92086716,2023-05-27,5,2,6,minor injury,0,1,DUI,rear end,no,no,no,0,0,0,0,0,0,Pickup or Panel Truck,LOS ANGELES
92086717,2023-03-12,3,22,7,severe injury,0,1,improper turning,hit object,no,no,no,0,0,0,0,0,0,Passenger Car/Station Wagon,STANISLAUS
92086719,2023-05-31,5,15,3,minor injury,0,2,unsafe speed,rear end,no,no,no,0,0,0,0,0,0,Passenger Car/Station Wagon,KERN
92086720,2023-05-31,5,17,3,minor injury,0,2,improper turning,hit object,no,no,no,0,0,0,0,0,0,Pickup or Panel Truck,KERN
92086722,2023-05-25,5,16,4,minor injury,0,1,unsafe speed,overturned,no,no,yes,0,0,1,0,0,0,Motorcycle/Scooter,RIVERSIDE
92086723,2023-05-25,5,20,4,possible injury,0,1,unsafe speed,rear end,no,no,no,0,0,0,0,0,0,Not Stated,LOS ANGELES
92086725,2023-05-24,5,12,3,possible injury,0,1,unsafe speed,rear end,no,no,no,0,0,0,0,0,0,Passenger Car/Station Wagon,LOS ANGELES
92086726,2023-05-28,5,5,7,minor injury,0,4,DUI,sideswipe,no,no,no,0,0,0,0,0,0,Passenger Car/Station Wagon,LOS ANGELES
92086728,2023-05-24,5,19,3,minor injury,0,2,unsafe speed,hit object,no,no,no,0,0,0,0,0,0,Passenger Car/Station Wagon,CONTRA COSTA
92086729,2023-05-28,5,2,7,possible injury,0,2,automobile right of way,broadside,no,no,no,0,0,0,0,0,0,Passenger Car/Station Wagon,STANISLAUS
92086735,2023-06-02,6,21,5,possible injury,0,2,automobile right of way,broadside,no,no,no,0,0,0,0,0,0,Passenger Car/Station Wagon,TULARE
92086736,2023-05-27,5,23,6,severe injury,0,2,DUI,rear end,no,no,no,0,0,0,0,0,0,Passenger Car/Station Wagon,SAN JOAQUIN
92086737,2023-05-28,5,14,7,minor injury,0,1,improper turning,hit object,no,no,no,0,0,0,0,0,0,Passenger Car/Station Wagon,SANTA CLARA
92086743,2023-05-28,5,4,7,minor injury,0,1,unsafe speed,hit object,no,no,no,0,0,0,0,0,0,Passenger Car/Station Wagon,VENTURA
92086744,2023-05-28,5,16,7,severe injury,0,2,wrong side of road,broadside,no,no,yes,0,0,1,0,0,0,Motorcycle/Scooter,STANISLAUS
92086746,2023-05-30,5,12,2,possible injury,0,1,unsafe speed,rear end,no,no,no,0,0,0,0,0,0,Pickup or Panel Truck,SAN BERNARDINO
92086747,2023-05-31,5,22,3,possible injury,0,2,unsafe speed,rear end,no,no,no,0,0,0,0,0,0,Passenger Car/Station Wagon,LOS ANGELES
92086749,2023-06-02,6,11,5,minor injury,0,2,automobile right of way,head-on,no,no,no,0,0,0,0,0,0,Passenger Car/Station Wagon,LOS ANGELES
92086751,2023-06-03,6,15,6,minor injury,0,2,automobile right of way,sideswipe,no,no,no,0,0,0,0,0,0,Passenger Car/Station Wagon,LOS ANGELES
92086752,2023-05-30,5,16,2,possible injury,0,1,unsafe speed,rear end,no,no,no,0,0,0,0,0,0,Passenger Car/Station Wagon,VENTURA
92086754,2023-05-29,5,19,1,minor injury,0,1,improper turning,sideswipe,no,no,no,0,0,0,0,0,0,Not Stated,CONTRA COSTA
92086755,2023-05-27,5,19,6,possible injury,0,1,traffic signs,broadside,no,no,no,0,0,0,0,0,0,Passenger Car/Station Wagon,SANTA CRUZ
92086757,2023-05-18,5,5,4,fatal injury,1,1,improper passing,head-on,no,no,no,0,0,0,0,0,0,Pickup or Panel Truck,TULARE
92086760,2023-05-24,5,21,3,minor injury,0,1,unsafe speed,rear end,no,no,no,0,0,0,0,0,0,Not Stated,LOS ANGELES
92086764,2023-05-27,5,17,6,minor injury,0,3,DUI,rear end,no,no,no,0,0,0,0,0,0,Passenger Car/Station Wagon,RIVERSIDE
92086767,2023-05-27,5,16,6,minor injury,0,1,improper turning,hit object,no,no,yes,0,0,1,0,0,0,Motorcycle/Scooter,RIVERSIDE
92086770,2023-05-31,5,17,3,possible injury,0,1,improper turning,broadside,no,no,no,0,0,0,0,0,0,Passenger Car/Station Wagon,STANISLAUS
92086771,2023-05-27,5,13,6,possible injury,0,3,unsafe speed,rear end,no,no,no,0,0,0,0,0,0,Passenger Car/Station Wagon,RIVERSIDE
92086776,2023-05-31,5,0,3,minor injury,0,1,improper turning,overturned,no,no,no,0,0,0,0,0,0,Passenger Car/Station Wagon,STANISLAUS
92086777,2023-06-05,6,2,1,minor injury,0,1,improper turning,hit object,no,no,no,0,0,0,0,0,0,Passenger Car/Station Wagon,MERCED
92086778,2023-06-05,6,12,1,possible injury,0,1,improper turning,rear end,no,no,no,0,0,0,0,0,0,Passenger Car/Station Wagon,SACRAMENTO
92086779,2023-05-28,5,1,7,severe injury,0,1,DUI,hit object,no,no,no,0,0,0,0,0,0,Passenger Car/Station Wagon,MONTEREY
92086780,2023-06-05,6,0,1,severe injury,0,3,DUI,rear end,no,no,no,0,0,0,0,0,0,Passenger Car/Station Wagon,LOS ANGELES
92086782,2023-06-02,6,3,5,minor injury,0,1,DUI,hit object,no,no,no,0,0,0,0,0,0,Passenger Car/Station Wagon,SHASTA
92086786,2023-05-30,5,4,2,possible injury,0,1,unsafe speed,rear end,no,no,no,0,0,0,0,0,0,Not Stated,KERN
92086787,2023-05-30,5,19,2,minor injury,0,5,unsafe speed,rear end,no,no,no,0,0,0,0,0,0,Passenger Car/Station Wagon,LOS ANGELES
92086791,2023-05-27,5,20,6,minor injury,0,1,improper turning,hit object,no,no,yes,0,0,1,0,0,0,Motorcycle/Scooter,ORANGE
92086793,2023-06-05,6,13,1,possible injury,0,1,unsafe speed,rear end,no,no,no,0,0,0,0,0,0,Passenger Car/Station Wagon,KERN
92086796,2023-05-31,5,8,3,possible injury,0,1,unsafe speed,rear end,no,no,no,0,0,0,0,0,0,Passenger Car/Station Wagon,LOS ANGELES
92086797,2023-05-26,5,1,5,minor injury,0,1,DUI,sideswipe,no,no,no,0,0,0,0,0,0,Not Stated,VENTURA
92086802,2023-05-28,5,12,7,possible injury,0,1,automobile right of way,broadside,no,no,no,0,0,0,0,0,0,Passenger Car/Station Wagon,SANTA CRUZ
92086803,2023-05-24,5,15,3,possible injury,0,1,automobile right of way,overturned,no,no,yes,0,0,1,0,0,0,Pickup or Panel Truck,LOS ANGELES
92086804,2023-05-19,5,15,5,fatal injury,1,1,traffic signs,broadside,no,no,no,0,0,0,0,0,0,Pickup or Panel Truck,TULARE
92086810,2023-05-27,5,22,6,minor injury,0,1,DUI,head-on,no,no,no,0,0,0,0,0,0,Passenger Car/Station Wagon,MENDOCINO
92086811,2023-05-28,5,22,7,minor injury,0,3,unsafe speed,rear end,no,no,no,0,0,0,0,0,0,Not Stated,VENTURA
92086813,2023-05-24,5,6,3,minor injury,0,1,unsafe speed,rear end,no,no,no,0,0,0,0,0,0,Truck or Truck Tractor,LOS ANGELES
92086814,2023-05-27,5,18,6,minor injury,0,1,DUI,overturned,no,no,no,0,0,0,0,0,0,Passenger Car/Station Wagon,KERN
92086816,2023-05-30,5,19,2,minor injury,0,1,unsafe speed,rear end,no,no,no,0,0,0,0,0,0,Pickup or Panel Truck,ALAMEDA
92086820,2023-06-05,6,6,1,possible injury,0,1,improper turning,hit object,no,no,no,0,0,0,0,0,0,Pickup or Panel Truck,MODOC
92086824,2023-05-27,5,22,6,possible injury,0,1,pedestrian right of way,vehicle/pedestrian,yes,no,no,1,0,0,0,0,0,Passenger Car/Station Wagon,LOS ANGELES
92086825,2023-05-29,5,6,1,possible injury,0,2,improper passing,broadside,no,no,no,0,0,0,0,0,0,Pickup or Panel Truck,VENTURA
92086834,2023-06-04,6,22,7,possible injury,0,3,unsafe speed,rear end,no,no,no,0,0,0,0,0,0,Passenger Car/Station Wagon,LOS ANGELES
92086835,2023-05-26,5,20,5,possible injury,0,1,automobile right of way,hit object,no,no,no,0,0,0,0,0,0,Passenger Car/Station Wagon,SAN DIEGO
92086846,2023-06-01,6,4,4,severe injury,0,1,improper turning,hit object,no,no,yes,0,0,1,0,0,0,Motorcycle/Scooter,LOS ANGELES
92086847,2023-05-30,5,15,2,possible injury,0,1,unsafe speed,rear end,no,no,no,0,0,0,0,0,0,Passenger Car/Station Wagon,SONOMA
92086849,2023-05-31,5,9,3,possible injury,0,1,wrong side of road,sideswipe,no,no,no,0,0,0,0,0,0,Passenger Car/Station Wagon,CONTRA COSTA
92086854,2023-05-31,5,21,3,possible injury,0,1,DUI,hit object,no,no,no,0,0,0,0,0,0,Passenger Car/Station Wagon,MONTEREY
92086858,2023-05-25,5,19,4,minor injury,0,2,improper turning,sideswipe,yes,no,no,2,0,0,0,0,0,Passenger Car/Station Wagon,SAN DIEGO
92086860,2023-05-31,5,9,3,minor injury,0,1,unsafe speed,rear end,no,no,no,0,0,0,0,0,0,Passenger Car/Station Wagon,CONTRA COSTA
92086861,2023-05-27,5,19,6,possible injury,0,1,unsafe speed,rear end,no,no,no,0,0,0,0,0,0,Passenger Car/Station Wagon,SANTA CLARA
92086863,2023-05-24,5,8,3,possible injury,0,1,unsafe speed,rear end,no,no,no,0,0,0,0,0,0,Passenger Car/Station Wagon,SANTA CLARA
92086864,2023-05-26,5,11,5,minor injury,0,1,wrong side of road,broadside,no,no,no,0,0,0,0,0,0,Not Stated,MENDOCINO
92086865,2023-06-04,6,5,7,severe injury,0,1,unsafe speed,hit object,no,no,no,0,0,0,0,0,0,Not Stated,SACRAMENTO
92086866,2023-05-21,5,22,7,possible injury,0,1,other than driver or pedestrian,other,no,no,no,0,0,0,0,0,0,Not Stated,SAN JOAQUIN
92086867,2023-06-04,6,20,7,severe injury,0,1,other than driver or pedestrian,other,no,no,yes,0,0,1,0,0,0,Not Stated,TULARE
92086869,2023-05-28,5,14,7,possible injury,0,1,unsafe speed,rear end,no,no,no,0,0,0,0,0,0,Pickup or Panel Truck,SOLANO
92086872,2023-05-31,5,5,3,possible injury,0,1,unsafe speed,rear end,no,no,no,0,0,0,0,0,0,Passenger Car/Station Wagon,ALAMEDA
92086874,2023-05-26,5,22,5,possible injury,0,2,automobile right of way,broadside,no,no,no,0,0,0,0,0,0,Passenger Car/Station Wagon,MENDOCINO
92086875,2023-05-25,5,18,4,possible injury,0,2,unsafe speed,rear end,no,no,no,0,0,0,0,0,0,Passenger Car/Station Wagon,SAN DIEGO
92086878,2023-01-03,1,19,2,fatal injury,1,0,pedestrian violation,vehicle/pedestrian,yes,no,no,0,0,0,1,0,0,Pedestrian,ORANGE
92086880,2023-06-04,6,21,7,minor injury,0,1,DUI,hit object,no,no,no,0,0,0,0,0,0,Passenger Car/Station Wagon,CONTRA COSTA
92086882,2023-05-30,5,17,2,minor injury,0,3,unsafe speed,rear end,no,no,no,0,0,0,0,0,0,Pickup or Panel Truck,VENTURA
92086885,2023-05-31,5,9,3,possible injury,0,2,unsafe speed,rear end,no,no,no,0,0,0,0,0,0,Passenger Car/Station Wagon,RIVERSIDE
92086891,2023-05-24,5,18,3,possible injury,0,1,unsafe lane change,sideswipe,no,no,no,0,0,0,0,0,0,Not Stated,LOS ANGELES
92086892,2023-06-02,6,12,5,possible injury,0,1,improper turning,sideswipe,no,no,no,0,0,0,0,0,0,Not Stated,LOS ANGELES
92086893,2023-05-30,5,14,2,minor injury,0,1,unsafe speed,rear end,no,no,no,0,0,0,0,0,0,Pickup or Panel Truck,RIVERSIDE
92086895,2023-05-31,5,5,3,possible injury,0,1,unsafe speed,broadside,no,no,no,0,0,0,0,0,0,Passenger Car/Station Wagon,CALAVERAS
92086897,2023-06-04,6,5,7,possible injury,0,1,DUI,hit object,no,no,no,0,0,0,0,0,0,Passenger Car/Station Wagon,MONTEREY
92086898,2023-05-29,5,12,1,minor injury,0,1,unsafe speed,rear end,no,no,no,0,0,0,0,0,0,Passenger Car/Station Wagon,SAN JOAQUIN
92086900,2023-05-11,5,0,4,minor injury,0,1,unsafe speed,rear end,no,no,no,0,0,0,0,0,0,Passenger Car/Station Wagon,LOS ANGELES
92086904,2023-05-26,5,13,5,minor injury,0,1,improper turning,hit object,no,no,no,0,0,0,0,0,0,Passenger Car/Station Wagon,SAN BERNARDINO
92086905,2023-05-29,5,0,1,minor injury,0,1,DUI,hit object,no,no,no,0,0,0,0,0,0,Pickup or Panel Truck,SUTTER
92086907,2023-06-05,6,5,1,minor injury,0,1,improper turning,hit object,no,no,no,0,0,0,0,0,0,Truck or Truck Tractor,SAN BERNARDINO
92086908,2023-05-20,5,22,6,possible injury,0,1,DUI,rear end,no,no,no,0,0,0,0,0,0,Passenger Car/Station Wagon,MADERA
92086909,2023-06-01,6,16,4,possible injury,0,1,traffic signs,broadside,no,no,no,0,0,0,0,0,0,Passenger Car/Station Wagon,SOLANO
92086910,2023-06-03,6,6,6,severe injury,0,3,automobile right of way,broadside,no,no,no,0,0,0,0,0,0,Passenger Car/Station Wagon,MERCED
92086912,2023-05-24,5,23,3,minor injury,0,2,unsafe speed,rear end,no,no,no,0,0,0,0,0,0,Passenger Car/Station Wagon,LOS ANGELES
92086914,2023-06-05,6,0,1,minor injury,0,1,improper turning,hit object,no,no,no,0,0,0,0,0,0,Passenger Car/Station Wagon,SAN LUIS OBISPO
92086922,2023-05-24,5,5,3,possible injury,0,1,unsafe speed,rear end,no,no,no,0,0,0,0,0,0,Passenger Car/Station Wagon,LOS ANGELES
92086925,2023-06-02,6,9,5,possible injury,0,1,improper turning,broadside,no,no,no,0,0,0,0,0,0,Passenger Car/Station Wagon,LOS ANGELES
92086927,2023-06-06,6,5,2,possible injury,0,1,improper turning,hit object,no,no,no,0,0,0,0,0,0,Passenger Car/Station Wagon,KERN
92086928,2023-05-30,5,20,2,severe injury,0,2,improper passing,head-on,no,no,no,0,0,0,0,0,0,Passenger Car/Station Wagon,VENTURA
92086930,2023-05-27,5,8,6,possible injury,0,1,unsafe lane change,sideswipe,no,no,no,0,0,0,0,0,0,Passenger Car/Station Wagon,YUBA
92086932,2023-05-24,5,22,3,minor injury,0,1,improper turning,hit object,no,no,no,0,0,0,0,0,0,Passenger Car/Station Wagon,TULARE