CASE_ID,COLLISION_DATE,MONTH,HOUR,DAY_OF_WEEK,COLLISION_SEVERITY,NUMBER_KILLED,NUMBER_INJURED,PCF_VIOL_CATEGORY,TYPE_OF_COLLISION,PEDESTRIAN_ACCIDENT,BICYCLE_ACCIDENT,MOTORCYCLE_ACCIDENT,COUNT_PED_INJURED,COUNT_BICYCLIST_INJURED,COUNT_MC_INJURED,COUNT_PED_KILLED,COUNT_BICYCLIST_KILLED,COUNT_MC_KILLED,STWD_VEHTYPE_AT_FAULT,COUNTY
92087418,2023-06-05,6,14,1,minor injury,0,1,improper turning,hit object,no,no,no,0,0,0,0,0,0,Passenger Car/Station Wagon,MARIN
92087430,2023-06-02,6,7,5,possible injury,0,1,unsafe lane change,rear end,no,no,no,0,0,0,0,0,0,Passenger Car/Station Wagon,ORANGE
92087435,2023-06-02,6,10,5,severe injury,0,1,improper turning,hit object,no,no,no,0,0,0,0,0,0,Passenger Car/Station Wagon,ORANGE
92087437,2023-05-30,5,17,2,possible injury,0,1,unsafe lane change,sideswipe,no,no,yes,0,0,1,0,0,0,Passenger Car/Station Wagon,LOS ANGELES
92087440,2023-05-30,5,17,2,possible injury,0,1,other than driver or pedestrian,sideswipe,no,no,no,0,0,0,0,0,0,Not Stated,LOS ANGELES
92087445,2023-06-05,6,6,1,possible injury,0,1,improper turning,hit object,no,no,no,0,0,0,0,0,0,Pickup or Panel Truck,RIVERSIDE
92087451,2023-05-24,5,12,3,possible injury,0,2,unsafe speed,rear end,no,no,no,0,0,0,0,0,0,Passenger Car/Station Wagon,LOS ANGELES
92087453,2023-05-24,5,13,3,possible injury,0,1,unsafe speed,rear end,no,no,no,0,0,0,0,0,0,Pickup or Panel Truck,LOS ANGELES
92087455,2023-05-24,5,16,3,possible injury,0,1,unsafe speed,rear end,no,no,no,0,0,0,0,0,0,Not Stated,LOS ANGELES
92087458,2023-05-26,5,17,5,minor injury,0,2,unsafe speed,hit object,no,no,no,0,0,0,0,0,0,Passenger Car/Station Wagon,SANTA CLARA
92087459,2023-05-26,5,16,5,possible injury,0,1,unsafe speed,rear end,no,no,no,0,0,0,0,0,0,Not Stated,SANTA CLARA
92087462,2023-05-25,5,22,4,minor injury,0,1,DUI,rear end,no,no,no,0,0,0,0,0,0,Passenger Car/Station Wagon,RIVERSIDE
92087832,2023-05-28,5,20,7,minor injury,0,3,automobile right of way,broadside,no,no,no,0,0,0,0,0,0,Pickup or Panel Truck,MADERA
92087851,2023-05-23,5,14,2,minor injury,0,2,unsafe speed,rear end,no,no,no,0,0,0,0,0,0,Passenger Car/Station Wagon,MADERA
92087965,2023-05-26,5,17,5,minor injury,0,1,automobile right of way,broadside,no,no,no,0,0,0,0,0,0,Passenger Car/Station Wagon,SANTA BARBARA
92087975,2023-05-26,5,13,5,severe injury,0,2,automobile right of way,broadside,no,no,yes,0,0,1,0,0,0,Motorcycle/Scooter,KERN
92087976,2023-06-02,6,11,5,minor injury,0,2,following too closely,rear end,no,no,no,0,0,0,0,0,0,Pickup or Panel Truck,MADERA
92087977,2023-06-03,6,12,6,minor injury,0,1,unsafe lane change,overturned,no,no,yes,0,0,1,0,0,0,Passenger Car/Station Wagon,SAN LUIS OBISPO
92087980,2023-05-31,5,3,3,possible injury,0,1,unsafe speed,rear end,no,no,no,0,0,0,0,0,0,Passenger Car/Station Wagon,KERN
92087982,2023-05-26,5,10,5,possible injury,0,2,improper turning,hit object,no,no,no,0,0,0,0,0,0,Passenger Car/Station Wagon,IMPERIAL
92087984,2023-06-02,6,1,5,possible injury,0,1,improper turning,hit object,no,no,no,0,0,0,0,0,0,Passenger Car/Station Wagon,SACRAMENTO
92087985,2023-05-25,5,5,4,minor injury,0,1,improper turning,rear end,yes,no,no,1,0,0,0,0,0,Pickup or Panel Truck,LOS ANGELES
92087988,2023-06-05,6,17,1,possible injury,0,1,improper turning,overturned,no,no,yes,0,0,1,0,0,0,Motorcycle/Scooter,TULARE
92087993,2023-05-22,5,8,1,possible injury,0,1,unsafe speed,sideswipe,yes,no,no,1,0,0,0,0,0,Passenger Car/Station Wagon,SACRAMENTO
92087994,2023-05-27,5,1,6,possible injury,0,1,unsafe speed,broadside,no,no,no,0,0,0,0,0,0,Passenger Car/Station Wagon,SAN BERNARDINO
92087997,2023-06-05,6,8,1,minor injury,0,2,unsafe speed,rear end,no,no,no,0,0,0,0,0,0,Truck or Truck Tractor,ORANGE
92088002,2023-05-26,5,12,5,possible injury,0,1,unsafe speed,rear end,no,no,no,0,0,0,0,0,0,Passenger Car/Station Wagon,STANISLAUS
92088004,2023-05-31,5,15,3,possible injury,0,1,unsafe speed,rear end,no,no,no,0,0,0,0,0,0,Passenger Car/Station Wagon,SAN BERNARDINO
92088006,2023-05-29,5,2,1,severe injury,0,1,DUI,hit object,no,no,no,0,0,0,0,0,0,Passenger Car/Station Wagon,SACRAMENTO
92088008,2023-06-02,6,22,5,severe injury,0,1,improper turning,hit object,no,no,no,0,0,0,0,0,0,Passenger Car/Station Wagon,SONOMA
92088009,2023-06-05,6,18,1,possible injury,0,1,unsafe speed,rear end,no,no,no,0,0,0,0,0,0,Passenger Car/Station Wagon,SAN MATEO
92088011,2023-05-28,5,15,7,minor injury,0,1,improper turning,overturned,no,no,no,0,0,0,0,0,0,Passenger Car/Station Wagon,SAN BERNARDINO
92088019,2023-05-25,5,7,4,possible injury,0,1,improper turning,sideswipe,no,no,no,0,0,0,0,0,0,Passenger Car/Station Wagon,LOS ANGELES
92088021,2023-05-25,5,16,4,minor injury,0,2,automobile right of way,broadside,no,no,no,0,0,0,0,0,0,Passenger Car/Station Wagon,LOS ANGELES
92088022,2023-05-31,5,20,3,possible injury,0,1,improper turning,hit object,no,no,no,0,0,0,0,0,0,Passenger Car/Station Wagon,VENTURA
92088024,2023-05-31,5,18,3,possible injury,0,4,unsafe speed,sideswipe,no,no,no,0,0,0,0,0,0,Truck or Truck Tractor with Trailer,KERN
92088025,2023-05-30,5,22,2,severe injury,0,2,improper turning,hit object,no,no,no,0,0,0,0,0,0,Passenger Car/Station Wagon,LOS ANGELES
92088026,2023-06-02,6,14,5,possible injury,0,1,unsafe speed,rear end,no,no,no,0,0,0,0,0,0,Pickup or Panel Truck,KERN
92088028,2023-06-01,6,3,4,minor injury,0,1,improper turning,hit object,no,no,no,0,0,0,0,0,0,Passenger Car/Station Wagon,VENTURA
92088031,2023-05-28,5,21,7,possible injury,0,1,unsafe speed,rear end,no,no,no,0,0,0,0,0,0,Passenger Car/Station Wagon,LOS ANGELES
92088032,2023-06-01,6,13,4,possible injury,0,1,improper turning,rear end,no,no,no,0,0,0,0,0,0,Passenger Car/Station Wagon,KERN
92088033,2023-05-08,5,1,1,severe injury,0,1,DUI,hit object,no,no,no,0,0,0,0,0,0,Passenger Car/Station Wagon,SAN FRANCISCO
92088042,2023-05-25,5,9,4,possible injury,0,1,unsafe lane change,sideswipe,no,no,no,0,0,0,0,0,0,Not Stated,LOS ANGELES
92088047,2023-05-27,5,4,6,minor injury,0,1,DUI,sideswipe,no,no,no,0,0,0,0,0,0,Passenger Car/Station Wagon,SUTTER
92088061,2023-06-04,6,23,7,possible injury,0,1,DUI,hit object,no,no,no,0,0,0,0,0,0,Passenger Car/Station Wagon,SAN BERNARDINO
92088062,2023-05-25,5,7,4,possible injury,0,1,unsafe speed,rear end,no,no,no,0,0,0,0,0,0,Passenger Car/Station Wagon,SANTA CLARA
92088063,2023-04-25,4,11,2,severe injury,0,3,improper turning,hit object,no,no,no,0,0,0,0,0,0,Passenger Car/Station Wagon,ALAMEDA
92088064,2023-05-25,5,14,4,minor injury,0,1,improper turning,broadside,no,no,no,0,0,0,0,0,0,Pickup or Panel Truck,LOS ANGELES
92088066,2023-05-27,5,16,6,minor injury,0,2,improper turning,hit object,no,no,no,0,0,0,0,0,0,Emergency Vehicle,DEL NORTE
92088069,2023-05-30,5,19,2,possible injury,0,2,improper turning,rear end,no,no,no,0,0,0,0,0,0,Passenger Car/Station Wagon,SANTA CLARA
92088071,2023-05-18,5,1,4,severe injury,0,1,pedestrian violation,vehicle/pedestrian,yes,no,no,1,0,0,0,0,0,Pedestrian,SAN BERNARDINO
92088072,2023-05-22,5,15,1,possible injury,0,1,unsafe lane change,sideswipe,no,no,no,0,0,0,0,0,0,Passenger Car/Station Wagon,LOS ANGELES
92088079,2023-05-25,5,11,4,possible injury,0,1,improper turning,rear end,no,no,no,0,0,0,0,0,0,Passenger Car/Station Wagon,SANTA CLARA
92088082,2023-05-25,5,12,4,possible injury,0,1,improper turning,hit object,no,no,no,0,0,0,0,0,0,Passenger Car/Station Wagon,SANTA CLARA
92088086,2023-05-31,5,6,3,minor injury,0,1,wrong side of road,broadside,no,no,no,0,0,0,0,0,0,Pickup or Panel Truck,FRESNO
92088089,2023-02-19,2,19,7,fatal injury,1,0,pedestrian violation,vehicle/pedestrian,yes,no,no,0,0,0,1,0,0,Pedestrian,SAN BERNARDINO
92088091,2023-05-31,5,17,3,severe injury,0,1,improper turning,overturned,no,no,yes,0,0,1,0,0,0,Motorcycle/Scooter,CONTRA COSTA
92088095,2023-05-17,5,5,3,possible injury,0,1,other than driver or pedestrian,other,no,no,no,0,0,0,0,0,0,Not Stated,LOS ANGELES
92088097,2023-05-25,5,8,4,possible injury,0,2,improper turning,sideswipe,no,no,no,0,0,0,0,0,0,Passenger Car/Station Wagon,SAN DIEGO
92088100,2023-05-25,5,16,4,severe injury,0,1,unsafe speed,hit object,no,no,yes,0,0,1,0,0,0,Motorcycle/Scooter,SANTA CLARA
92088104,2023-05-25,5,23,4,possible injury,0,2,unsafe lane change,sideswipe,no,no,no,0,0,0,0,0,0,Not Stated,LOS ANGELES
92088106,2023-06-06,6,10,2,possible injury,0,2,automobile right of way,head-on,no,no,no,0,0,0,0,0,0,Passenger Car/Station Wagon,SACRAMENTO
92088108,2023-06-05,6,16,1,possible injury,0,1,unsafe speed,rear end,no,no,no,0,0,0,0,0,0,Passenger Car/Station Wagon,SONOMA
92088109,2023-06-06,6,11,2,possible injury,0,1,improper turning,hit object,no,no,no,0,0,0,0,0,0,Passenger Car/Station Wagon,FRESNO
92088110,2023-06-06,6,6,2,minor injury,0,1,unsafe lane change,rear end,no,no,no,0,0,0,0,0,0,Passenger Car/Station Wagon,FRESNO
92088113,2023-06-06,6,8,2,possible injury,0,1,unsafe speed,rear end,no,no,no,0,0,0,0,0,0,Not Stated,SACRAMENTO
92088115,2023-05-29,5,19,1,possible injury,0,1,automobile right of way,rear end,no,no,no,0,0,0,0,0,0,Passenger Car/Station Wagon,ALAMEDA
92088119,2023-06-02,6,17,5,possible injury,0,4,automobile right of way,head-on,no,no,no,0,0,0,0,0,0,Passenger Car/Station Wagon,KERN
92088120,2023-06-01,6,4,4,minor injury,0,1,unsafe speed,rear end,no,no,yes,0,0,1,0,0,0,Passenger Car/Station Wagon,LOS ANGELES
92088125,2023-05-25,5,16,4,possible injury,0,2,unsafe speed,rear end,no,no,no,0,0,0,0,0,0,Pickup or Panel Truck,LOS ANGELES
92088127,2023-05-27,5,11,6,minor injury,0,1,unsafe speed,rear end,no,no,no,0,0,0,0,0,0,Passenger Car/Station Wagon,SAN FRANCISCO
92088128,2023-05-31,5,22,3,possible injury,0,3,unsafe speed,rear end,no,no,no,0,0,0,0,0,0,Passenger Car/Station Wagon,CONTRA COSTA
92088131,2023-05-29,5,12,1,possible injury,0,1,DUI,sideswipe,no,no,no,0,0,0,0,0,0,Passenger Car/Station Wagon,RIVERSIDE
92088134,2023-05-17,5,12,3,possible injury,0,1,unsafe starting or backing,rear end,no,no,no,0,0,0,0,0,0,Pickup or Panel Truck,SACRAMENTO
92088141,2023-05-25,5,14,4,possible injury,0,2,unsafe speed,rear end,no,no,no,0,0,0,0,0,0,Passenger Car/Station Wagon,LOS ANGELES
92088152,2023-06-06,6,12,2,fatal injury,1,1,traffic signs,broadside,no,no,no,0,0,0,0,0,0,Passenger Car/Station Wagon,FRESNO
92088153,2023-05-27,5,14,6,possible injury,0,1,unsafe speed,hit object,no,no,no,0,0,0,0,0,0,Passenger Car/Station Wagon,EL DORADO
92088155,2023-02-23,2,15,4,fatal injury,1,2,DUI,head-on,no,no,no,0,0,0,0,0,0,Passenger Car/Station Wagon,RIVERSIDE
92088156,2023-06-03,6,0,6,minor injury,0,1,DUI,sideswipe,no,no,no,0,0,0,0,0,0,Pickup or Panel Truck,LOS ANGELES
92088160,2023-06-01,6,9,4,minor injury,0,1,following too closely,rear end,no,no,no,0,0,0,0,0,0,Passenger Car/Station Wagon,MARIN
92088162,2023-06-02,6,17,5,possible injury,0,2,unsafe speed,rear end,no,no,no,0,0,0,0,0,0,Passenger Car/Station Wagon,VENTURA
92088164,2023-06-02,6,6,5,minor injury,0,2,unsafe speed,rear end,no,no,no,0,0,0,0,0,0,Passenger Car/Station Wagon,MARIN
92088165,2023-06-01,6,10,4,minor injury,0,3,automobile right of way,broadside,no,no,no,0,0,0,0,0,0,Passenger Car/Station Wagon,CONTRA COSTA
92088167,2023-05-28,5,16,7,possible injury,0,1,unsafe speed,rear end,no,no,no,0,0,0,0,0,0,Passenger Car/Station Wagon,SANTA CLARA
92088169,2023-05-31,5,13,3,possible injury,0,2,traffic signs,broadside,no,no,no,0,0,0,0,0,0,Passenger Car/Station Wagon,STANISLAUS
92088170,2023-05-30,5,11,2,minor injury,0,1,DUI,hit object,no,no,no,0,0,0,0,0,0,Pickup or Panel Truck,FRESNO
92088171,2023-05-30,5,14,2,minor injury,0,1,traffic signs,other,no,yes,no,0,1,0,0,0,0,Bicycle,ALAMEDA
92088172,2023-05-26,5,23,5,severe injury,0,3,DUI,broadside,no,no,no,0,0,0,0,0,0,Passenger Car/Station Wagon,RIVERSIDE
92088173,2023-05-30,5,6,2,minor injury,0,1,unsafe speed,hit object,no,no,no,0,0,0,0,0,0,Passenger Car/Station Wagon,SAN DIEGO
92088174,2023-05-19,5,10,5,possible injury,0,1,unsafe speed,rear end,no,no,no,0,0,0,0,0,0,Passenger Car/Station Wagon,SANTA CLARA
92088177,2023-05-01,5,8,1,possible injury,0,1,unsafe speed,rear end,no,no,no,0,0,0,0,0,0,Passenger Car/Station Wagon,SAN DIEGO
92088179,2023-05-24,5,14,3,minor injury,0,1,unsafe lane change,rear end,no,no,yes,0,0,1,0,0,0,Not Stated,SACRAMENTO
92088182,2023-05-25,5,14,4,possible injury,0,1,pedestrian violation,vehicle/pedestrian,yes,no,no,1,0,0,0,0,0,Pedestrian,LOS ANGELES
92088185,2023-05-25,5,18,4,possible injury,0,1,following too closely,rear end,no,no,no,0,0,0,0,0,0,Passenger Car/Station Wagon,LOS ANGELES
92088187,2023-05-06,5,21,6,fatal injury,1,4,traffic signs,broadside,no,no,no,0,0,0,0,0,0,Passenger Car/Station Wagon,ALAMEDA
92088188,2023-05-25,5,19,4,possible injury,0,1,unsafe speed,rear end,no,no,no,0,0,0,0,0,0,Passenger Car/Station Wagon,LOS ANGELES
92088189,2023-05-26,5,5,5,possible injury,0,1,wrong side of road,sideswipe,no,no,no,0,0,0,0,0,0,Passenger Car/Station Wagon,KERN
92088193,2023-05-26,5,10,5,minor injury,0,1,improper turning,sideswipe,no,yes,no,0,1,0,0,0,0,Bicycle,SACRAMENTO
92088195,2023-05-31,5,15,3,possible injury,0,1,unsafe speed,rear end,no,no,no,0,0,0,0,0,0,Passenger Car/Station Wagon,SANTA CLARA
92088198,2023-05-30,5,21,2,possible injury,0,1,other than driver or pedestrian,sideswipe,no,no,no,0,0,0,0,0,0,Not Stated,SOLANO
92088199,2023-05-22,5,16,1,minor injury,0,1,automobile right of way,broadside,no,yes,no,0,1,0,0,0,0,Pickup or Panel Truck,MONO
92088202,2023-06-05,6,10,1,possible injury,0,2,unsafe speed,rear end,no,no,no,0,0,0,0,0,0,Pickup or Panel Truck,LOS ANGELES
92088203,2023-05-25,5,19,4,possible injury,0,1,traffic signs,broadside,no,no,no,0,0,0,0,0,0,Not Stated,LOS ANGELES
92088204,2023-05-26,5,6,5,minor injury,0,1,improper turning,hit object,no,no,no,0,0,0,0,0,0,Passenger Car/Station Wagon,SAN DIEGO
92088205,2023-06-06,6,9,2,possible injury,0,2,automobile right of way,broadside,no,no,no,0,0,0,0,0,0,Passenger Car/Station Wagon,TULARE
92088209,2023-06-03,6,10,6,minor injury,0,1,other improper driving,overturned,no,no,yes,0,0,1,0,0,0,Not Stated,SOLANO
92088217,2023-05-26,5,20,5,possible injury,0,1,unsafe speed,rear end,no,no,no,0,0,0,0,0,0,Passenger Car/Station Wagon,SAN DIEGO
92088219,2023-06-02,6,22,5,minor injury,0,1,unsafe speed,rear end,no,no,no,0,0,0,0,0,0,Passenger Car/Station Wagon,ORANGE
92088220,2023-06-01,6,4,4,possible injury,0,1,unsafe speed,overturned,no,no,no,0,0,0,0,0,0,Passenger Car/Station Wagon,RIVERSIDE
92088222,2023-01-21,1,5,6,fatal injury,1,5,improper turning,hit object,no,no,no,0,0,0,0,0,0,Passenger Car/Station Wagon,LOS ANGELES
92088223,2023-01-28,1,23,6,fatal injury,1,0,DUI,overturned,no,no,no,0,0,0,0,0,0,Passenger Car/Station Wagon,SACRAMENTO
92088225,2023-05-29,5,15,1,minor injury,0,1,improper turning,overturned,no,yes,no,0,1,0,0,0,0,Passenger Car/Station Wagon,ORANGE
92088227,2023-05-26,5,16,5,possible injury,0,1,wrong side of road,head-on,no,no,yes,0,0,1,0,0,0,Not Stated,SAN DIEGO
92088229,2023-05-28,5,10,7,possible injury,0,1,unsafe speed,rear end,no,no,no,0,0,0,0,0,0,Passenger Car/Station Wagon,SACRAMENTO
92088235,2023-06-01,6,13,4,minor injury,0,2,unsafe lane change,sideswipe,no,no,no,0,0,0,0,0,0,Passenger Car/Station Wagon,CONTRA COSTA
92088236,2023-06-02,6,19,5,possible injury,0,1,improper turning,sideswipe,no,no,no,0,0,0,0,0,0,Pickup or Panel Truck,SAN MATEO
92088240,2023-06-03,6,19,6,minor injury,0,1,DUI,sideswipe,no,no,no,0,0,0,0,0,0,Passenger Car/Station Wagon,SAN MATEO
92088242,2023-05-26,5,18,5,minor injury,0,2,unsafe speed,rear end,no,no,no,0,0,0,0,0,0,Passenger Car/Station Wagon,SAN BENITO
92088243,2023-06-01,6,15,4,possible injury,0,1,other than driver or pedestrian,hit object,no,no,no,0,0,0,0,0,0,Not Stated,RIVERSIDE
92088244,2023-06-01,6,17,4,minor injury,0,1,wrong side of road,broadside,no,no,no,0,0,0,0,0,0,Pickup or Panel Truck,SUTTER
92088245,2023-05-30,5,8,2,possible injury,0,2,unsafe speed,rear end,no,no,no,0,0,0,0,0,0,Passenger Car/Station Wagon,SANTA CLARA
92088246,2023-05-31,5,5,3,minor injury,0,1,improper passing,sideswipe,no,no,no,0,0,0,0,0,0,Passenger Car/Station Wagon,MONTEREY
92088248,2023-06-02,6,7,5,possible injury,0,1,unsafe speed,rear end,no,no,no,0,0,0,0,0,0,Passenger Car/Station Wagon,RIVERSIDE
92088250,2023-05-25,5,14,4,possible injury,0,1,pedestrian violation,vehicle/pedestrian,yes,no,no,1,0,0,0,0,0,Pedestrian,LOS ANGELES
92088253,2023-05-26,5,17,5,minor injury,0,1,improper turning,overturned,no,no,yes,0,0,1,0,0,0,Motorcycle/Scooter,SAN DIEGO
92088257,2023-05-30,5,7,2,possible injury,0,1,unsafe speed,rear end,no,no,no,0,0,0,0,0,0,Passenger Car/Station Wagon,SACRAMENTO
92088258,2023-06-03,6,22,6,possible injury,0,1,DUI,hit object,no,no,no,0,0,0,0,0,0,Passenger Car/Station Wagon,KERN
92088260,2023-05-30,5,9,2,possible injury,0,1,unsafe speed,rear end,no,no,no,0,0,0,0,0,0,Passenger Car/Station Wagon,SANTA CLARA
92088263,2023-05-26,5,14,5,severe injury,0,2,automobile right of way,broadside,no,no,no,0,0,0,0,0,0,Passenger Car/Station Wagon,LOS ANGELES
92088264,2023-06-07,6,8,3,possible injury,0,1,unsafe speed,rear end,no,no,no,0,0,0,0,0,0,Passenger Car/Station Wagon,LOS ANGELES
92088275,2023-06-05,6,3,1,possible injury,0,1,improper turning,sideswipe,no,no,no,0,0,0,0,0,0,Passenger Car/Station Wagon,LOS ANGELES
92088279,2023-05-31,5,4,3,minor injury,0,1,improper turning,hit object,no,no,no,0,0,0,0,0,0,Passenger Car/Station Wagon,ALAMEDA
92088285,2023-06-05,6,10,1,possible injury,0,1,unsafe speed,rear end,no,no,no,0,0,0,0,0,0,Not Stated,KERN
92088286,2023-05-30,5,10,2,possible injury,0,1,unsafe speed,rear end,no,no,no,0,0,0,0,0,0,Truck or Truck Tractor,ALAMEDA
92088287,2023-06-04,6,22,7,minor injury,0,3,unsafe speed,rear end,no,no,no,0,0,0,0,0,0,Passenger Car/Station Wagon,ORANGE
92088288,2023-05-25,5,15,4,possible injury,0,1,unsafe speed,rear end,no,no,no,0,0,0,0,0,0,Passenger Car/Station Wagon,LOS ANGELES
92088289,2023-02-20,2,5,1,minor injury,0,2,DUI,hit object,no,no,no,0,0,0,0,0,0,Passenger Car/Station Wagon,SAN BERNARDINO
92088298,2023-05-24,5,13,3,possible injury,0,1,DUI,sideswipe,no,no,no,0,0,0,0,0,0,Passenger Car/Station Wagon,LOS ANGELES
92088299,2023-05-29,5,7,1,possible injury,0,3,improper turning,sideswipe,no,no,no,0,0,0,0,0,0,Passenger Car/Station Wagon,KERN
92088303,2023-04-29,4,6,6,fatal injury,1,1,DUI,head-on,no,no,no,0,0,0,0,0,0,Passenger Car/Station Wagon,KERN
92088305,2023-05-31,5,9,3,possible injury,0,1,automobile right of way,broadside,no,no,no,0,0,0,0,0,0,Passenger Car/Station Wagon,FRESNO
92088308,2023-05-29,5,16,1,minor injury,0,1,improper turning,overturned,no,no,no,0,0,0,0,0,0,Pickup or Panel Truck,LOS ANGELES
92088309,2023-05-29,5,20,1,possible injury,0,2,unsafe lane change,sideswipe,no,no,no,0,0,0,0,0,0,Not Stated,LOS ANGELES
92088313,2023-05-29,5,15,1,severe injury,0,1,improper turning,sideswipe,no,yes,no,0,1,0,0,0,0,Not Stated,LOS ANGELES
92088314,2023-06-01,6,8,4,minor injury,0,1,improper turning,overturned,no,no,no,0,0,0,0,0,0,Emergency Vehicle,FRESNO
92088320,2023-06-05,6,7,1,possible injury,0,3,unsafe speed,rear end,no,no,no,0,0,0,0,0,0,Passenger Car/Station Wagon,MARIN
92088330,2023-05-31,5,6,3,possible injury,0,2,unsafe lane change,rear end,no,no,no,0,0,0,0,0,0,Passenger Car/Station Wagon,ALAMEDA
92088331,2023-06-03,6,4,6,possible injury,0,1,unsafe lane change,rear end,no,no,no,0,0,0,0,0,0,Passenger Car/Station Wagon,LOS ANGELES
92088333,2023-05-27,5,21,6,possible injury,0,2,unsafe speed,rear end,no,no,no,0,0,0,0,0,0,Passenger Car/Station Wagon,SAN DIEGO
92088339,2023-06-02,6,11,5,possible injury,0,1,other than driver or pedestrian,hit object,no,no,no,0,0,0,0,0,0,Not Stated,RIVERSIDE
92088341,2023-06-01,6,8,4,severe injury,0,1,improper turning,overturned,no,no,no,0,0,0,0,0,0,Emergency Vehicle,FRESNO
92088342,2023-05-29,5,2,1,possible injury,0,1,DUI,overturned,no,no,no,0,0,0,0,0,0,Pickup or Panel Truck,ORANGE
92088353,2023-06-06,6,19,2,possible injury,0,1,improper turning,broadside,no,no,no,0,0,0,0,0,0,Passenger Car/Station Wagon,TULARE
92088357,2023-05-26,5,15,5,possible injury,0,1,improper turning,overturned,no,no,yes,0,0,1,0,0,0,Motorcycle/Scooter,LOS ANGELES
92088360,2023-05-30,5,22,2,minor injury,0,1,other than driver or pedestrian,overturned,no,no,no,0,0,0,0,0,0,Not Stated,IMPERIAL
92088365,2023-06-03,6,10,6,possible injury,0,1,unsafe speed,rear end,no,no,no,0,0,0,0,0,0,Not Stated,LOS ANGELES
92088367,2023-05-29,5,13,1,possible injury,0,1,improper turning,sideswipe,no,no,no,0,0,0,0,0,0,Passenger Car/Station Wagon,SAN DIEGO
92088369,2023-05-26,5,21,5,severe injury,0,1,unsafe speed,rear end,no,no,yes,0,0,1,0,0,0,Not Stated,SAN DIEGO
92088371,2023-05-24,5,9,3,possible injury,0,1,unsafe speed,rear end,no,no,no,0,0,0,0,0,0,Pickup or Panel Truck,SAN BERNARDINO
92088373,2023-06-01,6,11,4,possible injury,0,2,unsafe speed,rear end,no,no,no,0,0,0,0,0,0,Passenger Car/Station Wagon,ALAMEDA
92088375,2023-05-08,5,19,1,minor injury,0,1,DUI,hit object,no,no,no,0,0,0,0,0,0,Passenger Car/Station Wagon,SAN BERNARDINO
92088377,2023-06-03,6,1,6,severe injury,0,2,DUI,broadside,no,no,no,0,0,0,0,0,0,Passenger Car/Station Wagon,FRESNO
92088382,2023-05-22,5,18,1,possible injury,0,1,unsafe speed,hit object,no,no,no,0,0,0,0,0,0,Passenger Car/Station Wagon,LOS ANGELES
92088383,2023-05-28,5,0,7,minor injury,0,1,DUI,hit object,no,no,no,0,0,0,0,0,0,Pickup or Panel Truck,EL DORADO
92088384,2023-06-01,6,15,4,minor injury,0,1,unsafe speed,rear end,no,no,no,0,0,0,0,0,0,Passenger Car/Station Wagon,LOS ANGELES
92088386,2023-05-21,5,11,7,possible injury,0,1,unsafe speed,rear end,no,no,no,0,0,0,0,0,0,Pickup or Panel Truck,LOS ANGELES
92088387,2023-06-03,6,11,6,possible injury,0,1,unsafe speed,rear end,no,no,no,0,0,0,0,0,0,Passenger Car/Station Wagon,LOS ANGELES
92088388,2023-05-22,5,13,1,minor injury,0,3,traffic signs,broadside,no,no,no,0,0,0,0,0,0,Not Stated,LOS ANGELES
92088390,2023-05-17,5,16,3,minor injury,0,2,unsafe speed,rear end,no,no,no,0,0,0,0,0,0,Passenger Car/Station Wagon,YOLO
92088391,2023-06-01,6,17,4,possible injury,0,1,unsafe speed,rear end,no,no,no,0,0,0,0,0,0,Passenger Car/Station Wagon,ALAMEDA
92088395,2023-05-25,5,13,4,possible injury,0,1,improper turning,sideswipe,no,no,no,0,0,0,0,0,0,Pickup or Panel Truck,NAPA
92088397,2023-05-29,5,16,1,possible injury,0,2,unsafe speed,rear end,no,no,no,0,0,0,0,0,0,Passenger Car/Station Wagon,RIVERSIDE
92088398,2023-06-01,6,3,4,minor injury,0,1,unsafe speed,rear end,no,no,no,0,0,0,0,0,0,Passenger Car/Station Wagon,YOLO
92088399,2023-03-21,3,20,2,possible injury,0,1,unsafe speed,rear end,no,no,no,0,0,0,0,0,0,Passenger Car/Station Wagon,CONTRA COSTA
92088401,2023-06-04,6,16,7,possible injury,0,2,DUI,rear end,no,no,no,0,0,0,0,0,0,Passenger Car/Station Wagon,FRESNO
92088407,2023-05-27,5,3,6,possible injury,0,1,DUI,hit object,no,no,no,0,0,0,0,0,0,Passenger Car/Station Wagon,RIVERSIDE
92088409,2023-06-03,6,12,6,possible injury,0,1,unsafe speed,rear end,no,no,no,0,0,0,0,0,0,Pickup or Panel Truck,LOS ANGELES
92088410,2023-06-02,6,8,5,possible injury,0,1,unsafe lane change,sideswipe,no,no,no,0,0,0,0,0,0,Truck or Truck Tractor,ALAMEDA
92088412,2023-05-29,5,15,1,minor injury,0,2,DUI,sideswipe,no,no,no,0,0,0,0,0,0,Passenger Car/Station Wagon,FRESNO
92088414,2023-06-05,6,5,1,possible injury,0,1,improper turning,hit object,no,no,no,0,0,0,0,0,0,Passenger Car/Station Wagon,CONTRA COSTA
92088420,2023-05-27,5,13,6,possible injury,0,1,unsafe speed,rear end,no,no,no,0,0,0,0,0,0,Passenger Car/Station Wagon,NAPA
92088422,2023-05-27,5,21,6,severe injury,0,1,improper turning,sideswipe,no,no,no,0,0,0,0,0,0,Not Stated,LOS ANGELES