CASE_ID,COLLISION_DATE,MONTH,HOUR,DAY_OF_WEEK,COLLISION_SEVERITY,NUMBER_KILLED,NUMBER_INJURED,PCF_VIOL_CATEGORY,TYPE_OF_COLLISION,PEDESTRIAN_ACCIDENT,BICYCLE_ACCIDENT,MOTORCYCLE_ACCIDENT,COUNT_PED_INJURED,COUNT_BICYCLIST_INJURED,COUNT_MC_INJURED,COUNT_PED_KILLED,COUNT_BICYCLIST_KILLED,COUNT_MC_KILLED,STWD_VEHTYPE_AT_FAULT,COUNTY
92108360,2023-06-21,6,15,3,minor injury,0,1,other than driver or pedestrian,hit object,no,no,no,0,0,0,0,0,0,Not Stated,SAN DIEGO
92108363,2023-06-21,6,1,3,minor injury,0,1,improper turning,hit object,no,no,no,0,0,0,0,0,0,Passenger Car/Station Wagon,LOS ANGELES
92108364,2023-06-24,6,4,6,minor injury,0,1,DUI,hit object,no,no,no,0,0,0,0,0,0,Passenger Car/Station Wagon,FRESNO
92108369,2023-06-22,6,20,4,possible injury,0,1,improper turning,hit object,no,no,no,0,0,0,0,0,0,Passenger Car/Station Wagon,SONOMA
92108377,2023-06-29,6,18,4,minor injury,0,4,unsafe speed,rear end,no,no,no,0,0,0,0,0,0,Passenger Car/Station Wagon,LOS ANGELES
92108379,2023-06-30,6,18,5,possible injury,0,2,DUI,rear end,no,no,no,0,0,0,0,0,0,Passenger Car/Station Wagon,SACRAMENTO
92108382,2023-06-29,6,1,4,possible injury,0,2,unsafe lane change,sideswipe,no,no,no,0,0,0,0,0,0,Truck or Truck Tractor with Trailer,SAN DIEGO
92108383,2023-06-27,6,17,2,possible injury,0,1,DUI,hit object,no,no,no,0,0,0,0,0,0,Passenger Car/Station Wagon,SHASTA
92108384,2023-06-23,6,2,5,possible injury,0,1,DUI,rear end,no,no,no,0,0,0,0,0,0,Pickup or Panel Truck,SANTA CLARA
92108385,2023-06-24,6,15,6,possible injury,0,1,improper turning,hit object,no,no,no,0,0,0,0,0,0,Passenger Car/Station Wagon,COLUSA
92108386,2023-07-01,7,10,6,possible injury,0,2,automobile right of way,broadside,no,no,no,0,0,0,0,0,0,Passenger Car/Station Wagon,MONO
92108387,2023-06-21,6,14,3,possible injury,0,1,improper turning,sideswipe,no,no,no,0,0,0,0,0,0,Not Stated,LOS ANGELES
92108392,2023-06-28,6,22,3,minor injury,0,1,improper turning,broadside,no,yes,no,0,1,0,0,0,0,Bicycle,SACRAMENTO
92108395,2023-06-27,6,9,2,possible injury,0,1,following too closely,rear end,no,no,no,0,0,0,0,0,0,Passenger Car/Station Wagon,ALAMEDA
92108396,2023-06-21,6,17,3,possible injury,0,1,unsafe speed,rear end,no,no,no,0,0,0,0,0,0,Passenger Car/Station Wagon,SAN DIEGO
92108397,2023-07-01,7,13,6,possible injury,0,2,unsafe lane change,sideswipe,no,no,no,0,0,0,0,0,0,Passenger Car/Station Wagon,LOS ANGELES
92108400,2023-06-25,6,15,7,minor injury,0,1,unsafe speed,sideswipe,no,no,yes,0,0,1,0,0,0,Pickup or Panel Truck,YUBA
92108403,2023-06-28,6,8,3,possible injury,0,1,improper turning,hit object,no,no,no,0,0,0,0,0,0,Truck or Truck Tractor with Trailer,SHASTA
92108404,2023-06-24,6,14,6,possible injury,0,1,pedestrian right of way,vehicle/pedestrian,no,no,no,0,0,0,0,0,0,Passenger Car/Station Wagon,CONTRA COSTA
92108405,2023-06-30,6,11,5,possible injury,0,1,improper turning,hit object,no,no,no,0,0,0,0,0,0,Passenger Car/Station Wagon,SHASTA
92108406,2023-06-26,6,6,1,possible injury,0,3,unsafe speed,rear end,no,no,no,0,0,0,0,0,0,Passenger Car/Station Wagon,SACRAMENTO
92108411,2023-06-24,6,1,6,possible injury,0,2,DUI,rear end,no,no,no,0,0,0,0,0,0,Passenger Car/Station Wagon,RIVERSIDE
92108413,2023-06-30,6,18,5,severe injury,0,4,wrong side of road,head-on,no,no,no,0,0,0,0,0,0,Pickup or Panel Truck,SHASTA
92108414,2023-06-21,6,16,3,possible injury,0,1,improper turning,overturned,no,no,yes,0,0,1,0,0,0,Motorcycle/Scooter,SAN DIEGO
92108416,2023-06-24,6,20,6,minor injury,0,1,DUI,rear end,no,no,no,0,0,0,0,0,0,Pickup or Panel Truck,LOS ANGELES
92108418,2023-06-24,6,7,6,possible injury,0,2,unsafe speed,rear end,no,no,no,0,0,0,0,0,0,Pickup or Panel Truck,SAN BERNARDINO
92108420,2023-06-22,6,10,4,possible injury,0,1,unsafe starting or backing,other,no,yes,no,0,1,0,0,0,0,Not Stated,KERN
92108423,2023-06-21,6,16,3,possible injury,0,1,unsafe speed,rear end,no,no,no,0,0,0,0,0,0,Passenger Car/Station Wagon,SAN DIEGO
92108427,2023-06-30,6,12,5,minor injury,0,1,improper turning,hit object,no,no,no,0,0,0,0,0,0,Passenger Car/Station Wagon,SAN BERNARDINO
92108430,2023-06-25,6,2,7,minor injury,0,3,unsafe speed,rear end,no,no,no,0,0,0,0,0,0,Passenger Car/Station Wagon,RIVERSIDE
92108431,2023-06-29,6,19,4,possible injury,0,4,unsafe speed,rear end,no,no,no,0,0,0,0,0,0,Passenger Car/Station Wagon,LOS ANGELES
92108433,2023-06-26,6,7,1,possible injury,0,1,unsafe speed,rear end,no,no,no,0,0,0,0,0,0,Passenger Car/Station Wagon,SAN BERNARDINO
92108434,2023-06-21,6,17,3,possible injury,0,1,unsafe speed,rear end,no,no,no,0,0,0,0,0,0,Pickup or Panel Truck,SAN DIEGO
92108436,2023-06-22,6,6,4,possible injury,0,2,unknown,sideswipe,no,no,no,0,0,0,0,0,0,Not Stated,SAN BERNARDINO
92108439,2023-06-21,6,15,3,possible injury,0,1,improper turning,sideswipe,no,no,no,0,0,0,0,0,0,Passenger Car/Station Wagon,LOS ANGELES
92108441,2023-03-21,3,5,2,fatal injury,1,0,improper turning,hit object,no,no,no,0,0,0,0,0,0,Passenger Car/Station Wagon,SANTA CRUZ
92108442,2023-06-24,6,16,6,severe injury,0,8,unsafe lane change,sideswipe,no,no,no,0,0,0,0,0,0,Passenger Car/Station Wagon,RIVERSIDE
92108443,2023-06-21,6,15,3,possible injury,0,1,unsafe speed,rear end,no,no,no,0,0,0,0,0,0,Passenger Car/Station Wagon,LOS ANGELES
92108450,2023-06-23,6,11,5,possible injury,0,2,unsafe speed,rear end,no,no,no,0,0,0,0,0,0,Passenger Car/Station Wagon,SAN BERNARDINO
92108461,2023-06-25,6,19,7,possible injury,0,2,other than driver or pedestrian,hit object,no,no,no,0,0,0,0,0,0,Not Stated,FRESNO
92108462,2023-06-24,6,3,6,minor injury,0,1,DUI,sideswipe,no,no,no,0,0,0,0,0,0,Passenger Car/Station Wagon,SAN BERNARDINO
92108464,2023-07-02,7,15,7,possible injury,0,1,improper turning,hit object,no,no,no,0,0,0,0,0,0,Passenger Car/Station Wagon,SHASTA
92108467,2023-07-02,7,7,7,possible injury,0,1,DUI,sideswipe,no,no,no,0,0,0,0,0,0,Passenger Car/Station Wagon,RIVERSIDE
92108474,2023-06-29,6,3,4,severe injury,0,1,improper turning,overturned,no,no,no,0,0,0,0,0,0,Passenger Car/Station Wagon,SAN BENITO
92108476,2023-06-17,6,15,6,possible injury,0,1,other than driver or pedestrian,hit object,no,no,no,0,0,0,0,0,0,Not Stated,SAN DIEGO
92108479,2023-06-26,6,12,1,possible injury,0,1,unsafe speed,rear end,no,no,no,0,0,0,0,0,0,Passenger Car/Station Wagon,MONTEREY
92108482,2023-06-25,6,2,7,minor injury,0,2,DUI,hit object,no,no,no,0,0,0,0,0,0,Passenger Car/Station Wagon,SACRAMENTO
92108485,2023-06-25,6,23,7,minor injury,0,1,DUI,broadside,no,no,no,0,0,0,0,0,0,Passenger Car/Station Wagon,VENTURA
92108486,2023-06-20,6,16,2,possible injury,0,1,unsafe speed,rear end,no,no,no,0,0,0,0,0,0,Passenger Car/Station Wagon,SANTA CLARA
92108491,2023-06-29,6,4,4,minor injury,0,2,improper turning,hit object,no,no,no,0,0,0,0,0,0,Passenger Car/Station Wagon,SACRAMENTO
92108498,2023-07-02,7,7,7,minor injury,0,1,DUI,hit object,no,no,no,0,0,0,0,0,0,Passenger Car/Station Wagon,STANISLAUS
92108500,2023-06-26,6,16,1,possible injury,0,2,unsafe speed,rear end,no,no,no,0,0,0,0,0,0,Passenger Car/Station Wagon,MONTEREY
92108508,2023-06-22,6,16,4,possible injury,0,1,unsafe speed,sideswipe,no,no,no,0,0,0,0,0,0,Passenger Car/Station Wagon,STANISLAUS
92108509,2023-06-24,6,14,6,possible injury,0,1,improper turning,hit object,no,no,no,0,0,0,0,0,0,Passenger Car/Station Wagon,KERN
92108510,2023-06-21,6,7,3,minor injury,0,1,unsafe speed,rear end,no,no,no,0,0,0,0,0,0,Truck or Truck Tractor with Trailer,SANTA CLARA
92108511,2023-06-18,6,16,7,possible injury,0,1,improper turning,hit object,no,no,no,0,0,0,0,0,0,Passenger Car/Station Wagon,EL DORADO
92108519,2023-06-21,6,23,3,minor injury,0,1,unsafe speed,hit object,no,no,no,0,0,0,0,0,0,Pickup or Panel Truck,SANTA CLARA
92108521,2023-06-23,6,23,5,possible injury,0,1,wrong side of road,sideswipe,no,no,no,0,0,0,0,0,0,Passenger Car/Station Wagon,ALAMEDA
92108522,2023-06-16,6,6,5,severe injury,0,1,pedestrian violation,sideswipe,yes,no,no,1,0,0,0,0,0,Pedestrian,SAN JOAQUIN
92108525,2023-06-24,6,21,6,minor injury,0,1,DUI,rear end,no,no,no,0,0,0,0,0,0,Passenger Car/Station Wagon,TULARE
92108526,2023-06-21,6,23,3,possible injury,0,3,improper turning,broadside,no,no,no,0,0,0,0,0,0,Passenger Car/Station Wagon,SANTA CLARA
92108530,2023-06-28,6,9,3,possible injury,0,1,improper turning,hit object,no,no,no,0,0,0,0,0,0,Passenger Car/Station Wagon,FRESNO
92108533,2023-06-27,6,19,2,severe injury,0,1,improper turning,hit object,no,no,no,0,0,0,0,0,0,Passenger Car/Station Wagon,SAN LUIS OBISPO
92108536,2023-06-29,6,10,4,possible injury,0,1,traffic signs,vehicle/pedestrian,yes,no,no,1,0,0,0,0,0,Not Stated,SACRAMENTO
92108537,2023-06-24,6,20,6,minor injury,0,2,DUI,broadside,no,no,no,0,0,0,0,0,0,Passenger Car/Station Wagon,MERCED
92108541,2023-06-27,6,8,2,possible injury,0,1,automobile right of way,broadside,no,yes,no,0,1,0,0,0,0,Passenger Car/Station Wagon,VENTURA
92108543,2023-06-29,6,12,4,minor injury,0,2,unsafe speed,rear end,no,no,no,0,0,0,0,0,0,Passenger Car/Station Wagon,YUBA
92108544,2023-06-29,6,12,4,minor injury,0,1,unsafe speed,rear end,no,no,no,0,0,0,0,0,0,Pickup or Panel Truck,YUBA
92108545,2023-06-24,6,11,6,possible injury,0,2,unsafe speed,rear end,no,no,no,0,0,0,0,0,0,Passenger Car/Station Wagon,SACRAMENTO
92108547,2023-06-25,6,12,7,possible injury,0,1,unsafe speed,rear end,no,no,no,0,0,0,0,0,0,Passenger Car/Station Wagon,ORANGE
92108554,2023-06-21,6,18,3,possible injury,0,4,unsafe speed,head-on,no,no,no,0,0,0,0,0,0,Passenger Car/Station Wagon,SANTA CLARA
92108555,2023-06-28,6,12,3,possible injury,0,1,unsafe speed,rear end,no,no,no,0,0,0,0,0,0,Passenger Car/Station Wagon,ALAMEDA
92108556,2023-06-26,6,13,1,minor injury,0,2,unsafe speed,rear end,no,no,no,0,0,0,0,0,0,Truck or Truck Tractor,SAN BERNARDINO
92108558,2023-06-24,6,2,6,severe injury,0,1,unsafe speed,rear end,no,no,no,0,0,0,0,0,0,Not Stated,KERN
92108559,2023-06-30,6,14,5,possible injury,0,1,improper turning,hit object,no,no,no,0,0,0,0,0,0,Passenger Car/Station Wagon,SACRAMENTO
92108562,2023-06-26,6,0,1,possible injury,0,1,unsafe speed,rear end,no,no,no,0,0,0,0,0,0,Passenger Car/Station Wagon,MERCED
92108567,2023-06-30,6,13,5,minor injury,0,1,wrong side of road,broadside,no,yes,no,0,1,0,0,0,0,Bicycle,PLACER
92108570,2023-06-26,6,6,1,possible injury,0,1,improper turning,hit object,no,no,no,0,0,0,0,0,0,Passenger Car/Station Wagon,MERCED
92108576,2023-06-22,6,18,4,minor injury,0,1,unsafe speed,rear end,no,no,no,0,0,0,0,0,0,Passenger Car/Station Wagon,SANTA CLARA
92108577,2023-06-29,6,16,4,possible injury,0,2,unsafe speed,rear end,no,no,no,0,0,0,0,0,0,Pickup or Panel Truck,LOS ANGELES
92108582,2023-06-04,6,19,7,severe injury,0,1,unsafe speed,head-on,yes,yes,no,1,0,0,0,0,0,Bicycle,LOS ANGELES
92108585,2023-06-21,6,21,3,minor injury,0,1,improper turning,other,no,no,no,0,0,0,0,0,0,Passenger Car/Station Wagon,SAN DIEGO
92108586,2023-06-23,6,10,5,minor injury,0,1,unsafe speed,rear end,no,no,no,0,0,0,0,0,0,Passenger Car/Station Wagon,SANTA CLARA
92108596,2023-06-25,6,22,7,possible injury,0,2,unsafe lane change,sideswipe,no,no,no,0,0,0,0,0,0,Not Stated,LOS ANGELES
92108600,2023-06-23,6,14,5,possible injury,0,1,unsafe speed,rear end,no,no,no,0,0,0,0,0,0,Passenger Car/Station Wagon,SAN JOAQUIN
92108607,2023-06-27,6,11,2,possible injury,0,1,unsafe speed,rear end,no,no,no,0,0,0,0,0,0,Passenger Car/Station Wagon,SAN BERNARDINO
92108610,2023-06-23,6,13,5,possible injury,0,1,unsafe speed,rear end,no,no,no,0,0,0,0,0,0,Truck or Truck Tractor with Trailer,ALAMEDA
92108612,2023-06-28,6,14,3,possible injury,0,1,improper turning,sideswipe,no,no,no,0,0,0,0,0,0,Passenger Car/Station Wagon,TULARE
92108616,2023-06-26,6,20,1,possible injury,0,1,traffic signs,broadside,no,no,no,0,0,0,0,0,0,Passenger Car/Station Wagon,FRESNO
92108617,2023-06-30,6,13,5,minor injury,0,1,automobile right of way,broadside,no,no,no,0,0,0,0,0,0,Passenger Car/Station Wagon,LOS ANGELES
92108618,2023-06-29,6,8,4,possible injury,0,1,unsafe lane change,sideswipe,no,no,no,0,0,0,0,0,0,Truck or Truck Tractor with Trailer,SAN BERNARDINO
92108628,2023-06-23,6,22,5,possible injury,0,1,improper turning,overturned,no,no,no,0,0,0,0,0,0,Truck or Truck Tractor,SAN JOAQUIN
92108631,2023-06-30,6,11,5,minor injury,0,1,unsafe speed,rear end,no,no,no,0,0,0,0,0,0,Passenger Car/Station Wagon,SANTA CLARA
92108632,2023-06-25,6,7,7,possible injury,0,1,automobile right of way,head-on,no,no,no,0,0,0,0,0,0,Passenger Car/Station Wagon,ALAMEDA
92108636,2023-05-14,5,4,7,possible injury,0,1,DUI,head-on,no,no,no,0,0,0,0,0,0,Passenger Car/Station Wagon,SACRAMENTO
92108639,2023-06-23,6,14,5,severe injury,0,1,unsafe speed,hit object,no,no,no,0,0,0,0,0,0,Passenger Car/Station Wagon,EL DORADO
92108640,2023-06-30,6,8,5,minor injury,0,3,unsafe speed,rear end,no,no,no,0,0,0,0,0,0,Pickup or Panel Truck,SAN DIEGO
92108641,2023-06-30,6,15,5,minor injury,0,1,unsafe speed,rear end,no,no,no,0,0,0,0,0,0,Passenger Car/Station Wagon,SANTA CLARA
92108645,2023-06-27,6,17,2,minor injury,0,2,traffic signs,sideswipe,no,no,no,0,0,0,0,0,0,Pickup or Panel Truck,KERN
92108647,2023-06-23,6,17,5,minor injury,0,1,automobile right of way,head-on,no,no,no,0,0,0,0,0,0,Not Stated,SONOMA
92108653,2023-06-28,6,5,3,possible injury,0,1,unsafe speed,hit object,no,no,no,0,0,0,0,0,0,Passenger Car/Station Wagon,MONTEREY
92108656,2023-06-17,6,7,6,minor injury,0,1,improper turning,hit object,no,no,no,0,0,0,0,0,0,Passenger Car/Station Wagon,SAN JOAQUIN
92108658,2023-06-20,6,20,2,possible injury,0,1,DUI,hit object,no,no,no,0,0,0,0,0,0,Passenger Car/Station Wagon,SAN JOAQUIN
92108659,2023-06-28,6,9,3,possible injury,0,1,unsafe speed,rear end,no,no,no,0,0,0,0,0,0,Truck or Truck Tractor with Trailer,SAN BERNARDINO
92108665,2023-06-30,6,16,5,possible injury,0,2,unsafe speed,rear end,no,no,no,0,0,0,0,0,0,Passenger Car/Station Wagon,SAN BENITO
92108672,2023-07-01,7,11,6,minor injury,0,2,improper turning,hit object,no,no,no,0,0,0,0,0,0,Not Stated,FRESNO
92108677,2023-06-25,6,17,7,minor injury,0,3,unsafe lane change,broadside,no,no,no,0,0,0,0,0,0,Passenger Car/Station Wagon,SAN JOAQUIN
92108679,2023-06-28,6,11,3,possible injury,0,1,unsafe speed,rear end,no,no,no,0,0,0,0,0,0,Not Stated,MONTEREY
92108680,2023-06-20,6,10,2,minor injury,0,3,improper turning,broadside,no,no,no,0,0,0,0,0,0,Passenger Car/Station Wagon,CONTRA COSTA
92108681,2023-06-17,6,16,6,minor injury,0,1,improper turning,overturned,no,no,no,0,0,0,0,0,0,Passenger Car/Station Wagon,SONOMA
92108684,2023-06-23,6,22,5,minor injury,0,1,DUI,hit object,no,no,no,0,0,0,0,0,0,Passenger Car/Station Wagon,SANTA CLARA
92108693,2023-06-29,6,9,4,possible injury,0,1,traffic signs,sideswipe,no,no,no,0,0,0,0,0,0,Passenger Car/Station Wagon,CONTRA COSTA
92108701,2023-06-30,6,18,5,possible injury,0,3,unsafe speed,rear end,no,no,no,0,0,0,0,0,0,Passenger Car/Station Wagon,SANTA CLARA
92108703,2023-06-30,6,0,5,minor injury,0,1,improper turning,hit object,no,no,no,0,0,0,0,0,0,Passenger Car/Station Wagon,CONTRA COSTA
92108706,2023-06-25,6,11,7,minor injury,0,4,unsafe speed,rear end,no,no,no,0,0,0,0,0,0,Passenger Car/Station Wagon,RIVERSIDE
92108707,2023-07-02,7,11,7,possible injury,0,1,improper turning,sideswipe,no,no,yes,0,0,1,0,0,0,Motorcycle/Scooter,SAN DIEGO
92108711,2023-06-24,6,19,6,possible injury,0,1,improper turning,hit object,no,no,no,0,0,0,0,0,0,Passenger Car/Station Wagon,SAN DIEGO
92108713,2023-06-15,6,3,4,minor injury,0,1,DUI,hit object,no,no,no,0,0,0,0,0,0,Passenger Car/Station Wagon,CONTRA COSTA
92108715,2023-06-21,6,18,3,severe injury,0,1,DUI,overturned,no,no,no,0,0,0,0,0,0,Passenger Car/Station Wagon,SAN BERNARDINO
92108720,2023-06-25,6,15,7,minor injury,0,4,unsafe speed,rear end,no,no,no,0,0,0,0,0,0,Passenger Car/Station Wagon,SAN DIEGO
92108721,2023-05-10,5,16,3,possible injury,0,3,DUI,rear end,no,no,no,0,0,0,0,0,0,Passenger Car/Station Wagon,LOS ANGELES
92108722,2023-06-21,6,15,3,minor injury,0,1,improper turning,sideswipe,no,no,no,0,0,0,0,0,0,Passenger Car/Station Wagon,CONTRA COSTA
92108723,2023-06-17,6,20,6,possible injury,0,2,improper turning,hit object,no,no,no,0,0,0,0,0,0,Passenger Car/Station Wagon,SAN FRANCISCO
92108730,2023-06-25,6,12,7,possible injury,0,2,automobile right of way,broadside,no,no,no,0,0,0,0,0,0,Passenger Car/Station Wagon,FRESNO
92108735,2023-06-30,6,18,5,possible injury,0,1,unsafe speed,rear end,no,no,no,0,0,0,0,0,0,Passenger Car/Station Wagon,FRESNO
92108736,2023-06-22,6,19,4,possible injury,0,2,unsafe lane change,sideswipe,no,no,no,0,0,0,0,0,0,Not Stated,ALAMEDA
92108738,2023-06-30,6,7,5,possible injury,0,1,unsafe speed,rear end,no,no,no,0,0,0,0,0,0,Passenger Car/Station Wagon,CONTRA COSTA
92108740,2023-07-01,7,0,6,possible injury,0,1,unsafe lane change,rear end,no,no,no,0,0,0,0,0,0,Passenger Car/Station Wagon,SAN BENITO
92108741,2023-06-24,6,23,6,minor injury,0,1,DUI,hit object,no,no,no,0,0,0,0,0,0,Passenger Car/Station Wagon,SAN LUIS OBISPO
92108745,2023-06-27,6,17,2,possible injury,0,1,unsafe speed,rear end,no,no,no,0,0,0,0,0,0,Pickup or Panel Truck,MONTEREY
92108748,2023-06-27,6,18,2,possible injury,0,1,automobile right of way,head-on,no,no,no,0,0,0,0,0,0,Passenger Car/Station Wagon,MONTEREY
92108750,2023-06-22,6,16,4,minor injury,0,1,DUI,hit object,no,no,no,0,0,0,0,0,0,Passenger Car/Station Wagon,SAN BERNARDINO
92108753,2023-06-22,6,7,4,possible injury,0,1,unsafe speed,rear end,no,no,no,0,0,0,0,0,0,Passenger Car/Station Wagon,RIVERSIDE
92108754,2023-06-06,6,20,2,minor injury,0,1,DUI,hit object,no,no,no,0,0,0,0,0,0,Passenger Car/Station Wagon,SAN DIEGO
92108761,2023-06-28,6,13,3,minor injury,0,2,automobile right of way,broadside,no,no,no,0,0,0,0,0,0,Passenger Car/Station Wagon,MONTEREY
92108762,2023-06-24,6,22,6,possible injury,0,1,unsafe speed,sideswipe,no,no,no,0,0,0,0,0,0,Passenger Car/Station Wagon,FRESNO
92108764,2023-06-23,6,14,5,minor injury,0,1,improper turning,hit object,no,no,no,0,0,0,0,0,0,Passenger Car/Station Wagon,MONTEREY
92108774,2023-06-28,6,7,3,possible injury,0,1,unsafe speed,rear end,no,no,no,0,0,0,0,0,0,Passenger Car/Station Wagon,ORANGE
92108776,2023-06-23,6,14,5,possible injury,0,1,automobile right of way,broadside,no,no,no,0,0,0,0,0,0,Passenger Car/Station Wagon,SACRAMENTO
92108777,2023-06-30,6,16,5,possible injury,0,4,unsafe speed,rear end,no,no,no,0,0,0,0,0,0,Pickup or Panel Truck,MERCED
92108778,2023-06-24,6,10,6,possible injury,0,1,unsafe speed,rear end,no,no,no,0,0,0,0,0,0,Passenger Car/Station Wagon,ORANGE
92108780,2023-06-25,6,19,7,severe injury,0,1,DUI,overturned,no,no,no,0,0,0,0,0,0,Passenger Car/Station Wagon,KERN
92108783,2023-06-29,6,16,4,severe injury,0,2,unsafe speed,rear end,no,no,no,0,0,0,0,0,0,Passenger Car/Station Wagon,MONTEREY
92108790,2023-06-30,6,18,5,minor injury,0,1,improper turning,overturned,no,no,yes,0,0,1,0,0,0,Motorcycle/Scooter,CALAVERAS
92108793,2023-06-29,6,10,4,possible injury,0,1,unsafe speed,rear end,no,no,no,0,0,0,0,0,0,Passenger Car/Station Wagon,ORANGE
92108794,2023-07-02,7,2,7,possible injury,0,3,unsafe speed,rear end,no,no,no,0,0,0,0,0,0,Passenger Car/Station Wagon,SAN BERNARDINO
92108799,2023-06-23,6,14,5,minor injury,0,1,automobile right of way,broadside,no,no,no,0,0,0,0,0,0,Passenger Car/Station Wagon,ALAMEDA
92108802,2023-06-22,6,10,4,possible injury,0,1,other than driver or pedestrian,hit object,no,no,no,0,0,0,0,0,0,Not Stated,SAN FRANCISCO
92108805,2023-06-23,6,14,5,minor injury,0,6,improper turning,broadside,no,no,no,0,0,0,0,0,0,Truck or Truck Tractor,KERN
92108806,2023-06-22,6,15,4,possible injury,0,1,unsafe speed,rear end,no,no,yes,0,0,1,0,0,0,Motorcycle/Scooter,SAN DIEGO
92108815,2023-07-02,7,10,7,minor injury,0,1,improper turning,overturned,no,no,no,0,0,0,0,0,0,Pickup or Panel Truck,SANTA CLARA
92108816,2023-06-24,6,1,6,minor injury,0,1,DUI,hit object,no,no,no,0,0,0,0,0,0,Passenger Car/Station Wagon,KERN
92108817,2023-06-21,6,18,3,minor injury,0,1,unsafe speed,overturned,no,no,yes,0,0,1,0,0,0,Motorcycle/Scooter,CONTRA COSTA
92108819,2023-06-21,6,11,3,possible injury,0,1,traffic signs,broadside,no,no,no,0,0,0,0,0,0,Truck or Truck Tractor,LOS ANGELES
92108820,2023-07-01,7,14,6,possible injury,0,1,unsafe speed,rear end,no,no,no,0,0,0,0,0,0,Passenger Car/Station Wagon,FRESNO
92108823,2023-07-02,7,5,7,minor injury,0,1,improper turning,hit object,no,no,no,0,0,0,0,0,0,Pickup or Panel Truck,FRESNO
92108829,2023-06-27,6,20,2,severe injury,0,5,unsafe speed,hit object,no,no,no,0,0,0,0,0,0,Not Stated,NEVADA
92108831,2023-06-22,6,6,4,possible injury,0,2,unsafe speed,rear end,no,no,no,0,0,0,0,0,0,Passenger Car/Station Wagon,SAN DIEGO
92108835,2023-06-30,6,15,5,minor injury,0,1,improper turning,overturned,no,no,no,0,0,0,0,0,0,Passenger Car/Station Wagon,FRESNO
92108840,2023-06-21,6,16,3,minor injury,0,2,automobile right of way,broadside,no,no,yes,0,0,1,0,0,0,Passenger Car/Station Wagon,SAN DIEGO
92108841,2023-06-22,6,4,4,severe injury,0,2,unsafe speed,rear end,no,no,no,0,0,0,0,0,0,Not Stated,SAN DIEGO
92108850,2023-06-24,6,20,6,minor injury,0,1,unknown,sideswipe,no,yes,no,0,1,0,0,0,0,Not Stated,SANTA CRUZ
92108853,2023-06-29,6,17,4,minor injury,0,1,unsafe speed,rear end,no,no,no,0,0,0,0,0,0,Passenger Car/Station Wagon,TULARE
92108855,2023-06-22,6,5,4,minor injury,0,1,unsafe speed,rear end,no,no,yes,0,0,1,0,0,0,Motorcycle/Scooter,SAN DIEGO
92108862,2023-05-20,5,0,6,minor injury,0,2,unsafe speed,rear end,no,no,yes,0,0,2,0,0,0,Not Stated,LOS ANGELES
92108867,2023-06-26,6,20,1,possible injury,0,1,improper turning,hit object,no,no,no,0,0,0,0,0,0,Pickup or Panel Truck,FRESNO
92108876,2023-06-27,6,8,2,possible injury,0,1,improper turning,hit object,no,no,no,0,0,0,0,0,0,Passenger Car/Station Wagon,ALAMEDA
92108877,2023-06-29,6,14,4,possible injury,0,1,improper turning,sideswipe,no,no,no,0,0,0,0,0,0,Passenger Car/Station Wagon,SAN BERNARDINO
92108881,2023-06-24,6,11,6,minor injury,0,1,unsafe speed,rear end,no,no,no,0,0,0,0,0,0,Passenger Car/Station Wagon,ALAMEDA
92108889,2023-06-29,6,21,4,minor injury,0,1,DUI,broadside,no,no,no,0,0,0,0,0,0,Passenger Car/Station Wagon,EL DORADO
92108893,2023-06-10,6,15,6,possible injury,0,1,unsafe speed,rear end,no,no,no,0,0,0,0,0,0,Passenger Car/Station Wagon,LOS ANGELES
92108895,2023-06-28,6,19,3,minor injury,0,3,unsafe starting or backing,other,no,no,no,0,0,0,0,0,0,Pickup or Panel Truck,NEVADA
92108897,2023-06-30,6,15,5,possible injury,0,1,improper turning,hit object,no,no,no,0,0,0,0,0,0,Passenger Car/Station Wagon,NEVADA
92108900,2023-06-28,6,16,3,possible injury,0,1,unsafe speed,rear end,no,no,no,0,0,0,0,0,0,Passenger Car/Station Wagon,SACRAMENTO
92108901,2023-06-15,6,20,4,minor injury,0,2,DUI,rear end,no,no,no,0,0,0,0,0,0,Passenger Car/Station Wagon,LOS ANGELES
92108904,2023-06-29,6,17,4,possible injury,0,2,unsafe speed,rear end,no,no,no,0,0,0,0,0,0,Passenger Car/Station Wagon,SOLANO
92108906,2023-06-27,6,14,2,minor injury,0,1,unsafe speed,rear end,no,no,no,0,0,0,0,0,0,Passenger Car/Station Wagon,LOS ANGELES
92108908,2023-06-21,6,13,3,possible injury,0,1,unsafe speed,rear end,no,no,no,0,0,0,0,0,0,Passenger Car/Station Wagon,LOS ANGELES
92108911,2023-06-26,6,0,1,minor injury,0,1,improper turning,hit object,no,no,no,0,0,0,0,0,0,Passenger Car/Station Wagon,SAN DIEGO
92108912,2023-06-25,6,18,7,possible injury,0,1,unknown,sideswipe,no,no,no,0,0,0,0,0,0,Not Stated,MERCED
92108916,2023-06-26,6,6,1,possible injury,0,1,unsafe speed,rear end,no,no,no,0,0,0,0,0,0,Truck or Truck Tractor,SANTA BARBARA
92108918,2023-06-16,6,16,5,possible injury,0,1,improper turning,sideswipe,no,no,no,0,0,0,0,0,0,Pickup or Panel Truck,SAN BERNARDINO