CASE_ID,COLLISION_DATE,MONTH,HOUR,DAY_OF_WEEK,COLLISION_SEVERITY,NUMBER_KILLED,NUMBER_INJURED,PCF_VIOL_CATEGORY,TYPE_OF_COLLISION,PEDESTRIAN_ACCIDENT,BICYCLE_ACCIDENT,MOTORCYCLE_ACCIDENT,COUNT_PED_INJURED,COUNT_BICYCLIST_INJURED,COUNT_MC_INJURED,COUNT_PED_KILLED,COUNT_BICYCLIST_KILLED,COUNT_MC_KILLED,STWD_VEHTYPE_AT_FAULT,COUNTY
92108920,2023-06-26,6,18,1,possible injury,0,1,unsafe speed,rear end,no,no,no,0,0,0,0,0,0,Passenger Car/Station Wagon,SAN BERNARDINO
92108923,2023-05-28,5,17,7,fatal injury,1,0,DUI,hit object,no,no,no,0,0,0,0,0,0,Pickup or Panel Truck,AMADOR
92108932,2023-07-01,7,20,6,possible injury,0,1,improper turning,hit object,no,no,no,0,0,0,0,0,0,Passenger Car/Station Wagon,SAN BERNARDINO
92108936,2023-06-26,6,7,1,possible injury,0,3,unsafe speed,rear end,no,no,yes,0,0,2,0,0,0,Motorcycle/Scooter,LOS ANGELES
92108937,2023-06-30,6,11,5,possible injury,0,2,unsafe speed,rear end,no,no,no,0,0,0,0,0,0,Passenger Car/Station Wagon,SAN BERNARDINO
92108946,2023-06-21,6,16,3,possible injury,0,1,unsafe speed,rear end,no,no,no,0,0,0,0,0,0,Pickup or Panel Truck,LOS ANGELES
92108947,2023-06-21,6,12,3,possible injury,0,2,unsafe speed,rear end,no,no,no,0,0,0,0,0,0,Passenger Car/Station Wagon,LOS ANGELES
92108951,2023-06-21,6,15,3,minor injury,0,1,improper turning,sideswipe,no,no,yes,0,0,1,0,0,0,Motorcycle/Scooter,LOS ANGELES
92108956,2023-06-22,6,15,4,minor injury,0,2,traffic signs,broadside,no,no,no,0,0,0,0,0,0,Not Stated,LOS ANGELES
92108957,2023-06-21,6,17,3,possible injury,0,1,wrong side of road,broadside,no,no,no,0,0,0,0,0,0,Passenger Car/Station Wagon,LOS ANGELES
92108959,2023-06-21,6,17,3,minor injury,0,1,other than driver or pedestrian,hit object,no,no,no,0,0,0,0,0,0,Not Stated,LOS ANGELES
92108961,2023-06-21,6,16,3,severe injury,0,1,improper turning,rear end,no,no,yes,0,0,1,0,0,0,Motorcycle/Scooter,RIVERSIDE
92108962,2023-06-22,6,16,4,possible injury,0,1,unsafe speed,rear end,no,no,no,0,0,0,0,0,0,Passenger Car/Station Wagon,LOS ANGELES
92108964,2023-06-21,6,21,3,minor injury,0,1,unsafe speed,rear end,no,no,yes,0,0,1,0,0,0,Passenger Car/Station Wagon,LOS ANGELES
92108966,2023-06-21,6,19,3,minor injury,0,1,improper turning,overturned,no,no,yes,0,0,1,0,0,0,Motorcycle/Scooter,LOS ANGELES
92109274,2023-06-30,6,20,5,possible injury,0,1,improper turning,sideswipe,no,no,no,0,0,0,0,0,0,Passenger Car/Station Wagon,LOS ANGELES
92109275,2023-06-22,6,16,4,possible injury,0,2,unsafe speed,rear end,no,no,no,0,0,0,0,0,0,Passenger Car/Station Wagon,LOS ANGELES
92109276,2023-06-30,6,7,5,possible injury,0,4,unsafe speed,rear end,no,no,no,0,0,0,0,0,0,Passenger Car/Station Wagon,LOS ANGELES
92109279,2023-07-01,7,11,6,possible injury,0,1,improper turning,hit object,no,no,no,0,0,0,0,0,0,Pickup or Panel Truck,LOS ANGELES
92109280,2023-06-22,6,13,4,possible injury,0,1,improper turning,hit object,no,no,no,0,0,0,0,0,0,Pickup or Panel Truck,SANTA CLARA
92109281,2023-06-23,6,9,5,possible injury,0,3,unsafe speed,rear end,no,no,no,0,0,0,0,0,0,Pickup or Panel Truck,SANTA CLARA
92109285,2023-06-30,6,11,5,possible injury,0,1,automobile right of way,broadside,no,no,no,0,0,0,0,0,0,Passenger Car/Station Wagon,LOS ANGELES
92109291,2023-06-23,6,16,5,severe injury,0,1,wrong side of road,head-on,no,no,yes,0,0,1,0,0,0,Motorcycle/Scooter,SANTA CRUZ
92109292,2023-06-23,6,18,5,severe injury,0,1,DUI,hit object,no,no,yes,0,0,1,0,0,0,Motorcycle/Scooter,YUBA
92109294,2023-06-26,6,13,1,minor injury,0,5,unsafe speed,rear end,no,no,no,0,0,0,0,0,0,Truck or Truck Tractor with Trailer,SAN JOAQUIN
92109295,2023-06-30,6,15,5,minor injury,0,2,improper turning,rear end,no,no,no,0,0,0,0,0,0,Passenger Car/Station Wagon,SAN BERNARDINO
92109296,2023-06-25,6,16,7,minor injury,0,2,improper turning,hit object,no,no,no,0,0,0,0,0,0,Passenger Car/Station Wagon,SANTA CRUZ
92109297,2023-06-29,6,21,4,possible injury,0,1,improper turning,sideswipe,no,no,no,0,0,0,0,0,0,Passenger Car/Station Wagon,SAN JOAQUIN
92109298,2023-04-29,4,0,6,fatal injury,1,0,pedestrian violation,vehicle/pedestrian,yes,no,no,0,0,0,1,0,0,Pedestrian,KERN
92109300,2023-06-26,6,18,1,possible injury,0,1,pedestrian right of way,vehicle/pedestrian,yes,no,no,1,0,0,0,0,0,Passenger Car/Station Wagon,SANTA CRUZ
92109301,2023-06-25,6,23,7,minor injury,0,1,DUI,hit object,no,no,no,0,0,0,0,0,0,Passenger Car/Station Wagon,SAN FRANCISCO
92109305,2023-06-30,6,6,5,minor injury,0,1,automobile right of way,broadside,no,no,no,0,0,0,0,0,0,Pickup or Panel Truck with Trailer,SAN JOAQUIN
92109306,2023-06-30,6,9,5,possible injury,0,1,traffic signs,broadside,no,no,no,0,0,0,0,0,0,Pickup or Panel Truck,SAN JOAQUIN
92109311,2023-07-02,7,1,7,possible injury,0,1,improper turning,rear end,no,no,no,0,0,0,0,0,0,Passenger Car/Station Wagon,LOS ANGELES
92109315,2023-06-25,6,17,7,severe injury,0,3,improper turning,hit object,no,no,no,0,0,0,0,0,0,Passenger Car/Station Wagon,CALAVERAS
92109316,2023-07-02,7,18,7,minor injury,0,1,unsafe lane change,sideswipe,no,no,no,0,0,0,0,0,0,Not Stated,LOS ANGELES
92109320,2023-05-24,5,18,3,severe injury,0,4,traffic signs,broadside,no,no,no,0,0,0,0,0,0,Not Stated,SACRAMENTO
92109321,2023-06-26,6,10,1,possible injury,0,1,unsafe speed,rear end,no,no,no,0,0,0,0,0,0,Pickup or Panel Truck,LOS ANGELES
92109322,2023-06-23,6,4,5,minor injury,0,1,improper turning,overturned,no,no,no,0,0,0,0,0,0,Passenger Car/Station Wagon,STANISLAUS
92109323,2023-07-01,7,12,6,minor injury,0,1,improper turning,hit object,no,no,no,0,0,0,0,0,0,Passenger Car/Station Wagon,SAN JOAQUIN
92109325,2023-06-24,6,14,6,possible injury,0,1,DUI,hit object,no,no,no,0,0,0,0,0,0,Passenger Car/Station Wagon,STANISLAUS
92109332,2023-06-29,6,17,4,possible injury,0,1,pedestrian violation,head-on,no,yes,no,0,1,0,0,0,0,Bicycle,LOS ANGELES
92109333,2023-06-29,6,11,4,possible injury,0,4,unsafe speed,rear end,no,no,no,0,0,0,0,0,0,Passenger Car/Station Wagon,SANTA CRUZ
92109336,2023-06-29,6,11,4,minor injury,0,2,unsafe speed,rear end,no,no,no,0,0,0,0,0,0,Passenger Car/Station Wagon,ALAMEDA
92109338,2023-05-01,5,2,1,minor injury,0,2,wrong side of road,sideswipe,no,no,no,0,0,0,0,0,0,Passenger Car/Station Wagon,SACRAMENTO
92109340,2023-06-03,6,13,6,severe injury,0,2,wrong side of road,sideswipe,no,no,yes,0,0,1,0,0,0,Motorcycle/Scooter,LOS ANGELES
92109345,2023-06-26,6,15,1,possible injury,0,1,unsafe speed,rear end,no,no,no,0,0,0,0,0,0,Not Stated,LOS ANGELES
92109348,2023-06-28,6,17,3,possible injury,0,1,improper turning,hit object,no,no,no,0,0,0,0,0,0,Not Stated,LOS ANGELES
92109349,2023-06-27,6,18,2,possible injury,0,1,unsafe speed,rear end,no,no,no,0,0,0,0,0,0,Passenger Car/Station Wagon,SONOMA
92109352,2023-06-27,6,15,2,severe injury,0,1,DUI,rear end,no,no,no,0,0,0,0,0,0,Passenger Car/Station Wagon,SACRAMENTO
92109354,2023-06-26,6,3,1,severe injury,0,1,DUI,sideswipe,no,no,no,0,0,0,0,0,0,Passenger Car/Station Wagon,ALAMEDA
92109358,2023-07-03,7,7,1,possible injury,0,1,unsafe lane change,rear end,no,no,no,0,0,0,0,0,0,Not Stated,SAN JOAQUIN
92109360,2023-06-26,6,14,1,minor injury,0,2,improper turning,overturned,no,no,yes,0,0,2,0,0,0,Motorcycle/Scooter,TEHAMA
92109365,2023-07-02,7,15,7,minor injury,0,3,unsafe speed,rear end,no,no,no,0,0,0,0,0,0,Passenger Car/Station Wagon,SAN BERNARDINO
92109372,2023-06-23,6,11,5,possible injury,0,3,unsafe speed,rear end,no,no,no,0,0,0,0,0,0,Passenger Car/Station Wagon,SAN MATEO
92109373,2023-06-28,6,16,3,minor injury,0,2,improper turning,overturned,no,no,no,0,0,0,0,0,0,Passenger Car/Station Wagon,TEHAMA
92109374,2023-06-29,6,11,4,minor injury,0,2,improper turning,overturned,no,no,no,0,0,0,0,0,0,Passenger Car/Station Wagon,SONOMA
92109375,2023-06-17,6,0,6,minor injury,0,3,DUI,rear end,no,no,no,0,0,0,0,0,0,Passenger Car/Station Wagon,PLACER
92109376,2023-07-03,7,16,1,minor injury,0,3,automobile right of way,broadside,no,no,no,0,0,0,0,0,0,Passenger Car/Station Wagon,SAN JOAQUIN
92109379,2023-06-23,6,17,5,possible injury,0,1,unsafe speed,rear end,no,no,no,0,0,0,0,0,0,Passenger Car/Station Wagon,PLACER
92109383,2023-06-30,6,9,5,possible injury,0,2,unsafe lane change,sideswipe,no,no,no,0,0,0,0,0,0,Passenger Car/Station Wagon,SONOMA
92109387,2023-06-24,6,15,6,severe injury,0,3,DUI,rear end,no,no,no,0,0,0,0,0,0,Pickup or Panel Truck,TEHAMA
92109396,2023-06-23,6,13,5,severe injury,0,2,other than driver or pedestrian,hit object,no,no,yes,0,0,2,0,0,0,Not Stated,AMADOR
92109399,2023-06-25,6,18,7,possible injury,0,1,unsafe lane change,sideswipe,no,no,no,0,0,0,0,0,0,Passenger Car/Station Wagon,STANISLAUS
92109402,2023-06-25,6,8,7,severe injury,0,1,DUI,overturned,no,no,no,0,0,0,0,0,0,Pickup or Panel Truck,HUMBOLDT
92109403,2023-06-23,6,15,5,possible injury,0,3,automobile right of way,broadside,no,no,no,0,0,0,0,0,0,Passenger Car/Station Wagon,RIVERSIDE
92109404,2023-06-23,6,23,5,possible injury,0,1,other than driver or pedestrian,hit object,no,no,no,0,0,0,0,0,0,Not Stated,RIVERSIDE
92109406,2023-06-24,6,15,6,minor injury,0,2,automobile right of way,broadside,no,no,no,0,0,0,0,0,0,Passenger Car/Station Wagon,RIVERSIDE
92109498,2023-06-08,6,6,4,possible injury,0,1,unsafe speed,sideswipe,no,no,yes,0,0,1,0,0,0,Motorcycle/Scooter,ORANGE
92109500,2023-06-29,6,6,4,possible injury,0,3,unsafe speed,rear end,no,no,no,0,0,0,0,0,0,Pickup or Panel Truck,SAN FRANCISCO
92109501,2023-06-23,6,20,5,minor injury,0,1,DUI,rear end,no,no,no,0,0,0,0,0,0,Not Stated,STANISLAUS
92109502,2023-06-26,6,14,1,possible injury,0,1,unsafe speed,rear end,no,no,no,0,0,0,0,0,0,Passenger Car/Station Wagon,SAN BERNARDINO
92109508,2023-06-10,6,13,6,possible injury,0,1,unsafe speed,rear end,no,no,no,0,0,0,0,0,0,Passenger Car/Station Wagon,ORANGE
92109509,2023-06-24,6,6,6,possible injury,0,2,unsafe lane change,rear end,no,no,no,0,0,0,0,0,0,Passenger Car/Station Wagon,ORANGE
92109511,2023-06-17,6,22,6,severe injury,0,1,pedestrian violation,vehicle/pedestrian,yes,no,no,1,0,0,0,0,0,Pedestrian,SACRAMENTO
92109516,2023-06-14,6,23,3,minor injury,0,2,improper turning,hit object,no,no,no,0,0,0,0,0,0,Passenger Car/Station Wagon,SAN DIEGO
92109517,2023-06-24,6,9,6,minor injury,0,1,unsafe speed,rear end,no,no,no,0,0,0,0,0,0,Passenger Car/Station Wagon,LOS ANGELES
92109518,2023-06-18,6,21,7,possible injury,0,1,unsafe speed,rear end,no,no,yes,0,0,1,0,0,0,Motorcycle/Scooter,LOS ANGELES
92109522,2023-06-29,6,16,4,minor injury,0,2,traffic signs,broadside,no,no,no,0,0,0,0,0,0,Passenger Car/Station Wagon,SAN BERNARDINO
92109525,2023-06-23,6,17,5,possible injury,0,1,traffic signs,broadside,no,no,no,0,0,0,0,0,0,Pickup or Panel Truck with Trailer,SAN JOAQUIN
92109527,2023-06-25,6,4,7,minor injury,0,3,unsafe speed,rear end,no,no,no,0,0,0,0,0,0,Passenger Car/Station Wagon,SAN DIEGO
92109528,2023-06-22,6,0,4,possible injury,0,1,unsafe speed,hit object,no,no,no,0,0,0,0,0,0,Passenger Car/Station Wagon,LOS ANGELES
92109529,2023-06-26,6,23,1,possible injury,0,1,improper turning,other,no,no,no,0,0,0,0,0,0,Passenger Car/Station Wagon,SAN DIEGO
92109530,2023-07-02,7,4,7,minor injury,0,2,DUI,overturned,no,no,no,0,0,0,0,0,0,Passenger Car/Station Wagon,SAN JOAQUIN
92109531,2023-06-24,6,15,6,severe injury,0,1,improper turning,hit object,no,no,no,0,0,0,0,0,0,Passenger Car/Station Wagon,LOS ANGELES
92109532,2023-06-23,6,11,5,possible injury,0,1,unsafe speed,rear end,no,no,no,0,0,0,0,0,0,Passenger Car/Station Wagon,MARIN
92109533,2023-06-24,6,21,6,possible injury,0,1,DUI,hit object,no,no,no,0,0,0,0,0,0,Pickup or Panel Truck,MARIN
92109534,2023-06-23,6,11,5,minor injury,0,1,automobile right of way,broadside,no,no,no,0,0,0,0,0,0,Passenger Car/Station Wagon,LOS ANGELES
92109538,2023-06-28,6,0,3,severe injury,0,1,DUI,hit object,no,no,no,0,0,0,0,0,0,Passenger Car/Station Wagon,SACRAMENTO
92109541,2023-06-23,6,12,5,possible injury,0,3,unsafe lane change,sideswipe,no,no,no,0,0,0,0,0,0,Passenger Car/Station Wagon,CONTRA COSTA
92109544,2023-06-23,6,15,5,minor injury,0,2,unsafe speed,rear end,no,no,no,0,0,0,0,0,0,Pickup or Panel Truck,SONOMA
92109546,2023-06-26,6,11,1,minor injury,0,1,unsafe starting or backing,broadside,no,yes,no,0,1,0,0,0,0,Passenger Car/Station Wagon,CONTRA COSTA
92109547,2023-06-23,6,17,5,possible injury,0,1,unsafe speed,rear end,no,no,no,0,0,0,0,0,0,Not Stated,CONTRA COSTA
92109556,2023-06-24,6,21,6,severe injury,0,1,DUI,sideswipe,no,no,no,0,0,0,0,0,0,Passenger Car/Station Wagon,CONTRA COSTA
92109561,2023-02-03,2,19,5,fatal injury,1,0,pedestrian violation,vehicle/pedestrian,yes,no,no,0,0,0,1,0,0,Pedestrian,VENTURA
92109563,2023-06-30,6,12,5,minor injury,0,3,unsafe speed,rear end,no,no,no,0,0,0,0,0,0,Passenger Car/Station Wagon,SACRAMENTO
92109564,2023-06-22,6,23,4,minor injury,0,1,DUI,hit object,no,no,no,0,0,0,0,0,0,Passenger Car/Station Wagon,SAN DIEGO
92109565,2023-07-01,7,12,6,minor injury,0,1,traffic signs,broadside,no,no,no,0,0,0,0,0,0,Pickup or Panel Truck with Trailer,LOS ANGELES
92109570,2023-05-26,5,20,5,severe injury,0,1,DUI,other,no,yes,no,0,1,0,0,0,0,Passenger Car/Station Wagon,KERN
92109573,2023-06-23,6,19,5,severe injury,0,4,traffic signs,broadside,no,no,no,0,0,0,0,0,0,Passenger Car/Station Wagon,KERN
92109576,2023-06-25,6,22,7,minor injury,0,2,unsafe starting or backing,rear end,no,no,no,0,0,0,0,0,0,Passenger Car/Station Wagon,KERN
92109578,2023-06-26,6,14,1,possible injury,0,1,automobile right of way,other,no,yes,no,0,1,0,0,0,0,Bicycle,KERN
92109579,2023-06-28,6,8,3,minor injury,0,1,improper turning,hit object,no,no,no,0,0,0,0,0,0,Passenger Car/Station Wagon,TULARE
92109582,2023-06-29,6,8,4,possible injury,0,3,unsafe lane change,sideswipe,no,no,no,0,0,0,0,0,0,Passenger Car/Station Wagon,SANTA CLARA
92109586,2023-06-17,6,3,6,severe injury,0,3,traffic signs,broadside,no,no,no,0,0,0,0,0,0,Passenger Car/Station Wagon,CONTRA COSTA
92109588,2023-06-24,6,19,6,possible injury,0,1,improper turning,head-on,no,no,no,0,0,0,0,0,0,Not Stated,SONOMA
92109589,2023-06-25,6,15,7,minor injury,0,1,wrong side of road,sideswipe,no,no,yes,0,0,1,0,0,0,Motorcycle/Scooter,NAPA
92109590,2023-06-05,6,7,1,possible injury,0,2,unsafe speed,rear end,no,no,no,0,0,0,0,0,0,Pickup or Panel Truck,LOS ANGELES
92109591,2023-06-27,6,9,2,severe injury,0,2,wrong side of road,head-on,no,no,no,0,0,0,0,0,0,Passenger Car/Station Wagon,LOS ANGELES
92109592,2023-06-27,6,0,2,possible injury,0,1,DUI,hit object,no,no,no,0,0,0,0,0,0,Pickup or Panel Truck,NAPA
92109593,2023-06-23,6,1,5,possible injury,0,2,automobile right of way,broadside,no,no,no,0,0,0,0,0,0,Passenger Car/Station Wagon,TULARE
92109594,2023-07-04,7,23,2,minor injury,0,3,improper turning,broadside,no,no,no,0,0,0,0,0,0,Passenger Car/Station Wagon,SAN BERNARDINO
92109597,2023-06-24,6,21,6,possible injury,0,2,unsafe speed,rear end,no,no,no,0,0,0,0,0,0,Not Stated,SACRAMENTO
92109599,2023-06-17,6,23,6,minor injury,0,1,DUI,rear end,no,no,no,0,0,0,0,0,0,Passenger Car/Station Wagon,KERN
92109601,2023-07-01,7,17,6,possible injury,0,4,automobile right of way,broadside,no,no,no,0,0,0,0,0,0,Passenger Car/Station Wagon,SAN BENITO
92109608,2023-06-25,6,13,7,minor injury,0,1,DUI,hit object,no,no,no,0,0,0,0,0,0,Passenger Car/Station Wagon,SAN BERNARDINO
92109612,2023-06-23,6,6,5,possible injury,0,1,improper turning,hit object,no,no,no,0,0,0,0,0,0,Passenger Car/Station Wagon,ORANGE
92109614,2023-07-01,7,1,6,minor injury,0,1,improper turning,hit object,no,no,no,0,0,0,0,0,0,Not Stated,NEVADA
92109615,2023-07-02,7,9,7,possible injury,0,1,improper turning,hit object,no,no,no,0,0,0,0,0,0,Passenger Car/Station Wagon,SAN BERNARDINO
92109616,2023-06-22,6,14,4,possible injury,0,2,automobile right of way,rear end,no,no,no,0,0,0,0,0,0,Passenger Car/Station Wagon,RIVERSIDE
92109617,2023-06-22,6,21,4,severe injury,0,1,improper turning,rear end,no,no,no,0,0,0,0,0,0,Passenger Car/Station Wagon,ORANGE
92109621,2023-06-23,6,16,5,possible injury,0,1,DUI,head-on,no,no,no,0,0,0,0,0,0,Pickup or Panel Truck,SANTA CRUZ
92109622,2023-06-21,6,23,3,severe injury,0,1,pedestrian violation,vehicle/pedestrian,yes,no,no,1,0,0,0,0,0,Pedestrian,SAN DIEGO
92109623,2023-06-22,6,17,4,possible injury,0,4,automobile right of way,broadside,no,no,no,0,0,0,0,0,0,Passenger Car/Station Wagon,RIVERSIDE
92109624,2023-02-24,2,12,5,fatal injury,1,1,unsafe speed,head-on,no,no,no,0,0,0,0,0,0,Passenger Car/Station Wagon,VENTURA
92109625,2023-06-24,6,19,6,possible injury,0,1,wrong side of road,head-on,no,no,no,0,0,0,0,0,0,Not Stated,RIVERSIDE
92109627,2023-06-26,6,6,1,possible injury,0,1,unsafe speed,rear end,no,no,no,0,0,0,0,0,0,Passenger Car/Station Wagon,RIVERSIDE
92109637,2023-06-28,6,19,3,possible injury,0,1,automobile right of way,broadside,no,no,no,0,0,0,0,0,0,Passenger Car/Station Wagon,RIVERSIDE
92109641,2023-03-07,3,0,2,fatal injury,1,4,DUI,head-on,no,no,no,0,0,0,0,0,0,Passenger Car/Station Wagon,VENTURA
92109644,2023-06-23,6,20,5,possible injury,0,2,improper turning,sideswipe,no,no,yes,0,0,1,0,0,0,Passenger Car/Station Wagon,SAN DIEGO
92109645,2023-07-02,7,15,7,possible injury,0,1,unsafe speed,rear end,no,no,no,0,0,0,0,0,0,Passenger Car/Station Wagon,SHASTA
92109646,2023-07-01,7,2,6,minor injury,0,1,DUI,hit object,no,no,no,0,0,0,0,0,0,Passenger Car/Station Wagon,MADERA
92109648,2023-06-29,6,6,4,minor injury,0,1,unsafe speed,rear end,no,no,yes,0,0,1,0,0,0,Motorcycle/Scooter,RIVERSIDE
92109652,2023-06-23,6,15,5,severe injury,0,1,unsafe speed,rear end,no,no,yes,0,0,1,0,0,0,Motorcycle/Scooter,SAN DIEGO
92109654,2023-07-02,7,20,7,possible injury,0,2,unsafe speed,broadside,no,no,no,0,0,0,0,0,0,Passenger Car/Station Wagon,SHASTA
92109658,2023-07-03,7,7,1,severe injury,0,1,DUI,head-on,no,no,no,0,0,0,0,0,0,Passenger Car/Station Wagon,SAN BENITO
92109660,2023-06-22,6,21,4,possible injury,0,2,unsafe lane change,sideswipe,no,no,no,0,0,0,0,0,0,Passenger Car/Station Wagon,LOS ANGELES
92109661,2023-06-24,6,4,6,possible injury,0,1,DUI,rear end,no,no,no,0,0,0,0,0,0,Passenger Car/Station Wagon,SAN BERNARDINO
92109665,2023-06-23,6,19,5,possible injury,0,1,improper turning,head-on,no,no,no,0,0,0,0,0,0,Passenger Car/Station Wagon,SANTA CRUZ
92109667,2023-06-15,6,21,4,minor injury,0,1,unsafe speed,rear end,no,no,no,0,0,0,0,0,0,Pickup or Panel Truck,SAN DIEGO
92109669,2023-06-24,6,16,6,possible injury,0,2,unsafe speed,rear end,no,no,no,0,0,0,0,0,0,Passenger Car/Station Wagon,LOS ANGELES
92109672,2023-06-28,6,21,3,minor injury,0,3,DUI,rear end,no,no,no,0,0,0,0,0,0,Passenger Car/Station Wagon,CONTRA COSTA
92109677,2023-06-24,6,19,6,possible injury,0,1,unsafe speed,rear end,no,no,no,0,0,0,0,0,0,Passenger Car/Station Wagon,SANTA CRUZ
92109678,2023-06-21,6,15,3,minor injury,0,1,improper turning,broadside,no,no,no,0,0,0,0,0,0,Pickup or Panel Truck,MADERA
92109679,2023-06-22,6,7,4,possible injury,0,1,unsafe lane change,rear end,no,no,yes,0,0,1,0,0,0,Motorcycle/Scooter,LOS ANGELES
92109682,2023-06-27,6,10,2,possible injury,0,2,wrong side of road,head-on,no,no,no,0,0,0,0,0,0,Passenger Car/Station Wagon,SACRAMENTO
92109690,2023-06-22,6,14,4,possible injury,0,1,unsafe speed,rear end,no,no,no,0,0,0,0,0,0,Passenger Car/Station Wagon,LOS ANGELES
92109691,2023-06-25,6,1,7,severe injury,0,1,DUI,hit object,no,no,no,0,0,0,0,0,0,Pickup or Panel Truck,SANTA CRUZ
92109696,2023-06-22,6,9,4,possible injury,0,1,unsafe speed,rear end,no,no,no,0,0,0,0,0,0,Passenger Car/Station Wagon,LOS ANGELES
92109697,2023-06-25,6,13,7,minor injury,0,2,improper turning,hit object,no,no,no,0,0,0,0,0,0,Passenger Car/Station Wagon,CONTRA COSTA
92109700,2023-06-20,6,23,2,severe injury,0,1,improper turning,sideswipe,no,no,no,0,0,0,0,0,0,Truck or Truck Tractor with Trailer,SAN DIEGO
92109704,2023-06-25,6,21,7,severe injury,0,1,improper turning,overturned,no,no,yes,0,0,1,0,0,0,Motorcycle/Scooter,SANTA CRUZ
92109705,2023-06-29,6,8,4,minor injury,0,1,unsafe speed,hit object,no,no,no,0,0,0,0,0,0,Passenger Car/Station Wagon,KERN
92109714,2023-06-22,6,17,4,minor injury,0,3,automobile right of way,head-on,no,no,no,0,0,0,0,0,0,Passenger Car/Station Wagon,LOS ANGELES
92109715,2023-05-23,5,5,2,possible injury,0,2,unsafe lane change,sideswipe,no,no,no,0,0,0,0,0,0,Not Stated,CONTRA COSTA
92109716,2023-06-26,6,11,1,possible injury,0,1,improper turning,sideswipe,no,no,no,0,0,0,0,0,0,Passenger Car/Station Wagon,ALAMEDA
92109718,2023-06-19,6,23,1,possible injury,0,2,other than driver or pedestrian,hit object,no,no,no,0,0,0,0,0,0,Not Stated,SANTA BARBARA
92109724,2023-06-30,6,15,5,minor injury,0,1,improper turning,hit object,no,no,no,0,0,0,0,0,0,Passenger Car/Station Wagon,STANISLAUS
92109734,2023-07-03,7,16,1,possible injury,0,1,unsafe speed,rear end,no,no,no,0,0,0,0,0,0,Passenger Car/Station Wagon,SAN FRANCISCO
92109735,2023-06-25,6,0,7,minor injury,0,3,other than driver or pedestrian,hit object,no,no,no,0,0,0,0,0,0,Not Stated,SAN BERNARDINO
92109736,2023-07-02,7,16,7,minor injury,0,2,unsafe speed,rear end,no,no,no,0,0,0,0,0,0,Passenger Car/Station Wagon,SANTA BARBARA
92109738,2023-06-21,6,22,3,minor injury,0,1,traffic signs,broadside,no,no,no,0,0,0,0,0,0,Pickup or Panel Truck,SACRAMENTO
92109740,2023-07-04,7,0,2,minor injury,0,1,improper turning,overturned,no,no,no,0,0,0,0,0,0,Pickup or Panel Truck,SAN BERNARDINO
92109743,2023-06-23,6,19,5,severe injury,0,1,other than driver or pedestrian,hit object,no,no,yes,0,0,1,0,0,0,Not Stated,ALAMEDA
92109744,2023-07-01,7,19,6,minor injury,0,2,DUI,hit object,no,no,no,0,0,0,0,0,0,Passenger Car/Station Wagon,YUBA
92109748,2023-06-24,6,10,6,possible injury,0,3,unsafe speed,rear end,no,no,no,0,0,0,0,0,0,Passenger Car/Station Wagon,ALAMEDA
92109749,2023-06-24,6,20,6,possible injury,0,3,traffic signs,broadside,no,no,no,0,0,0,0,0,0,Pickup or Panel Truck,FRESNO
92109754,2023-06-25,6,22,7,severe injury,0,1,DUI,sideswipe,no,no,no,0,0,0,0,0,0,Passenger Car/Station Wagon,SANTA BARBARA
92109757,2023-06-29,6,18,4,minor injury,0,2,traffic signs,broadside,no,no,no,0,0,0,0,0,0,Not Stated,RIVERSIDE
92109768,2023-06-28,6,13,3,minor injury,0,1,improper turning,broadside,no,yes,no,0,1,0,0,0,0,Not Stated,SANTA CRUZ
92109777,2023-04-18,4,17,2,fatal injury,2,0,traffic signs,other,no,no,no,0,0,0,0,0,0,Passenger Car/Station Wagon,FRESNO
92109784,2023-06-28,6,17,3,possible injury,0,1,unsafe speed,rear end,no,no,no,0,0,0,0,0,0,Passenger Car/Station Wagon,MARIN
92109787,2023-06-28,6,16,3,minor injury,0,3,unsafe lane change,rear end,no,no,no,0,0,0,0,0,0,Pickup or Panel Truck,SAN DIEGO
92109789,2023-06-24,6,20,6,possible injury,0,1,unsafe speed,rear end,no,no,no,0,0,0,0,0,0,Pickup or Panel Truck,SACRAMENTO
92109791,2023-05-27,5,9,6,minor injury,0,2,improper turning,hit object,no,no,no,0,0,0,0,0,0,Truck or Truck Tractor,RIVERSIDE
92109792,2023-06-30,6,11,5,minor injury,0,1,improper turning,overturned,no,no,no,0,0,0,0,0,0,Passenger Car/Station Wagon,KINGS
92109793,2023-07-04,7,21,2,severe injury,0,6,DUI,hit object,no,no,no,0,0,0,0,0,0,Pickup or Panel Truck,LOS ANGELES
92109794,2023-06-30,6,17,5,minor injury,0,2,following too closely,rear end,no,no,no,0,0,0,0,0,0,Passenger Car/Station Wagon,SANTA CRUZ
92109796,2023-06-13,6,19,2,possible injury,0,1,improper turning,hit object,no,no,no,0,0,0,0,0,0,Pickup or Panel Truck,RIVERSIDE
92109800,2023-06-29,6,19,4,possible injury,0,1,wrong side of road,broadside,no,no,yes,0,0,1,0,0,0,Motorcycle/Scooter,TULARE
92109801,2023-06-28,6,17,3,possible injury,0,1,unsafe speed,overturned,no,no,yes,0,0,1,0,0,0,Motorcycle/Scooter,CONTRA COSTA
92109804,2023-06-21,6,16,3,possible injury,0,5,unsafe speed,rear end,no,no,no,0,0,0,0,0,0,Pickup or Panel Truck,RIVERSIDE
92109806,2023-06-25,6,3,7,minor injury,0,1,DUI,rear end,no,no,no,0,0,0,0,0,0,Passenger Car/Station Wagon,SAN BERNARDINO