CASE_ID,COLLISION_DATE,MONTH,HOUR,DAY_OF_WEEK,COLLISION_SEVERITY,NUMBER_KILLED,NUMBER_INJURED,PCF_VIOL_CATEGORY,TYPE_OF_COLLISION,PEDESTRIAN_ACCIDENT,BICYCLE_ACCIDENT,MOTORCYCLE_ACCIDENT,COUNT_PED_INJURED,COUNT_BICYCLIST_INJURED,COUNT_MC_INJURED,COUNT_PED_KILLED,COUNT_BICYCLIST_KILLED,COUNT_MC_KILLED,STWD_VEHTYPE_AT_FAULT,COUNTY
92133575,2023-07-25,7,15,2,severe injury,0,1,unsafe speed,overturned,no,no,yes,0,0,1,0,0,0,Motorcycle/Scooter,LOS ANGELES
92133579,2023-07-24,7,11,1,severe injury,0,1,unsafe speed,overturned,no,no,yes,0,0,1,0,0,0,Motorcycle/Scooter,EL DORADO
92133581,2023-07-25,7,9,2,possible injury,0,1,unsafe speed,rear end,no,no,no,0,0,0,0,0,0,Passenger Car/Station Wagon,SAN JOAQUIN
92133585,2023-07-24,7,12,1,severe injury,0,1,unsafe speed,overturned,no,no,no,0,0,0,0,0,0,Pickup or Panel Truck with Trailer,HUMBOLDT
92133586,2023-07-31,7,9,1,possible injury,0,1,unsafe speed,rear end,no,no,no,0,0,0,0,0,0,Passenger Car/Station Wagon,LOS ANGELES
92133596,2023-07-20,7,16,4,possible injury,0,1,unsafe speed,rear end,no,no,no,0,0,0,0,0,0,Pickup or Panel Truck,SAN DIEGO
92133597,2023-07-23,7,13,7,possible injury,0,1,unknown,overturned,no,yes,no,0,1,0,0,0,0,Not Stated,PLACER
92133600,2023-07-21,7,15,5,possible injury,0,1,unsafe lane change,sideswipe,no,no,no,0,0,0,0,0,0,Pickup or Panel Truck,SAN DIEGO
92133608,2023-07-27,7,3,4,severe injury,0,1,DUI,hit object,no,no,no,0,0,0,0,0,0,Passenger Car/Station Wagon,MONTEREY
92133612,2023-07-22,7,19,6,possible injury,0,1,improper turning,hit object,no,no,no,0,0,0,0,0,0,Passenger Car/Station Wagon,HUMBOLDT
92133614,2023-07-29,7,13,6,possible injury,0,1,improper turning,hit object,no,no,no,0,0,0,0,0,0,Pickup or Panel Truck,LOS ANGELES
92133617,2023-07-31,7,13,1,possible injury,0,1,unsafe lane change,rear end,no,no,no,0,0,0,0,0,0,Passenger Car/Station Wagon,FRESNO
92133623,2023-07-22,7,13,6,minor injury,0,2,unsafe speed,rear end,no,no,no,0,0,0,0,0,0,Passenger Car/Station Wagon,SAN DIEGO
92133626,2023-07-24,7,7,1,possible injury,0,1,unsafe speed,rear end,no,no,no,0,0,0,0,0,0,Pickup or Panel Truck,LOS ANGELES
92133627,2023-07-30,7,9,7,possible injury,0,1,unsafe speed,rear end,no,no,no,0,0,0,0,0,0,Passenger Car/Station Wagon,SOLANO
92133628,2023-07-27,7,12,4,possible injury,0,1,unsafe speed,rear end,no,no,no,0,0,0,0,0,0,Passenger Car/Station Wagon,LOS ANGELES
92133633,2023-07-23,7,14,7,minor injury,0,1,unsafe speed,sideswipe,no,no,yes,0,0,1,0,0,0,Motorcycle/Scooter,HUMBOLDT
92133634,2023-07-22,7,22,6,possible injury,0,4,unsafe speed,rear end,no,no,no,0,0,0,0,0,0,Passenger Car/Station Wagon,LOS ANGELES
92133635,2023-07-21,7,13,5,possible injury,0,3,unsafe speed,rear end,no,no,no,0,0,0,0,0,0,Pickup or Panel Truck,ALAMEDA
92133637,2023-07-21,7,7,5,minor injury,0,1,unsafe lane change,sideswipe,no,no,no,0,0,0,0,0,0,Passenger Car/Station Wagon,LOS ANGELES
92133640,2023-07-25,7,15,2,possible injury,0,3,unsafe speed,rear end,no,no,no,0,0,0,0,0,0,Pickup or Panel Truck,LOS ANGELES
92133643,2023-07-25,7,18,2,possible injury,0,1,unsafe speed,rear end,no,no,no,0,0,0,0,0,0,Passenger Car/Station Wagon,LOS ANGELES
92133652,2023-07-21,7,8,5,possible injury,0,1,unsafe speed,rear end,no,no,no,0,0,0,0,0,0,Passenger Car/Station Wagon,SANTA CLARA
92133654,2023-05-29,5,13,1,fatal injury,1,0,improper turning,hit object,no,no,no,0,0,0,0,0,0,Pickup or Panel Truck,LOS ANGELES
92133656,2023-07-20,7,9,4,severe injury,0,1,improper turning,hit object,no,no,no,0,0,0,0,0,0,Pickup or Panel Truck,SAN BERNARDINO
92133660,2023-08-01,8,6,2,minor injury,0,1,unsafe speed,rear end,no,no,no,0,0,0,0,0,0,Passenger Car/Station Wagon,SAN BERNARDINO
92133664,2023-07-29,7,3,6,possible injury,0,1,unsafe speed,rear end,no,no,no,0,0,0,0,0,0,Passenger Car/Station Wagon,SAN BERNARDINO
92133665,2023-07-29,7,23,6,possible injury,0,1,improper turning,hit object,no,no,no,0,0,0,0,0,0,Pickup or Panel Truck,SAN BERNARDINO
92133670,2023-07-31,7,18,1,possible injury,0,1,unsafe speed,rear end,no,no,yes,0,0,1,0,0,0,Motorcycle/Scooter,LOS ANGELES
92133674,2023-07-20,7,22,4,minor injury,0,1,DUI,head-on,no,no,no,0,0,0,0,0,0,Passenger Car/Station Wagon,LOS ANGELES
92133692,2023-07-29,7,14,6,minor injury,0,2,improper turning,overturned,no,no,no,0,0,0,0,0,0,Passenger Car/Station Wagon,LOS ANGELES
92133899,2023-08-01,8,5,2,minor injury,0,1,unsafe speed,rear end,no,no,no,0,0,0,0,0,0,Passenger Car/Station Wagon,LOS ANGELES
92133903,2023-07-21,7,15,5,possible injury,0,2,unsafe speed,rear end,no,no,no,0,0,0,0,0,0,Pickup or Panel Truck,VENTURA
92133906,2023-07-27,7,9,4,possible injury,0,1,unsafe starting or backing,vehicle/pedestrian,yes,no,no,1,0,0,0,0,0,Truck or Truck Tractor,LOS ANGELES
92133907,2023-07-24,7,17,1,minor injury,0,2,unsafe speed,rear end,no,no,no,0,0,0,0,0,0,Passenger Car/Station Wagon,SAN MATEO
92133912,2023-07-21,7,9,5,possible injury,0,1,unsafe lane change,sideswipe,no,no,no,0,0,0,0,0,0,Truck or Truck Tractor,SAN MATEO
92133914,2023-07-29,7,13,6,possible injury,0,1,unsafe speed,rear end,no,no,no,0,0,0,0,0,0,Passenger Car/Station Wagon,LOS ANGELES
92133922,2023-07-26,7,14,3,minor injury,0,1,unsafe starting or backing,rear end,no,no,no,0,0,0,0,0,0,Pickup or Panel Truck,CONTRA COSTA
92133923,2023-07-21,7,3,5,minor injury,0,1,DUI,hit object,no,no,no,0,0,0,0,0,0,Passenger Car/Station Wagon,SAN MATEO
92133925,2023-07-20,7,17,4,severe injury,0,1,unsafe speed,rear end,no,no,no,0,0,0,0,0,0,Passenger Car/Station Wagon,MARIN
92133931,2023-07-26,7,16,3,possible injury,0,3,unsafe speed,rear end,no,no,no,0,0,0,0,0,0,Passenger Car/Station Wagon,CONTRA COSTA
92133935,2023-07-31,7,17,1,severe injury,0,1,unsafe speed,overturned,no,no,yes,0,0,1,0,0,0,Motorcycle/Scooter,KERN
92133937,2023-07-18,7,18,2,possible injury,0,1,wrong side of road,head-on,no,no,no,0,0,0,0,0,0,Passenger Car/Station Wagon,LOS ANGELES
92133940,2023-07-26,7,2,3,possible injury,0,2,improper turning,sideswipe,no,no,no,0,0,0,0,0,0,Passenger Car/Station Wagon,ALAMEDA
92133945,2023-07-25,7,0,2,possible injury,0,1,unsafe speed,rear end,no,no,no,0,0,0,0,0,0,Passenger Car/Station Wagon,LOS ANGELES
92133948,2023-07-24,7,0,1,minor injury,0,1,unsafe speed,rear end,no,no,no,0,0,0,0,0,0,Passenger Car/Station Wagon,SAN BERNARDINO
92133949,2023-07-27,7,10,4,minor injury,0,2,wrong side of road,sideswipe,no,no,no,0,0,0,0,0,0,Passenger Car/Station Wagon,STANISLAUS
92133953,2023-07-21,7,16,5,possible injury,0,1,unsafe starting or backing,rear end,no,no,no,0,0,0,0,0,0,Pickup or Panel Truck,SANTA CRUZ
92133956,2023-08-01,8,18,2,possible injury,0,2,traffic signs,broadside,no,no,no,0,0,0,0,0,0,Passenger Car/Station Wagon,KERN
92133958,2023-07-28,7,12,5,minor injury,0,1,unsafe speed,rear end,no,no,yes,0,0,1,0,0,0,Motorcycle/Scooter,CONTRA COSTA
92133962,2023-07-24,7,14,1,possible injury,0,1,unsafe speed,rear end,no,no,no,0,0,0,0,0,0,Passenger Car/Station Wagon,SANTA CRUZ
92133964,2023-07-16,7,15,7,possible injury,0,2,unsafe lane change,sideswipe,no,no,no,0,0,0,0,0,0,Passenger Car/Station Wagon,LOS ANGELES
92133969,2023-07-21,7,17,5,minor injury,0,1,unsafe lane change,sideswipe,no,no,no,0,0,0,0,0,0,Passenger Car/Station Wagon,LOS ANGELES
92133973,2023-07-22,7,15,6,severe injury,0,1,unsafe speed,overturned,no,yes,no,0,1,0,0,0,0,Bicycle,MARIN
92133976,2023-07-29,7,12,6,severe injury,0,2,DUI,hit object,no,no,yes,0,0,0,0,0,0,Passenger Car/Station Wagon,SANTA BARBARA
92133979,2023-07-31,7,16,1,possible injury,0,1,unsafe speed,rear end,no,no,no,0,0,0,0,0,0,Passenger Car/Station Wagon,STANISLAUS
92133987,2023-07-25,7,20,2,possible injury,0,1,unsafe speed,overturned,no,no,yes,0,0,1,0,0,0,Motorcycle/Scooter,NEVADA
92133995,2023-07-23,7,17,7,minor injury,0,1,unsafe starting or backing,sideswipe,no,no,yes,0,0,1,0,0,0,Motorcycle/Scooter,RIVERSIDE
92133999,2023-07-24,7,15,1,possible injury,0,3,automobile right of way,broadside,no,no,no,0,0,0,0,0,0,Passenger Car/Station Wagon,KERN
92134006,2023-08-01,8,10,2,possible injury,0,1,unsafe speed,rear end,no,no,no,0,0,0,0,0,0,Pickup or Panel Truck,LOS ANGELES
92134007,2023-07-23,7,22,7,minor injury,0,3,DUI,rear end,no,no,no,0,0,0,0,0,0,Passenger Car/Station Wagon,LOS ANGELES
92134014,2023-07-22,7,14,6,possible injury,0,1,DUI,hit object,no,no,no,0,0,0,0,0,0,Not Stated,INYO
92134018,2023-07-26,7,17,3,possible injury,0,2,unsafe speed,rear end,no,no,no,0,0,0,0,0,0,Passenger Car/Station Wagon,ALAMEDA
92134020,2023-07-30,7,13,7,minor injury,0,2,automobile right of way,broadside,no,no,no,0,0,0,0,0,0,Passenger Car/Station Wagon,CALAVERAS
92134046,2023-07-22,7,10,6,possible injury,0,2,unsafe speed,hit object,no,no,no,0,0,0,0,0,0,Not Stated,MERCED
92134050,2023-07-25,7,6,2,possible injury,0,1,unsafe speed,rear end,no,no,no,0,0,0,0,0,0,Passenger Car/Station Wagon,LOS ANGELES
92134054,2023-07-21,7,15,5,possible injury,0,1,unsafe lane change,sideswipe,no,no,no,0,0,0,0,0,0,Not Stated,LOS ANGELES
92134056,2023-07-23,7,2,7,severe injury,0,3,DUI,rear end,no,no,no,0,0,0,0,0,0,Passenger Car/Station Wagon,RIVERSIDE
92134057,2023-07-22,7,11,6,possible injury,0,1,automobile right of way,broadside,no,no,no,0,0,0,0,0,0,Passenger Car/Station Wagon,RIVERSIDE
92134065,2023-07-09,7,17,7,minor injury,0,1,traffic signs,head-on,no,no,yes,0,0,1,0,0,0,Motorcycle/Scooter,MERCED
92134070,2023-07-26,7,8,3,possible injury,0,1,wrong side of road,sideswipe,no,no,no,0,0,0,0,0,0,Passenger Car/Station Wagon,TULARE
92134081,2023-07-30,7,15,7,possible injury,0,1,improper turning,overturned,no,no,no,0,0,0,0,0,0,Passenger Car/Station Wagon,FRESNO
92134083,2023-07-21,7,17,5,possible injury,0,1,unsafe speed,rear end,no,no,no,0,0,0,0,0,0,Not Stated,LOS ANGELES
92134084,2023-07-21,7,14,5,possible injury,0,1,unknown,rear end,no,no,no,0,0,0,0,0,0,Not Stated,LOS ANGELES
92134086,2023-07-25,7,15,2,possible injury,0,1,unsafe speed,rear end,no,no,no,0,0,0,0,0,0,Passenger Car/Station Wagon,SAN BERNARDINO
92134087,2023-07-21,7,21,5,severe injury,0,3,unsafe speed,rear end,no,no,no,0,0,0,0,0,0,Pickup or Panel Truck,SANTA CLARA
92134090,2023-07-27,7,8,4,minor injury,0,1,unsafe speed,rear end,no,no,no,0,0,0,0,0,0,Passenger Car/Station Wagon,SAN MATEO
92134103,2023-07-23,7,8,7,possible injury,0,1,automobile right of way,broadside,no,no,no,0,0,0,0,0,0,Passenger Car/Station Wagon,EL DORADO
92134104,2023-07-22,7,21,6,possible injury,0,2,DUI,rear end,no,no,no,0,0,0,0,0,0,Passenger Car/Station Wagon,MERCED
92134105,2023-07-22,7,12,6,possible injury,0,1,unsafe speed,rear end,no,no,no,0,0,0,0,0,0,Not Stated,SAN DIEGO
92134107,2023-07-24,7,8,1,possible injury,0,1,unsafe speed,rear end,no,no,no,0,0,0,0,0,0,Passenger Car/Station Wagon,SAN MATEO
92134108,2023-07-21,7,23,5,minor injury,0,1,unsafe speed,hit object,no,no,no,0,0,0,0,0,0,Passenger Car/Station Wagon,LOS ANGELES
92134109,2023-07-27,7,6,4,possible injury,0,1,traffic signs,broadside,no,no,no,0,0,0,0,0,0,Passenger Car/Station Wagon,LOS ANGELES
92134113,2023-07-26,7,6,3,severe injury,0,1,automobile right of way,broadside,no,yes,no,0,1,0,0,0,0,Passenger Car/Station Wagon,SOLANO
92134117,2023-07-21,7,15,5,minor injury,0,1,unsafe speed,rear end,no,no,yes,0,0,1,0,0,0,Motorcycle/Scooter,LOS ANGELES
92134121,2023-07-25,7,10,2,minor injury,0,4,unsafe speed,rear end,no,no,no,0,0,0,0,0,0,Passenger Car/Station Wagon,SOLANO
92134122,2023-07-23,7,1,7,possible injury,0,1,DUI,hit object,no,no,no,0,0,0,0,0,0,Pickup or Panel Truck,RIVERSIDE
92134124,2023-07-30,7,19,7,possible injury,0,3,unsafe speed,rear end,no,no,no,0,0,0,0,0,0,Not Stated,FRESNO
92134125,2023-07-19,7,15,3,minor injury,0,1,unsafe lane change,rear end,no,no,yes,0,0,1,0,0,0,Passenger Car/Station Wagon,ALAMEDA
92134128,2023-07-26,7,17,3,minor injury,0,2,automobile right of way,broadside,no,no,no,0,0,0,0,0,0,Passenger Car/Station Wagon,KERN
92134131,2023-07-23,7,18,7,minor injury,0,4,DUI,rear end,no,no,no,0,0,0,0,0,0,Passenger Car/Station Wagon,SANTA CLARA
92134134,2023-07-26,7,19,3,minor injury,0,2,automobile right of way,broadside,no,no,no,0,0,0,0,0,0,Passenger Car/Station Wagon,SAN DIEGO
92134135,2023-07-27,7,0,4,severe injury,0,1,DUI,overturned,no,no,no,0,0,0,0,0,0,Passenger Car/Station Wagon,CONTRA COSTA
92134141,2023-07-26,7,17,3,possible injury,0,1,unsafe speed,rear end,no,no,no,0,0,0,0,0,0,Pickup or Panel Truck,SAN DIEGO
92134143,2023-07-15,7,16,6,minor injury,0,1,improper turning,overturned,no,no,yes,0,0,1,0,0,0,Motorcycle/Scooter,LOS ANGELES
92134148,2023-07-24,7,8,1,minor injury,0,1,improper turning,other,no,no,yes,0,0,1,0,0,0,Motorcycle/Scooter,SAN MATEO
92134150,2023-07-21,7,7,5,minor injury,0,1,unsafe speed,overturned,no,no,yes,0,0,1,0,0,0,Motorcycle/Scooter,LOS ANGELES
92134151,2023-07-24,7,3,1,minor injury,0,1,DUI,sideswipe,no,no,no,0,0,0,0,0,0,Passenger Car/Station Wagon,LOS ANGELES
92134152,2023-07-23,7,5,7,possible injury,0,1,improper turning,overturned,no,no,no,0,0,0,0,0,0,Passenger Car/Station Wagon,RIVERSIDE
92134154,2023-07-20,7,20,4,severe injury,0,1,improper passing,head-on,no,yes,no,0,1,0,0,0,0,Bicycle,SACRAMENTO
92134155,2023-07-23,7,20,7,minor injury,0,1,improper turning,overturned,no,no,yes,0,0,1,0,0,0,Motorcycle/Scooter,RIVERSIDE
92134161,2023-07-23,7,15,7,severe injury,0,1,DUI,hit object,no,no,no,0,0,0,0,0,0,Passenger Car/Station Wagon,EL DORADO
92134163,2023-07-25,7,9,2,possible injury,0,1,unsafe speed,rear end,no,no,no,0,0,0,0,0,0,Passenger Car/Station Wagon,SAN MATEO
92134165,2023-07-29,7,5,6,minor injury,0,1,automobile right of way,broadside,no,no,no,0,0,0,0,0,0,Pickup or Panel Truck,RIVERSIDE
92134166,2023-07-25,7,23,2,possible injury,0,1,improper turning,overturned,no,no,no,0,0,0,0,0,0,Passenger Car/Station Wagon,SAN BERNARDINO
92134168,2023-07-21,7,10,5,minor injury,0,1,unsafe speed,rear end,no,no,no,0,0,0,0,0,0,Passenger Car/Station Wagon,ORANGE
92134176,2023-07-23,7,6,7,possible injury,0,1,DUI,overturned,no,no,no,0,0,0,0,0,0,Not Stated,SAN LUIS OBISPO
92134179,2023-07-21,7,20,5,severe injury,0,2,automobile right of way,broadside,no,no,no,0,0,0,0,0,0,Passenger Car/Station Wagon,LOS ANGELES
92134184,2023-07-23,7,22,7,minor injury,0,1,DUI,rear end,no,no,no,0,0,0,0,0,0,Passenger Car/Station Wagon,RIVERSIDE
92134186,2023-07-21,7,1,5,possible injury,0,1,improper turning,head-on,no,no,no,0,0,0,0,0,0,Passenger Car/Station Wagon,LOS ANGELES
92134188,2023-07-21,7,17,5,possible injury,0,1,unsafe speed,rear end,no,no,no,0,0,0,0,0,0,Passenger Car/Station Wagon,SACRAMENTO
92134189,2023-07-26,7,6,3,possible injury,0,1,improper turning,sideswipe,no,no,no,0,0,0,0,0,0,Passenger Car/Station Wagon,SANTA BARBARA
92134192,2023-07-21,7,11,5,possible injury,0,4,unsafe speed,rear end,no,no,no,0,0,0,0,0,0,Pickup or Panel Truck,ORANGE
92134196,2023-07-21,7,3,5,possible injury,0,1,unsafe speed,rear end,no,no,no,0,0,0,0,0,0,Passenger Car/Station Wagon,LOS ANGELES
92134199,2023-07-22,7,20,6,severe injury,0,1,automobile right of way,broadside,no,yes,no,0,1,0,0,0,0,Bicycle,SACRAMENTO
92134200,2023-07-26,7,6,3,possible injury,0,1,unsafe lane change,sideswipe,no,no,no,0,0,0,0,0,0,Passenger Car/Station Wagon,SANTA CLARA
92134202,2023-07-23,7,23,7,minor injury,0,1,DUI,sideswipe,no,no,no,0,0,0,0,0,0,Pickup or Panel Truck,RIVERSIDE
92134210,2023-07-16,7,3,7,minor injury,0,1,DUI,hit object,no,no,no,0,0,0,0,0,0,Passenger Car/Station Wagon,LOS ANGELES
92134214,2023-07-29,7,17,6,minor injury,0,3,unsafe lane change,sideswipe,no,no,no,0,0,0,0,0,0,Passenger Car/Station Wagon,FRESNO
92134217,2023-07-27,7,5,4,possible injury,0,2,traffic signs,broadside,no,no,no,0,0,0,0,0,0,Pickup or Panel Truck,FRESNO
92134219,2023-07-29,7,8,6,minor injury,0,1,improper turning,hit object,no,no,no,0,0,0,0,0,0,Pickup or Panel Truck,LOS ANGELES
92134220,2023-07-31,7,0,1,minor injury,0,1,improper turning,hit object,no,no,no,0,0,0,0,0,0,Pickup or Panel Truck,TEHAMA
92134222,2023-07-23,7,20,7,possible injury,0,1,improper turning,rear end,yes,no,no,1,0,0,0,0,0,Passenger Car/Station Wagon,SACRAMENTO
92134227,2023-07-26,7,23,3,minor injury,0,2,unsafe speed,broadside,no,no,no,0,0,0,0,0,0,Passenger Car/Station Wagon,SOLANO
92134233,2023-07-29,7,17,6,severe injury,0,1,improper turning,overturned,no,no,yes,0,0,1,0,0,0,Motorcycle/Scooter,STANISLAUS
92134235,2023-07-27,7,14,4,possible injury,0,1,unsafe speed,rear end,no,no,no,0,0,0,0,0,0,Passenger Car/Station Wagon,SANTA CLARA
92134240,2023-07-28,7,10,5,possible injury,0,1,unsafe speed,rear end,no,no,no,0,0,0,0,0,0,Passenger Car/Station Wagon,LOS ANGELES
92134246,2023-07-27,7,18,4,possible injury,0,2,unsafe lane change,rear end,no,no,no,0,0,0,0,0,0,Passenger Car/Station Wagon,PLACER
92134256,2023-07-22,7,1,6,possible injury,0,1,unsafe speed,hit object,no,no,no,0,0,0,0,0,0,Passenger Car/Station Wagon,SAN DIEGO
92134257,2023-07-27,7,19,4,possible injury,0,1,automobile right of way,broadside,no,no,no,0,0,0,0,0,0,Pickup or Panel Truck,PLACER
92134260,2023-07-24,7,0,1,possible injury,0,1,improper turning,sideswipe,no,no,no,0,0,0,0,0,0,Not Stated,RIVERSIDE
92134262,2023-07-23,7,12,7,minor injury,0,1,improper turning,overturned,no,no,yes,0,0,1,0,0,0,Motorcycle/Scooter,EL DORADO
92134263,2023-07-21,7,12,5,minor injury,0,1,unsafe speed,overturned,no,no,yes,0,0,1,0,0,0,Motorcycle/Scooter,ORANGE
92134269,2023-07-28,7,23,5,possible injury,0,1,automobile right of way,broadside,no,no,no,0,0,0,0,0,0,Passenger Car/Station Wagon,PLACER
92134270,2023-05-30,5,15,2,fatal injury,1,1,unsafe speed,head-on,no,no,yes,0,0,0,0,0,1,Not Stated,TEHAMA
92134271,2023-07-26,7,8,3,minor injury,0,2,unsafe speed,rear end,no,no,no,0,0,0,0,0,0,Passenger Car/Station Wagon,MARIN
92134272,2023-05-21,5,2,7,severe injury,0,1,pedestrian violation,vehicle/pedestrian,yes,no,no,1,0,0,0,0,0,Pedestrian,LOS ANGELES
92134275,2023-07-24,7,7,1,possible injury,0,2,DUI,hit object,no,no,no,0,0,0,0,0,0,Passenger Car/Station Wagon,RIVERSIDE
92134284,2023-07-27,7,6,4,possible injury,0,1,unsafe speed,rear end,no,no,no,0,0,0,0,0,0,Passenger Car/Station Wagon,ALAMEDA
92134285,2023-07-22,7,13,6,minor injury,0,1,unsafe speed,rear end,no,no,no,0,0,0,0,0,0,Passenger Car/Station Wagon,SONOMA
92134287,2023-07-19,7,10,3,possible injury,0,1,unsafe lane change,rear end,no,no,no,0,0,0,0,0,0,Passenger Car/Station Wagon,SAN MATEO
92134288,2023-07-28,7,12,5,possible injury,0,2,improper turning,broadside,no,no,no,0,0,0,0,0,0,Passenger Car/Station Wagon,SOLANO
92134289,2023-07-28,7,15,5,possible injury,0,2,unsafe speed,rear end,no,no,no,0,0,0,0,0,0,Passenger Car/Station Wagon,SACRAMENTO
92134290,2023-07-21,7,14,5,possible injury,0,2,automobile right of way,broadside,no,no,no,0,0,0,0,0,0,Passenger Car/Station Wagon,LOS ANGELES
92134293,2023-07-23,7,10,7,severe injury,0,1,DUI,sideswipe,no,no,no,0,0,0,0,0,0,Passenger Car/Station Wagon,MENDOCINO
92134296,2023-07-27,7,17,4,possible injury,0,1,unsafe speed,rear end,no,no,no,0,0,0,0,0,0,Passenger Car/Station Wagon,SANTA CLARA
92134302,2023-07-30,7,16,7,minor injury,0,4,DUI,rear end,no,no,yes,0,0,1,0,0,0,Pickup or Panel Truck,SAN LUIS OBISPO
92134306,2023-08-01,8,16,2,minor injury,0,1,unsafe speed,rear end,no,no,no,0,0,0,0,0,0,Passenger Car/Station Wagon,SACRAMENTO
92134309,2023-07-02,7,13,7,possible injury,0,3,improper turning,sideswipe,no,no,no,0,0,0,0,0,0,Not Stated,SAN BERNARDINO
92134310,2023-07-25,7,14,2,minor injury,0,1,unsafe speed,rear end,no,no,no,0,0,0,0,0,0,Not Stated,EL DORADO
92134311,2023-07-27,7,16,4,minor injury,0,3,unsafe speed,hit object,no,no,no,0,0,0,0,0,0,Passenger Car/Station Wagon,SANTA CLARA
92134312,2023-07-10,7,14,1,possible injury,0,1,unknown,rear end,no,no,no,0,0,0,0,0,0,Not Stated,LOS ANGELES
92134315,2023-02-18,2,3,6,fatal injury,1,5,DUI,rear end,no,no,no,0,0,0,0,0,0,Passenger Car/Station Wagon,CONTRA COSTA
92134316,2023-08-01,8,22,2,possible injury,0,1,improper turning,head-on,no,no,no,0,0,0,0,0,0,Passenger Car/Station Wagon,SACRAMENTO
92134322,2023-07-11,7,19,2,possible injury,0,1,traffic signs,broadside,no,no,no,0,0,0,0,0,0,Passenger Car/Station Wagon,CONTRA COSTA
92134324,2023-07-23,7,2,7,possible injury,0,1,DUI,hit object,no,no,no,0,0,0,0,0,0,Passenger Car/Station Wagon,SAN BERNARDINO
92134334,2023-08-02,8,6,3,possible injury,0,1,improper turning,sideswipe,no,no,yes,0,0,1,0,0,0,Not Stated,LOS ANGELES
92134337,2023-07-29,7,7,6,minor injury,0,1,wrong side of road,sideswipe,no,no,no,0,0,0,0,0,0,Passenger Car/Station Wagon,RIVERSIDE
92134338,2023-07-27,7,14,4,minor injury,0,1,unsafe speed,rear end,no,no,no,0,0,0,0,0,0,Passenger Car/Station Wagon,KERN
92134339,2023-07-25,7,16,2,possible injury,0,1,unsafe speed,rear end,no,no,no,0,0,0,0,0,0,Passenger Car/Station Wagon,EL DORADO
92134340,2023-07-27,7,18,4,minor injury,0,2,improper turning,broadside,no,no,no,0,0,0,0,0,0,Pickup or Panel Truck,KERN
92134342,2023-07-20,7,1,4,minor injury,0,1,DUI,overturned,no,no,no,0,0,0,0,0,0,Passenger Car/Station Wagon,SONOMA
92134347,2023-08-01,8,11,2,possible injury,0,1,traffic signs,broadside,no,no,no,0,0,0,0,0,0,Pickup or Panel Truck,LOS ANGELES
92134348,2023-07-28,7,11,5,minor injury,0,1,automobile right of way,broadside,no,no,yes,0,0,1,0,0,0,Pickup or Panel Truck with Trailer,PLACER
92134349,2023-07-23,7,12,7,possible injury,0,1,unsafe speed,rear end,no,no,no,0,0,0,0,0,0,Passenger Car/Station Wagon,LOS ANGELES
92134352,2023-07-21,7,17,5,possible injury,0,3,unsafe speed,rear end,no,no,no,0,0,0,0,0,0,Pickup or Panel Truck,SAN MATEO
92134355,2023-07-28,7,14,5,possible injury,0,1,automobile right of way,broadside,no,no,no,0,0,0,0,0,0,Passenger Car/Station Wagon,FRESNO
92134357,2023-07-28,7,13,5,possible injury,0,1,unsafe speed,rear end,no,no,no,0,0,0,0,0,0,Passenger Car/Station Wagon,LOS ANGELES
92134361,2023-08-02,8,11,3,possible injury,0,1,unsafe speed,rear end,no,no,no,0,0,0,0,0,0,Passenger Car/Station Wagon,LOS ANGELES
92134364,2023-07-22,7,23,6,minor injury,0,2,unsafe lane change,sideswipe,no,no,no,0,0,0,0,0,0,Passenger Car/Station Wagon,LOS ANGELES
92134365,2023-05-24,5,22,3,possible injury,0,1,unsafe speed,rear end,no,no,no,0,0,0,0,0,0,Passenger Car/Station Wagon,LOS ANGELES
92134366,2023-06-08,6,5,4,possible injury,0,1,wrong side of road,sideswipe,no,no,no,0,0,0,0,0,0,Passenger Car/Station Wagon,MARIN
92134370,2023-07-29,7,5,6,possible injury,0,1,DUI,hit object,no,no,no,0,0,0,0,0,0,Passenger Car/Station Wagon,RIVERSIDE
92134371,2023-07-28,7,11,5,severe injury,0,1,improper turning,hit object,no,no,yes,0,0,1,0,0,0,Motorcycle/Scooter,PLUMAS
92134372,2023-07-27,7,14,4,possible injury,0,1,unsafe speed,rear end,no,no,no,0,0,0,0,0,0,Truck or Truck Tractor,SAN BERNARDINO
92134373,2023-07-28,7,8,5,minor injury,0,1,improper turning,overturned,no,no,no,0,0,0,0,0,0,Passenger Car/Station Wagon,SAN JOAQUIN
92134374,2023-07-31,7,18,1,possible injury,0,1,unsafe speed,overturned,no,no,no,0,0,0,0,0,0,Passenger Car/Station Wagon,FRESNO
92134377,2023-07-26,7,17,3,possible injury,0,3,unsafe speed,rear end,no,no,no,0,0,0,0,0,0,Truck or Truck Tractor with Trailer,LOS ANGELES
92134378,2023-07-21,7,7,5,minor injury,0,3,unsafe speed,rear end,no,no,no,0,0,0,0,0,0,Pickup or Panel Truck,SAN BERNARDINO
92134383,2023-07-21,7,18,5,possible injury,0,3,automobile right of way,broadside,no,no,no,0,0,0,0,0,0,Passenger Car/Station Wagon,LOS ANGELES
92134390,2023-07-27,7,14,4,possible injury,0,1,unsafe lane change,rear end,no,no,no,0,0,0,0,0,0,Not Stated,LOS ANGELES
92134393,2023-07-13,7,9,4,minor injury,0,1,unsafe speed,rear end,no,no,no,0,0,0,0,0,0,Pickup or Panel Truck,LOS ANGELES
92134397,2023-07-26,7,13,3,minor injury,0,3,unsafe speed,rear end,no,no,no,0,0,0,0,0,0,Truck or Truck Tractor with Trailer,SONOMA