CASE_ID,COLLISION_DATE,MONTH,HOUR,DAY_OF_WEEK,COLLISION_SEVERITY,NUMBER_KILLED,NUMBER_INJURED,PCF_VIOL_CATEGORY,TYPE_OF_COLLISION,PEDESTRIAN_ACCIDENT,BICYCLE_ACCIDENT,MOTORCYCLE_ACCIDENT,COUNT_PED_INJURED,COUNT_BICYCLIST_INJURED,COUNT_MC_INJURED,COUNT_PED_KILLED,COUNT_BICYCLIST_KILLED,COUNT_MC_KILLED,STWD_VEHTYPE_AT_FAULT,COUNTY
92142613,2023-07-06,7,16,4,possible injury,0,2,unsafe lane change,sideswipe,no,no,no,0,0,0,0,0,0,Passenger Car/Station Wagon,ALAMEDA
92142616,2023-08-02,8,17,3,possible injury,0,2,unsafe speed,rear end,no,no,no,0,0,0,0,0,0,Passenger Car/Station Wagon,ORANGE
92142617,2023-08-05,8,11,6,minor injury,0,1,unsafe speed,sideswipe,no,no,yes,0,0,1,0,0,0,Motorcycle/Scooter,SANTA CLARA
92142622,2023-08-04,8,17,5,possible injury,0,1,unsafe speed,rear end,no,no,no,0,0,0,0,0,0,Passenger Car/Station Wagon,STANISLAUS
92142623,2023-08-02,8,18,3,minor injury,0,1,wrong side of road,head-on,no,no,no,0,0,0,0,0,0,Passenger Car/Station Wagon,RIVERSIDE
92142732,2023-08-04,8,15,5,possible injury,0,1,improper turning,hit object,no,no,no,0,0,0,0,0,0,Pickup or Panel Truck,LOS ANGELES
92142734,2023-08-03,8,14,4,minor injury,0,1,DUI,hit object,no,no,no,0,0,0,0,0,0,Passenger Car/Station Wagon,TULARE
92142735,2023-08-07,8,17,1,minor injury,0,1,DUI,hit object,no,no,no,0,0,0,0,0,0,Passenger Car/Station Wagon,TULARE
92142736,2023-07-31,7,18,1,possible injury,0,2,traffic signs,broadside,no,no,no,0,0,0,0,0,0,Pickup or Panel Truck,STANISLAUS
92142737,2023-07-26,7,17,3,minor injury,0,1,improper turning,broadside,no,no,no,0,0,0,0,0,0,Pickup or Panel Truck,LOS ANGELES
92142739,2023-08-01,8,15,2,possible injury,0,1,traffic signs,broadside,no,no,no,0,0,0,0,0,0,Pickup or Panel Truck,STANISLAUS
92142742,2023-07-30,7,11,7,minor injury,0,1,traffic signs,broadside,no,no,no,0,0,0,0,0,0,Passenger Car/Station Wagon,LOS ANGELES
92142743,2023-08-01,8,5,2,minor injury,0,1,traffic signs,head-on,no,no,no,0,0,0,0,0,0,Passenger Car/Station Wagon,LOS ANGELES
92142745,2023-07-16,7,20,7,minor injury,0,1,DUI,overturned,no,no,no,0,0,0,0,0,0,Passenger Car/Station Wagon,KERN
92142746,2023-08-03,8,18,4,possible injury,0,1,unsafe speed,rear end,no,no,no,0,0,0,0,0,0,Passenger Car/Station Wagon,LOS ANGELES
92142748,2023-07-23,7,16,7,possible injury,0,1,unsafe speed,rear end,no,no,no,0,0,0,0,0,0,Pickup or Panel Truck,KERN
92142751,2023-08-04,8,8,5,possible injury,0,2,unsafe speed,rear end,no,no,no,0,0,0,0,0,0,Passenger Car/Station Wagon,VENTURA
92142754,2023-07-27,7,16,4,severe injury,0,1,unsafe lane change,sideswipe,no,no,no,0,0,0,0,0,0,Pickup or Panel Truck,LOS ANGELES
92142755,2023-08-06,8,4,7,minor injury,0,1,improper turning,overturned,no,no,no,0,0,0,0,0,0,Passenger Car/Station Wagon,VENTURA
92142757,2023-08-12,8,20,6,minor injury,0,1,other than driver or pedestrian,sideswipe,no,no,no,0,0,0,0,0,0,Not Stated,SAN MATEO
92142759,2023-08-11,8,18,5,possible injury,0,1,unsafe speed,rear end,no,no,no,0,0,0,0,0,0,Passenger Car/Station Wagon,SANTA CLARA
92142760,2023-05-18,5,18,4,possible injury,0,1,other than driver or pedestrian,rear end,no,no,no,0,0,0,0,0,0,Not Stated,LOS ANGELES
92142761,2023-08-08,8,23,2,possible injury,0,1,improper turning,hit object,no,no,no,0,0,0,0,0,0,Passenger Car/Station Wagon,STANISLAUS
92142763,2023-08-09,8,13,3,possible injury,0,1,automobile right of way,head-on,no,no,no,0,0,0,0,0,0,Passenger Car/Station Wagon,STANISLAUS
92142766,2023-08-10,8,21,4,possible injury,0,1,unsafe speed,rear end,no,no,no,0,0,0,0,0,0,Passenger Car/Station Wagon,STANISLAUS
92142767,2023-08-05,8,3,6,minor injury,0,1,DUI,hit object,no,no,no,0,0,0,0,0,0,Passenger Car/Station Wagon,VENTURA
92142771,2023-08-10,8,16,4,severe injury,0,2,unsafe speed,hit object,no,no,yes,0,0,2,0,0,0,Motorcycle/Scooter,SANTA CLARA
92142773,2023-07-15,7,0,6,possible injury,0,1,unsafe speed,sideswipe,yes,no,yes,1,0,0,0,0,0,Motorcycle/Scooter,LOS ANGELES
92142774,2023-08-02,8,15,3,possible injury,0,1,unsafe speed,rear end,no,no,no,0,0,0,0,0,0,Passenger Car/Station Wagon,SACRAMENTO
92142777,2023-08-03,8,19,4,possible injury,0,1,unsafe speed,rear end,no,no,no,0,0,0,0,0,0,Pickup or Panel Truck,RIVERSIDE
92142779,2023-07-23,7,15,7,possible injury,0,1,unsafe speed,rear end,no,no,no,0,0,0,0,0,0,Truck or Truck Tractor,CONTRA COSTA
92142781,2023-08-11,8,18,5,minor injury,0,1,other than driver or pedestrian,hit object,no,no,no,0,0,0,0,0,0,Not Stated,SAN MATEO
92142783,2023-08-05,8,21,6,severe injury,0,3,automobile right of way,broadside,no,no,no,0,0,0,0,0,0,Passenger Car/Station Wagon,RIVERSIDE
92142790,2023-08-08,8,6,2,minor injury,0,1,improper turning,head-on,no,no,no,0,0,0,0,0,0,Passenger Car/Station Wagon,RIVERSIDE
92142793,2023-07-03,7,5,1,fatal injury,1,0,pedestrian violation,vehicle/pedestrian,yes,no,no,0,0,0,1,0,0,Pedestrian,SACRAMENTO
92142796,2023-08-10,8,9,4,minor injury,0,1,unsafe speed,rear end,no,no,no,0,0,0,0,0,0,Passenger Car/Station Wagon,SAN MATEO
92142803,2023-08-02,8,9,3,possible injury,0,2,unsafe speed,rear end,no,no,no,0,0,0,0,0,0,Passenger Car/Station Wagon,LOS ANGELES
92142805,2023-07-27,7,18,4,minor injury,0,2,automobile right of way,broadside,no,no,no,0,0,0,0,0,0,Other Vehicle,RIVERSIDE
92142809,2023-07-28,7,12,5,possible injury,0,2,unsafe speed,rear end,no,no,no,0,0,0,0,0,0,Pickup or Panel Truck,SANTA CLARA
92142811,2023-07-28,7,8,5,minor injury,0,1,unsafe speed,rear end,no,no,no,0,0,0,0,0,0,Passenger Car/Station Wagon,SONOMA
92142813,2023-06-14,6,15,3,possible injury,0,1,unsafe lane change,rear end,no,no,yes,0,0,1,0,0,0,Not Stated,ALAMEDA
92142814,2023-08-04,8,0,5,minor injury,0,3,improper turning,sideswipe,no,no,no,0,0,0,0,0,0,Not Stated,KERN
92142816,2023-08-09,8,8,3,possible injury,0,1,unsafe speed,rear end,no,no,no,0,0,0,0,0,0,Passenger Car/Station Wagon,SAN MATEO
92142817,2023-08-06,8,4,7,minor injury,0,1,improper turning,hit object,no,no,no,0,0,0,0,0,0,Passenger Car/Station Wagon,SACRAMENTO
92142818,2023-08-07,8,16,1,possible injury,0,1,traffic signs,broadside,no,no,no,0,0,0,0,0,0,Passenger Car/Station Wagon,LOS ANGELES
92142819,2023-08-06,8,13,7,possible injury,0,1,unsafe speed,rear end,no,no,no,0,0,0,0,0,0,Passenger Car/Station Wagon,VENTURA
92142820,2023-08-09,8,8,3,possible injury,0,1,unsafe speed,rear end,no,no,no,0,0,0,0,0,0,Passenger Car/Station Wagon,SANTA CLARA
92142821,2023-08-07,8,17,1,possible injury,0,2,automobile right of way,broadside,no,no,no,0,0,0,0,0,0,Passenger Car/Station Wagon,LOS ANGELES
92142825,2023-08-04,8,19,5,minor injury,0,1,traffic signs,broadside,no,no,no,0,0,0,0,0,0,Passenger Car/Station Wagon,SACRAMENTO
92142831,2023-07-22,7,14,6,possible injury,0,1,unknown,sideswipe,no,no,yes,0,0,1,0,0,0,Motorcycle/Scooter,SANTA CLARA
92142835,2023-07-29,7,15,6,minor injury,0,1,unsafe speed,rear end,no,no,no,0,0,0,0,0,0,Passenger Car/Station Wagon,SANTA CLARA
92142836,2023-07-30,7,18,7,possible injury,0,1,unsafe speed,rear end,no,no,no,0,0,0,0,0,0,Passenger Car/Station Wagon,ALAMEDA
92142840,2023-08-02,8,5,3,possible injury,0,3,unsafe speed,rear end,no,no,no,0,0,0,0,0,0,Passenger Car/Station Wagon,ALAMEDA
92142842,2023-08-01,8,14,2,possible injury,0,5,unsafe speed,broadside,no,no,no,0,0,0,0,0,0,Passenger Car/Station Wagon,SANTA CLARA
92142843,2023-08-07,8,16,1,severe injury,0,1,DUI,overturned,no,no,no,0,0,0,0,0,0,Pickup or Panel Truck,VENTURA
92142851,2023-08-05,8,10,6,minor injury,0,1,unsafe speed,overturned,no,no,yes,0,0,1,0,0,0,Motorcycle/Scooter,KERN
92142852,2023-08-04,8,22,5,minor injury,0,1,improper turning,hit object,no,no,no,0,0,0,0,0,0,Passenger Car/Station Wagon,RIVERSIDE
92142854,2023-07-21,7,7,5,possible injury,0,1,wrong side of road,sideswipe,no,no,no,0,0,0,0,0,0,Pickup or Panel Truck,ALAMEDA
92142855,2023-08-09,8,8,3,minor injury,0,1,unsafe lane change,sideswipe,no,no,no,0,0,0,0,0,0,Not Stated,SACRAMENTO
92142861,2023-07-30,7,5,7,possible injury,0,1,DUI,hit object,no,no,no,0,0,0,0,0,0,Pickup or Panel Truck,NEVADA
92142864,2023-08-06,8,17,7,minor injury,0,2,traffic signs,broadside,no,no,no,0,0,0,0,0,0,Passenger Car/Station Wagon,SACRAMENTO
92142867,2023-07-28,7,15,5,severe injury,0,1,unsafe speed,overturned,no,no,yes,0,0,1,0,0,0,Motorcycle/Scooter,NEVADA
92142869,2023-07-26,7,16,3,minor injury,0,1,DUI,hit object,no,no,no,0,0,0,0,0,0,Passenger Car/Station Wagon,SACRAMENTO
92142870,2023-07-27,7,10,4,possible injury,0,1,unsafe lane change,sideswipe,no,no,no,0,0,0,0,0,0,Not Stated,ALAMEDA
92142873,2023-08-04,8,14,5,possible injury,0,1,unsafe starting or backing,rear end,no,no,no,0,0,0,0,0,0,Passenger Car/Station Wagon,NEVADA
92142874,2023-08-01,8,15,2,minor injury,0,1,traffic signs,broadside,no,no,yes,0,0,1,0,0,0,Motorcycle/Scooter,LOS ANGELES
92142877,2023-07-26,7,15,3,minor injury,0,1,unsafe speed,rear end,no,no,yes,0,0,1,0,0,0,Motorcycle/Scooter,SAN DIEGO
92142880,2023-08-06,8,21,7,minor injury,0,5,unsafe speed,rear end,no,no,no,0,0,0,0,0,0,Passenger Car/Station Wagon,CONTRA COSTA
92142881,2023-07-29,7,20,6,possible injury,0,1,traffic signs,head-on,no,no,no,0,0,0,0,0,0,Passenger Car/Station Wagon,LOS ANGELES
92142884,2023-07-28,7,6,5,minor injury,0,3,unsafe lane change,sideswipe,no,no,no,0,0,0,0,0,0,Passenger Car/Station Wagon,SAN MATEO
92142890,2023-08-02,8,16,3,minor injury,0,1,unsafe speed,rear end,no,no,no,0,0,0,0,0,0,Passenger Car/Station Wagon,SANTA CLARA
92142891,2023-08-08,8,7,2,possible injury,0,1,unsafe lane change,sideswipe,no,no,no,0,0,0,0,0,0,Passenger Car/Station Wagon,SACRAMENTO
92142893,2023-08-02,8,7,3,minor injury,0,1,unsafe speed,rear end,no,no,yes,0,0,1,0,0,0,Motorcycle/Scooter,SANTA CLARA
92142902,2023-08-05,8,11,6,possible injury,0,1,improper turning,hit object,no,no,no,0,0,0,0,0,0,Passenger Car/Station Wagon,FRESNO
92142903,2023-08-06,8,21,7,minor injury,0,1,improper turning,hit object,no,no,no,0,0,0,0,0,0,Passenger Car/Station Wagon,CONTRA COSTA
92142905,2023-08-04,8,17,5,possible injury,0,1,unsafe speed,rear end,no,no,no,0,0,0,0,0,0,Passenger Car/Station Wagon,SAN LUIS OBISPO
92142910,2023-07-30,7,14,7,minor injury,0,1,unsafe speed,other,no,no,no,0,0,0,0,0,0,Passenger Car/Station Wagon,INYO
92142914,2023-07-30,7,10,7,possible injury,0,1,unsafe speed,rear end,no,no,no,0,0,0,0,0,0,Pickup or Panel Truck,SONOMA
92142915,2023-08-08,8,16,2,minor injury,0,1,automobile right of way,broadside,no,no,no,0,0,0,0,0,0,Passenger Car/Station Wagon,SAN LUIS OBISPO
92142923,2023-07-28,7,4,5,possible injury,0,3,unsafe speed,rear end,no,no,no,0,0,0,0,0,0,Not Stated,RIVERSIDE
92142930,2023-08-04,8,21,5,severe injury,0,1,improper turning,hit object,no,no,no,0,0,0,0,0,0,Passenger Car/Station Wagon,SISKIYOU
92142931,2023-08-02,8,16,3,minor injury,0,3,unsafe speed,rear end,no,no,no,0,0,0,0,0,0,Pickup or Panel Truck,LOS ANGELES
92142932,2023-08-05,8,3,6,possible injury,0,1,DUI,hit object,no,no,no,0,0,0,0,0,0,Passenger Car/Station Wagon,TULARE
92142933,2023-08-05,8,22,6,minor injury,0,1,wrong side of road,sideswipe,no,no,no,0,0,0,0,0,0,Passenger Car/Station Wagon,TULARE
92142934,2023-08-03,8,7,4,severe injury,0,1,unsafe lane change,sideswipe,no,no,yes,0,0,1,0,0,0,Passenger Car/Station Wagon,SAN DIEGO
92142939,2023-08-11,8,18,5,minor injury,0,3,unsafe speed,rear end,no,no,no,0,0,0,0,0,0,Passenger Car/Station Wagon,SAN BERNARDINO
92142941,2023-08-06,8,11,7,minor injury,0,1,unsafe speed,rear end,no,no,no,0,0,0,0,0,0,Pickup or Panel Truck,SAN LUIS OBISPO
92142942,2023-08-02,8,12,3,possible injury,0,1,improper turning,sideswipe,no,no,no,0,0,0,0,0,0,Not Stated,LOS ANGELES
92142943,2023-08-07,8,17,1,minor injury,0,1,unsafe speed,rear end,no,no,no,0,0,0,0,0,0,Passenger Car/Station Wagon,SACRAMENTO
92142945,2023-08-09,8,16,3,possible injury,0,2,unsafe speed,rear end,no,no,no,0,0,0,0,0,0,Pickup or Panel Truck,SANTA BARBARA
92142946,2023-08-08,8,16,2,severe injury,0,1,unsafe lane change,rear end,no,no,yes,0,0,1,0,0,0,Pickup or Panel Truck,VENTURA
92142949,2023-08-03,8,13,4,possible injury,0,2,unsafe speed,rear end,no,no,no,0,0,0,0,0,0,Passenger Car/Station Wagon,ORANGE
92142950,2023-07-26,7,15,3,possible injury,0,1,unsafe starting or backing,rear end,no,no,no,0,0,0,0,0,0,Passenger Car/Station Wagon,SACRAMENTO
92142958,2023-08-07,8,22,1,possible injury,0,1,other than driver or pedestrian,hit object,no,no,no,0,0,0,0,0,0,Not Stated,SHASTA
92142962,2023-08-07,8,15,1,minor injury,0,1,improper turning,overturned,no,no,yes,0,0,1,0,0,0,Motorcycle/Scooter,SAN LUIS OBISPO
92142964,2023-08-07,8,14,1,possible injury,0,3,unsafe speed,rear end,no,no,no,0,0,0,0,0,0,Pickup or Panel Truck,KERN
92142966,2023-08-11,8,20,5,possible injury,0,1,unsafe starting or backing,rear end,no,no,no,0,0,0,0,0,0,Pickup or Panel Truck,SAN BERNARDINO
92142967,2023-08-13,8,14,7,minor injury,0,1,improper turning,hit object,no,no,no,0,0,0,0,0,0,Passenger Car/Station Wagon,FRESNO
92142969,2023-08-11,8,10,5,possible injury,0,1,improper turning,sideswipe,no,no,no,0,0,0,0,0,0,Not Stated,SAN MATEO
92142970,2023-07-28,7,12,5,severe injury,0,3,unsafe lane change,sideswipe,no,no,no,0,0,0,0,0,0,Passenger Car/Station Wagon,LOS ANGELES
92142978,2023-08-07,8,18,1,minor injury,0,1,unsafe speed,overturned,no,no,no,0,0,0,0,0,0,Passenger Car/Station Wagon,SAN LUIS OBISPO
92142988,2023-08-03,8,6,4,minor injury,0,1,DUI,overturned,no,no,no,0,0,0,0,0,0,Passenger Car/Station Wagon,LOS ANGELES
92142989,2023-08-03,8,11,4,minor injury,0,1,pedestrian right of way,vehicle/pedestrian,yes,no,no,1,0,0,0,0,0,Passenger Car/Station Wagon,SONOMA
92142995,2023-08-05,8,12,6,minor injury,0,1,traffic signs,broadside,no,no,no,0,0,0,0,0,0,Passenger Car/Station Wagon,RIVERSIDE
92142999,2023-07-29,7,20,6,possible injury,0,1,unknown,broadside,no,no,no,0,0,0,0,0,0,Not Stated,LOS ANGELES
92143006,2023-08-08,8,16,2,possible injury,0,1,improper turning,rear end,no,no,no,0,0,0,0,0,0,Pickup or Panel Truck,LOS ANGELES
92143007,2023-07-31,7,14,1,possible injury,0,1,unsafe speed,rear end,no,no,no,0,0,0,0,0,0,Passenger Car/Station Wagon,SONOMA
92143009,2023-08-08,8,18,2,possible injury,0,3,unsafe lane change,sideswipe,no,no,no,0,0,0,0,0,0,Not Stated,LOS ANGELES
92143012,2023-08-10,8,10,4,possible injury,0,1,unsafe speed,rear end,no,no,no,0,0,0,0,0,0,Passenger Car/Station Wagon,INYO
92143014,2023-08-12,8,15,6,minor injury,0,1,other hazardous violation,sideswipe,no,yes,no,0,1,0,0,0,0,Pickup or Panel Truck,SAN MATEO
92143015,2023-08-12,8,13,6,minor injury,0,1,unsafe speed,rear end,no,no,no,0,0,0,0,0,0,Not Stated,SANTA BARBARA
92143016,2023-08-08,8,8,2,possible injury,0,1,unsafe speed,rear end,no,no,no,0,0,0,0,0,0,Passenger Car/Station Wagon,LOS ANGELES
92143019,2023-08-11,8,16,5,possible injury,0,2,unsafe speed,rear end,no,no,no,0,0,0,0,0,0,Pickup or Panel Truck,MADERA
92143022,2023-01-01,1,0,7,severe injury,0,2,improper turning,hit object,no,no,no,0,0,0,0,0,0,Pickup or Panel Truck,SAN DIEGO
92143028,2023-07-22,7,11,6,possible injury,0,1,traffic signs,broadside,no,no,no,0,0,0,0,0,0,Passenger Car/Station Wagon,SONOMA
92143031,2023-08-09,8,2,3,minor injury,0,1,other than driver or pedestrian,broadside,no,no,no,0,0,0,0,0,0,Not Stated,LOS ANGELES
92143035,2023-08-11,8,15,5,minor injury,0,1,improper turning,hit object,no,no,no,0,0,0,0,0,0,Passenger Car/Station Wagon,FRESNO
92143044,2023-08-10,8,16,4,possible injury,0,2,unsafe speed,rear end,no,no,no,0,0,0,0,0,0,Truck or Truck Tractor with Trailer,LOS ANGELES
92143047,2023-08-07,8,7,1,possible injury,0,1,unsafe speed,rear end,no,no,no,0,0,0,0,0,0,Passenger Car/Station Wagon,YOLO
92143050,2023-08-10,8,17,4,possible injury,0,1,unsafe speed,rear end,no,no,no,0,0,0,0,0,0,Pickup or Panel Truck,VENTURA
92143053,2023-08-10,8,7,4,minor injury,0,1,improper turning,overturned,no,no,yes,0,0,1,0,0,0,Motorcycle/Scooter,MADERA
92143056,2023-08-12,8,17,6,minor injury,0,4,wrong side of road,head-on,no,no,no,0,0,0,0,0,0,Passenger Car/Station Wagon,FRESNO
92143061,2023-07-04,7,9,2,fatal injury,1,0,improper turning,hit object,no,no,yes,0,0,0,0,0,1,Motorcycle/Scooter,IMPERIAL
92143062,2023-08-13,8,21,7,possible injury,0,1,improper turning,sideswipe,no,no,no,0,0,0,0,0,0,Not Stated,LOS ANGELES
92143064,2023-07-30,7,0,7,minor injury,0,1,improper turning,hit object,no,no,no,0,0,0,0,0,0,Passenger Car/Station Wagon,MENDOCINO
92143065,2023-08-12,8,20,6,minor injury,0,2,DUI,head-on,no,no,no,0,0,0,0,0,0,Passenger Car/Station Wagon,SANTA BARBARA
92143066,2023-08-02,8,16,3,minor injury,0,1,improper turning,hit object,no,no,no,0,0,0,0,0,0,Passenger Car/Station Wagon,SAN JOAQUIN
92143080,2023-08-04,8,1,5,minor injury,0,1,DUI,rear end,no,no,no,0,0,0,0,0,0,Passenger Car/Station Wagon,LOS ANGELES
92143083,2023-08-04,8,5,5,minor injury,0,1,unsafe speed,rear end,no,no,no,0,0,0,0,0,0,Passenger Car/Station Wagon,LOS ANGELES
92143085,2023-08-03,8,21,4,minor injury,0,1,improper turning,vehicle/pedestrian,no,yes,no,0,1,0,0,0,0,Not Stated,SAN BERNARDINO
92143086,2023-08-08,8,18,2,fatal injury,1,0,improper turning,hit object,no,no,no,0,0,0,0,0,0,Passenger Car/Station Wagon,TULARE
92143091,2023-08-03,8,9,4,possible injury,0,1,unsafe speed,rear end,no,no,no,0,0,0,0,0,0,Truck or Truck Tractor,SACRAMENTO
92143093,2023-08-02,8,12,3,possible injury,0,1,other hazardous violation,overturned,no,no,no,0,0,0,0,0,0,Not Stated,SAN FRANCISCO
92143097,2023-08-03,8,15,4,possible injury,0,1,unsafe speed,rear end,no,no,no,0,0,0,0,0,0,Pickup or Panel Truck,SAN DIEGO
92143099,2023-07-26,7,16,3,minor injury,0,1,improper turning,sideswipe,no,no,no,0,0,0,0,0,0,Passenger Car/Station Wagon,SAN BERNARDINO
92143104,2023-08-11,8,9,5,possible injury,0,1,unsafe speed,rear end,no,no,no,0,0,0,0,0,0,Truck or Truck Tractor with Trailer,LOS ANGELES
92143106,2023-08-08,8,20,2,possible injury,0,1,unknown,rear end,no,no,no,0,0,0,0,0,0,Not Stated,LOS ANGELES
92143108,2023-08-04,8,5,5,minor injury,0,1,improper turning,hit object,no,no,no,0,0,0,0,0,0,Passenger Car/Station Wagon,SONOMA
92143109,2023-08-02,8,4,3,possible injury,0,1,unsafe speed,rear end,no,no,no,0,0,0,0,0,0,Pickup or Panel Truck,RIVERSIDE
92143111,2023-08-04,8,7,5,possible injury,0,3,unsafe speed,rear end,no,no,no,0,0,0,0,0,0,Passenger Car/Station Wagon,SAN DIEGO
92143121,2023-08-07,8,16,1,possible injury,0,1,improper turning,hit object,no,no,no,0,0,0,0,0,0,Passenger Car/Station Wagon,RIVERSIDE
92143129,2023-08-08,8,13,2,minor injury,0,1,hazardous parking,vehicle/pedestrian,no,no,no,0,0,0,0,0,0,Passenger Car/Station Wagon,RIVERSIDE
92143131,2023-08-04,8,16,5,possible injury,0,1,unsafe speed,rear end,no,no,no,0,0,0,0,0,0,Passenger Car/Station Wagon,ALAMEDA
92143135,2023-08-06,8,14,7,possible injury,0,1,unsafe speed,rear end,no,no,no,0,0,0,0,0,0,Passenger Car/Station Wagon,FRESNO
92143139,2023-07-31,7,7,1,minor injury,0,1,unsafe lane change,sideswipe,no,no,no,0,0,0,0,0,0,Not Stated,LOS ANGELES
92143140,2023-08-05,8,22,6,possible injury,0,1,DUI,rear end,no,no,no,0,0,0,0,0,0,Passenger Car/Station Wagon,SOLANO
92143145,2023-08-05,8,23,6,minor injury,0,4,DUI,head-on,no,no,no,0,0,0,0,0,0,Passenger Car/Station Wagon,SAN DIEGO
92143156,2023-08-02,8,15,3,minor injury,0,2,DUI,hit object,no,no,no,0,0,0,0,0,0,Passenger Car/Station Wagon,SAN DIEGO
92143157,2023-08-10,8,7,4,minor injury,0,3,unsafe speed,rear end,no,no,no,0,0,0,0,0,0,Passenger Car/Station Wagon,SACRAMENTO
92143168,2023-07-15,7,23,6,minor injury,0,1,improper turning,overturned,no,no,no,0,0,0,0,0,0,Passenger Car/Station Wagon,LOS ANGELES
92143175,2023-08-12,8,16,6,minor injury,0,2,improper turning,hit object,no,no,no,0,0,0,0,0,0,Passenger Car/Station Wagon,NEVADA
92143178,2023-08-12,8,16,6,possible injury,0,2,unsafe speed,rear end,no,no,no,0,0,0,0,0,0,Passenger Car/Station Wagon,MERCED
92143186,2023-08-05,8,13,6,minor injury,0,1,improper turning,broadside,no,no,no,0,0,0,0,0,0,Not Stated,SAN DIEGO
92143187,2023-07-26,7,13,3,minor injury,0,2,improper turning,sideswipe,yes,no,no,1,0,0,0,0,0,Passenger Car/Station Wagon,SAN BERNARDINO
92143189,2023-08-12,8,14,6,possible injury,0,1,unsafe speed,rear end,no,no,no,0,0,0,0,0,0,Passenger Car/Station Wagon,LOS ANGELES
92143193,2023-08-04,8,17,5,minor injury,0,1,unsafe lane change,broadside,no,yes,no,0,1,0,0,0,0,Bicycle,SAN BERNARDINO
92143194,2023-08-06,8,23,7,minor injury,0,2,DUI,hit object,no,no,no,0,0,0,0,0,0,Pickup or Panel Truck,SAN BERNARDINO
92143196,2023-08-05,8,3,6,minor injury,0,1,improper turning,overturned,no,no,no,0,0,0,0,0,0,Passenger Car/Station Wagon,CONTRA COSTA
92143197,2023-08-04,8,5,5,minor injury,0,1,improper turning,sideswipe,no,no,no,0,0,0,0,0,0,Not Stated,RIVERSIDE
92143204,2023-08-07,8,12,1,minor injury,0,1,other than driver or pedestrian,hit object,no,no,no,0,0,0,0,0,0,Not Stated,BUTTE
92143208,2023-03-26,3,19,7,severe injury,0,2,automobile right of way,broadside,no,no,yes,0,0,2,0,0,0,Passenger Car/Station Wagon,SAN DIEGO
92143209,2023-08-08,8,8,2,possible injury,0,1,unsafe speed,rear end,no,no,no,0,0,0,0,0,0,Passenger Car/Station Wagon,STANISLAUS
92143211,2023-08-12,8,17,6,possible injury,0,1,unsafe speed,rear end,no,no,no,0,0,0,0,0,0,Passenger Car/Station Wagon,LOS ANGELES
92143214,2023-08-03,8,8,4,severe injury,0,1,pedestrian violation,vehicle/pedestrian,yes,no,no,1,0,0,0,0,0,Pedestrian,SAN DIEGO
92143220,2023-05-04,5,23,4,fatal injury,1,0,pedestrian violation,vehicle/pedestrian,yes,no,no,0,0,0,1,0,0,Pedestrian,SANTA BARBARA
92143222,2023-08-06,8,10,7,minor injury,0,1,improper passing,sideswipe,no,no,no,0,0,0,0,0,0,Pickup or Panel Truck,CONTRA COSTA
92143224,2023-08-02,8,20,3,possible injury,0,1,unsafe speed,rear end,no,no,no,0,0,0,0,0,0,Passenger Car/Station Wagon,KERN
92143229,2023-08-11,8,10,5,possible injury,0,1,improper turning,hit object,no,no,no,0,0,0,0,0,0,Pickup or Panel Truck,CONTRA COSTA
92143231,2023-08-08,8,5,2,possible injury,0,1,other hazardous violation,hit object,no,no,no,0,0,0,0,0,0,Truck or Truck Tractor,RIVERSIDE
92143235,2023-06-10,6,16,6,fatal injury,1,0,unsafe speed,hit object,no,no,yes,0,0,0,0,0,1,Motorcycle/Scooter,VENTURA
92143238,2023-08-05,8,7,6,minor injury,0,3,improper turning,sideswipe,no,no,no,0,0,0,0,0,0,Passenger Car/Station Wagon,KERN
92143240,2023-07-29,7,4,6,minor injury,0,1,unsafe speed,rear end,no,no,no,0,0,0,0,0,0,Pickup or Panel Truck,SAN DIEGO
92143246,2023-08-01,8,14,2,minor injury,0,1,automobile right of way,broadside,no,no,no,0,0,0,0,0,0,Passenger Car/Station Wagon,SAN JOAQUIN
92143247,2023-08-05,8,2,6,possible injury,0,1,DUI,hit object,no,no,no,0,0,0,0,0,0,Passenger Car/Station Wagon,SAN FRANCISCO
92143249,2023-08-09,8,17,3,possible injury,0,2,unsafe speed,rear end,no,no,no,0,0,0,0,0,0,Pickup or Panel Truck,RIVERSIDE
92143250,2023-07-31,7,8,1,possible injury,0,2,other than driver or pedestrian,hit object,no,no,no,0,0,0,0,0,0,Not Stated,SAN FRANCISCO
92143255,2023-08-04,8,14,5,possible injury,0,4,unsafe speed,rear end,no,no,no,0,0,0,0,0,0,Passenger Car/Station Wagon,LOS ANGELES
92143257,2023-08-03,8,16,4,possible injury,0,1,unsafe speed,rear end,no,no,no,0,0,0,0,0,0,Passenger Car/Station Wagon,SAN JOAQUIN
92143259,2023-07-18,7,13,2,possible injury,0,1,improper turning,hit object,no,no,no,0,0,0,0,0,0,Passenger Car/Station Wagon,SAN DIEGO
92143262,2023-08-03,8,17,4,possible injury,0,1,unsafe speed,rear end,no,no,no,0,0,0,0,0,0,Passenger Car/Station Wagon,SAN JOAQUIN
92143264,2023-08-09,8,15,3,possible injury,0,4,unsafe speed,rear end,no,no,no,0,0,0,0,0,0,Pickup or Panel Truck,STANISLAUS
92143265,2023-08-08,8,17,2,possible injury,0,1,unknown,rear end,no,no,no,0,0,0,0,0,0,Not Stated,VENTURA