CASE_ID,COLLISION_DATE,MONTH,HOUR,DAY_OF_WEEK,COLLISION_SEVERITY,NUMBER_KILLED,NUMBER_INJURED,PCF_VIOL_CATEGORY,TYPE_OF_COLLISION,PEDESTRIAN_ACCIDENT,BICYCLE_ACCIDENT,MOTORCYCLE_ACCIDENT,COUNT_PED_INJURED,COUNT_BICYCLIST_INJURED,COUNT_MC_INJURED,COUNT_PED_KILLED,COUNT_BICYCLIST_KILLED,COUNT_MC_KILLED,STWD_VEHTYPE_AT_FAULT,COUNTY
92157077,2023-08-22,8,5,2,possible injury,0,1,improper turning,hit object,no,no,no,0,0,0,0,0,0,Truck or Truck Tractor with Trailer,NEVADA
92157080,2023-08-17,8,22,4,minor injury,0,1,unsafe lane change,sideswipe,no,no,no,0,0,0,0,0,0,Pickup or Panel Truck,LOS ANGELES
92157081,2023-08-20,8,2,7,possible injury,0,1,unsafe speed,rear end,no,no,no,0,0,0,0,0,0,Pickup or Panel Truck,ORANGE
92157086,2023-08-20,8,7,7,minor injury,0,2,unsafe speed,hit object,no,no,no,0,0,0,0,0,0,Pickup or Panel Truck,ORANGE
92157090,2023-08-20,8,10,7,possible injury,0,3,improper turning,sideswipe,no,no,no,0,0,0,0,0,0,Not Stated,ORANGE
92157096,2023-08-18,8,12,5,severe injury,0,1,automobile right of way,broadside,no,no,yes,0,0,1,0,0,0,Passenger Car/Station Wagon,ORANGE
92157098,2023-08-20,8,23,7,possible injury,0,1,unsafe speed,hit object,no,no,no,0,0,0,0,0,0,Passenger Car/Station Wagon,ORANGE
92157099,2023-02-01,2,1,3,fatal injury,1,0,pedestrian violation,vehicle/pedestrian,yes,no,no,0,0,0,1,0,0,Pedestrian,SANTA CLARA
92157105,2023-08-20,8,11,7,minor injury,0,1,unsafe speed,broadside,no,no,no,0,0,0,0,0,0,Passenger Car/Station Wagon,ORANGE
92157112,2023-08-22,8,21,2,severe injury,0,1,improper turning,hit object,no,no,no,0,0,0,0,0,0,Pickup or Panel Truck,RIVERSIDE
92157113,2023-08-17,8,17,4,possible injury,0,1,unsafe speed,rear end,no,no,no,0,0,0,0,0,0,Pickup or Panel Truck,LOS ANGELES
92157114,2023-08-18,8,16,5,possible injury,0,1,improper turning,rear end,no,no,yes,0,0,1,0,0,0,Motorcycle/Scooter,SAN DIEGO
92157119,2023-08-21,8,4,1,possible injury,0,1,DUI,hit object,no,no,no,0,0,0,0,0,0,Pickup or Panel Truck,SONOMA
92157128,2023-08-28,8,14,1,possible injury,0,1,improper turning,hit object,no,no,no,0,0,0,0,0,0,Passenger Car/Station Wagon,FRESNO
92157130,2023-08-22,8,20,2,possible injury,0,1,improper turning,hit object,no,no,no,0,0,0,0,0,0,Passenger Car/Station Wagon,CONTRA COSTA
92157131,2023-08-20,8,17,7,possible injury,0,1,improper turning,sideswipe,no,no,no,0,0,0,0,0,0,Passenger Car/Station Wagon,SAN BERNARDINO
92157133,2023-08-21,8,22,1,minor injury,0,1,improper turning,hit object,no,no,no,0,0,0,0,0,0,Pickup or Panel Truck,MENDOCINO
92157134,2023-08-22,8,23,2,severe injury,0,1,DUI,sideswipe,no,no,no,0,0,0,0,0,0,Passenger Car/Station Wagon,MENDOCINO
92157137,2023-08-27,8,12,7,possible injury,0,1,unsafe speed,rear end,no,no,no,0,0,0,0,0,0,Passenger Car/Station Wagon,STANISLAUS
92157138,2023-08-27,8,8,7,severe injury,0,1,DUI,rear end,no,yes,no,0,1,0,0,0,0,Passenger Car/Station Wagon,VENTURA
92157142,2023-08-27,8,22,7,minor injury,0,1,improper turning,overturned,no,no,yes,0,0,1,0,0,0,Motorcycle/Scooter,YOLO
92157143,2023-08-23,8,16,3,possible injury,0,1,unsafe speed,rear end,no,no,no,0,0,0,0,0,0,Passenger Car/Station Wagon,SACRAMENTO
92157144,2023-08-18,8,11,5,possible injury,0,1,improper passing,broadside,no,no,no,0,0,0,0,0,0,Passenger Car/Station Wagon,FRESNO
92157147,2023-08-27,8,12,7,possible injury,0,1,unsafe speed,rear end,no,no,no,0,0,0,0,0,0,Passenger Car/Station Wagon,STANISLAUS
92157149,2023-08-24,8,7,4,possible injury,0,1,unsafe speed,rear end,no,no,no,0,0,0,0,0,0,Passenger Car/Station Wagon,LOS ANGELES
92157153,2023-08-18,8,18,5,severe injury,0,2,traffic signs,broadside,no,no,no,0,0,0,0,0,0,Passenger Car/Station Wagon,NEVADA
92157154,2023-08-12,8,19,6,minor injury,0,1,improper turning,hit object,no,no,no,0,0,0,0,0,0,Passenger Car/Station Wagon,LOS ANGELES
92157160,2023-08-24,8,16,4,possible injury,0,1,unsafe speed,rear end,no,no,no,0,0,0,0,0,0,Pickup or Panel Truck,YOLO
92157161,2023-08-17,8,8,4,severe injury,0,1,unsafe speed,sideswipe,no,no,no,0,0,0,0,0,0,Passenger Car/Station Wagon,RIVERSIDE
92157165,2023-08-22,8,20,2,possible injury,0,1,unsafe speed,rear end,no,no,no,0,0,0,0,0,0,Passenger Car/Station Wagon,MERCED
92157167,2023-08-17,8,17,4,possible injury,0,1,automobile right of way,broadside,no,no,no,0,0,0,0,0,0,Passenger Car/Station Wagon,SAN DIEGO
92157171,2023-08-22,8,6,2,severe injury,0,1,improper turning,hit object,no,no,no,0,0,0,0,0,0,Pickup or Panel Truck,SONOMA
92157172,2023-08-19,8,7,6,minor injury,0,1,unsafe speed,rear end,no,no,no,0,0,0,0,0,0,Passenger Car/Station Wagon,SANTA BARBARA
92157177,2023-08-17,8,13,4,possible injury,0,1,unsafe speed,rear end,no,no,no,0,0,0,0,0,0,Passenger Car/Station Wagon,LOS ANGELES
92157183,2023-08-17,8,1,4,severe injury,0,1,DUI,rear end,no,no,no,0,0,0,0,0,0,Passenger Car/Station Wagon,SAN DIEGO
92157184,2023-08-04,8,17,5,severe injury,0,1,pedestrian right of way,vehicle/pedestrian,yes,no,no,1,0,0,0,0,0,Not Stated,NEVADA
92157186,2023-08-22,8,14,2,possible injury,0,1,unsafe lane change,sideswipe,no,no,no,0,0,0,0,0,0,Passenger Car/Station Wagon,SACRAMENTO
92157190,2023-08-18,8,23,5,possible injury,0,1,lights,broadside,no,yes,no,0,1,0,0,0,0,Bicycle,SANTA CRUZ
92157194,2023-07-20,7,17,4,minor injury,0,3,unsafe speed,rear end,no,no,no,0,0,0,0,0,0,Passenger Car/Station Wagon,ALAMEDA
92157195,2023-08-22,8,13,2,possible injury,0,1,unsafe lane change,sideswipe,no,no,no,0,0,0,0,0,0,Passenger Car/Station Wagon,SONOMA
92157196,2023-08-22,8,4,2,possible injury,0,1,pedestrian violation,vehicle/pedestrian,yes,no,no,1,0,0,0,0,0,Pedestrian,NEVADA
92157198,2023-08-21,8,0,1,possible injury,0,1,unsafe speed,hit object,no,no,no,0,0,0,0,0,0,Passenger Car/Station Wagon,SAN DIEGO
92157199,2023-08-18,8,9,5,possible injury,0,2,traffic signs,head-on,no,no,no,0,0,0,0,0,0,Pickup or Panel Truck,SAN DIEGO
92157200,2023-08-17,8,1,4,possible injury,0,1,DUI,hit object,no,no,no,0,0,0,0,0,0,Passenger Car/Station Wagon,LOS ANGELES
92157204,2023-08-25,8,20,5,possible injury,0,1,unsafe speed,rear end,no,no,no,0,0,0,0,0,0,Passenger Car/Station Wagon,YOLO
92157207,2023-08-17,8,18,4,minor injury,0,1,DUI,hit object,no,no,no,0,0,0,0,0,0,Passenger Car/Station Wagon,LOS ANGELES
92157208,2023-08-20,8,2,7,possible injury,0,1,DUI,rear end,no,no,no,0,0,0,0,0,0,Passenger Car/Station Wagon,FRESNO
92157209,2023-08-18,8,5,5,possible injury,0,1,improper turning,sideswipe,no,no,no,0,0,0,0,0,0,Not Stated,LOS ANGELES
92157214,2023-06-17,6,22,6,severe injury,0,2,DUI,rear end,no,no,yes,0,0,2,0,0,0,Motorcycle/Scooter,ORANGE
92157220,2023-08-17,8,1,4,minor injury,0,1,DUI,hit object,no,no,no,0,0,0,0,0,0,Pickup or Panel Truck,SAN BERNARDINO
92157221,2023-08-25,8,7,5,minor injury,0,1,improper turning,hit object,no,no,no,0,0,0,0,0,0,Passenger Car/Station Wagon,FRESNO
92157224,2023-08-21,8,18,1,minor injury,0,1,improper turning,sideswipe,no,yes,no,0,1,0,0,0,0,Bicycle,LOS ANGELES
92157227,2023-08-27,8,0,7,severe injury,0,1,DUI,sideswipe,yes,no,no,1,0,0,0,0,0,Passenger Car/Station Wagon,LOS ANGELES
92157230,2023-08-18,8,6,5,possible injury,0,1,unsafe speed,rear end,no,no,no,0,0,0,0,0,0,Not Stated,SAN DIEGO
92157231,2023-08-21,8,16,1,possible injury,0,2,unsafe speed,rear end,no,no,no,0,0,0,0,0,0,Passenger Car/Station Wagon,SACRAMENTO
92157232,2023-08-18,8,15,5,minor injury,0,1,improper turning,overturned,no,no,yes,0,0,1,0,0,0,Motorcycle/Scooter,SAN DIEGO
92157234,2023-08-23,8,16,3,possible injury,0,2,unsafe speed,rear end,no,no,no,0,0,0,0,0,0,Passenger Car/Station Wagon,SACRAMENTO
92157235,2023-08-18,8,13,5,minor injury,0,2,unsafe speed,overturned,no,no,no,0,0,0,0,0,0,Not Stated,MONTEREY
92157236,2023-08-20,8,3,7,minor injury,0,1,improper turning,hit object,no,no,no,0,0,0,0,0,0,Passenger Car/Station Wagon,MENDOCINO
92157248,2023-08-20,8,16,7,possible injury,0,1,unsafe speed,hit object,no,no,no,0,0,0,0,0,0,Passenger Car/Station Wagon,LOS ANGELES
92157251,2023-08-17,8,18,4,possible injury,0,1,unsafe lane change,sideswipe,no,no,yes,0,0,1,0,0,0,Not Stated,LOS ANGELES
92157256,2023-08-28,8,7,1,possible injury,0,3,following too closely,rear end,no,no,no,0,0,0,0,0,0,Passenger Car/Station Wagon,STANISLAUS
92157258,2023-08-28,8,8,1,minor injury,0,1,following too closely,rear end,no,no,no,0,0,0,0,0,0,Passenger Car/Station Wagon,STANISLAUS
92157261,2023-08-19,8,19,6,severe injury,0,3,unknown,head-on,no,no,no,0,0,0,0,0,0,Not Stated,SAN BERNARDINO
92157265,2023-08-21,8,21,1,minor injury,0,2,automobile right of way,broadside,no,no,no,0,0,0,0,0,0,Passenger Car/Station Wagon,RIVERSIDE
92157267,2023-08-17,8,19,4,possible injury,0,1,improper turning,hit object,no,no,no,0,0,0,0,0,0,Passenger Car/Station Wagon,LOS ANGELES
92157268,2023-08-17,8,13,4,possible injury,0,1,unsafe speed,rear end,no,no,no,0,0,0,0,0,0,Passenger Car/Station Wagon,LOS ANGELES
92157270,2023-04-09,4,10,7,severe injury,0,1,unsafe speed,overturned,no,no,yes,0,0,1,0,0,0,Motorcycle/Scooter,SAN DIEGO
92157271,2023-08-22,8,7,2,minor injury,0,2,improper turning,sideswipe,no,no,no,0,0,0,0,0,0,Passenger Car/Station Wagon,SAN BERNARDINO
92157275,2023-08-17,8,0,4,possible injury,0,1,DUI,hit object,no,no,no,0,0,0,0,0,0,Passenger Car/Station Wagon,SAN DIEGO
92157277,2023-08-23,8,12,3,minor injury,0,1,automobile right of way,broadside,no,no,no,0,0,0,0,0,0,Passenger Car/Station Wagon,CONTRA COSTA
92157278,2023-08-21,8,18,1,possible injury,0,1,unsafe lane change,sideswipe,no,no,no,0,0,0,0,0,0,Not Stated,SANTA CLARA
92157288,2023-08-23,8,11,3,possible injury,0,3,unsafe speed,rear end,no,no,no,0,0,0,0,0,0,Truck or Truck Tractor,ALAMEDA
92157289,2023-08-26,8,14,6,possible injury,0,1,unsafe speed,rear end,no,no,no,0,0,0,0,0,0,Passenger Car/Station Wagon,VENTURA
92157291,2023-08-24,8,13,4,minor injury,0,1,other than driver or pedestrian,overturned,no,no,no,0,0,0,0,0,0,Not Stated,RIVERSIDE
92157294,2023-07-07,7,19,5,fatal injury,1,1,DUI,overturned,no,no,no,0,0,0,0,0,0,Passenger Car/Station Wagon,SONOMA
92157296,2023-08-23,8,11,3,possible injury,0,1,unsafe speed,rear end,no,no,no,0,0,0,0,0,0,Passenger Car/Station Wagon,LOS ANGELES
92157303,2023-08-17,8,21,4,possible injury,0,1,unsafe speed,rear end,no,no,no,0,0,0,0,0,0,Passenger Car/Station Wagon,LOS ANGELES
92157304,2023-08-20,8,11,7,severe injury,0,1,improper turning,overturned,no,no,yes,0,0,1,0,0,0,Motorcycle/Scooter,SAN BENITO
92157306,2023-08-18,8,6,5,possible injury,0,1,unsafe speed,rear end,no,no,no,0,0,0,0,0,0,Pickup or Panel Truck,LOS ANGELES
92157307,2023-08-24,8,5,4,possible injury,0,1,unsafe speed,broadside,no,no,no,0,0,0,0,0,0,Passenger Car/Station Wagon,SONOMA
92157310,2023-08-12,8,14,6,minor injury,0,1,DUI,overturned,no,no,yes,0,0,1,0,0,0,Motorcycle/Scooter,MARIN
92157319,2023-08-18,8,5,5,possible injury,0,1,improper turning,hit object,no,no,no,0,0,0,0,0,0,Pickup or Panel Truck,SONOMA
92157321,2023-08-27,8,9,7,minor injury,0,1,other than driver or pedestrian,overturned,no,yes,no,0,1,0,0,0,0,Not Stated,SACRAMENTO
92157326,2023-08-22,8,7,2,possible injury,0,1,unsafe speed,rear end,no,no,no,0,0,0,0,0,0,Passenger Car/Station Wagon,SAN DIEGO
92157329,2023-08-17,8,18,4,severe injury,0,1,wrong side of road,sideswipe,no,no,no,0,0,0,0,0,0,Not Stated,LOS ANGELES
92157334,2023-08-24,8,17,4,severe injury,0,1,DUI,overturned,no,no,no,0,0,0,0,0,0,Pickup or Panel Truck,MONTEREY
92157337,2023-08-17,8,20,4,possible injury,0,2,unsafe speed,rear end,no,no,no,0,0,0,0,0,0,Passenger Car/Station Wagon,LOS ANGELES
92157340,2023-08-20,8,21,7,minor injury,0,1,unsafe lane change,sideswipe,no,no,no,0,0,0,0,0,0,Pickup or Panel Truck,SANTA CRUZ
92157342,2023-08-15,8,22,2,minor injury,0,2,other improper driving,broadside,no,no,no,0,0,0,0,0,0,Emergency Vehicle,MERCED
92157346,2023-08-17,8,21,4,minor injury,0,1,other than driver or pedestrian,rear end,no,no,no,0,0,0,0,0,0,Not Stated,LOS ANGELES
92157347,2023-08-21,8,21,1,severe injury,0,1,improper turning,overturned,no,no,no,0,0,0,0,0,0,Truck or Truck Tractor with Trailer,KERN
92157352,2023-08-22,8,3,2,possible injury,0,1,improper turning,hit object,no,no,no,0,0,0,0,0,0,Passenger Car/Station Wagon,SAN DIEGO
92157354,2023-03-11,3,20,6,fatal injury,1,0,DUI,hit object,no,no,no,0,0,0,0,0,0,Passenger Car/Station Wagon,KINGS
92157357,2023-08-18,8,16,5,severe injury,0,3,unsafe speed,rear end,no,no,no,0,0,0,0,0,0,Pickup or Panel Truck,MERCED
92157359,2023-08-07,8,12,1,fatal injury,1,0,pedestrian violation,vehicle/pedestrian,yes,no,no,0,0,0,1,0,0,Pedestrian,SACRAMENTO
92157361,2023-08-11,8,16,5,possible injury,0,1,unsafe speed,rear end,no,no,no,0,0,0,0,0,0,Passenger Car/Station Wagon,SAN JOAQUIN
92157365,2023-08-20,8,21,7,minor injury,0,1,unsafe speed,hit object,no,no,no,0,0,0,0,0,0,Passenger Car/Station Wagon,LOS ANGELES
92157366,2023-08-05,8,23,6,fatal injury,1,0,improper turning,hit object,no,no,no,0,0,0,0,0,0,Pickup or Panel Truck,MERCED
92157367,2023-08-20,8,15,7,possible injury,0,1,DUI,hit object,no,no,no,0,0,0,0,0,0,Pickup or Panel Truck,LOS ANGELES
92157371,2023-06-25,6,3,7,minor injury,0,3,improper turning,sideswipe,yes,no,no,1,0,0,0,0,0,Not Stated,LOS ANGELES
92157372,2023-08-24,8,16,4,possible injury,0,2,traffic signs,broadside,no,no,no,0,0,0,0,0,0,Passenger Car/Station Wagon,RIVERSIDE
92157384,2023-08-20,8,20,7,possible injury,0,1,wrong side of road,broadside,no,yes,no,0,1,0,0,0,0,Bicycle,SACRAMENTO
92157385,2023-08-27,8,11,7,possible injury,0,1,improper turning,broadside,no,no,no,0,0,0,0,0,0,Passenger Car/Station Wagon,MONTEREY
92157388,2023-06-04,6,6,7,fatal injury,1,1,DUI,hit object,no,no,no,0,0,0,0,0,0,Passenger Car/Station Wagon,SAN JOAQUIN
92157393,2023-08-20,8,16,7,possible injury,0,1,improper turning,hit object,no,no,no,0,0,0,0,0,0,Passenger Car/Station Wagon,MARIN
92157394,2023-08-17,8,21,4,minor injury,0,1,traffic signs,hit object,no,no,yes,0,0,1,0,0,0,Not Stated,VENTURA
92157395,2023-08-21,8,12,1,minor injury,0,1,improper turning,hit object,no,no,no,0,0,0,0,0,0,Passenger Car/Station Wagon,SANTA CRUZ
92157396,2023-08-23,8,15,3,minor injury,0,3,unsafe speed,rear end,no,no,no,0,0,0,0,0,0,Passenger Car/Station Wagon,RIVERSIDE
92157397,2023-08-20,8,7,7,minor injury,0,1,unsafe speed,hit object,no,no,no,0,0,0,0,0,0,Passenger Car/Station Wagon,SAN BERNARDINO
92157406,2023-08-23,8,19,3,possible injury,0,1,improper turning,hit object,no,no,no,0,0,0,0,0,0,Passenger Car/Station Wagon,SACRAMENTO
92157410,2023-08-28,8,9,1,possible injury,0,2,unsafe speed,rear end,no,no,no,0,0,0,0,0,0,Passenger Car/Station Wagon,LOS ANGELES
92157416,2023-08-18,8,15,5,possible injury,0,2,improper turning,sideswipe,no,no,no,0,0,0,0,0,0,Not Stated,LOS ANGELES
92157418,2023-08-18,8,15,5,minor injury,0,1,improper turning,overturned,no,no,no,0,0,0,0,0,0,Pickup or Panel Truck,SAN JOAQUIN
92157419,2023-08-25,8,11,5,possible injury,0,1,improper turning,hit object,no,no,no,0,0,0,0,0,0,Passenger Car/Station Wagon,RIVERSIDE
92157421,2023-08-24,8,17,4,possible injury,0,1,unsafe lane change,sideswipe,no,no,no,0,0,0,0,0,0,Passenger Car/Station Wagon,LOS ANGELES
92157425,2023-08-24,8,12,4,minor injury,0,2,unsafe speed,rear end,no,no,no,0,0,0,0,0,0,Passenger Car/Station Wagon,SACRAMENTO
92157427,2023-08-19,8,4,6,possible injury,0,1,unsafe lane change,rear end,no,no,no,0,0,0,0,0,0,Not Stated,LOS ANGELES
92157428,2023-06-04,6,21,7,possible injury,0,3,unsafe speed,rear end,no,no,no,0,0,0,0,0,0,Pickup or Panel Truck,ORANGE
92157434,2023-08-26,8,17,6,minor injury,0,4,traffic signs,broadside,no,no,no,0,0,0,0,0,0,Passenger Car/Station Wagon,KERN
92157435,2023-08-25,8,17,5,minor injury,0,1,automobile right of way,broadside,no,no,no,0,0,0,0,0,0,Pickup or Panel Truck,RIVERSIDE
92157438,2023-08-19,8,8,6,minor injury,0,1,automobile right of way,broadside,no,no,no,0,0,0,0,0,0,Pickup or Panel Truck,SAN LUIS OBISPO
92157441,2023-08-23,8,9,3,minor injury,0,1,unsafe lane change,sideswipe,no,no,yes,0,0,1,0,0,0,Passenger Car/Station Wagon,SAN BERNARDINO
92157442,2023-08-22,8,6,2,minor injury,0,1,unsafe starting or backing,vehicle/pedestrian,yes,no,no,1,0,0,0,0,0,Passenger Car/Station Wagon,LOS ANGELES
92157445,2023-08-22,8,9,2,possible injury,0,3,unsafe speed,rear end,no,no,no,0,0,0,0,0,0,Passenger Car/Station Wagon,SANTA CLARA
92157447,2023-08-18,8,5,5,possible injury,0,1,unsafe speed,hit object,no,no,no,0,0,0,0,0,0,Passenger Car/Station Wagon,KERN
92157448,2023-08-20,8,13,7,severe injury,0,6,improper turning,hit object,no,no,no,0,0,0,0,0,0,Passenger Car/Station Wagon,SAN BERNARDINO
92157452,2023-08-18,8,17,5,possible injury,0,1,unsafe speed,rear end,no,no,no,0,0,0,0,0,0,Passenger Car/Station Wagon,SAN JOAQUIN
92157453,2023-08-20,8,18,7,minor injury,0,1,unsafe speed,rear end,no,no,no,0,0,0,0,0,0,Passenger Car/Station Wagon,LOS ANGELES
92157454,2023-08-17,8,0,4,minor injury,0,1,DUI,hit object,no,no,no,0,0,0,0,0,0,Pickup or Panel Truck,LOS ANGELES
92157456,2023-08-24,8,8,4,possible injury,0,3,unsafe speed,rear end,no,no,no,0,0,0,0,0,0,Truck or Truck Tractor,ALAMEDA
92157467,2023-08-23,8,16,3,minor injury,0,1,unsafe speed,sideswipe,no,no,yes,0,0,1,0,0,0,Motorcycle/Scooter,VENTURA
92157473,2023-08-21,8,10,1,minor injury,0,3,unsafe speed,broadside,no,no,no,0,0,0,0,0,0,Passenger Car/Station Wagon,KINGS
92157479,2023-08-22,8,16,2,possible injury,0,2,improper turning,head-on,no,no,no,0,0,0,0,0,0,Passenger Car/Station Wagon,MERCED
92157480,2023-08-23,8,1,3,minor injury,0,1,DUI,overturned,no,no,no,0,0,0,0,0,0,Passenger Car/Station Wagon,SUTTER
92157482,2023-08-25,8,22,5,possible injury,0,1,improper turning,hit object,no,no,no,0,0,0,0,0,0,Pickup or Panel Truck,VENTURA
92157487,2023-08-18,8,11,5,possible injury,0,1,improper turning,hit object,no,no,no,0,0,0,0,0,0,Passenger Car/Station Wagon,LOS ANGELES
92157493,2023-08-27,8,12,7,minor injury,0,2,automobile right of way,broadside,no,no,no,0,0,0,0,0,0,Passenger Car/Station Wagon,FRESNO
92157498,2023-08-17,8,6,4,severe injury,0,1,improper passing,broadside,no,no,yes,0,0,1,0,0,0,Motorcycle/Scooter,SAN DIEGO
92157499,2023-08-16,8,16,3,possible injury,0,1,unsafe lane change,rear end,no,no,no,0,0,0,0,0,0,Truck or Truck Tractor with Trailer,RIVERSIDE
92157500,2023-08-17,8,13,4,possible injury,0,2,unsafe speed,sideswipe,no,no,no,0,0,0,0,0,0,Truck or Truck Tractor with Trailer,LOS ANGELES
92157502,2023-08-17,8,15,4,possible injury,0,1,other hazardous violation,hit object,no,no,no,0,0,0,0,0,0,Not Stated,SACRAMENTO
92157511,2023-08-22,8,9,2,minor injury,0,1,unsafe speed,rear end,no,no,no,0,0,0,0,0,0,Passenger Car/Station Wagon,SANTA CRUZ
92157514,2023-08-27,8,10,7,minor injury,0,2,automobile right of way,broadside,no,no,no,0,0,0,0,0,0,Passenger Car/Station Wagon,SACRAMENTO
92157515,2023-08-17,8,14,4,possible injury,0,1,unsafe speed,rear end,no,no,no,0,0,0,0,0,0,Passenger Car/Station Wagon,RIVERSIDE
92157517,2023-08-18,8,5,5,minor injury,0,1,improper turning,overturned,no,no,yes,0,0,1,0,0,0,Motorcycle/Scooter,ORANGE
92157520,2023-07-22,7,0,6,possible injury,0,1,unsafe speed,rear end,no,no,no,0,0,0,0,0,0,Pickup or Panel Truck,SONOMA
92157521,2023-08-22,8,12,2,possible injury,0,1,unsafe speed,rear end,no,no,yes,0,0,1,0,0,0,Motorcycle/Scooter,SAN DIEGO
92157523,2023-07-26,7,15,3,possible injury,0,1,traffic signs,broadside,no,no,no,0,0,0,0,0,0,Passenger Car/Station Wagon,LOS ANGELES
92157525,2023-08-17,8,20,4,possible injury,0,1,unsafe speed,rear end,no,no,no,0,0,0,0,0,0,Passenger Car/Station Wagon,LOS ANGELES
92157526,2023-08-28,8,7,1,minor injury,0,1,improper turning,overturned,no,no,yes,0,0,1,0,0,0,Motorcycle/Scooter,SACRAMENTO
92157527,2023-08-22,8,13,2,minor injury,0,1,improper turning,rear end,no,no,no,0,0,0,0,0,0,Passenger Car/Station Wagon,SANTA CRUZ
92157529,2023-08-23,8,9,3,minor injury,0,1,other than driver or pedestrian,hit object,no,no,no,0,0,0,0,0,0,Not Stated,RIVERSIDE
92157531,2023-08-18,8,16,5,possible injury,0,2,unsafe speed,rear end,no,no,no,0,0,0,0,0,0,Passenger Car/Station Wagon,LOS ANGELES
92157544,2023-08-15,8,2,2,minor injury,0,1,improper turning,hit object,no,no,yes,0,0,1,0,0,0,Motorcycle/Scooter,LOS ANGELES
92157546,2023-08-22,8,23,2,possible injury,0,2,unsafe speed,rear end,no,no,no,0,0,0,0,0,0,Not Stated,KERN
92157561,2023-08-18,8,18,5,minor injury,0,1,unsafe speed,overturned,no,no,yes,0,0,1,0,0,0,Motorcycle/Scooter,ORANGE
92157562,2023-08-21,8,16,1,minor injury,0,1,automobile right of way,broadside,no,no,no,0,0,0,0,0,0,Truck or Truck Tractor with Trailer,FRESNO
92157564,2023-08-20,8,7,7,possible injury,0,1,improper turning,hit object,no,no,no,0,0,0,0,0,0,Passenger Car/Station Wagon,RIVERSIDE
92157567,2023-08-20,8,8,7,minor injury,0,1,improper turning,overturned,no,no,yes,0,0,1,0,0,0,Motorcycle/Scooter,RIVERSIDE
92157569,2023-08-11,8,20,5,severe injury,0,1,unsafe speed,hit object,no,no,yes,0,0,1,0,0,0,Motorcycle/Scooter,LOS ANGELES
92157570,2023-08-17,8,14,4,severe injury,0,1,improper turning,sideswipe,no,no,no,0,0,0,0,0,0,Passenger Car/Station Wagon,STANISLAUS
92157573,2023-08-20,8,14,7,possible injury,0,1,improper turning,hit object,no,no,no,0,0,0,0,0,0,Passenger Car/Station Wagon,RIVERSIDE
92157578,2023-08-18,8,22,5,minor injury,0,1,improper turning,hit object,no,no,no,0,0,0,0,0,0,Passenger Car/Station Wagon,SAN JOAQUIN
92157579,2023-08-24,8,2,4,possible injury,0,2,unsafe speed,rear end,no,no,no,0,0,0,0,0,0,Not Stated,SACRAMENTO
92157582,2023-08-22,8,14,2,minor injury,0,1,improper turning,sideswipe,no,no,no,0,0,0,0,0,0,Passenger Car/Station Wagon,PLACER
92157583,2023-08-20,8,21,7,minor injury,0,2,traffic signs,broadside,no,no,no,0,0,0,0,0,0,Pickup or Panel Truck,MADERA
92157586,2023-08-21,8,8,1,possible injury,0,1,unsafe lane change,rear end,no,no,yes,0,0,1,0,0,0,Passenger Car/Station Wagon,ALAMEDA
92157589,2023-08-26,8,7,6,possible injury,0,1,improper turning,overturned,no,no,no,0,0,0,0,0,0,Passenger Car/Station Wagon,IMPERIAL
92157594,2023-08-19,8,2,6,severe injury,0,1,improper turning,hit object,no,no,no,0,0,0,0,0,0,Passenger Car/Station Wagon,SANTA CLARA
92157597,2023-08-16,8,5,3,minor injury,0,2,other equipment,rear end,no,no,no,0,0,0,0,0,0,Other Vehicle,FRESNO
92157603,2023-08-28,8,21,1,minor injury,0,1,improper turning,hit object,no,no,no,0,0,0,0,0,0,Passenger Car/Station Wagon,NEVADA
92157610,2023-08-25,8,12,5,possible injury,0,2,improper turning,rear end,no,no,no,0,0,0,0,0,0,Passenger Car/Station Wagon,RIVERSIDE
92157612,2023-08-20,8,16,7,minor injury,0,1,unsafe speed,hit object,no,no,no,0,0,0,0,0,0,Passenger Car/Station Wagon,ORANGE
92157620,2023-08-08,8,2,2,severe injury,0,1,DUI,overturned,no,no,no,0,0,0,0,0,0,Passenger Car/Station Wagon,SAN JOAQUIN
92157622,2023-08-20,8,17,7,possible injury,0,2,unsafe speed,hit object,no,no,no,0,0,0,0,0,0,Passenger Car/Station Wagon,LOS ANGELES
92157625,2023-08-21,8,18,1,possible injury,0,1,improper turning,hit object,no,no,no,0,0,0,0,0,0,Passenger Car/Station Wagon,SAN DIEGO
92157636,2023-08-18,8,22,5,minor injury,0,2,automobile right of way,broadside,no,no,no,0,0,0,0,0,0,Passenger Car/Station Wagon,ORANGE
92157639,2023-08-26,8,8,6,possible injury,0,1,automobile right of way,broadside,no,no,no,0,0,0,0,0,0,Passenger Car/Station Wagon,RIVERSIDE
92157641,2023-08-18,8,2,5,possible injury,0,1,DUI,hit object,no,no,no,0,0,0,0,0,0,Passenger Car/Station Wagon,RIVERSIDE
92157642,2023-08-05,8,8,6,possible injury,0,2,improper turning,overturned,no,no,no,0,0,0,0,0,0,Pickup or Panel Truck,NEVADA
92157645,2023-08-27,8,23,7,possible injury,0,1,improper turning,hit object,no,no,no,0,0,0,0,0,0,Passenger Car/Station Wagon,SANTA BARBARA
92157646,2023-08-20,8,14,7,possible injury,0,1,improper turning,rear end,no,yes,no,0,1,0,0,0,0,Bicycle,SANTA CLARA