CASE_ID,COLLISION_DATE,MONTH,HOUR,DAY_OF_WEEK,COLLISION_SEVERITY,NUMBER_KILLED,NUMBER_INJURED,PCF_VIOL_CATEGORY,TYPE_OF_COLLISION,PEDESTRIAN_ACCIDENT,BICYCLE_ACCIDENT,MOTORCYCLE_ACCIDENT,COUNT_PED_INJURED,COUNT_BICYCLIST_INJURED,COUNT_MC_INJURED,COUNT_PED_KILLED,COUNT_BICYCLIST_KILLED,COUNT_MC_KILLED,STWD_VEHTYPE_AT_FAULT,COUNTY
92179027,2023-09-17,9,23,7,possible injury,0,3,unsafe speed,rear end,no,no,no,0,0,0,0,0,0,Not Stated,LOS ANGELES
92179032,2023-09-13,9,11,3,minor injury,0,2,unsafe speed,rear end,no,no,no,0,0,0,0,0,0,Passenger Car/Station Wagon,GLENN
92179035,2023-09-19,9,11,2,minor injury,0,1,unsafe speed,rear end,no,no,yes,0,0,1,0,0,0,Passenger Car/Station Wagon,ORANGE
92179036,2023-09-13,9,18,3,minor injury,0,1,DUI,hit object,no,no,no,0,0,0,0,0,0,Passenger Car/Station Wagon,NAPA
92179037,2023-09-23,9,14,6,possible injury,0,4,unsafe speed,rear end,no,no,no,0,0,0,0,0,0,Passenger Car/Station Wagon,LOS ANGELES
92179038,2023-09-23,9,11,6,possible injury,0,2,unsafe speed,rear end,no,no,no,0,0,0,0,0,0,Passenger Car/Station Wagon,LOS ANGELES
92179039,2023-09-23,9,10,6,possible injury,0,1,other than driver or pedestrian,hit object,no,no,no,0,0,0,0,0,0,Not Stated,LOS ANGELES
92179040,2023-09-23,9,9,6,possible injury,0,3,unsafe speed,rear end,no,no,no,0,0,0,0,0,0,Passenger Car/Station Wagon,LOS ANGELES
92179042,2023-09-05,9,15,2,minor injury,0,1,automobile right of way,broadside,no,no,no,0,0,0,0,0,0,Other Vehicle,LOS ANGELES
92179043,2023-09-22,9,17,5,possible injury,0,1,unsafe speed,rear end,no,no,no,0,0,0,0,0,0,Not Stated,LOS ANGELES
92179045,2023-09-22,9,15,5,possible injury,0,1,unsafe speed,rear end,no,no,no,0,0,0,0,0,0,Passenger Car/Station Wagon,LOS ANGELES
92179049,2023-09-20,9,18,3,possible injury,0,1,unsafe speed,rear end,no,no,no,0,0,0,0,0,0,Passenger Car/Station Wagon,LOS ANGELES
92179051,2023-09-11,9,15,1,possible injury,0,1,unsafe lane change,broadside,no,no,no,0,0,0,0,0,0,Passenger Car/Station Wagon,LOS ANGELES
92179052,2023-09-12,9,18,2,possible injury,0,1,unsafe speed,rear end,no,no,no,0,0,0,0,0,0,Emergency Vehicle,LOS ANGELES
92179053,2023-09-14,9,17,4,possible injury,0,2,automobile right of way,broadside,no,no,no,0,0,0,0,0,0,Passenger Car/Station Wagon,SAN MATEO
92179059,2023-09-19,9,13,2,possible injury,0,2,unsafe speed,rear end,no,no,no,0,0,0,0,0,0,Not Stated,NEVADA
92179062,2023-09-17,9,9,7,minor injury,0,1,improper turning,hit object,no,no,no,0,0,0,0,0,0,Passenger Car/Station Wagon,ALAMEDA
92179066,2023-09-13,9,13,3,possible injury,0,1,unsafe starting or backing,rear end,no,no,no,0,0,0,0,0,0,Passenger Car/Station Wagon,SAN BERNARDINO
92179075,2023-09-19,9,14,2,possible injury,0,1,unsafe starting or backing,rear end,no,no,no,0,0,0,0,0,0,Passenger Car/Station Wagon,SAN BERNARDINO
92179077,2023-09-13,9,17,3,possible injury,0,1,other than driver or pedestrian,hit object,no,no,no,0,0,0,0,0,0,Not Stated,SAN MATEO
92179079,2023-09-15,9,2,5,minor injury,0,1,DUI,hit object,no,no,no,0,0,0,0,0,0,Passenger Car/Station Wagon,SAN BERNARDINO
92179415,2023-09-14,9,18,4,minor injury,0,1,traffic signs,broadside,no,no,no,0,0,0,0,0,0,Passenger Car/Station Wagon,LOS ANGELES
92179418,2023-09-15,9,5,5,minor injury,0,1,improper turning,sideswipe,no,no,no,0,0,0,0,0,0,Not Stated,LOS ANGELES
92179419,2023-09-15,9,14,5,possible injury,0,1,improper turning,sideswipe,no,no,no,0,0,0,0,0,0,Passenger Car/Station Wagon,LOS ANGELES
92179424,2023-09-16,9,16,6,possible injury,0,1,other improper driving,vehicle/pedestrian,yes,no,no,1,0,0,0,0,0,Passenger Car/Station Wagon,SACRAMENTO
92179425,2023-09-16,9,22,6,minor injury,0,2,automobile right of way,broadside,no,no,no,0,0,0,0,0,0,Passenger Car/Station Wagon,ORANGE
92179442,2023-09-20,9,0,3,minor injury,0,1,other than driver or pedestrian,hit object,no,no,no,0,0,0,0,0,0,Not Stated,SONOMA
92179444,2023-09-16,9,2,6,minor injury,0,1,DUI,overturned,no,no,no,0,0,0,0,0,0,Passenger Car/Station Wagon,STANISLAUS
92179445,2023-09-05,9,19,2,possible injury,0,1,automobile right of way,broadside,no,no,no,0,0,0,0,0,0,Passenger Car/Station Wagon,RIVERSIDE
92179450,2023-09-13,9,22,3,minor injury,0,1,DUI,rear end,no,no,no,0,0,0,0,0,0,Passenger Car/Station Wagon,LOS ANGELES
92179451,2023-09-14,9,17,4,possible injury,0,1,unsafe speed,rear end,no,no,no,0,0,0,0,0,0,Not Stated,CONTRA COSTA
92179452,2023-09-11,9,3,1,possible injury,0,1,improper turning,overturned,no,no,no,0,0,0,0,0,0,Passenger Car/Station Wagon,KERN
92179454,2023-09-14,9,15,4,possible injury,0,1,unsafe lane change,sideswipe,no,no,yes,0,0,1,0,0,0,Passenger Car/Station Wagon,LOS ANGELES
92179455,2023-09-14,9,17,4,possible injury,0,1,pedestrian right of way,vehicle/pedestrian,yes,no,no,1,0,0,0,0,0,Other Bus,LOS ANGELES
92179458,2023-09-19,9,13,2,minor injury,0,1,pedestrian violation,vehicle/pedestrian,yes,no,no,1,0,0,0,0,0,Pedestrian,ORANGE
92179461,2023-09-14,9,12,4,minor injury,0,1,unsafe speed,rear end,no,no,no,0,0,0,0,0,0,Passenger Car/Station Wagon,LOS ANGELES
92179465,2023-09-18,9,6,1,minor injury,0,1,unsafe speed,rear end,no,no,no,0,0,0,0,0,0,Pickup or Panel Truck,SACRAMENTO
92179466,2023-09-14,9,12,4,possible injury,0,2,following too closely,rear end,no,no,no,0,0,0,0,0,0,Pickup or Panel Truck,LOS ANGELES
92179472,2023-09-20,9,11,3,possible injury,0,2,automobile right of way,broadside,no,no,no,0,0,0,0,0,0,Passenger Car/Station Wagon,SACRAMENTO
92179475,2023-09-14,9,7,4,possible injury,0,1,traffic signs,broadside,no,no,no,0,0,0,0,0,0,Pickup or Panel Truck,LOS ANGELES
92179476,2023-09-16,9,1,6,minor injury,0,1,DUI,hit object,no,no,no,0,0,0,0,0,0,Passenger Car/Station Wagon,LOS ANGELES
92179478,2023-05-04,5,16,4,possible injury,0,2,DUI,rear end,no,no,no,0,0,0,0,0,0,Passenger Car/Station Wagon,ALAMEDA
92179481,2023-09-12,9,19,2,minor injury,0,1,traffic signs,broadside,no,no,no,0,0,0,0,0,0,Other Vehicle,VENTURA
92179482,2023-09-15,9,15,5,possible injury,0,3,automobile right of way,broadside,no,no,no,0,0,0,0,0,0,Pickup or Panel Truck,TULARE
92179483,2023-09-16,9,20,6,possible injury,0,1,unsafe speed,rear end,no,no,no,0,0,0,0,0,0,Passenger Car/Station Wagon,CONTRA COSTA
92179485,2023-09-11,9,20,1,severe injury,0,2,unknown,head-on,no,no,no,0,0,0,0,0,0,Passenger Car/Station Wagon,SACRAMENTO
92179486,2023-09-15,9,17,5,possible injury,0,1,unsafe speed,rear end,no,no,no,0,0,0,0,0,0,Passenger Car/Station Wagon,LOS ANGELES
92179488,2023-09-16,9,22,6,minor injury,0,1,unsafe speed,rear end,no,no,no,0,0,0,0,0,0,Pickup or Panel Truck,RIVERSIDE
92179490,2023-09-15,9,0,5,minor injury,0,1,unsafe speed,rear end,no,no,no,0,0,0,0,0,0,Passenger Car/Station Wagon,RIVERSIDE
92179495,2023-09-17,9,10,7,possible injury,0,1,improper turning,hit object,no,no,no,0,0,0,0,0,0,Pickup or Panel Truck,LOS ANGELES
92179496,2023-09-17,9,7,7,minor injury,0,2,DUI,head-on,no,no,no,0,0,0,0,0,0,Passenger Car/Station Wagon,TULARE
92179501,2023-09-18,9,11,1,possible injury,0,1,unsafe speed,rear end,no,no,no,0,0,0,0,0,0,Passenger Car/Station Wagon,SACRAMENTO
92179503,2023-09-13,9,10,3,severe injury,0,1,unsafe speed,rear end,no,no,no,0,0,0,0,0,0,Passenger Car/Station Wagon,CONTRA COSTA
92179516,2023-09-19,9,21,2,minor injury,0,1,unsafe lane change,sideswipe,no,no,no,0,0,0,0,0,0,Passenger Car/Station Wagon,SAN BERNARDINO
92179517,2023-07-22,7,21,6,fatal injury,1,0,other than driver or pedestrian,vehicle/pedestrian,yes,no,no,0,0,0,1,0,0,Not Stated,ALAMEDA
92179518,2023-09-17,9,1,7,minor injury,0,1,DUI,hit object,no,no,no,0,0,0,0,0,0,Passenger Car/Station Wagon,SAN DIEGO
92179523,2023-09-18,9,10,1,possible injury,0,1,improper turning,sideswipe,no,no,no,0,0,0,0,0,0,Pickup or Panel Truck,CONTRA COSTA
92179524,2023-09-17,9,9,7,minor injury,0,1,improper turning,sideswipe,no,no,no,0,0,0,0,0,0,Pickup or Panel Truck,RIVERSIDE
92179532,2023-09-20,9,7,3,possible injury,0,1,unsafe speed,rear end,no,no,yes,0,0,1,0,0,0,Motorcycle/Scooter,SAN BERNARDINO
92179533,2023-09-13,9,10,3,possible injury,0,2,traffic signs,broadside,no,no,no,0,0,0,0,0,0,Passenger Car/Station Wagon,KERN
92179535,2023-09-25,9,12,1,possible injury,0,1,unsafe speed,rear end,no,no,no,0,0,0,0,0,0,Passenger Car/Station Wagon,SAN BERNARDINO
92179537,2023-09-23,9,14,6,severe injury,0,1,other hazardous violation,overturned,no,no,yes,0,0,1,0,0,0,Motorcycle/Scooter,SAN DIEGO
92179539,2023-09-15,9,20,5,possible injury,0,3,unsafe speed,rear end,no,no,no,0,0,0,0,0,0,Pickup or Panel Truck,ALAMEDA
92179542,2023-09-17,9,3,7,possible injury,0,1,unsafe speed,rear end,no,no,no,0,0,0,0,0,0,Not Stated,LOS ANGELES
92179543,2023-08-20,8,15,7,possible injury,0,8,traffic signs,broadside,no,no,no,0,0,0,0,0,0,Passenger Car/Station Wagon,LOS ANGELES
92179544,2023-09-14,9,5,4,severe injury,0,1,unsafe speed,rear end,no,no,no,0,0,0,0,0,0,Not Stated,KERN
92179549,2023-09-07,9,14,4,possible injury,0,1,DUI,rear end,no,no,no,0,0,0,0,0,0,Pickup or Panel Truck,RIVERSIDE
92179551,2023-09-16,9,20,6,possible injury,0,1,unsafe lane change,sideswipe,no,no,no,0,0,0,0,0,0,Passenger Car/Station Wagon,YOLO
92179553,2023-09-08,9,16,5,minor injury,0,1,unsafe speed,rear end,no,no,no,0,0,0,0,0,0,Passenger Car/Station Wagon,TUOLUMNE
92179554,2023-09-13,9,0,3,possible injury,0,1,DUI,head-on,no,no,no,0,0,0,0,0,0,Passenger Car/Station Wagon,SANTA CLARA
92179559,2023-09-19,9,11,2,possible injury,0,1,unsafe speed,rear end,no,no,no,0,0,0,0,0,0,Passenger Car/Station Wagon,FRESNO
92179563,2023-09-19,9,15,2,minor injury,0,1,unsafe speed,rear end,no,no,no,0,0,0,0,0,0,Passenger Car/Station Wagon,TUOLUMNE
92179566,2023-09-13,9,19,3,minor injury,0,1,unsafe speed,rear end,no,no,no,0,0,0,0,0,0,Pickup or Panel Truck,LOS ANGELES
92179567,2023-09-14,9,15,4,possible injury,0,1,unsafe speed,rear end,no,no,no,0,0,0,0,0,0,Passenger Car/Station Wagon,RIVERSIDE
92179568,2023-09-11,9,1,1,possible injury,0,1,DUI,sideswipe,no,no,no,0,0,0,0,0,0,Emergency Vehicle,RIVERSIDE
92179571,2023-09-22,9,17,5,possible injury,0,1,unsafe speed,rear end,no,no,no,0,0,0,0,0,0,Passenger Car/Station Wagon,SACRAMENTO
92179572,2023-09-23,9,1,6,possible injury,0,1,improper turning,hit object,no,no,no,0,0,0,0,0,0,Passenger Car/Station Wagon,STANISLAUS
92179573,2023-09-23,9,8,6,minor injury,0,1,wrong side of road,other,no,yes,no,0,1,0,0,0,0,Pickup or Panel Truck,SANTA BARBARA
92179575,2023-09-14,9,20,4,possible injury,0,2,unsafe speed,rear end,no,no,no,0,0,0,0,0,0,Passenger Car/Station Wagon,SONOMA
92179579,2023-09-15,9,6,5,possible injury,0,1,unsafe speed,rear end,no,no,no,0,0,0,0,0,0,Passenger Car/Station Wagon,SANTA CLARA
92179581,2023-09-16,9,21,6,possible injury,0,1,unsafe speed,rear end,no,no,no,0,0,0,0,0,0,Not Stated,LOS ANGELES
92179587,2023-09-21,9,15,4,possible injury,0,1,improper turning,hit object,no,no,no,0,0,0,0,0,0,Pickup or Panel Truck,NAPA
92179588,2023-09-09,9,19,6,possible injury,0,2,wrong side of road,head-on,no,no,no,0,0,0,0,0,0,Passenger Car/Station Wagon,NAPA
92179590,2023-09-19,9,3,2,severe injury,0,2,improper turning,hit object,no,no,no,0,0,0,0,0,0,Passenger Car/Station Wagon,CONTRA COSTA
92179591,2023-09-20,9,12,3,possible injury,0,1,unsafe lane change,sideswipe,no,no,no,0,0,0,0,0,0,Truck or Truck Tractor,SAN BERNARDINO
92179593,2023-09-16,9,18,6,possible injury,0,2,traffic signs,broadside,no,no,no,0,0,0,0,0,0,Passenger Car/Station Wagon,FRESNO
92179597,2023-09-13,9,5,3,possible injury,0,1,unsafe speed,rear end,no,no,no,0,0,0,0,0,0,Passenger Car/Station Wagon,LOS ANGELES
92179598,2023-09-08,9,13,5,minor injury,0,1,unsafe speed,rear end,no,no,no,0,0,0,0,0,0,Passenger Car/Station Wagon,ALAMEDA
92179601,2023-09-14,9,7,4,minor injury,0,2,automobile right of way,rear end,no,no,no,0,0,0,0,0,0,Passenger Car/Station Wagon,SONOMA
92179602,2023-09-14,9,19,4,minor injury,0,2,automobile right of way,sideswipe,no,no,no,0,0,0,0,0,0,Passenger Car/Station Wagon,DEL NORTE
92179603,2023-09-14,9,20,4,severe injury,0,2,improper turning,hit object,no,no,no,0,0,0,0,0,0,Passenger Car/Station Wagon,RIVERSIDE
92179605,2023-09-15,9,10,5,possible injury,0,1,improper turning,hit object,no,no,no,0,0,0,0,0,0,Not Stated,SONOMA
92179609,2023-09-24,9,15,7,possible injury,0,1,unsafe speed,rear end,no,no,no,0,0,0,0,0,0,Passenger Car/Station Wagon,SAN DIEGO
92179610,2023-09-24,9,19,7,possible injury,0,1,unknown,vehicle/pedestrian,yes,no,no,1,0,0,0,0,0,Not Stated,TEHAMA
92179618,2023-08-14,8,5,1,severe injury,0,1,unsafe speed,overturned,no,no,yes,0,0,1,0,0,0,Motorcycle/Scooter,SAN BERNARDINO
92179622,2023-09-14,9,21,4,possible injury,0,1,improper turning,overturned,no,no,no,0,0,0,0,0,0,Passenger Car/Station Wagon,RIVERSIDE
92179623,2023-09-19,9,17,2,possible injury,0,1,unsafe speed,rear end,no,no,no,0,0,0,0,0,0,Passenger Car/Station Wagon,YOLO
92179625,2023-05-17,5,19,3,fatal injury,1,0,unsafe speed,rear end,no,no,no,0,0,0,0,0,0,Passenger Car/Station Wagon,KINGS
92179626,2023-09-14,9,18,4,possible injury,0,1,unsafe speed,rear end,no,no,no,0,0,0,0,0,0,Passenger Car/Station Wagon,SAN DIEGO
92179627,2023-09-17,9,7,7,possible injury,0,1,unsafe speed,sideswipe,no,no,no,0,0,0,0,0,0,Passenger Car/Station Wagon,LOS ANGELES
92179630,2023-09-10,9,0,7,minor injury,0,1,DUI,rear end,no,no,no,0,0,0,0,0,0,Passenger Car/Station Wagon,SANTA CLARA
92179631,2023-09-02,9,9,6,minor injury,0,1,unsafe speed,hit object,no,no,no,0,0,0,0,0,0,Passenger Car/Station Wagon,SAN DIEGO
92179640,2023-09-16,9,21,6,severe injury,0,3,DUI,head-on,no,no,no,0,0,0,0,0,0,Pickup or Panel Truck,SUTTER
92179646,2023-09-09,9,2,6,severe injury,0,1,DUI,rear end,no,no,no,0,0,0,0,0,0,Passenger Car/Station Wagon,SANTA CLARA
92179649,2023-09-17,9,11,7,possible injury,0,2,unsafe speed,rear end,no,no,no,0,0,0,0,0,0,Passenger Car/Station Wagon,LOS ANGELES
92179650,2023-09-15,9,17,5,possible injury,0,1,unsafe speed,sideswipe,no,no,no,0,0,0,0,0,0,Passenger Car/Station Wagon,SAN BERNARDINO
92179651,2023-09-16,9,14,6,minor injury,0,2,automobile right of way,broadside,no,yes,no,0,1,0,0,0,0,Other Vehicle,VENTURA
92179655,2023-09-16,9,12,6,minor injury,0,1,improper turning,overturned,no,yes,no,0,1,0,0,0,0,Bicycle,SANTA CLARA
92179658,2023-09-24,9,20,7,minor injury,0,2,unsafe speed,rear end,no,no,no,0,0,0,0,0,0,Passenger Car/Station Wagon,STANISLAUS
92179659,2023-09-17,9,17,7,possible injury,0,1,other hazardous violation,broadside,no,no,no,0,0,0,0,0,0,Passenger Car/Station Wagon,LOS ANGELES
92179660,2023-09-22,9,13,5,severe injury,0,1,automobile right of way,head-on,no,no,no,0,0,0,0,0,0,Pickup or Panel Truck,TUOLUMNE
92179663,2023-07-22,7,21,6,severe injury,0,1,improper turning,overturned,no,no,yes,0,0,1,0,0,0,Motorcycle/Scooter,ALAMEDA
92179665,2023-09-09,9,2,6,minor injury,0,1,unsafe speed,rear end,no,no,no,0,0,0,0,0,0,Not Stated,ALAMEDA
92179667,2023-09-23,9,13,6,minor injury,0,1,unsafe speed,rear end,no,no,no,0,0,0,0,0,0,Pickup or Panel Truck,LOS ANGELES
92179679,2023-09-14,9,7,4,possible injury,0,2,automobile right of way,broadside,no,no,no,0,0,0,0,0,0,Passenger Car/Station Wagon,STANISLAUS
92179682,2023-09-25,9,7,1,minor injury,0,1,unsafe starting or backing,rear end,no,no,no,0,0,0,0,0,0,Passenger Car/Station Wagon,SAN DIEGO
92179684,2023-09-23,9,11,6,possible injury,0,1,unsafe lane change,sideswipe,no,no,no,0,0,0,0,0,0,Truck or Truck Tractor with Trailer,FRESNO
92179687,2023-09-16,9,2,6,possible injury,0,2,DUI,sideswipe,no,no,no,0,0,0,0,0,0,Passenger Car/Station Wagon,LOS ANGELES
92179689,2023-09-15,9,17,5,possible injury,0,1,unsafe speed,rear end,no,no,no,0,0,0,0,0,0,Passenger Car/Station Wagon,LOS ANGELES
92179690,2023-09-19,9,16,2,possible injury,0,1,unsafe speed,rear end,no,no,no,0,0,0,0,0,0,Passenger Car/Station Wagon,ORANGE
92179695,2023-09-15,9,12,5,severe injury,0,1,automobile right of way,broadside,no,yes,no,0,1,0,0,0,0,Not Stated,PLACER
92179706,2023-09-14,9,0,4,possible injury,0,1,unsafe speed,rear end,no,no,no,0,0,0,0,0,0,Not Stated,RIVERSIDE
92179711,2023-09-16,9,4,6,possible injury,0,2,unsafe speed,rear end,no,no,no,0,0,0,0,0,0,Passenger Car/Station Wagon,ALAMEDA
92179717,2023-09-14,9,9,4,possible injury,0,1,unsafe speed,rear end,no,no,no,0,0,0,0,0,0,Passenger Car/Station Wagon,SANTA CLARA
92179721,2023-09-18,9,6,1,minor injury,0,1,unsafe speed,rear end,no,no,no,0,0,0,0,0,0,Passenger Car/Station Wagon,RIVERSIDE
92179724,2023-09-14,9,20,4,possible injury,0,1,improper turning,broadside,no,yes,no,0,1,0,0,0,0,Bicycle,LOS ANGELES
92179735,2023-09-09,9,16,6,minor injury,0,1,improper passing,sideswipe,no,no,no,0,0,0,0,0,0,Pickup or Panel Truck,SANTA CLARA
92179736,2023-08-13,8,21,7,minor injury,0,2,DUI,rear end,no,no,no,0,0,0,0,0,0,Passenger Car/Station Wagon,LOS ANGELES
92179740,2023-09-15,9,21,5,possible injury,0,1,unsafe speed,rear end,no,no,no,0,0,0,0,0,0,Passenger Car/Station Wagon,LOS ANGELES
92179743,2023-09-09,9,13,6,possible injury,0,1,unsafe speed,sideswipe,no,no,no,0,0,0,0,0,0,Passenger Car/Station Wagon,ALAMEDA
92179751,2023-08-30,8,17,3,possible injury,0,1,DUI,rear end,no,no,no,0,0,0,0,0,0,Pickup or Panel Truck,LOS ANGELES
92179753,2023-09-17,9,3,7,minor injury,0,1,other than driver or pedestrian,sideswipe,no,no,no,0,0,0,0,0,0,Not Stated,LOS ANGELES
92179754,2023-09-18,9,14,1,possible injury,0,1,unsafe speed,rear end,no,no,no,0,0,0,0,0,0,Passenger Car/Station Wagon,SAN BERNARDINO
92179759,2023-09-08,9,14,5,possible injury,0,1,unsafe speed,rear end,no,no,no,0,0,0,0,0,0,Not Stated,SAN JOAQUIN
92179761,2023-09-19,9,6,2,possible injury,0,3,automobile right of way,head-on,no,no,no,0,0,0,0,0,0,Passenger Car/Station Wagon,FRESNO
92179770,2023-09-17,9,6,7,minor injury,0,1,wrong side of road,hit object,no,no,no,0,0,0,0,0,0,Not Stated,SANTA CLARA
92179773,2023-09-15,9,22,5,possible injury,0,1,unsafe speed,rear end,no,no,no,0,0,0,0,0,0,Not Stated,SAN BERNARDINO
92179778,2023-09-17,9,8,7,possible injury,0,1,unsafe speed,rear end,no,no,no,0,0,0,0,0,0,Passenger Car/Station Wagon,KERN
92179779,2023-09-21,9,16,4,minor injury,0,1,DUI,hit object,no,no,no,0,0,0,0,0,0,Passenger Car/Station Wagon,MADERA
92179789,2023-09-19,9,12,2,minor injury,0,1,traffic signs,broadside,no,no,no,0,0,0,0,0,0,Passenger Car/Station Wagon,ORANGE
92179790,2023-09-09,9,23,6,possible injury,0,1,unsafe lane change,sideswipe,no,no,no,0,0,0,0,0,0,Passenger Car/Station Wagon,ALAMEDA
92179792,2023-09-17,9,7,7,minor injury,0,1,improper turning,hit object,no,no,no,0,0,0,0,0,0,Passenger Car/Station Wagon,SANTA CLARA
92179797,2023-09-17,9,12,7,minor injury,0,1,automobile right of way,overturned,no,no,yes,0,0,1,0,0,0,Not Stated,SANTA CLARA
92179803,2023-09-15,9,14,5,possible injury,0,1,improper turning,hit object,no,no,no,0,0,0,0,0,0,Passenger Car/Station Wagon,RIVERSIDE
92179805,2023-09-19,9,9,2,minor injury,0,1,automobile right of way,broadside,no,no,no,0,0,0,0,0,0,Not Stated,SAN DIEGO
92179807,2023-09-20,9,0,3,possible injury,0,2,unknown,rear end,no,no,no,0,0,0,0,0,0,Not Stated,SAN BERNARDINO
92179808,2023-09-19,9,6,2,possible injury,0,2,unsafe speed,rear end,no,no,no,0,0,0,0,0,0,Passenger Car/Station Wagon,SAN BERNARDINO
92179809,2023-09-15,9,18,5,minor injury,0,1,unsafe speed,sideswipe,no,no,yes,0,0,1,0,0,0,Motorcycle/Scooter,MARIN
92179822,2023-09-17,9,17,7,severe injury,0,1,DUI,hit object,no,no,no,0,0,0,0,0,0,Passenger Car/Station Wagon,MERCED
92179824,2023-08-29,8,23,2,possible injury,0,1,unsafe speed,hit object,no,no,no,0,0,0,0,0,0,Passenger Car/Station Wagon,SAN DIEGO
92179831,2023-09-16,9,12,6,possible injury,0,1,unsafe speed,rear end,no,no,no,0,0,0,0,0,0,Passenger Car/Station Wagon,ALAMEDA
92179832,2023-09-14,9,16,4,possible injury,0,1,unsafe speed,rear end,no,no,no,0,0,0,0,0,0,Pickup or Panel Truck,SAN JOAQUIN
92179837,2023-09-17,9,11,7,minor injury,0,1,improper turning,overturned,no,no,yes,0,0,1,0,0,0,Passenger Car/Station Wagon,VENTURA
92179845,2023-09-20,9,22,3,minor injury,0,1,improper turning,sideswipe,no,no,no,0,0,0,0,0,0,Passenger Car/Station Wagon,INYO
92179846,2023-09-19,9,8,2,minor injury,0,1,automobile right of way,broadside,no,no,no,0,0,0,0,0,0,Passenger Car/Station Wagon,MERCED
92179848,2023-09-07,9,11,4,severe injury,0,2,automobile right of way,broadside,no,no,yes,0,0,2,0,0,0,Pickup or Panel Truck,CONTRA COSTA
92179849,2023-09-14,9,15,4,possible injury,0,1,other than driver or pedestrian,hit object,no,no,no,0,0,0,0,0,0,Not Stated,SAN JOAQUIN
92179851,2023-09-15,9,7,5,possible injury,0,1,unsafe speed,rear end,no,no,no,0,0,0,0,0,0,Pickup or Panel Truck,SAN JOAQUIN
92179856,2023-09-15,9,8,5,minor injury,0,3,unsafe lane change,sideswipe,no,no,no,0,0,0,0,0,0,Passenger Car/Station Wagon,SAN JOAQUIN
92179861,2023-09-15,9,15,5,minor injury,0,1,unsafe lane change,sideswipe,no,no,no,0,0,0,0,0,0,Truck or Truck Tractor with Trailer,RIVERSIDE
92179862,2023-09-16,9,2,6,possible injury,0,2,DUI,rear end,no,no,no,0,0,0,0,0,0,Passenger Car/Station Wagon,SAN BERNARDINO
92179864,2023-09-12,9,1,2,possible injury,0,1,improper turning,rear end,no,no,no,0,0,0,0,0,0,Passenger Car/Station Wagon,CONTRA COSTA
92179865,2023-09-18,9,19,1,possible injury,0,1,automobile right of way,broadside,no,no,no,0,0,0,0,0,0,Pickup or Panel Truck,SANTA CLARA
92179866,2023-09-15,9,15,5,possible injury,0,1,unsafe lane change,sideswipe,no,no,no,0,0,0,0,0,0,Not Stated,RIVERSIDE
92179873,2023-09-14,9,10,4,possible injury,0,1,improper turning,overturned,no,no,yes,0,0,1,0,0,0,Motorcycle/Scooter,SAN DIEGO
92179874,2023-09-16,9,6,6,minor injury,0,1,improper turning,hit object,no,no,no,0,0,0,0,0,0,Passenger Car/Station Wagon,SIERRA
92179876,2023-09-18,9,9,1,possible injury,0,2,unsafe speed,rear end,no,no,no,0,0,0,0,0,0,Passenger Car/Station Wagon,LOS ANGELES
92179877,2023-09-25,9,7,1,possible injury,0,2,unsafe speed,rear end,no,no,no,0,0,0,0,0,0,Passenger Car/Station Wagon,SAN BERNARDINO
92179878,2023-09-16,9,20,6,possible injury,0,3,unsafe speed,rear end,no,no,no,0,0,0,0,0,0,Passenger Car/Station Wagon,LOS ANGELES
92179879,2023-09-17,9,18,7,possible injury,0,2,unsafe speed,rear end,no,no,no,0,0,0,0,0,0,Passenger Car/Station Wagon,KERN
92179882,2023-09-26,9,5,2,possible injury,0,1,unsafe speed,rear end,no,no,no,0,0,0,0,0,0,Pickup or Panel Truck,SAN DIEGO
92179885,2023-09-16,9,12,6,minor injury,0,1,unsafe speed,rear end,no,no,yes,0,0,1,0,0,0,Motorcycle/Scooter,SAN DIEGO
92179888,2023-09-14,9,10,4,possible injury,0,1,unsafe speed,rear end,no,no,no,0,0,0,0,0,0,Pickup or Panel Truck,STANISLAUS
92179892,2023-07-28,7,19,5,fatal injury,1,0,pedestrian violation,vehicle/pedestrian,yes,no,no,0,0,0,1,0,0,Pedestrian,FRESNO
92179898,2023-09-14,9,20,4,possible injury,0,2,DUI,head-on,no,no,no,0,0,0,0,0,0,Passenger Car/Station Wagon,SONOMA
92179902,2023-09-19,9,10,2,minor injury,0,2,improper turning,head-on,no,no,no,0,0,0,0,0,0,Passenger Car/Station Wagon,DEL NORTE
92179903,2023-09-20,9,8,3,possible injury,0,1,improper turning,hit object,no,no,no,0,0,0,0,0,0,Pickup or Panel Truck,STANISLAUS
92179907,2023-09-17,9,22,7,possible injury,0,1,DUI,hit object,no,no,no,0,0,0,0,0,0,Passenger Car/Station Wagon,MERCED
92179908,2023-07-26,7,20,3,fatal injury,1,0,pedestrian violation,vehicle/pedestrian,yes,no,no,0,0,0,1,0,0,Pedestrian,FRESNO
92179909,2023-09-11,9,17,1,minor injury,0,1,DUI,hit object,no,no,no,0,0,0,0,0,0,Passenger Car/Station Wagon,CONTRA COSTA
92179915,2023-09-12,9,16,2,possible injury,0,1,improper turning,sideswipe,no,no,no,0,0,0,0,0,0,Passenger Car/Station Wagon,CONTRA COSTA
92179916,2023-09-16,9,2,6,possible injury,0,1,DUI,sideswipe,no,no,no,0,0,0,0,0,0,Pickup or Panel Truck,RIVERSIDE
92179920,2023-09-14,9,15,4,possible injury,0,1,unsafe speed,rear end,no,no,no,0,0,0,0,0,0,Passenger Car/Station Wagon,SANTA CLARA