CASE_ID,COLLISION_DATE,MONTH,HOUR,DAY_OF_WEEK,COLLISION_SEVERITY,NUMBER_KILLED,NUMBER_INJURED,PCF_VIOL_CATEGORY,TYPE_OF_COLLISION,PEDESTRIAN_ACCIDENT,BICYCLE_ACCIDENT,MOTORCYCLE_ACCIDENT,COUNT_PED_INJURED,COUNT_BICYCLIST_INJURED,COUNT_MC_INJURED,COUNT_PED_KILLED,COUNT_BICYCLIST_KILLED,COUNT_MC_KILLED,STWD_VEHTYPE_AT_FAULT,COUNTY
92199023,2023-10-12,10,13,4,possible injury,0,2,unsafe speed,rear end,no,no,no,0,0,0,0,0,0,Passenger Car/Station Wagon,SAN BERNARDINO
92199024,2023-10-05,10,12,4,minor injury,0,1,improper turning,hit object,no,no,no,0,0,0,0,0,0,Passenger Car/Station Wagon,LOS ANGELES
92199027,2023-10-05,10,13,4,possible injury,0,2,traffic signs,broadside,no,no,no,0,0,0,0,0,0,Passenger Car/Station Wagon,LOS ANGELES
92199028,2023-09-29,9,7,5,possible injury,0,1,unsafe lane change,rear end,no,no,no,0,0,0,0,0,0,Passenger Car/Station Wagon,SAN BERNARDINO
92199031,2023-10-10,10,15,2,possible injury,0,1,unsafe speed,rear end,no,no,no,0,0,0,0,0,0,Passenger Car/Station Wagon,SAN BERNARDINO
92199032,2023-10-10,10,10,2,minor injury,0,1,improper turning,overturned,no,no,no,0,0,0,0,0,0,Passenger Car/Station Wagon,SAN BERNARDINO
92199033,2023-10-07,10,9,6,possible injury,0,1,automobile right of way,broadside,no,no,no,0,0,0,0,0,0,Passenger Car/Station Wagon,SAN BERNARDINO
92199034,2023-10-01,10,0,7,possible injury,0,1,DUI,sideswipe,no,no,no,0,0,0,0,0,0,Passenger Car/Station Wagon,SAN BERNARDINO
92199035,2023-09-29,9,14,5,severe injury,0,2,wrong side of road,head-on,no,no,no,0,0,0,0,0,0,Passenger Car/Station Wagon,SAN BERNARDINO
92199039,2023-09-08,9,22,5,possible injury,0,1,DUI,sideswipe,no,no,no,0,0,0,0,0,0,Passenger Car/Station Wagon,SAN BERNARDINO
92199045,2023-10-09,10,12,1,possible injury,0,1,improper turning,sideswipe,no,no,no,0,0,0,0,0,0,Passenger Car/Station Wagon,SAN BERNARDINO
92199046,2023-10-04,10,4,3,minor injury,0,1,unsafe speed,rear end,no,no,yes,0,0,1,0,0,0,Motorcycle/Scooter,SAN BERNARDINO
92199048,2023-10-03,10,17,2,possible injury,0,2,improper turning,sideswipe,no,no,no,0,0,0,0,0,0,Passenger Car/Station Wagon,LOS ANGELES
92199054,2023-10-03,10,16,2,possible injury,0,1,improper turning,sideswipe,no,no,no,0,0,0,0,0,0,Not Stated,LOS ANGELES
92199057,2023-09-27,9,22,3,minor injury,0,4,traffic signs,broadside,no,no,no,0,0,0,0,0,0,Not Stated,LOS ANGELES
92199058,2023-07-08,7,19,6,possible injury,0,1,unsafe speed,rear end,no,no,no,0,0,0,0,0,0,Passenger Car/Station Wagon,RIVERSIDE
92199261,2023-09-26,9,21,2,possible injury,0,1,improper turning,sideswipe,no,no,yes,0,0,1,0,0,0,Not Stated,ALAMEDA
92199284,2023-10-12,10,11,4,severe injury,0,1,improper turning,hit object,no,no,no,0,0,0,0,0,0,Pickup or Panel Truck,PLUMAS
92199286,2023-10-07,10,1,6,minor injury,0,1,DUI,hit object,no,no,no,0,0,0,0,0,0,Passenger Car/Station Wagon,LOS ANGELES
92199289,2023-08-17,8,21,4,possible injury,0,1,unsafe lane change,sideswipe,no,no,no,0,0,0,0,0,0,Not Stated,SAN FRANCISCO
92199293,2023-10-14,10,0,6,minor injury,0,1,unsafe speed,hit object,no,no,no,0,0,0,0,0,0,Not Stated,SACRAMENTO
92199294,2023-10-12,10,7,4,minor injury,0,2,unsafe speed,rear end,no,no,no,0,0,0,0,0,0,Passenger Car/Station Wagon,SACRAMENTO
92199295,2023-10-06,10,20,5,possible injury,0,1,automobile right of way,broadside,no,no,no,0,0,0,0,0,0,Passenger Car/Station Wagon,SACRAMENTO
92199298,2023-10-04,10,12,3,possible injury,0,1,unsafe lane change,sideswipe,no,no,no,0,0,0,0,0,0,Not Stated,LOS ANGELES
92199299,2023-09-02,9,12,6,possible injury,0,1,unsafe speed,rear end,no,no,no,0,0,0,0,0,0,Not Stated,SAN MATEO
92199308,2023-10-10,10,6,2,minor injury,0,1,wrong side of road,head-on,no,no,no,0,0,0,0,0,0,Passenger Car/Station Wagon,TULARE
92199309,2023-10-10,10,10,2,minor injury,0,1,improper turning,hit object,no,no,no,0,0,0,0,0,0,Passenger Car/Station Wagon,TULARE
92199310,2023-10-10,10,16,2,minor injury,0,2,unsafe speed,rear end,no,no,no,0,0,0,0,0,0,Pickup or Panel Truck,TULARE
92199311,2023-10-11,10,7,3,minor injury,0,1,unsafe lane change,sideswipe,no,no,no,0,0,0,0,0,0,Passenger Car/Station Wagon,LOS ANGELES
92199312,2023-10-05,10,8,4,possible injury,0,1,unsafe speed,rear end,no,no,no,0,0,0,0,0,0,Passenger Car/Station Wagon,LOS ANGELES
92199324,2023-10-12,10,11,4,possible injury,0,1,unsafe speed,rear end,no,no,no,0,0,0,0,0,0,Passenger Car/Station Wagon,LOS ANGELES
92199327,2023-10-09,10,4,1,minor injury,0,1,unsafe speed,rear end,no,no,no,0,0,0,0,0,0,Passenger Car/Station Wagon,LOS ANGELES
92199328,2023-10-07,10,13,6,possible injury,0,1,unsafe speed,rear end,no,no,no,0,0,0,0,0,0,Passenger Car/Station Wagon,LOS ANGELES
92199330,2023-10-09,10,16,1,possible injury,0,1,unsafe lane change,other,no,no,yes,0,0,1,0,0,0,Passenger Car/Station Wagon,LOS ANGELES
92199332,2023-10-08,10,20,7,possible injury,0,1,unsafe lane change,sideswipe,no,no,no,0,0,0,0,0,0,Not Stated,LOS ANGELES
92199334,2023-10-07,10,19,6,possible injury,0,1,unsafe speed,rear end,no,no,no,0,0,0,0,0,0,Not Stated,LOS ANGELES
92199337,2023-10-08,10,18,7,possible injury,0,1,unsafe speed,rear end,no,no,no,0,0,0,0,0,0,Passenger Car/Station Wagon,LOS ANGELES
92199341,2023-10-02,10,7,1,possible injury,0,1,unsafe lane change,sideswipe,no,no,no,0,0,0,0,0,0,Passenger Car/Station Wagon,SAN BERNARDINO
92199353,2023-10-05,10,12,4,possible injury,0,1,unsafe lane change,hit object,no,no,no,0,0,0,0,0,0,Passenger Car/Station Wagon,RIVERSIDE
92199358,2023-10-02,10,17,1,possible injury,0,1,unsafe speed,rear end,no,no,no,0,0,0,0,0,0,Pickup or Panel Truck,LOS ANGELES
92199362,2023-10-06,10,21,5,minor injury,0,1,unsafe lane change,rear end,no,no,no,0,0,0,0,0,0,Passenger Car/Station Wagon,RIVERSIDE
92199363,2023-10-08,10,14,7,possible injury,0,1,following too closely,rear end,no,no,no,0,0,0,0,0,0,Passenger Car/Station Wagon,RIVERSIDE
92199369,2023-10-13,10,12,5,possible injury,0,1,unsafe speed,rear end,no,no,no,0,0,0,0,0,0,Pickup or Panel Truck,RIVERSIDE
92199370,2023-10-08,10,19,7,possible injury,0,2,unsafe speed,rear end,no,no,no,0,0,0,0,0,0,Passenger Car/Station Wagon,RIVERSIDE
92199372,2023-10-08,10,13,7,minor injury,0,1,improper turning,sideswipe,no,no,yes,0,0,1,0,0,0,Motorcycle/Scooter,LOS ANGELES
92199373,2023-10-13,10,7,5,possible injury,0,1,unsafe speed,rear end,no,no,no,0,0,0,0,0,0,Passenger Car/Station Wagon,SAN BERNARDINO
92199376,2023-10-08,10,3,7,possible injury,0,1,DUI,sideswipe,no,no,no,0,0,0,0,0,0,Passenger Car/Station Wagon,SAN BERNARDINO
92199478,2023-10-05,10,19,4,possible injury,0,1,unsafe speed,rear end,no,no,no,0,0,0,0,0,0,Passenger Car/Station Wagon,LOS ANGELES
92199479,2023-10-08,10,19,7,possible injury,0,1,traffic signs,broadside,no,no,no,0,0,0,0,0,0,Passenger Car/Station Wagon,LOS ANGELES
92199481,2023-07-14,7,22,5,minor injury,0,1,unsafe lane change,sideswipe,no,no,no,0,0,0,0,0,0,Passenger Car/Station Wagon,ALAMEDA
92199490,2023-10-11,10,17,3,possible injury,0,1,other than driver or pedestrian,hit object,no,no,no,0,0,0,0,0,0,Not Stated,LOS ANGELES
92199494,2023-10-12,10,7,4,possible injury,0,2,unsafe speed,rear end,no,no,no,0,0,0,0,0,0,Passenger Car/Station Wagon,LOS ANGELES
92199495,2023-07-19,7,16,3,possible injury,0,1,DUI,rear end,no,no,no,0,0,0,0,0,0,Passenger Car/Station Wagon,ALAMEDA
92199498,2023-08-19,8,13,6,minor injury,0,1,traffic signs,broadside,no,no,no,0,0,0,0,0,0,Not Stated,CONTRA COSTA
92199502,2023-10-01,10,9,7,possible injury,0,1,unsafe speed,rear end,no,no,no,0,0,0,0,0,0,Pickup or Panel Truck,IMPERIAL
92199503,2023-10-04,10,18,3,minor injury,0,1,unsafe speed,rear end,no,no,no,0,0,0,0,0,0,Pickup or Panel Truck,ALAMEDA
92199504,2023-10-04,10,17,3,possible injury,0,1,unsafe lane change,sideswipe,no,no,no,0,0,0,0,0,0,Passenger Car/Station Wagon,CONTRA COSTA
92199505,2023-10-06,10,9,5,minor injury,0,1,unsafe speed,rear end,no,no,no,0,0,0,0,0,0,Pickup or Panel Truck,IMPERIAL
92199507,2023-10-05,10,16,4,possible injury,0,1,unsafe lane change,rear end,no,no,no,0,0,0,0,0,0,Passenger Car/Station Wagon,SAN MATEO
92199510,2023-10-10,10,15,2,minor injury,0,1,improper turning,sideswipe,no,no,no,0,0,0,0,0,0,Passenger Car/Station Wagon,IMPERIAL
92199511,2023-10-03,10,16,2,minor injury,0,1,unsafe speed,rear end,no,no,no,0,0,0,0,0,0,Pickup or Panel Truck,RIVERSIDE
92199514,2023-10-13,10,21,5,minor injury,0,2,unsafe speed,hit object,no,no,no,0,0,0,0,0,0,Passenger Car/Station Wagon,IMPERIAL
92199516,2023-10-05,10,18,4,minor injury,0,1,unsafe speed,rear end,no,no,no,0,0,0,0,0,0,Passenger Car/Station Wagon,SAN MATEO
92199517,2023-10-06,10,12,5,minor injury,0,2,unsafe speed,rear end,no,no,no,0,0,0,0,0,0,Pickup or Panel Truck,RIVERSIDE
92199519,2023-10-04,10,4,3,severe injury,0,1,other than driver or pedestrian,overturned,no,no,no,0,0,0,0,0,0,Not Stated,NAPA
92199521,2023-10-05,10,14,4,possible injury,0,1,unsafe speed,rear end,no,no,no,0,0,0,0,0,0,Passenger Car/Station Wagon,NAPA
92199523,2023-10-07,10,2,6,minor injury,0,2,unsafe lane change,sideswipe,no,no,no,0,0,0,0,0,0,Pickup or Panel Truck,NAPA
92199528,2023-10-07,10,16,6,possible injury,0,1,unsafe speed,rear end,no,no,no,0,0,0,0,0,0,Passenger Car/Station Wagon,SONOMA
92199533,2023-08-28,8,14,1,minor injury,0,1,unsafe speed,rear end,no,no,yes,0,0,1,0,0,0,Motorcycle/Scooter,ALAMEDA
92199534,2023-10-08,10,13,7,possible injury,0,1,unsafe speed,rear end,no,no,no,0,0,0,0,0,0,Passenger Car/Station Wagon,NAPA
92199536,2023-10-08,10,15,7,possible injury,0,1,wrong side of road,hit object,no,no,yes,0,0,1,0,0,0,Pickup or Panel Truck,SONOMA
92199537,2023-10-14,10,11,6,possible injury,0,1,unsafe speed,rear end,no,no,no,0,0,0,0,0,0,Passenger Car/Station Wagon,LOS ANGELES
92199540,2023-10-12,10,16,4,possible injury,0,1,unsafe lane change,rear end,no,no,no,0,0,0,0,0,0,Passenger Car/Station Wagon,SONOMA
92199541,2023-10-15,10,11,7,minor injury,0,1,unsafe speed,overturned,no,no,yes,0,0,1,0,0,0,Motorcycle/Scooter,SAN MATEO
92199542,2023-10-07,10,11,6,possible injury,0,1,unsafe speed,overturned,no,yes,no,0,1,0,0,0,0,Bicycle,SAN MATEO
92199545,2023-06-23,6,17,5,possible injury,0,1,unsafe speed,rear end,no,no,no,0,0,0,0,0,0,Passenger Car/Station Wagon,ALAMEDA
92199546,2023-06-24,6,13,6,possible injury,0,1,unsafe speed,rear end,no,no,no,0,0,0,0,0,0,Passenger Car/Station Wagon,ALAMEDA
92199547,2023-08-21,8,16,1,minor injury,0,1,unsafe lane change,sideswipe,no,no,no,0,0,0,0,0,0,Passenger Car/Station Wagon,ALAMEDA
92199548,2023-06-29,6,18,4,possible injury,0,1,unsafe lane change,sideswipe,no,no,yes,0,0,1,0,0,0,Passenger Car/Station Wagon,CONTRA COSTA
92199551,2023-10-09,10,11,1,possible injury,0,1,automobile right of way,broadside,no,yes,no,0,1,0,0,0,0,Pickup or Panel Truck,SACRAMENTO
92199555,2023-10-03,10,15,2,possible injury,0,1,automobile right of way,broadside,no,no,no,0,0,0,0,0,0,Passenger Car/Station Wagon,MADERA
92199559,2023-10-06,10,22,5,minor injury,0,1,improper turning,rear end,no,no,yes,0,0,1,0,0,0,Motorcycle/Scooter,SAN BERNARDINO
92199598,2023-10-15,10,3,7,possible injury,0,2,DUI,sideswipe,no,no,no,0,0,0,0,0,0,Passenger Car/Station Wagon,LOS ANGELES
92199632,2023-10-04,10,9,3,possible injury,0,1,unsafe speed,rear end,no,no,no,0,0,0,0,0,0,Passenger Car/Station Wagon,MADERA
92199635,2023-10-08,10,21,7,minor injury,0,1,other than driver or pedestrian,hit object,no,no,no,0,0,0,0,0,0,Not Stated,MADERA
92199638,2023-10-04,10,16,3,possible injury,0,1,other than driver or pedestrian,rear end,no,no,no,0,0,0,0,0,0,Not Stated,LOS ANGELES
92199639,2023-10-06,10,7,5,possible injury,0,1,unsafe speed,hit object,no,no,no,0,0,0,0,0,0,Passenger Car/Station Wagon,ORANGE
92199640,2023-09-30,9,18,6,possible injury,0,1,pedestrian right of way,sideswipe,yes,no,no,1,0,0,0,0,0,Passenger Car/Station Wagon,LOS ANGELES
92199649,2023-09-28,9,7,4,possible injury,0,1,unsafe speed,overturned,no,no,yes,0,0,1,0,0,0,Motorcycle/Scooter,LOS ANGELES
92199650,2023-10-04,10,1,3,severe injury,0,1,unsafe speed,broadside,no,no,no,0,0,0,0,0,0,Passenger Car/Station Wagon,ORANGE
92199651,2023-10-08,10,18,7,minor injury,0,2,automobile right of way,broadside,no,no,no,0,0,0,0,0,0,Pickup or Panel Truck,TULARE
92199654,2023-10-06,10,0,5,possible injury,0,1,improper turning,sideswipe,no,no,no,0,0,0,0,0,0,Passenger Car/Station Wagon,ORANGE
92199655,2023-10-04,10,18,3,possible injury,0,2,unsafe speed,rear end,no,no,no,0,0,0,0,0,0,Passenger Car/Station Wagon,LOS ANGELES
92199656,2023-09-08,9,6,5,possible injury,0,1,unsafe speed,sideswipe,no,no,no,0,0,0,0,0,0,Passenger Car/Station Wagon,ORANGE
92199658,2023-09-30,9,5,6,possible injury,0,1,improper turning,head-on,no,no,no,0,0,0,0,0,0,Passenger Car/Station Wagon,LOS ANGELES
92199660,2023-10-05,10,22,4,severe injury,0,1,unsafe speed,rear end,yes,no,no,1,0,0,0,0,0,Pickup or Panel Truck,SACRAMENTO
92199661,2023-10-05,10,4,4,minor injury,0,3,unsafe speed,rear end,no,no,no,0,0,0,0,0,0,Emergency Vehicle,LOS ANGELES
92199665,2023-10-04,10,15,3,possible injury,0,1,automobile right of way,sideswipe,no,yes,no,0,1,0,0,0,0,Bicycle,LOS ANGELES
92199670,2023-10-09,10,18,1,possible injury,0,2,unsafe speed,rear end,no,no,no,0,0,0,0,0,0,Pickup or Panel Truck,SONOMA
92199671,2023-10-04,10,19,3,possible injury,0,1,improper turning,sideswipe,no,no,no,0,0,0,0,0,0,Not Stated,LOS ANGELES
92199673,2023-10-05,10,7,4,minor injury,0,2,traffic signs,broadside,no,no,no,0,0,0,0,0,0,Passenger Car/Station Wagon,LOS ANGELES
92199674,2023-10-05,10,10,4,possible injury,0,1,unsafe speed,rear end,no,no,no,0,0,0,0,0,0,Passenger Car/Station Wagon,LOS ANGELES
92199683,2023-10-09,10,15,1,minor injury,0,5,wrong side of road,sideswipe,no,no,no,0,0,0,0,0,0,Passenger Car/Station Wagon,SONOMA
92199685,2023-10-05,10,17,4,possible injury,0,1,unsafe speed,rear end,no,no,no,0,0,0,0,0,0,Pickup or Panel Truck,LOS ANGELES
92199689,2023-10-08,10,1,7,possible injury,0,1,unsafe speed,hit object,no,no,no,0,0,0,0,0,0,Passenger Car/Station Wagon,LOS ANGELES
92199693,2023-10-09,10,18,1,possible injury,0,4,improper turning,broadside,no,no,no,0,0,0,0,0,0,Passenger Car/Station Wagon,LOS ANGELES
92199694,2023-10-06,10,16,5,possible injury,0,2,improper turning,hit object,no,no,no,0,0,0,0,0,0,Passenger Car/Station Wagon,LOS ANGELES
92199699,2023-10-06,10,14,5,possible injury,0,2,unsafe speed,rear end,no,no,no,0,0,0,0,0,0,Truck or Truck Tractor,LOS ANGELES
92199702,2023-10-05,10,7,4,possible injury,0,1,unsafe speed,rear end,no,no,no,0,0,0,0,0,0,Passenger Car/Station Wagon,VENTURA
92199703,2023-10-11,10,8,3,possible injury,0,1,wrong side of road,other,no,yes,no,0,1,0,0,0,0,Bicycle,SACRAMENTO
92199705,2023-10-08,10,20,7,possible injury,0,1,unsafe speed,rear end,no,no,no,0,0,0,0,0,0,Passenger Car/Station Wagon,LOS ANGELES
92199710,2023-10-06,10,12,5,possible injury,0,3,unsafe speed,rear end,no,no,no,0,0,0,0,0,0,Passenger Car/Station Wagon,ORANGE
92199714,2023-10-12,10,11,4,possible injury,0,1,unsafe speed,rear end,no,no,no,0,0,0,0,0,0,Truck or Truck Tractor,LOS ANGELES
92199717,2023-10-10,10,5,2,possible injury,0,1,improper turning,head-on,no,no,yes,0,0,0,0,0,0,Passenger Car/Station Wagon,SACRAMENTO
92199721,2023-10-14,10,6,6,possible injury,0,1,unsafe speed,rear end,no,no,no,0,0,0,0,0,0,Passenger Car/Station Wagon,LOS ANGELES
92199723,2023-09-25,9,22,1,severe injury,0,1,unsafe speed,rear end,no,no,yes,0,0,1,0,0,0,Motorcycle/Scooter,SACRAMENTO
92199725,2023-10-09,10,9,1,minor injury,0,1,unsafe speed,rear end,no,no,no,0,0,0,0,0,0,Passenger Car/Station Wagon,VENTURA
92199727,2023-10-13,10,8,5,minor injury,0,1,unsafe lane change,sideswipe,no,no,no,0,0,0,0,0,0,Not Stated,LOS ANGELES
92199729,2023-09-30,9,12,6,possible injury,0,1,unsafe speed,rear end,no,no,no,0,0,0,0,0,0,Not Stated,SANTA CLARA
92199731,2023-09-30,9,19,6,minor injury,0,1,improper turning,hit object,no,no,no,0,0,0,0,0,0,Passenger Car/Station Wagon,SACRAMENTO
92199738,2023-10-07,10,20,6,possible injury,0,1,unsafe lane change,sideswipe,no,no,no,0,0,0,0,0,0,Not Stated,LOS ANGELES
92199739,2023-10-02,10,11,1,possible injury,0,2,unsafe speed,rear end,no,no,no,0,0,0,0,0,0,Passenger Car/Station Wagon,SANTA CLARA
92199740,2023-10-04,10,17,3,minor injury,0,1,DUI,broadside,no,no,no,0,0,0,0,0,0,Passenger Car/Station Wagon,SACRAMENTO
92199742,2023-10-13,10,2,5,minor injury,0,1,DUI,hit object,no,no,no,0,0,0,0,0,0,Passenger Car/Station Wagon,LOS ANGELES
92199753,2023-10-07,10,13,6,possible injury,0,3,unsafe speed,rear end,no,no,no,0,0,0,0,0,0,Truck or Truck Tractor,LOS ANGELES
92199754,2023-10-08,10,20,7,minor injury,0,1,DUI,hit object,no,no,no,0,0,0,0,0,0,Passenger Car/Station Wagon,SAN BERNARDINO
92199756,2023-10-07,10,18,6,possible injury,0,2,unsafe speed,rear end,no,no,no,0,0,0,0,0,0,Pickup or Panel Truck with Trailer,LOS ANGELES
92199758,2023-10-04,10,14,3,minor injury,0,2,improper turning,hit object,no,no,no,0,0,0,0,0,0,Passenger Car/Station Wagon,SANTA CLARA
92199760,2023-10-05,10,12,4,minor injury,0,1,automobile right of way,head-on,no,no,no,0,0,0,0,0,0,Not Stated,DEL NORTE
92199766,2023-10-06,10,16,5,minor injury,0,2,improper turning,rear end,yes,no,no,1,0,0,0,0,0,Pickup or Panel Truck,SACRAMENTO
92199767,2023-10-09,10,0,1,minor injury,0,2,DUI,rear end,no,no,no,0,0,0,0,0,0,Passenger Car/Station Wagon,LOS ANGELES
92199768,2023-10-07,10,18,6,minor injury,0,1,DUI,rear end,no,no,no,0,0,0,0,0,0,Pickup or Panel Truck,SAN BERNARDINO
92199771,2023-10-06,10,16,5,possible injury,0,1,automobile right of way,broadside,no,no,no,0,0,0,0,0,0,Passenger Car/Station Wagon,SACRAMENTO
92199775,2023-10-03,10,9,2,possible injury,0,1,unsafe speed,rear end,no,no,no,0,0,0,0,0,0,Pickup or Panel Truck,ALAMEDA
92199776,2023-10-06,10,20,5,minor injury,0,3,unsafe lane change,sideswipe,no,no,no,0,0,0,0,0,0,Not Stated,ORANGE
92199777,2023-09-26,9,17,2,possible injury,0,1,unsafe lane change,sideswipe,no,no,yes,0,0,1,0,0,0,Motorcycle/Scooter,SACRAMENTO
92199778,2023-10-05,10,7,4,minor injury,0,1,wrong side of road,sideswipe,no,no,no,0,0,0,0,0,0,Pickup or Panel Truck,MADERA
92199779,2023-09-26,9,6,2,possible injury,0,2,improper turning,sideswipe,no,no,no,0,0,0,0,0,0,Not Stated,ORANGE
92199780,2023-10-04,10,7,3,possible injury,0,2,improper turning,sideswipe,no,no,no,0,0,0,0,0,0,Passenger Car/Station Wagon,SAN DIEGO
92199781,2023-10-06,10,15,5,minor injury,0,1,unknown,hit object,no,no,no,0,0,0,0,0,0,Not Stated,TULARE
92199789,2023-10-04,10,23,3,severe injury,0,1,improper turning,hit object,no,no,yes,0,0,1,0,0,0,Motorcycle/Scooter,RIVERSIDE
92199792,2023-09-29,9,11,5,severe injury,0,1,unsafe speed,hit object,no,no,yes,0,0,1,0,0,0,Motorcycle/Scooter,SAN DIEGO
92199793,2023-10-07,10,2,6,possible injury,0,1,unsafe speed,rear end,no,no,no,0,0,0,0,0,0,Passenger Car/Station Wagon,ORANGE
92199795,2023-10-11,10,15,3,possible injury,0,1,unsafe lane change,sideswipe,no,no,no,0,0,0,0,0,0,Passenger Car/Station Wagon,LOS ANGELES
92199800,2023-10-09,10,14,1,possible injury,0,4,unsafe speed,rear end,no,no,no,0,0,0,0,0,0,Passenger Car/Station Wagon,SACRAMENTO
92199806,2023-10-08,10,17,7,possible injury,0,4,traffic signs,head-on,no,no,no,0,0,0,0,0,0,Passenger Car/Station Wagon,RIVERSIDE
92199811,2023-09-20,9,22,3,possible injury,0,1,unsafe speed,rear end,no,no,no,0,0,0,0,0,0,Pickup or Panel Truck,LOS ANGELES
92199816,2023-10-04,10,0,3,minor injury,0,1,pedestrian violation,vehicle/pedestrian,yes,no,no,1,0,0,0,0,0,Pedestrian,YOLO
92199817,2023-10-06,10,19,5,possible injury,0,1,unsafe speed,rear end,no,no,no,0,0,0,0,0,0,Passenger Car/Station Wagon,RIVERSIDE
92199818,2023-10-07,10,11,6,severe injury,0,1,other improper driving,rear end,no,yes,no,0,1,0,0,0,0,Passenger Car/Station Wagon,SAN LUIS OBISPO
92199819,2023-10-05,10,14,4,minor injury,0,2,DUI,rear end,no,no,no,0,0,0,0,0,0,Passenger Car/Station Wagon,SACRAMENTO
92199822,2023-09-08,9,2,5,possible injury,0,1,improper turning,hit object,no,no,no,0,0,0,0,0,0,Passenger Car/Station Wagon,LOS ANGELES
92199824,2023-06-20,6,16,2,minor injury,0,1,improper turning,sideswipe,no,no,yes,0,0,1,0,0,0,Passenger Car/Station Wagon,LOS ANGELES
92199827,2023-09-18,9,16,1,minor injury,0,5,unsafe speed,rear end,no,no,no,0,0,0,0,0,0,Pickup or Panel Truck,SAN DIEGO
92199832,2023-10-07,10,13,6,severe injury,0,1,unsafe speed,overturned,no,no,yes,0,0,1,0,0,0,Motorcycle/Scooter,SAN BERNARDINO
92199836,2023-10-07,10,0,6,minor injury,0,1,improper turning,hit object,no,no,no,0,0,0,0,0,0,Passenger Car/Station Wagon,MONTEREY
92199842,2023-10-12,10,23,4,minor injury,0,1,improper turning,hit object,no,no,no,0,0,0,0,0,0,Pickup or Panel Truck,RIVERSIDE
92199845,2023-08-28,8,18,1,possible injury,0,1,unsafe speed,rear end,no,no,no,0,0,0,0,0,0,Not Stated,LOS ANGELES
92199846,2023-10-06,10,23,5,minor injury,0,4,DUI,rear end,no,no,no,0,0,0,0,0,0,Passenger Car/Station Wagon,YOLO
92199847,2023-10-13,10,2,5,minor injury,0,1,improper turning,hit object,no,no,no,0,0,0,0,0,0,Passenger Car/Station Wagon,SACRAMENTO
92199850,2023-09-08,9,17,5,minor injury,0,1,unsafe lane change,sideswipe,no,no,yes,0,0,1,0,0,0,Passenger Car/Station Wagon,SAN DIEGO
92199852,2023-10-02,10,11,1,possible injury,0,3,improper turning,head-on,no,no,no,0,0,0,0,0,0,Not Stated,SACRAMENTO
92199854,2023-10-02,10,7,1,possible injury,0,1,automobile right of way,broadside,no,no,no,0,0,0,0,0,0,Passenger Car/Station Wagon,TUOLUMNE
92199856,2023-10-03,10,21,2,possible injury,0,1,unsafe speed,rear end,no,no,no,0,0,0,0,0,0,Passenger Car/Station Wagon,SANTA BARBARA
92199858,2023-10-05,10,17,4,minor injury,0,1,automobile right of way,other,no,yes,no,0,1,0,0,0,0,Passenger Car/Station Wagon,SANTA BARBARA
92199861,2023-10-05,10,14,4,possible injury,0,2,unsafe starting or backing,rear end,no,no,no,0,0,0,0,0,0,Passenger Car/Station Wagon,LOS ANGELES
92199862,2023-10-07,10,19,6,possible injury,0,2,DUI,rear end,no,no,no,0,0,0,0,0,0,Passenger Car/Station Wagon,FRESNO
92199863,2023-10-06,10,15,5,possible injury,0,1,unsafe lane change,sideswipe,no,no,no,0,0,0,0,0,0,Not Stated,SAN LUIS OBISPO
92199877,2023-10-01,10,3,7,minor injury,0,2,unsafe speed,rear end,no,no,no,0,0,0,0,0,0,Passenger Car/Station Wagon,CONTRA COSTA
92199878,2023-10-04,10,7,3,minor injury,0,1,unsafe speed,rear end,no,no,no,0,0,0,0,0,0,Passenger Car/Station Wagon,LOS ANGELES
92199880,2023-10-04,10,10,3,possible injury,0,1,other than driver or pedestrian,hit object,no,no,no,0,0,0,0,0,0,Not Stated,SAN JOAQUIN
92199881,2023-10-11,10,11,3,possible injury,0,1,unsafe speed,rear end,no,no,no,0,0,0,0,0,0,Passenger Car/Station Wagon,AMADOR
92199883,2023-06-14,6,19,3,fatal injury,1,1,DUI,head-on,no,no,no,0,0,0,0,0,0,Passenger Car/Station Wagon,SAN DIEGO
92199884,2023-09-30,9,19,6,possible injury,0,1,unsafe speed,rear end,no,no,no,0,0,0,0,0,0,Passenger Car/Station Wagon,SAN JOAQUIN
92199886,2023-09-20,9,12,3,minor injury,0,3,unsafe speed,rear end,no,no,no,0,0,0,0,0,0,Truck or Truck Tractor with Trailer,SAN JOAQUIN
92199889,2023-10-01,10,2,7,possible injury,0,1,DUI,hit object,no,no,no,0,0,0,0,0,0,Passenger Car/Station Wagon,CONTRA COSTA
92199895,2023-10-07,10,0,6,minor injury,0,2,DUI,rear end,no,no,no,0,0,0,0,0,0,Passenger Car/Station Wagon,YOLO
92199896,2023-10-10,10,18,2,minor injury,0,1,unsafe lane change,overturned,no,no,yes,0,0,1,0,0,0,Not Stated,ORANGE
92199899,2023-10-10,10,19,2,minor injury,0,1,unsafe speed,rear end,no,no,no,0,0,0,0,0,0,Passenger Car/Station Wagon,ORANGE
92199906,2023-10-01,10,21,7,possible injury,0,1,traffic signs,broadside,no,no,no,0,0,0,0,0,0,Not Stated,KERN
92199907,2023-10-09,10,20,1,possible injury,0,1,unsafe speed,rear end,no,no,no,0,0,0,0,0,0,Passenger Car/Station Wagon,FRESNO