CASE_ID,COLLISION_DATE,MONTH,HOUR,DAY_OF_WEEK,COLLISION_SEVERITY,NUMBER_KILLED,NUMBER_INJURED,PCF_VIOL_CATEGORY,TYPE_OF_COLLISION,PEDESTRIAN_ACCIDENT,BICYCLE_ACCIDENT,MOTORCYCLE_ACCIDENT,COUNT_PED_INJURED,COUNT_BICYCLIST_INJURED,COUNT_MC_INJURED,COUNT_PED_KILLED,COUNT_BICYCLIST_KILLED,COUNT_MC_KILLED,STWD_VEHTYPE_AT_FAULT,COUNTY
92203636,2023-10-08,10,7,7,minor injury,0,4,unsafe speed,rear end,no,no,no,0,0,0,0,0,0,Passenger Car/Station Wagon,KERN
92203640,2023-10-06,10,19,5,minor injury,0,2,improper turning,overturned,no,no,no,0,0,0,0,0,0,Passenger Car/Station Wagon,GLENN
92203641,2023-10-09,10,16,1,possible injury,0,1,unsafe speed,rear end,no,no,no,0,0,0,0,0,0,Passenger Car/Station Wagon,SANTA CLARA
92203643,2023-10-11,10,13,3,possible injury,0,1,unsafe speed,rear end,no,no,no,0,0,0,0,0,0,Passenger Car/Station Wagon,ORANGE
92203644,2023-10-10,10,19,2,possible injury,0,1,improper turning,sideswipe,no,no,no,0,0,0,0,0,0,Passenger Car/Station Wagon,LOS ANGELES
92203648,2023-10-11,10,5,3,minor injury,0,1,improper turning,hit object,no,no,no,0,0,0,0,0,0,Pickup or Panel Truck,SAN DIEGO
92203653,2023-10-17,10,15,2,possible injury,0,1,unsafe speed,rear end,no,no,no,0,0,0,0,0,0,Pickup or Panel Truck,YOLO
92203654,2023-10-12,10,7,4,minor injury,0,1,automobile right of way,broadside,no,yes,no,0,1,0,0,0,0,Bicycle,LOS ANGELES
92203658,2023-10-12,10,14,4,possible injury,0,1,unsafe speed,rear end,no,no,no,0,0,0,0,0,0,Passenger Car/Station Wagon,LOS ANGELES
92203660,2023-10-09,10,10,1,possible injury,0,1,unsafe lane change,sideswipe,no,no,no,0,0,0,0,0,0,Not Stated,LOS ANGELES
92203661,2023-10-07,10,2,6,minor injury,0,2,DUI,rear end,no,no,no,0,0,0,0,0,0,Passenger Car/Station Wagon,SACRAMENTO
92203662,2023-10-17,10,12,2,possible injury,0,1,unsafe speed,hit object,no,no,no,0,0,0,0,0,0,Not Stated,VENTURA
92203664,2023-10-09,10,8,1,minor injury,0,2,unsafe speed,sideswipe,no,no,no,0,0,0,0,0,0,Passenger Car/Station Wagon,KERN
92203665,2023-10-09,10,7,1,possible injury,0,1,unsafe speed,rear end,no,no,no,0,0,0,0,0,0,Pickup or Panel Truck,LOS ANGELES
92203669,2023-10-08,10,13,7,possible injury,0,2,unsafe speed,rear end,no,no,no,0,0,0,0,0,0,Passenger Car/Station Wagon,LOS ANGELES
92203671,2023-10-12,10,19,4,possible injury,0,1,unsafe speed,rear end,no,no,no,0,0,0,0,0,0,Passenger Car/Station Wagon,SAN BERNARDINO
92203672,2023-10-07,10,20,6,minor injury,0,1,improper turning,hit object,no,no,no,0,0,0,0,0,0,Pickup or Panel Truck,KERN
92203675,2023-10-10,10,8,2,minor injury,0,1,unsafe speed,rear end,no,no,yes,0,0,1,0,0,0,Motorcycle/Scooter,SAN DIEGO
92203676,2023-10-14,10,17,6,possible injury,0,1,unsafe speed,rear end,no,no,no,0,0,0,0,0,0,Passenger Car/Station Wagon,SACRAMENTO
92203683,2023-10-15,10,17,7,possible injury,0,3,automobile right of way,broadside,no,no,no,0,0,0,0,0,0,Passenger Car/Station Wagon,KERN
92203684,2023-09-29,9,8,5,minor injury,0,1,improper turning,hit object,no,no,no,0,0,0,0,0,0,Passenger Car/Station Wagon,EL DORADO
92203686,2023-10-14,10,0,6,minor injury,0,1,improper turning,hit object,no,no,no,0,0,0,0,0,0,Pickup or Panel Truck,SACRAMENTO
92203696,2023-10-08,10,16,7,minor injury,0,2,DUI,head-on,no,no,no,0,0,0,0,0,0,Pickup or Panel Truck,RIVERSIDE
92203697,2023-10-18,10,5,3,possible injury,0,2,traffic signs,broadside,no,no,no,0,0,0,0,0,0,Passenger Car/Station Wagon,YOLO
92203698,2023-10-10,10,6,2,possible injury,0,1,unsafe speed,rear end,no,no,no,0,0,0,0,0,0,Passenger Car/Station Wagon,RIVERSIDE
92203704,2023-10-12,10,17,4,possible injury,0,1,unsafe lane change,sideswipe,no,no,no,0,0,0,0,0,0,Not Stated,SAN DIEGO
92203705,2023-10-17,10,15,2,possible injury,0,1,unsafe speed,rear end,no,no,no,0,0,0,0,0,0,Passenger Car/Station Wagon,RIVERSIDE
92203707,2023-10-07,10,14,6,possible injury,0,2,improper turning,sideswipe,no,no,no,0,0,0,0,0,0,Passenger Car/Station Wagon,LOS ANGELES
92203709,2023-10-13,10,18,5,possible injury,0,2,unsafe speed,rear end,no,no,no,0,0,0,0,0,0,Passenger Car/Station Wagon,LOS ANGELES
92203713,2023-10-10,10,13,2,possible injury,0,1,improper turning,overturned,no,no,no,0,0,0,0,0,0,Passenger Car/Station Wagon,HUMBOLDT
92203715,2023-10-15,10,7,7,minor injury,0,1,DUI,hit object,no,no,no,0,0,0,0,0,0,Passenger Car/Station Wagon,SAN LUIS OBISPO
92203720,2023-10-10,10,19,2,possible injury,0,1,unsafe lane change,rear end,no,no,no,0,0,0,0,0,0,Passenger Car/Station Wagon,SAN DIEGO
92203726,2023-10-16,10,14,1,minor injury,0,1,unsafe speed,overturned,no,no,no,0,0,0,0,0,0,Truck or Truck Tractor with Trailer,KERN
92203727,2023-10-15,10,2,7,possible injury,0,4,unsafe speed,rear end,no,no,no,0,0,0,0,0,0,Passenger Car/Station Wagon,YOLO
92203729,2023-10-12,10,11,4,minor injury,0,2,automobile right of way,broadside,no,no,no,0,0,0,0,0,0,Pickup or Panel Truck,SACRAMENTO
92203730,2023-10-18,10,2,3,minor injury,0,1,DUI,overturned,no,no,no,0,0,0,0,0,0,Passenger Car/Station Wagon,LOS ANGELES
92203734,2023-10-11,10,7,3,possible injury,0,1,unsafe lane change,sideswipe,no,no,no,0,0,0,0,0,0,Passenger Car/Station Wagon,SAN DIEGO
92203740,2023-10-14,10,11,6,possible injury,0,2,automobile right of way,broadside,no,no,yes,0,0,2,0,0,0,Passenger Car/Station Wagon,ALAMEDA
92203742,2023-10-13,10,9,5,minor injury,0,1,improper turning,rear end,no,no,no,0,0,0,0,0,0,Passenger Car/Station Wagon,SOLANO
92203747,2023-10-07,10,19,6,severe injury,0,1,DUI,hit object,no,no,no,0,0,0,0,0,0,Passenger Car/Station Wagon,SHASTA
92203749,2023-10-16,10,15,1,possible injury,0,3,automobile right of way,broadside,no,no,no,0,0,0,0,0,0,Passenger Car/Station Wagon,KERN
92203750,2023-10-08,10,19,7,possible injury,0,1,improper turning,hit object,no,no,no,0,0,0,0,0,0,Not Stated,MADERA
92203753,2023-10-11,10,19,3,possible injury,0,1,unsafe speed,rear end,no,no,no,0,0,0,0,0,0,Passenger Car/Station Wagon,LOS ANGELES
92203755,2023-10-13,10,14,5,minor injury,0,3,unsafe speed,rear end,no,no,no,0,0,0,0,0,0,Passenger Car/Station Wagon,ORANGE
92203756,2023-10-08,10,20,7,minor injury,0,1,unsafe speed,rear end,no,no,no,0,0,0,0,0,0,Pickup or Panel Truck,LOS ANGELES
92203757,2023-10-12,10,18,4,minor injury,0,4,unsafe speed,rear end,no,no,no,0,0,0,0,0,0,Pickup or Panel Truck,SAN DIEGO
92203759,2023-10-08,10,20,7,minor injury,0,2,unsafe speed,broadside,no,no,no,0,0,0,0,0,0,Passenger Car/Station Wagon,SAN DIEGO
92203761,2023-10-18,10,20,3,possible injury,0,1,improper turning,broadside,no,no,no,0,0,0,0,0,0,Passenger Car/Station Wagon,FRESNO
92203763,2023-10-10,10,7,2,possible injury,0,1,unsafe speed,broadside,no,no,no,0,0,0,0,0,0,Passenger Car/Station Wagon,SHASTA
92203764,2023-10-09,10,9,1,possible injury,0,1,automobile right of way,broadside,no,no,no,0,0,0,0,0,0,Passenger Car/Station Wagon,SAN DIEGO
92203765,2023-10-12,10,7,4,possible injury,0,1,improper turning,sideswipe,no,no,no,0,0,0,0,0,0,Pickup or Panel Truck,LOS ANGELES
92203766,2023-10-11,10,20,3,possible injury,0,1,improper turning,hit object,no,no,no,0,0,0,0,0,0,Passenger Car/Station Wagon,SAN BERNARDINO
92203767,2023-10-09,10,13,1,possible injury,0,2,automobile right of way,broadside,no,no,no,0,0,0,0,0,0,Passenger Car/Station Wagon,SAN DIEGO
92203768,2023-10-17,10,9,2,possible injury,0,1,automobile right of way,head-on,no,no,no,0,0,0,0,0,0,Passenger Car/Station Wagon,KERN
92203773,2023-10-11,10,8,3,minor injury,0,4,improper turning,rear end,no,no,no,0,0,0,0,0,0,Passenger Car/Station Wagon,CONTRA COSTA
92203781,2023-10-09,10,20,1,minor injury,0,1,unsafe speed,rear end,no,no,no,0,0,0,0,0,0,Passenger Car/Station Wagon,MADERA
92203782,2023-10-09,10,16,1,possible injury,0,1,unsafe speed,rear end,no,no,no,0,0,0,0,0,0,Passenger Car/Station Wagon,LOS ANGELES
92203783,2023-09-26,9,17,2,possible injury,0,1,improper turning,sideswipe,no,no,no,0,0,0,0,0,0,Passenger Car/Station Wagon,LOS ANGELES
92203786,2023-10-17,10,20,2,minor injury,0,1,improper turning,overturned,no,no,yes,0,0,1,0,0,0,Motorcycle/Scooter,KERN
92203789,2023-10-11,10,16,3,possible injury,0,1,unsafe lane change,sideswipe,no,no,no,0,0,0,0,0,0,Not Stated,CONTRA COSTA
92203791,2023-10-10,10,19,2,minor injury,0,1,DUI,rear end,no,no,no,0,0,0,0,0,0,Pickup or Panel Truck,TULARE
92203795,2023-10-10,10,14,2,possible injury,0,2,automobile right of way,broadside,no,no,no,0,0,0,0,0,0,Passenger Car/Station Wagon,MADERA
92203799,2023-10-18,10,11,3,possible injury,0,1,automobile right of way,broadside,no,no,no,0,0,0,0,0,0,Passenger Car/Station Wagon,SACRAMENTO
92203800,2023-10-10,10,15,2,minor injury,0,1,unsafe speed,rear end,no,no,no,0,0,0,0,0,0,Pickup or Panel Truck,SONOMA
92203802,2023-10-12,10,16,4,possible injury,0,2,unsafe speed,rear end,no,no,no,0,0,0,0,0,0,Passenger Car/Station Wagon,SAN BERNARDINO
92203807,2023-10-17,10,13,2,minor injury,0,1,wrong side of road,other,no,yes,no,0,1,0,0,0,0,Bicycle,SACRAMENTO
92203808,2023-10-04,10,15,3,possible injury,0,1,improper turning,sideswipe,no,no,no,0,0,0,0,0,0,Pickup or Panel Truck,PLACER
92203811,2023-10-15,10,13,7,minor injury,0,2,improper turning,hit object,no,no,no,0,0,0,0,0,0,Passenger Car/Station Wagon,SACRAMENTO
92203812,2023-10-14,10,20,6,minor injury,0,1,improper turning,hit object,no,no,no,0,0,0,0,0,0,Pickup or Panel Truck,MENDOCINO
92203817,2023-10-12,10,17,4,minor injury,0,1,unsafe speed,rear end,no,no,no,0,0,0,0,0,0,Passenger Car/Station Wagon,CONTRA COSTA
92203822,2023-10-12,10,17,4,possible injury,0,1,unsafe speed,rear end,no,no,no,0,0,0,0,0,0,Passenger Car/Station Wagon,LOS ANGELES
92203824,2023-06-30,6,20,5,fatal injury,2,0,unsafe lane change,sideswipe,no,no,no,0,0,0,0,0,0,Pickup or Panel Truck,CONTRA COSTA
92203826,2023-10-15,10,12,7,possible injury,0,1,unsafe speed,rear end,no,no,no,0,0,0,0,0,0,Pickup or Panel Truck,ORANGE
92203827,2023-10-15,10,17,7,possible injury,0,3,unsafe lane change,broadside,no,no,no,0,0,0,0,0,0,Passenger Car/Station Wagon,SACRAMENTO
92203828,2023-10-18,10,6,3,minor injury,0,1,unknown,broadside,no,no,no,0,0,0,0,0,0,Not Stated,KERN
92203831,2023-10-10,10,23,2,possible injury,0,2,unsafe speed,rear end,no,no,no,0,0,0,0,0,0,Not Stated,RIVERSIDE
92203832,2023-10-18,10,9,3,possible injury,0,2,unsafe speed,rear end,no,no,no,0,0,0,0,0,0,Pickup or Panel Truck,ORANGE
92203833,2023-10-11,10,14,3,possible injury,0,1,improper turning,hit object,no,no,no,0,0,0,0,0,0,Passenger Car/Station Wagon,ORANGE
92203836,2023-10-10,10,9,2,possible injury,0,1,unsafe speed,rear end,no,no,no,0,0,0,0,0,0,Passenger Car/Station Wagon,ALAMEDA
92203839,2023-10-13,10,18,5,possible injury,0,1,unsafe speed,rear end,no,no,no,0,0,0,0,0,0,Pickup or Panel Truck,SAN BERNARDINO
92203840,2023-10-10,10,7,2,possible injury,0,2,improper turning,rear end,no,no,no,0,0,0,0,0,0,Passenger Car/Station Wagon,SANTA CRUZ
92203841,2023-10-12,10,5,4,possible injury,0,1,unsafe lane change,rear end,no,no,no,0,0,0,0,0,0,Passenger Car/Station Wagon,ORANGE
92203843,2023-10-07,10,17,6,minor injury,0,2,improper turning,sideswipe,no,no,yes,0,0,2,0,0,0,Motorcycle/Scooter,SAN DIEGO
92203845,2023-10-12,10,7,4,possible injury,0,1,improper passing,broadside,no,no,yes,0,0,1,0,0,0,Motorcycle/Scooter,SAN DIEGO
92203846,2023-10-07,10,17,6,possible injury,0,1,DUI,broadside,no,no,no,0,0,0,0,0,0,Passenger Car/Station Wagon,EL DORADO
92203851,2023-10-15,10,16,7,minor injury,0,1,unsafe speed,rear end,no,no,yes,0,0,1,0,0,0,Passenger Car/Station Wagon,SANTA BARBARA
92203854,2023-10-12,10,8,4,possible injury,0,2,unsafe speed,rear end,no,no,no,0,0,0,0,0,0,Truck or Truck Tractor,ORANGE
92203857,2023-09-22,9,1,5,minor injury,0,1,unsafe speed,rear end,no,no,no,0,0,0,0,0,0,Passenger Car/Station Wagon,LOS ANGELES
92203860,2023-08-15,8,17,2,possible injury,0,3,unsafe speed,rear end,no,no,no,0,0,0,0,0,0,Not Stated,LOS ANGELES
92203861,2023-10-07,10,7,6,possible injury,0,1,automobile right of way,rear end,no,yes,no,0,1,0,0,0,0,Bicycle,LOS ANGELES
92203864,2023-10-11,10,1,3,minor injury,0,1,DUI,overturned,no,no,no,0,0,0,0,0,0,Not Stated,LOS ANGELES
92203865,2023-10-11,10,10,3,possible injury,0,3,unsafe lane change,hit object,no,no,no,0,0,0,0,0,0,Not Stated,LOS ANGELES
92203874,2023-10-07,10,19,6,minor injury,0,2,unsafe speed,rear end,no,no,no,0,0,0,0,0,0,Passenger Car/Station Wagon,ALAMEDA
92203875,2023-10-12,10,8,4,possible injury,0,1,unsafe speed,rear end,no,no,no,0,0,0,0,0,0,Passenger Car/Station Wagon,SAN DIEGO
92203878,2023-09-26,9,16,2,severe injury,0,1,other than driver or pedestrian,hit object,no,no,no,0,0,0,0,0,0,Not Stated,MONTEREY
92203880,2023-10-12,10,9,4,possible injury,0,1,unsafe speed,rear end,no,no,no,0,0,0,0,0,0,Truck or Truck Tractor with Trailer,SAN BERNARDINO
92203882,2023-10-02,10,14,1,possible injury,0,5,unsafe speed,rear end,no,no,no,0,0,0,0,0,0,Passenger Car/Station Wagon,SAN JOAQUIN
92203883,2023-10-14,10,16,6,possible injury,0,1,improper turning,sideswipe,no,no,yes,0,0,1,0,0,0,Motorcycle/Scooter,LOS ANGELES
92203884,2023-10-12,10,19,4,possible injury,0,2,unsafe lane change,sideswipe,no,no,no,0,0,0,0,0,0,Pickup or Panel Truck,SAN DIEGO
92203889,2023-10-16,10,18,1,possible injury,0,1,unsafe speed,rear end,no,no,no,0,0,0,0,0,0,Passenger Car/Station Wagon,ORANGE
92203895,2023-10-13,10,5,5,possible injury,0,1,unsafe speed,rear end,no,no,yes,0,0,1,0,0,0,Motorcycle/Scooter,LOS ANGELES
92203897,2023-10-16,10,9,1,possible injury,0,1,unsafe lane change,sideswipe,no,no,no,0,0,0,0,0,0,Passenger Car/Station Wagon,ALAMEDA
92203898,2023-10-04,10,17,3,severe injury,0,1,improper turning,overturned,no,no,yes,0,0,1,0,0,0,Motorcycle/Scooter,MONTEREY
92203900,2023-09-14,9,6,4,fatal injury,1,1,automobile right of way,broadside,no,no,yes,0,0,0,0,0,1,Pickup or Panel Truck,CONTRA COSTA
92203909,2023-10-15,10,20,7,possible injury,0,1,unsafe speed,rear end,no,no,no,0,0,0,0,0,0,Passenger Car/Station Wagon,ORANGE
92203916,2023-10-16,10,12,1,minor injury,0,1,other hazardous violation,sideswipe,no,no,no,0,0,0,0,0,0,Pickup or Panel Truck,SANTA BARBARA
92203920,2023-10-08,10,11,7,possible injury,0,2,unsafe speed,rear end,no,no,no,0,0,0,0,0,0,Passenger Car/Station Wagon,KERN
92203930,2023-10-13,10,22,5,possible injury,0,1,improper turning,hit object,no,no,no,0,0,0,0,0,0,Passenger Car/Station Wagon,SAN DIEGO
92203932,2023-10-09,10,5,1,minor injury,0,1,unsafe lane change,sideswipe,no,no,yes,0,0,1,0,0,0,Not Stated,LOS ANGELES
92203934,2023-10-12,10,6,4,minor injury,0,2,automobile right of way,broadside,no,no,no,0,0,0,0,0,0,Passenger Car/Station Wagon,MONTEREY
92203935,2023-10-16,10,12,1,possible injury,0,1,unsafe speed,rear end,no,no,no,0,0,0,0,0,0,Pickup or Panel Truck,ALAMEDA
92203940,2023-10-13,10,9,5,minor injury,0,2,improper turning,broadside,no,no,no,0,0,0,0,0,0,Passenger Car/Station Wagon,SOLANO
92203941,2023-10-17,10,18,2,possible injury,0,2,other than driver or pedestrian,hit object,no,no,no,0,0,0,0,0,0,Not Stated,MADERA
92203945,2023-10-16,10,12,1,possible injury,0,1,unsafe speed,rear end,no,no,no,0,0,0,0,0,0,Passenger Car/Station Wagon,SANTA BARBARA
92203952,2023-10-07,10,14,6,possible injury,0,1,wrong side of road,other,no,yes,no,0,1,0,0,0,0,Bicycle,SAN DIEGO
92203957,2023-10-07,10,23,6,severe injury,0,1,DUI,hit object,no,no,yes,0,0,1,0,0,0,Motorcycle/Scooter,KERN
92203964,2023-10-04,10,17,3,possible injury,0,1,DUI,rear end,no,no,no,0,0,0,0,0,0,Pickup or Panel Truck with Trailer,PLACER
92203965,2023-10-13,10,6,5,severe injury,0,1,pedestrian violation,vehicle/pedestrian,yes,no,no,1,0,0,0,0,0,Pedestrian,SAN DIEGO
92203967,2023-10-10,10,17,2,possible injury,0,1,unsafe starting or backing,sideswipe,no,no,no,0,0,0,0,0,0,Passenger Car/Station Wagon,SACRAMENTO
92203968,2023-10-13,10,12,5,possible injury,0,1,automobile right of way,rear end,no,no,no,0,0,0,0,0,0,Passenger Car/Station Wagon,LOS ANGELES
92203969,2023-01-14,1,1,6,fatal injury,1,1,DUI,hit object,no,no,no,0,0,0,0,0,0,Passenger Car/Station Wagon,LOS ANGELES
92203970,2023-10-13,10,15,5,possible injury,0,1,unsafe speed,rear end,no,no,yes,0,0,1,0,0,0,Motorcycle/Scooter,SAN BERNARDINO
92203974,2023-10-08,10,11,7,minor injury,0,1,unsafe speed,overturned,no,no,yes,0,0,1,0,0,0,Motorcycle/Scooter,KERN
92203975,2023-10-06,10,21,5,minor injury,0,3,improper turning,hit object,no,no,no,0,0,0,0,0,0,Passenger Car/Station Wagon,SANTA CLARA
92203977,2023-10-13,10,22,5,minor injury,0,1,wrong side of road,rear end,no,yes,no,0,1,0,0,0,0,Bicycle,SHASTA
92203979,2023-10-13,10,19,5,possible injury,0,2,unsafe speed,rear end,no,no,no,0,0,0,0,0,0,Passenger Car/Station Wagon,SAN DIEGO
92203980,2023-08-03,8,18,4,possible injury,0,1,improper turning,rear end,no,no,no,0,0,0,0,0,0,Truck or Truck Tractor,LOS ANGELES
92203983,2023-10-12,10,17,4,minor injury,0,1,unsafe lane change,rear end,no,no,yes,0,0,1,0,0,0,Passenger Car/Station Wagon,ORANGE
92203985,2023-10-06,10,11,5,possible injury,0,1,improper turning,sideswipe,no,no,no,0,0,0,0,0,0,Pickup or Panel Truck,ORANGE
92203986,2023-10-07,10,14,6,possible injury,0,1,unsafe speed,rear end,no,no,no,0,0,0,0,0,0,Passenger Car/Station Wagon,LOS ANGELES
92203991,2023-10-08,10,17,7,possible injury,0,1,unsafe speed,sideswipe,no,no,no,0,0,0,0,0,0,Passenger Car/Station Wagon,LOS ANGELES
92203994,2023-10-04,10,12,3,severe injury,0,1,improper turning,other,no,yes,no,0,1,0,0,0,0,Bicycle,SONOMA
92203995,2023-10-17,10,15,2,minor injury,0,2,unsafe lane change,broadside,no,no,no,0,0,0,0,0,0,Passenger Car/Station Wagon,ORANGE
92203999,2023-10-15,10,18,7,minor injury,0,1,DUI,hit object,no,no,no,0,0,0,0,0,0,Passenger Car/Station Wagon,SHASTA
92204004,2023-10-15,10,12,7,possible injury,0,1,automobile right of way,broadside,no,no,no,0,0,0,0,0,0,Passenger Car/Station Wagon,SACRAMENTO
92204005,2023-06-19,6,20,1,fatal injury,1,4,DUI,rear end,no,no,no,0,0,0,0,0,0,Passenger Car/Station Wagon,LOS ANGELES
92204008,2023-10-10,10,6,2,possible injury,0,1,unsafe speed,rear end,no,no,no,0,0,0,0,0,0,Passenger Car/Station Wagon,LOS ANGELES
92204009,2023-08-24,8,22,4,fatal injury,1,0,unknown,vehicle/pedestrian,yes,no,no,0,0,0,1,0,0,Pedestrian,SAN LUIS OBISPO
92204010,2023-10-05,10,22,4,minor injury,0,2,unsafe speed,overturned,no,no,no,0,0,0,0,0,0,Passenger Car/Station Wagon,SANTA CLARA
92204014,2023-10-17,10,10,2,possible injury,0,1,improper turning,broadside,no,no,no,0,0,0,0,0,0,Passenger Car/Station Wagon,SAN BERNARDINO
92204016,2023-10-08,10,10,7,possible injury,0,1,unsafe speed,rear end,no,no,no,0,0,0,0,0,0,Passenger Car/Station Wagon,SACRAMENTO
92204020,2023-10-09,10,19,1,possible injury,0,4,unsafe speed,rear end,no,no,no,0,0,0,0,0,0,Passenger Car/Station Wagon,LOS ANGELES
92204023,2023-10-16,10,8,1,possible injury,0,1,automobile right of way,broadside,no,no,no,0,0,0,0,0,0,Pickup or Panel Truck,YUBA
92204024,2023-10-11,10,16,3,severe injury,0,1,unsafe speed,rear end,no,no,no,0,0,0,0,0,0,Passenger Car/Station Wagon,RIVERSIDE
92204025,2023-10-10,10,14,2,possible injury,0,1,traffic signs,broadside,no,no,no,0,0,0,0,0,0,Not Stated,LOS ANGELES
92204026,2023-10-13,10,16,5,possible injury,0,1,unsafe speed,rear end,no,no,no,0,0,0,0,0,0,Other Bus,LOS ANGELES
92204027,2023-10-18,10,8,3,minor injury,0,1,improper turning,sideswipe,no,no,no,0,0,0,0,0,0,Passenger Car/Station Wagon,KINGS
92204030,2023-10-04,10,23,3,severe injury,0,1,DUI,hit object,no,no,no,0,0,0,0,0,0,Passenger Car/Station Wagon,MONTEREY
92204032,2023-10-08,10,17,7,possible injury,0,2,unsafe speed,rear end,no,no,no,0,0,0,0,0,0,Passenger Car/Station Wagon,LOS ANGELES
92204033,2023-10-07,10,16,6,minor injury,0,1,unsafe speed,rear end,no,no,no,0,0,0,0,0,0,Passenger Car/Station Wagon,LOS ANGELES
92204039,2023-10-13,10,14,5,minor injury,0,1,improper turning,sideswipe,no,no,no,0,0,0,0,0,0,Not Stated,ORANGE
92204041,2023-10-14,10,17,6,minor injury,0,2,DUI,sideswipe,no,no,no,0,0,0,0,0,0,Passenger Car/Station Wagon,ORANGE
92204050,2023-10-17,10,10,2,possible injury,0,1,traffic signs,broadside,no,no,no,0,0,0,0,0,0,Passenger Car/Station Wagon,LOS ANGELES
92204051,2023-10-17,10,17,2,possible injury,0,1,unsafe speed,rear end,no,no,no,0,0,0,0,0,0,Pickup or Panel Truck,RIVERSIDE
92204054,2023-10-18,10,15,3,possible injury,0,2,other than driver or pedestrian,hit object,no,no,no,0,0,0,0,0,0,Not Stated,RIVERSIDE
92204059,2023-10-07,10,19,6,minor injury,0,3,automobile right of way,broadside,no,no,yes,0,0,2,0,0,0,Motorcycle/Scooter,YUBA
92204069,2023-10-10,10,8,2,possible injury,0,1,pedestrian right of way,sideswipe,yes,no,no,1,0,0,0,0,0,Passenger Car/Station Wagon,VENTURA
92204074,2023-10-14,10,11,6,possible injury,0,1,unsafe speed,hit object,no,no,yes,0,0,1,0,0,0,Motorcycle/Scooter,LOS ANGELES
92204075,2023-10-09,10,0,1,possible injury,0,1,DUI,hit object,no,no,no,0,0,0,0,0,0,Passenger Car/Station Wagon,SAN MATEO
92204080,2023-10-13,10,2,5,minor injury,0,1,DUI,hit object,no,no,no,0,0,0,0,0,0,Passenger Car/Station Wagon,TULARE
92204081,2023-10-09,10,3,1,possible injury,0,1,unsafe speed,rear end,no,no,no,0,0,0,0,0,0,Passenger Car/Station Wagon,SANTA CLARA
92204083,2023-10-19,10,8,4,minor injury,0,1,improper turning,rear end,no,no,no,0,0,0,0,0,0,Passenger Car/Station Wagon,MERCED
92204085,2023-10-07,10,19,6,severe injury,0,1,DUI,overturned,no,no,yes,0,0,1,0,0,0,Motorcycle/Scooter,TRINITY
92204088,2023-10-09,10,9,1,minor injury,0,1,pedestrian right of way,vehicle/pedestrian,yes,no,no,1,0,0,0,0,0,Passenger Car/Station Wagon,SAN MATEO
92204089,2023-10-14,10,20,6,possible injury,0,1,unsafe speed,rear end,no,no,no,0,0,0,0,0,0,Pickup or Panel Truck,SHASTA
92204095,2023-10-06,10,18,5,minor injury,0,1,DUI,hit object,no,no,no,0,0,0,0,0,0,Passenger Car/Station Wagon,YUBA
92204096,2023-10-18,10,11,3,minor injury,0,2,improper turning,hit object,no,no,no,0,0,0,0,0,0,Passenger Car/Station Wagon,BUTTE
92204104,2023-10-07,10,14,6,possible injury,0,4,traffic signs,broadside,no,no,no,0,0,0,0,0,0,Passenger Car/Station Wagon,LOS ANGELES
92204107,2023-10-14,10,5,6,minor injury,0,1,improper turning,overturned,no,no,no,0,0,0,0,0,0,Passenger Car/Station Wagon,MONTEREY
92204108,2023-07-20,7,14,4,possible injury,0,1,unsafe speed,rear end,no,no,no,0,0,0,0,0,0,Passenger Car/Station Wagon,LOS ANGELES
92204109,2023-10-18,10,17,3,minor injury,0,2,unsafe speed,rear end,no,no,no,0,0,0,0,0,0,Passenger Car/Station Wagon,RIVERSIDE
92204113,2023-10-03,10,5,2,possible injury,0,1,unsafe speed,rear end,no,no,no,0,0,0,0,0,0,Passenger Car/Station Wagon,SANTA CLARA
92204114,2023-10-08,10,9,7,severe injury,0,2,wrong side of road,head-on,no,no,no,0,0,0,0,0,0,Passenger Car/Station Wagon,TUOLUMNE
92204120,2023-10-11,10,15,3,possible injury,0,2,unsafe speed,rear end,no,no,no,0,0,0,0,0,0,Passenger Car/Station Wagon,KERN
92204121,2023-10-19,10,8,4,possible injury,0,2,unsafe speed,rear end,no,no,no,0,0,0,0,0,0,Passenger Car/Station Wagon,LOS ANGELES
92204124,2023-10-12,10,19,4,possible injury,0,2,unsafe speed,rear end,no,no,no,0,0,0,0,0,0,Passenger Car/Station Wagon,RIVERSIDE
92204128,2023-10-10,10,8,2,possible injury,0,1,unsafe speed,rear end,no,no,no,0,0,0,0,0,0,Truck or Truck Tractor with Trailer,ALAMEDA
92204129,2023-10-13,10,16,5,possible injury,0,1,unsafe speed,rear end,no,no,yes,0,0,1,0,0,0,Motorcycle/Scooter,INYO
92204131,2023-10-09,10,18,1,minor injury,0,1,traffic signs,broadside,no,no,no,0,0,0,0,0,0,Passenger Car/Station Wagon,SAN DIEGO
92204140,2023-10-15,10,1,7,possible injury,0,1,unsafe speed,hit object,no,no,no,0,0,0,0,0,0,Passenger Car/Station Wagon,MONTEREY
92204141,2023-10-05,10,7,4,minor injury,0,1,improper turning,hit object,no,no,no,0,0,0,0,0,0,Pickup or Panel Truck,MADERA