CASE_ID,COLLISION_DATE,MONTH,HOUR,DAY_OF_WEEK,COLLISION_SEVERITY,NUMBER_KILLED,NUMBER_INJURED,PCF_VIOL_CATEGORY,TYPE_OF_COLLISION,PEDESTRIAN_ACCIDENT,BICYCLE_ACCIDENT,MOTORCYCLE_ACCIDENT,COUNT_PED_INJURED,COUNT_BICYCLIST_INJURED,COUNT_MC_INJURED,COUNT_PED_KILLED,COUNT_BICYCLIST_KILLED,COUNT_MC_KILLED,STWD_VEHTYPE_AT_FAULT,COUNTY
92207167,2023-10-14,10,12,6,possible injury,0,2,unsafe speed,rear end,no,no,no,0,0,0,0,0,0,Pickup or Panel Truck,SANTA CLARA
92207173,2023-10-18,10,14,3,minor injury,0,1,improper turning,overturned,no,no,no,0,0,0,0,0,0,Not Stated,FRESNO
92207174,2023-10-04,10,14,3,possible injury,0,1,unsafe speed,rear end,no,no,no,0,0,0,0,0,0,Passenger Car/Station Wagon,RIVERSIDE
92207175,2023-10-12,10,7,4,possible injury,0,1,automobile right of way,broadside,no,no,no,0,0,0,0,0,0,Passenger Car/Station Wagon,SAN DIEGO
92207178,2023-09-26,9,18,2,minor injury,0,3,unsafe speed,rear end,no,no,no,0,0,0,0,0,0,Passenger Car/Station Wagon,LOS ANGELES
92207179,2023-10-18,10,9,3,minor injury,0,1,unsafe speed,hit object,no,no,no,0,0,0,0,0,0,Pickup or Panel Truck,FRESNO
92207180,2023-10-02,10,20,1,possible injury,0,1,unsafe lane change,rear end,no,no,no,0,0,0,0,0,0,Passenger Car/Station Wagon,RIVERSIDE
92207182,2023-10-16,10,8,1,possible injury,0,2,improper turning,sideswipe,no,no,no,0,0,0,0,0,0,Not Stated,SAN DIEGO
92207186,2023-10-17,10,3,2,minor injury,0,1,DUI,hit object,no,no,no,0,0,0,0,0,0,Pickup or Panel Truck,YUBA
92207187,2023-10-22,10,3,7,minor injury,0,1,DUI,rear end,no,no,no,0,0,0,0,0,0,Passenger Car/Station Wagon,SANTA CLARA
92207189,2023-10-15,10,12,7,possible injury,0,2,improper turning,rear end,no,no,no,0,0,0,0,0,0,Passenger Car/Station Wagon,ORANGE
92207190,2023-10-10,10,22,2,possible injury,0,1,DUI,rear end,no,no,no,0,0,0,0,0,0,Passenger Car/Station Wagon,SAN DIEGO
92207194,2023-10-22,10,3,7,possible injury,0,2,DUI,rear end,no,no,no,0,0,0,0,0,0,Passenger Car/Station Wagon,ALAMEDA
92207196,2023-10-16,10,18,1,possible injury,0,1,improper turning,hit object,no,no,no,0,0,0,0,0,0,Passenger Car/Station Wagon,SACRAMENTO
92207207,2023-10-22,10,3,7,severe injury,0,4,DUI,head-on,no,no,no,0,0,0,0,0,0,Passenger Car/Station Wagon,LOS ANGELES
92207215,2023-10-12,10,6,4,minor injury,0,1,improper turning,sideswipe,no,no,yes,0,0,1,0,0,0,Not Stated,LOS ANGELES
92207217,2023-10-01,10,15,7,possible injury,0,1,unsafe speed,rear end,no,no,no,0,0,0,0,0,0,Pickup or Panel Truck,NAPA
92207222,2023-10-22,10,22,7,possible injury,0,1,unsafe speed,other,no,no,no,0,0,0,0,0,0,Passenger Car/Station Wagon,SAN BENITO
92207224,2023-10-15,10,13,7,minor injury,0,1,DUI,hit object,no,no,no,0,0,0,0,0,0,Passenger Car/Station Wagon,FRESNO
92207227,2023-10-14,10,2,6,possible injury,0,1,other than driver or pedestrian,hit object,no,no,no,0,0,0,0,0,0,Not Stated,SOLANO
92207228,2023-10-15,10,12,7,possible injury,0,2,unsafe speed,rear end,no,no,no,0,0,0,0,0,0,Passenger Car/Station Wagon,SAN BERNARDINO
92207229,2023-10-20,10,14,5,minor injury,0,1,DUI,overturned,no,no,no,0,0,0,0,0,0,Pickup or Panel Truck,MONTEREY
92207231,2023-10-13,10,9,5,possible injury,0,1,unsafe speed,rear end,no,no,no,0,0,0,0,0,0,Passenger Car/Station Wagon,LOS ANGELES
92207233,2023-10-11,10,13,3,possible injury,0,1,unsafe speed,rear end,no,no,no,0,0,0,0,0,0,Passenger Car/Station Wagon,SAN JOAQUIN
92207239,2023-10-19,10,11,4,possible injury,0,1,unsafe speed,rear end,no,no,no,0,0,0,0,0,0,Not Stated,ALAMEDA
92207241,2023-10-17,10,5,2,minor injury,0,1,unsafe speed,rear end,no,no,no,0,0,0,0,0,0,Passenger Car/Station Wagon,ALAMEDA
92207243,2023-10-17,10,8,2,possible injury,0,1,unsafe speed,rear end,no,no,no,0,0,0,0,0,0,Pickup or Panel Truck,RIVERSIDE
92207244,2023-10-15,10,3,7,possible injury,0,1,unsafe speed,rear end,no,no,no,0,0,0,0,0,0,Passenger Car/Station Wagon,ALAMEDA
92207245,2023-10-22,10,6,7,possible injury,0,1,DUI,hit object,no,no,no,0,0,0,0,0,0,Pickup or Panel Truck,KINGS
92207247,2023-10-13,10,6,5,possible injury,0,1,improper turning,head-on,no,no,no,0,0,0,0,0,0,Pickup or Panel Truck,SAN JOAQUIN
92207248,2023-10-21,10,9,6,possible injury,0,1,unsafe speed,rear end,no,no,no,0,0,0,0,0,0,Passenger Car/Station Wagon,SACRAMENTO
92207249,2023-10-16,10,17,1,minor injury,0,1,unsafe speed,rear end,no,no,no,0,0,0,0,0,0,Passenger Car/Station Wagon,ALAMEDA
92207253,2023-10-17,10,14,2,minor injury,0,1,unsafe speed,rear end,no,no,yes,0,0,1,0,0,0,Motorcycle/Scooter,RIVERSIDE
92207255,2023-10-12,10,0,4,minor injury,0,1,unsafe speed,rear end,no,no,no,0,0,0,0,0,0,Passenger Car/Station Wagon,SANTA CLARA
92207257,2023-10-15,10,18,7,possible injury,0,2,unsafe speed,rear end,no,no,no,0,0,0,0,0,0,Passenger Car/Station Wagon,FRESNO
92207266,2023-10-23,10,5,1,possible injury,0,3,unsafe speed,rear end,no,no,no,0,0,0,0,0,0,Passenger Car/Station Wagon,SAN BENITO
92207270,2023-10-12,10,22,4,possible injury,0,1,improper turning,overturned,no,no,yes,0,0,1,0,0,0,Motorcycle/Scooter,SAN DIEGO
92207277,2023-10-13,10,13,5,possible injury,0,2,unsafe speed,rear end,no,no,no,0,0,0,0,0,0,Pickup or Panel Truck,SAN JOAQUIN
92207278,2023-10-13,10,13,5,minor injury,0,2,unsafe speed,rear end,no,no,no,0,0,0,0,0,0,Pickup or Panel Truck,LOS ANGELES
92207279,2023-10-13,10,13,5,possible injury,0,1,unsafe lane change,sideswipe,no,no,no,0,0,0,0,0,0,Truck or Truck Tractor with Trailer,SAN JOAQUIN
92207283,2023-10-18,10,7,3,possible injury,0,2,unsafe speed,rear end,no,no,no,0,0,0,0,0,0,Passenger Car/Station Wagon,KERN
92207286,2023-10-22,10,0,7,possible injury,0,1,pedestrian violation,broadside,no,no,no,0,0,0,0,0,0,Passenger Car/Station Wagon,FRESNO
92207287,2023-10-20,10,17,5,minor injury,0,1,improper turning,overturned,no,no,no,0,0,0,0,0,0,Passenger Car/Station Wagon,FRESNO
92207289,2023-10-04,10,21,3,possible injury,0,2,unsafe lane change,sideswipe,no,no,no,0,0,0,0,0,0,Not Stated,ALAMEDA
92207291,2023-10-15,10,15,7,possible injury,0,1,unsafe speed,rear end,no,no,no,0,0,0,0,0,0,Passenger Car/Station Wagon,SAN BERNARDINO
92207293,2023-10-12,10,10,4,possible injury,0,1,automobile right of way,broadside,no,no,no,0,0,0,0,0,0,Passenger Car/Station Wagon,LOS ANGELES
92207297,2023-10-19,10,16,4,possible injury,0,1,automobile right of way,broadside,no,no,no,0,0,0,0,0,0,Passenger Car/Station Wagon,TULARE
92207303,2023-10-17,10,6,2,possible injury,0,1,unsafe speed,rear end,no,no,no,0,0,0,0,0,0,Passenger Car/Station Wagon,TULARE
92207305,2023-10-16,10,19,1,possible injury,0,1,improper turning,sideswipe,no,no,no,0,0,0,0,0,0,Not Stated,SAN BERNARDINO
92207306,2023-10-17,10,7,2,possible injury,0,1,unsafe speed,rear end,no,no,no,0,0,0,0,0,0,Passenger Car/Station Wagon,SAN BERNARDINO
92207307,2023-10-13,10,11,5,minor injury,0,1,improper turning,overturned,no,no,yes,0,0,1,0,0,0,Motorcycle/Scooter,SAN DIEGO
92207311,2023-10-19,10,10,4,possible injury,0,1,unsafe speed,rear end,no,no,no,0,0,0,0,0,0,Passenger Car/Station Wagon,LOS ANGELES
92207312,2023-10-17,10,9,2,possible injury,0,1,unsafe speed,rear end,no,no,no,0,0,0,0,0,0,Truck or Truck Tractor,SANTA CRUZ
92207313,2023-10-12,10,9,4,possible injury,0,1,unsafe speed,rear end,no,no,no,0,0,0,0,0,0,Not Stated,LOS ANGELES
92207314,2023-10-16,10,18,1,possible injury,0,1,automobile right of way,broadside,no,no,no,0,0,0,0,0,0,Passenger Car/Station Wagon,SACRAMENTO
92207316,2023-10-14,10,9,6,minor injury,0,1,improper turning,broadside,no,no,yes,0,0,1,0,0,0,Passenger Car/Station Wagon,KERN
92207320,2023-10-15,10,12,7,possible injury,0,1,DUI,other,no,no,no,0,0,0,0,0,0,Passenger Car/Station Wagon,MERCED
92207321,2023-10-16,10,4,1,severe injury,0,1,pedestrian violation,vehicle/pedestrian,yes,no,no,1,0,0,0,0,0,Pedestrian,KERN
92207323,2023-10-17,10,16,2,possible injury,0,1,unsafe speed,rear end,no,no,no,0,0,0,0,0,0,Passenger Car/Station Wagon,SAN BERNARDINO
92207326,2023-10-17,10,15,2,possible injury,0,1,unsafe speed,rear end,no,no,no,0,0,0,0,0,0,Passenger Car/Station Wagon,SAN BERNARDINO
92207328,2023-10-19,10,16,4,possible injury,0,2,unsafe speed,rear end,no,no,no,0,0,0,0,0,0,Passenger Car/Station Wagon,LOS ANGELES
92207329,2023-10-11,10,15,3,possible injury,0,1,improper turning,overturned,no,no,no,0,0,0,0,0,0,Passenger Car/Station Wagon,SONOMA
92207330,2023-10-17,10,13,2,possible injury,0,1,unsafe speed,rear end,no,no,no,0,0,0,0,0,0,Pickup or Panel Truck,SAN BERNARDINO
92207331,2023-10-17,10,21,2,possible injury,0,1,unsafe speed,head-on,no,no,no,0,0,0,0,0,0,Not Stated,RIVERSIDE
92207335,2023-10-12,10,2,4,possible injury,0,1,DUI,rear end,no,no,no,0,0,0,0,0,0,Passenger Car/Station Wagon,TULARE
92207339,2023-10-19,10,11,4,minor injury,0,2,improper turning,hit object,no,no,no,0,0,0,0,0,0,Passenger Car/Station Wagon,LOS ANGELES
92207341,2023-10-20,10,10,5,possible injury,0,1,unsafe speed,rear end,no,no,no,0,0,0,0,0,0,Passenger Car/Station Wagon,ALAMEDA
92207343,2023-10-14,10,19,6,minor injury,0,1,automobile right of way,broadside,no,no,no,0,0,0,0,0,0,Pickup or Panel Truck,TULARE
92207344,2023-10-10,10,8,2,minor injury,0,1,other improper driving,vehicle/pedestrian,yes,yes,no,1,0,0,0,0,0,Not Stated,SAN DIEGO
92207346,2023-10-22,10,10,7,possible injury,0,1,automobile right of way,broadside,no,no,yes,0,0,0,0,0,0,Motorcycle/Scooter,SANTA BARBARA
92207349,2023-10-13,10,18,5,minor injury,0,1,DUI,rear end,no,no,no,0,0,0,0,0,0,Passenger Car/Station Wagon,ALAMEDA
92207352,2023-10-05,10,17,4,possible injury,0,1,unsafe speed,rear end,no,no,no,0,0,0,0,0,0,Passenger Car/Station Wagon,VENTURA
92207355,2023-10-12,10,5,4,minor injury,0,1,improper turning,hit object,no,no,no,0,0,0,0,0,0,Passenger Car/Station Wagon,NAPA
92207357,2023-08-13,8,16,7,fatal injury,1,0,DUI,overturned,no,no,yes,0,0,0,0,0,1,Motorcycle/Scooter,CONTRA COSTA
92207360,2023-10-08,10,2,7,minor injury,0,1,DUI,hit object,no,no,no,0,0,0,0,0,0,Passenger Car/Station Wagon,SAN DIEGO
92207364,2023-10-13,10,4,5,possible injury,0,1,unsafe speed,rear end,no,no,no,0,0,0,0,0,0,Passenger Car/Station Wagon,LOS ANGELES
92207365,2023-10-01,10,2,7,minor injury,0,1,DUI,overturned,no,no,no,0,0,0,0,0,0,Pickup or Panel Truck,PLACER
92207366,2023-10-12,10,9,4,possible injury,0,1,wrong side of road,head-on,no,no,no,0,0,0,0,0,0,Passenger Car/Station Wagon,NAPA
92207370,2023-10-22,10,15,7,possible injury,0,1,unsafe speed,sideswipe,no,no,no,0,0,0,0,0,0,Passenger Car/Station Wagon,SACRAMENTO
92207373,2023-09-28,9,14,4,minor injury,0,1,unknown,sideswipe,no,no,yes,0,0,1,0,0,0,Not Stated,LOS ANGELES
92207376,2023-09-21,9,18,4,minor injury,0,1,unsafe lane change,rear end,no,no,no,0,0,0,0,0,0,Passenger Car/Station Wagon,CONTRA COSTA
92207377,2023-09-27,9,9,3,minor injury,0,1,improper turning,hit object,no,no,no,0,0,0,0,0,0,Passenger Car/Station Wagon,LOS ANGELES
92207378,2023-10-18,10,19,3,minor injury,0,2,automobile right of way,broadside,no,no,no,0,0,0,0,0,0,Passenger Car/Station Wagon,ALAMEDA
92207379,2023-10-17,10,8,2,possible injury,0,1,unsafe lane change,sideswipe,no,no,no,0,0,0,0,0,0,Truck or Truck Tractor with Trailer,SAN BERNARDINO
92207383,2023-10-20,10,11,5,possible injury,0,1,unsafe speed,rear end,no,no,no,0,0,0,0,0,0,Pickup or Panel Truck,ALAMEDA
92207388,2023-10-15,10,5,7,minor injury,0,2,unsafe speed,sideswipe,no,no,no,0,0,0,0,0,0,Passenger Car/Station Wagon,LOS ANGELES
92207390,2023-10-15,10,18,7,minor injury,0,2,pedestrian violation,vehicle/pedestrian,yes,no,yes,1,0,1,0,0,0,Pedestrian,SACRAMENTO
92207394,2023-10-12,10,7,4,possible injury,0,1,wrong side of road,broadside,no,yes,no,0,1,0,0,0,0,Bicycle,LOS ANGELES
92207398,2023-10-12,10,12,4,possible injury,0,2,improper turning,broadside,no,no,yes,0,0,2,0,0,0,Motorcycle/Scooter,LOS ANGELES
92207402,2023-10-14,10,9,6,possible injury,0,1,unsafe speed,hit object,no,no,no,0,0,0,0,0,0,Passenger Car/Station Wagon,NAPA
92207409,2023-09-09,9,2,6,fatal injury,1,0,pedestrian violation,vehicle/pedestrian,yes,no,no,0,0,0,1,0,0,Pedestrian,KERN
92207410,2023-10-19,10,23,4,minor injury,0,1,DUI,hit object,no,no,no,0,0,0,0,0,0,Passenger Car/Station Wagon,TULARE
92207416,2023-10-14,10,12,6,possible injury,0,1,unsafe lane change,sideswipe,no,no,no,0,0,0,0,0,0,Not Stated,LOS ANGELES
92207421,2023-10-17,10,6,2,possible injury,0,1,automobile right of way,broadside,no,no,no,0,0,0,0,0,0,Passenger Car/Station Wagon,MONTEREY
92207426,2023-10-18,10,5,3,possible injury,0,1,improper turning,hit object,no,no,no,0,0,0,0,0,0,Truck or Truck Tractor,RIVERSIDE
92207427,2023-10-16,10,15,1,minor injury,0,2,improper turning,broadside,no,no,no,0,0,0,0,0,0,Passenger Car/Station Wagon,SAN BERNARDINO
92207428,2023-10-18,10,5,3,minor injury,0,2,improper passing,sideswipe,no,no,no,0,0,0,0,0,0,Passenger Car/Station Wagon,SAN BERNARDINO
92207429,2023-10-16,10,15,1,minor injury,0,2,unknown,head-on,no,no,no,0,0,0,0,0,0,Not Stated,SACRAMENTO
92207430,2023-09-20,9,19,3,possible injury,0,1,unsafe speed,rear end,no,no,no,0,0,0,0,0,0,Passenger Car/Station Wagon,RIVERSIDE
92207432,2023-10-13,10,16,5,minor injury,0,1,improper turning,rear end,no,no,no,0,0,0,0,0,0,Passenger Car/Station Wagon,ALAMEDA
92207433,2023-10-15,10,1,7,possible injury,0,2,unsafe speed,rear end,no,no,no,0,0,0,0,0,0,Passenger Car/Station Wagon,SANTA CLARA
92207438,2023-10-18,10,6,3,minor injury,0,1,unsafe speed,rear end,no,no,no,0,0,0,0,0,0,Pickup or Panel Truck,RIVERSIDE
92207439,2023-10-16,10,20,1,minor injury,0,1,unsafe speed,overturned,no,no,yes,0,0,1,0,0,0,Motorcycle/Scooter,SAN BERNARDINO
92207441,2023-10-12,10,18,4,minor injury,0,3,unsafe speed,rear end,no,no,no,0,0,0,0,0,0,Passenger Car/Station Wagon,SAN DIEGO
92207443,2023-10-21,10,10,6,possible injury,0,3,unsafe speed,rear end,no,no,no,0,0,0,0,0,0,Passenger Car/Station Wagon,ALAMEDA
92207445,2023-10-02,10,23,1,minor injury,0,1,unsafe speed,rear end,no,no,yes,0,0,1,0,0,0,Passenger Car/Station Wagon,PLACER
92207448,2023-10-21,10,10,6,possible injury,0,1,improper turning,hit object,no,no,no,0,0,0,0,0,0,Passenger Car/Station Wagon,ALAMEDA
92207451,2023-10-17,10,8,2,possible injury,0,1,wrong side of road,sideswipe,no,no,no,0,0,0,0,0,0,Passenger Car/Station Wagon,SANTA CRUZ
92207453,2023-10-17,10,13,2,possible injury,0,1,unsafe lane change,sideswipe,no,no,no,0,0,0,0,0,0,Passenger Car/Station Wagon,MERCED
92207454,2023-10-17,10,13,2,minor injury,0,1,automobile right of way,broadside,no,no,no,0,0,0,0,0,0,Pickup or Panel Truck,MONTEREY
92207457,2023-09-22,9,21,5,possible injury,0,2,unsafe lane change,hit object,no,no,no,0,0,0,0,0,0,Not Stated,RIVERSIDE
92207461,2023-10-17,10,14,2,possible injury,0,1,unsafe lane change,rear end,no,no,no,0,0,0,0,0,0,Pickup or Panel Truck,SANTA CLARA
92207462,2023-10-13,10,23,5,minor injury,0,1,improper turning,hit object,no,no,no,0,0,0,0,0,0,Passenger Car/Station Wagon,IMPERIAL
92207463,2023-10-05,10,13,4,minor injury,0,2,traffic signs,broadside,no,no,no,0,0,0,0,0,0,Passenger Car/Station Wagon,FRESNO
92207465,2023-10-19,10,18,4,minor injury,0,1,unsafe speed,hit object,no,no,no,0,0,0,0,0,0,Pickup or Panel Truck,SAN BERNARDINO
92207468,2023-10-17,10,16,2,possible injury,0,1,DUI,sideswipe,no,no,no,0,0,0,0,0,0,Passenger Car/Station Wagon,SUTTER
92207471,2023-10-17,10,18,2,severe injury,0,4,DUI,head-on,no,no,no,0,0,0,0,0,0,Passenger Car/Station Wagon,MONTEREY
92207472,2023-10-21,10,12,6,severe injury,0,1,automobile right of way,broadside,no,no,no,0,0,0,0,0,0,Passenger Car/Station Wagon,FRESNO
92207473,2023-10-16,10,7,1,possible injury,0,1,unsafe speed,rear end,no,no,no,0,0,0,0,0,0,Truck or Truck Tractor with Trailer,LOS ANGELES
92207474,2023-10-12,10,6,4,possible injury,0,1,unsafe lane change,sideswipe,no,no,no,0,0,0,0,0,0,Not Stated,SACRAMENTO
92207483,2023-10-12,10,8,4,possible injury,0,1,unsafe speed,vehicle/pedestrian,yes,no,no,1,0,0,0,0,0,Not Stated,EL DORADO
92207484,2023-10-19,10,19,4,possible injury,0,1,automobile right of way,broadside,no,no,no,0,0,0,0,0,0,Not Stated,LOS ANGELES
92207486,2023-10-06,10,4,5,minor injury,0,1,DUI,hit object,no,no,no,0,0,0,0,0,0,Passenger Car/Station Wagon,PLACER
92207488,2023-10-16,10,7,1,possible injury,0,1,unsafe speed,rear end,no,no,no,0,0,0,0,0,0,Passenger Car/Station Wagon,LOS ANGELES
92207490,2023-10-07,10,7,6,possible injury,0,2,improper turning,sideswipe,no,no,no,0,0,0,0,0,0,Not Stated,SACRAMENTO
92207491,2023-10-09,10,19,1,minor injury,0,3,unsafe speed,rear end,no,no,no,0,0,0,0,0,0,Passenger Car/Station Wagon,KERN
92207494,2023-10-06,10,6,5,minor injury,0,1,improper turning,hit object,no,no,no,0,0,0,0,0,0,Pickup or Panel Truck,PLACER
92207497,2023-10-13,10,14,5,possible injury,0,3,unsafe starting or backing,rear end,no,no,no,0,0,0,0,0,0,Passenger Car/Station Wagon,SONOMA
92207505,2023-07-21,7,12,5,fatal injury,1,0,automobile right of way,broadside,no,no,yes,0,0,0,0,0,1,Passenger Car/Station Wagon,HUMBOLDT
92207506,2023-10-21,10,9,6,possible injury,0,1,automobile right of way,broadside,no,no,no,0,0,0,0,0,0,Passenger Car/Station Wagon,FRESNO
92207509,2023-10-13,10,8,5,minor injury,0,3,unsafe lane change,sideswipe,no,no,no,0,0,0,0,0,0,Passenger Car/Station Wagon,SAN JOAQUIN
92207511,2023-10-22,10,11,7,minor injury,0,1,improper turning,overturned,no,no,no,0,0,0,0,0,0,Pickup or Panel Truck,PLACER
92207514,2023-10-16,10,4,1,possible injury,0,1,DUI,overturned,no,no,no,0,0,0,0,0,0,Passenger Car/Station Wagon,CONTRA COSTA
92207515,2023-10-20,10,18,5,minor injury,0,1,improper turning,hit object,no,no,no,0,0,0,0,0,0,Pickup or Panel Truck with Trailer,SAN LUIS OBISPO
92207517,2023-10-22,10,15,7,possible injury,0,1,unsafe speed,head-on,no,no,no,0,0,0,0,0,0,Passenger Car/Station Wagon,SACRAMENTO
92207518,2023-10-20,10,19,5,minor injury,0,1,unsafe lane change,sideswipe,no,no,yes,0,0,1,0,0,0,Motorcycle/Scooter,ALAMEDA
92207520,2023-10-10,10,15,2,possible injury,0,2,unsafe speed,rear end,no,no,no,0,0,0,0,0,0,Passenger Car/Station Wagon,LOS ANGELES
92207521,2023-10-19,10,20,4,minor injury,0,1,improper turning,sideswipe,no,yes,no,0,1,0,0,0,0,Not Stated,LOS ANGELES
92207522,2023-10-12,10,12,4,possible injury,0,1,traffic signs,broadside,no,no,no,0,0,0,0,0,0,Passenger Car/Station Wagon,EL DORADO
92207523,2023-10-19,10,6,4,minor injury,0,1,unsafe speed,rear end,no,no,no,0,0,0,0,0,0,Passenger Car/Station Wagon,SAN BERNARDINO
92207524,2023-10-16,10,13,1,possible injury,0,1,unsafe speed,rear end,no,no,no,0,0,0,0,0,0,Passenger Car/Station Wagon,RIVERSIDE
92207533,2023-10-15,10,8,7,possible injury,0,1,traffic signs,broadside,no,no,no,0,0,0,0,0,0,Emergency Vehicle,SAN BERNARDINO
92207534,2023-05-08,5,4,1,fatal injury,1,2,wrong side of road,head-on,no,no,no,0,0,0,0,0,0,Passenger Car/Station Wagon,LOS ANGELES
92207535,2023-10-17,10,16,2,possible injury,0,1,unsafe speed,rear end,no,no,no,0,0,0,0,0,0,Not Stated,STANISLAUS
92207537,2023-10-13,10,22,5,minor injury,0,1,improper turning,broadside,no,no,no,0,0,0,0,0,0,Passenger Car/Station Wagon,RIVERSIDE
92207539,2023-10-14,10,20,6,minor injury,0,2,DUI,other,no,no,no,0,0,0,0,0,0,Pickup or Panel Truck,MARIN
92207541,2023-10-19,10,16,4,severe injury,0,2,improper passing,head-on,no,no,no,0,0,0,0,0,0,Passenger Car/Station Wagon,SUTTER
92207542,2023-10-17,10,7,2,possible injury,0,1,traffic signs,sideswipe,no,no,no,0,0,0,0,0,0,Passenger Car/Station Wagon,SACRAMENTO
92207545,2023-10-18,10,20,3,possible injury,0,1,unsafe speed,rear end,no,no,no,0,0,0,0,0,0,Not Stated,MONTEREY
92207555,2023-10-20,10,14,5,possible injury,0,3,improper turning,broadside,no,no,no,0,0,0,0,0,0,Passenger Car/Station Wagon,STANISLAUS
92207558,2023-10-17,10,14,2,possible injury,0,1,unsafe speed,rear end,no,no,no,0,0,0,0,0,0,Passenger Car/Station Wagon,SACRAMENTO
92207562,2023-10-19,10,16,4,possible injury,0,3,automobile right of way,broadside,no,no,no,0,0,0,0,0,0,Passenger Car/Station Wagon,MONTEREY
92207564,2023-10-16,10,7,1,possible injury,0,1,automobile right of way,head-on,no,no,no,0,0,0,0,0,0,Passenger Car/Station Wagon,LOS ANGELES
92207566,2023-10-12,10,16,4,minor injury,0,1,improper turning,hit object,no,no,no,0,0,0,0,0,0,Pickup or Panel Truck,EL DORADO
92207567,2023-10-14,10,20,6,possible injury,0,2,unsafe speed,hit object,no,no,no,0,0,0,0,0,0,Passenger Car/Station Wagon,TULARE
92207572,2023-10-14,10,10,6,severe injury,0,1,improper turning,rear end,no,no,no,0,0,0,0,0,0,Passenger Car/Station Wagon,LOS ANGELES
92207573,2023-10-13,10,12,5,minor injury,0,1,improper turning,hit object,no,no,no,0,0,0,0,0,0,Passenger Car with Trailer,TRINITY
92207575,2023-10-06,10,23,5,possible injury,0,1,other improper driving,hit object,no,no,no,0,0,0,0,0,0,Passenger Car/Station Wagon,MONTEREY
92207576,2023-10-18,10,15,3,minor injury,0,1,automobile right of way,head-on,no,no,no,0,0,0,0,0,0,Passenger Car/Station Wagon,KERN
92207577,2023-10-23,10,6,1,minor injury,0,1,improper turning,sideswipe,no,no,yes,0,0,1,0,0,0,Passenger Car/Station Wagon,SANTA BARBARA
92207580,2023-10-15,10,16,7,minor injury,0,1,other than driver or pedestrian,hit object,no,no,yes,0,0,1,0,0,0,Not Stated,SOLANO
92207581,2023-10-18,10,14,3,minor injury,0,3,unsafe speed,rear end,no,no,no,0,0,0,0,0,0,Passenger Car/Station Wagon,SAN DIEGO
92207591,2023-10-10,10,6,2,minor injury,0,1,automobile right of way,broadside,no,no,no,0,0,0,0,0,0,Emergency Vehicle,TUOLUMNE
92207594,2023-10-14,10,6,6,possible injury,0,1,unsafe speed,rear end,no,no,no,0,0,0,0,0,0,Pickup or Panel Truck,SAN MATEO
92207597,2023-10-06,10,12,5,possible injury,0,1,unsafe speed,rear end,no,no,no,0,0,0,0,0,0,Pickup or Panel Truck,SAN DIEGO
92207601,2023-10-12,10,7,4,possible injury,0,1,pedestrian right of way,vehicle/pedestrian,yes,no,no,1,0,0,0,0,0,Passenger Car/Station Wagon,LOS ANGELES
92207602,2023-10-12,10,12,4,minor injury,0,1,improper turning,hit object,no,no,no,0,0,0,0,0,0,Truck or Truck Tractor with Trailer,EL DORADO
92207603,2023-10-14,10,12,6,possible injury,0,1,unsafe speed,rear end,no,no,no,0,0,0,0,0,0,Passenger Car/Station Wagon,SACRAMENTO
92207607,2023-10-19,10,6,4,possible injury,0,1,automobile right of way,broadside,no,no,no,0,0,0,0,0,0,Passenger Car/Station Wagon,SACRAMENTO
92207609,2023-10-20,10,18,5,possible injury,0,1,unsafe speed,rear end,no,no,no,0,0,0,0,0,0,Pickup or Panel Truck,TULARE
92207610,2023-10-03,10,9,2,minor injury,0,1,traffic signs,broadside,no,no,no,0,0,0,0,0,0,Passenger Car/Station Wagon,SAN BERNARDINO
92207616,2023-10-20,10,13,5,possible injury,0,2,unsafe speed,rear end,no,no,no,0,0,0,0,0,0,Passenger Car/Station Wagon,FRESNO
92207619,2023-10-12,10,9,4,possible injury,0,1,unsafe speed,broadside,no,yes,no,0,1,0,0,0,0,Bicycle,SANTA CLARA
92207620,2023-10-06,10,12,5,minor injury,0,3,automobile right of way,broadside,no,no,no,0,0,0,0,0,0,Passenger Car/Station Wagon,SAN BERNARDINO
92207623,2023-10-13,10,17,5,possible injury,0,1,unsafe speed,rear end,no,no,no,0,0,0,0,0,0,Pickup or Panel Truck,LOS ANGELES
92207627,2023-10-15,10,18,7,severe injury,0,1,DUI,hit object,no,no,no,0,0,0,0,0,0,Passenger Car/Station Wagon,FRESNO
92207629,2023-10-20,10,5,5,minor injury,0,1,unsafe speed,hit object,no,no,yes,0,0,1,0,0,0,Motorcycle/Scooter,SAN BERNARDINO
92207641,2023-10-22,10,20,7,minor injury,0,1,unsafe speed,hit object,no,no,no,0,0,0,0,0,0,Not Stated,INYO
92207642,2023-10-19,10,8,4,possible injury,0,1,unsafe speed,rear end,no,no,no,0,0,0,0,0,0,Not Stated,SAN BERNARDINO
92207647,2023-10-23,10,13,1,possible injury,0,1,improper turning,sideswipe,no,no,no,0,0,0,0,0,0,Pickup or Panel Truck,FRESNO
92207648,2023-10-20,10,20,5,possible injury,0,1,unsafe speed,rear end,no,no,no,0,0,0,0,0,0,Passenger Car/Station Wagon,LOS ANGELES