CASE_ID,COLLISION_DATE,MONTH,HOUR,DAY_OF_WEEK,COLLISION_SEVERITY,NUMBER_KILLED,NUMBER_INJURED,PCF_VIOL_CATEGORY,TYPE_OF_COLLISION,PEDESTRIAN_ACCIDENT,BICYCLE_ACCIDENT,MOTORCYCLE_ACCIDENT,COUNT_PED_INJURED,COUNT_BICYCLIST_INJURED,COUNT_MC_INJURED,COUNT_PED_KILLED,COUNT_BICYCLIST_KILLED,COUNT_MC_KILLED,STWD_VEHTYPE_AT_FAULT,COUNTY
92209549,2023-10-17,10,18,2,possible injury,0,1,unsafe speed,sideswipe,yes,no,no,1,0,0,0,0,0,Pickup or Panel Truck,FRESNO
92209552,2023-10-14,10,19,6,minor injury,0,1,DUI,rear end,no,no,yes,0,0,1,0,0,0,Motorcycle/Scooter,SAN DIEGO
92209553,2023-10-19,10,8,4,possible injury,0,1,improper turning,sideswipe,no,yes,no,0,1,0,0,0,0,Passenger Car/Station Wagon,LOS ANGELES
92209555,2023-10-16,10,15,1,minor injury,0,1,automobile right of way,broadside,no,no,no,0,0,0,0,0,0,Not Stated,KERN
92209557,2023-10-25,10,10,3,possible injury,0,1,unsafe starting or backing,rear end,no,no,no,0,0,0,0,0,0,Passenger Car/Station Wagon,STANISLAUS
92209560,2023-10-21,10,6,6,minor injury,0,2,improper turning,rear end,no,no,no,0,0,0,0,0,0,Passenger Car/Station Wagon,RIVERSIDE
92209561,2023-10-14,10,19,6,minor injury,0,1,unsafe speed,rear end,yes,no,no,1,0,0,0,0,0,Passenger Car/Station Wagon,LOS ANGELES
92209563,2023-10-14,10,14,6,possible injury,0,3,improper turning,sideswipe,no,no,no,0,0,0,0,0,0,Passenger Car/Station Wagon,KERN
92209566,2023-10-14,10,22,6,possible injury,0,1,unsafe lane change,sideswipe,no,no,no,0,0,0,0,0,0,Passenger Car/Station Wagon,SAN DIEGO
92209569,2023-10-22,10,19,7,possible injury,0,1,automobile right of way,broadside,no,no,no,0,0,0,0,0,0,Passenger Car/Station Wagon,MONTEREY
92209572,2023-10-20,10,14,5,severe injury,0,1,unsafe lane change,sideswipe,no,no,yes,0,0,1,0,0,0,Not Stated,SAN BERNARDINO
92209580,2023-10-15,10,21,7,severe injury,0,1,DUI,hit object,no,no,yes,0,0,1,0,0,0,Motorcycle/Scooter,SANTA CLARA
92209581,2023-10-02,10,11,1,minor injury,0,2,improper turning,sideswipe,no,no,no,0,0,0,0,0,0,Passenger Car/Station Wagon,RIVERSIDE
92209584,2023-10-24,10,12,2,possible injury,0,1,automobile right of way,broadside,no,no,yes,0,0,1,0,0,0,Passenger Car/Station Wagon,KERN
92209585,2023-10-20,10,14,5,possible injury,0,2,unsafe speed,rear end,no,no,no,0,0,0,0,0,0,Passenger Car/Station Wagon,RIVERSIDE
92209587,2023-10-10,10,15,2,possible injury,0,1,traffic signs,broadside,no,no,no,0,0,0,0,0,0,Not Stated,LOS ANGELES
92209591,2023-10-15,10,0,7,severe injury,0,1,improper turning,sideswipe,no,no,yes,0,0,1,0,0,0,Not Stated,SAN DIEGO
92209595,2023-10-22,10,12,7,possible injury,0,1,unsafe speed,rear end,no,no,no,0,0,0,0,0,0,Passenger Car/Station Wagon,ALAMEDA
92209599,2023-10-10,10,14,2,possible injury,0,1,pedestrian right of way,vehicle/pedestrian,yes,no,no,1,0,0,0,0,0,Passenger Car/Station Wagon,LOS ANGELES
92209600,2023-10-15,10,19,7,possible injury,0,1,improper turning,sideswipe,no,no,no,0,0,0,0,0,0,Passenger Car/Station Wagon,SANTA CLARA
92209601,2023-10-18,10,16,3,minor injury,0,2,unsafe speed,rear end,no,no,no,0,0,0,0,0,0,Passenger Car/Station Wagon,LOS ANGELES
92209603,2023-10-18,10,8,3,minor injury,0,1,traffic signs,broadside,no,no,no,0,0,0,0,0,0,Passenger Car/Station Wagon,BUTTE
92209606,2023-10-23,10,18,1,minor injury,0,1,unsafe speed,overturned,no,no,yes,0,0,1,0,0,0,Motorcycle/Scooter,SACRAMENTO
92209607,2023-10-11,10,19,3,possible injury,0,1,unsafe speed,rear end,no,no,no,0,0,0,0,0,0,Passenger Car/Station Wagon,ORANGE
92209609,2023-10-21,10,3,6,possible injury,0,1,improper turning,sideswipe,no,no,no,0,0,0,0,0,0,Passenger Car/Station Wagon,SACRAMENTO
92209611,2023-10-15,10,14,7,possible injury,0,2,improper turning,rear end,no,no,no,0,0,0,0,0,0,Not Stated,SAN DIEGO
92209613,2023-10-19,10,8,4,minor injury,0,1,traffic signs,broadside,no,no,no,0,0,0,0,0,0,Passenger Car/Station Wagon,RIVERSIDE
92209615,2023-10-11,10,18,3,possible injury,0,1,unsafe speed,rear end,no,no,no,0,0,0,0,0,0,Passenger Car/Station Wagon,ORANGE
92209617,2023-10-20,10,16,5,possible injury,0,1,unsafe speed,rear end,no,no,no,0,0,0,0,0,0,Other Vehicle,STANISLAUS
92209621,2023-10-17,10,15,2,possible injury,0,1,unsafe speed,rear end,no,no,no,0,0,0,0,0,0,Passenger Car/Station Wagon,LOS ANGELES
92209623,2023-10-20,10,15,5,minor injury,0,1,improper turning,hit object,no,no,no,0,0,0,0,0,0,Passenger Car/Station Wagon,RIVERSIDE
92209630,2023-10-24,10,5,2,minor injury,0,2,traffic signs,broadside,no,no,no,0,0,0,0,0,0,Passenger Car/Station Wagon,LOS ANGELES
92209633,2023-10-01,10,14,7,possible injury,0,1,DUI,rear end,no,no,no,0,0,0,0,0,0,Passenger Car/Station Wagon,RIVERSIDE
92209635,2023-10-17,10,20,2,possible injury,0,1,unsafe starting or backing,overturned,no,no,no,0,0,0,0,0,0,Pickup or Panel Truck,LOS ANGELES
92209637,2023-10-13,10,0,5,possible injury,0,1,DUI,sideswipe,no,no,no,0,0,0,0,0,0,Passenger Car/Station Wagon,MARIN
92209646,2023-10-04,10,8,3,severe injury,0,1,traffic signs,broadside,no,no,yes,0,0,1,0,0,0,Passenger Car/Station Wagon,SONOMA
92209652,2023-10-19,10,6,4,possible injury,0,1,improper turning,hit object,no,no,no,0,0,0,0,0,0,Passenger Car/Station Wagon,TUOLUMNE
92209656,2023-10-21,10,1,6,minor injury,0,2,unsafe lane change,sideswipe,no,no,no,0,0,0,0,0,0,Passenger Car/Station Wagon,LOS ANGELES
92209657,2023-10-16,10,2,1,minor injury,0,1,DUI,rear end,no,no,no,0,0,0,0,0,0,Pickup or Panel Truck with Trailer,SAN DIEGO
92209665,2023-09-29,9,18,5,minor injury,0,1,DUI,rear end,no,no,no,0,0,0,0,0,0,Pickup or Panel Truck,RIVERSIDE
92209667,2023-10-14,10,14,6,possible injury,0,1,improper turning,head-on,no,no,yes,0,0,1,0,0,0,Not Stated,LOS ANGELES
92209668,2023-10-14,10,22,6,minor injury,0,1,DUI,overturned,no,no,no,0,0,0,0,0,0,Passenger Car/Station Wagon,KINGS
92209669,2023-10-20,10,8,5,minor injury,0,1,improper turning,sideswipe,no,no,no,0,0,0,0,0,0,Passenger Car/Station Wagon,SAN BERNARDINO
92209673,2023-10-23,10,7,1,possible injury,0,2,automobile right of way,broadside,no,no,no,0,0,0,0,0,0,Passenger Car/Station Wagon,MONTEREY
92209674,2023-10-26,10,6,4,possible injury,0,2,unsafe speed,rear end,no,no,no,0,0,0,0,0,0,Pickup or Panel Truck,LOS ANGELES
92209675,2023-10-15,10,18,7,possible injury,0,1,improper turning,overturned,no,no,yes,0,0,1,0,0,0,Motorcycle/Scooter,SANTA CLARA
92209677,2023-10-19,10,17,4,minor injury,0,1,other than driver or pedestrian,hit object,no,no,no,0,0,0,0,0,0,Not Stated,LOS ANGELES
92209680,2023-10-08,10,22,7,severe injury,0,2,unsafe speed,rear end,yes,no,no,1,0,0,0,0,0,Passenger Car/Station Wagon,SAN DIEGO
92209683,2023-08-31,8,16,4,severe injury,0,3,unknown,broadside,no,no,no,0,0,0,0,0,0,Passenger Car/Station Wagon,RIVERSIDE
92209699,2023-10-25,10,6,3,possible injury,0,1,unsafe speed,rear end,no,no,no,0,0,0,0,0,0,Passenger Car/Station Wagon,SOLANO
92209701,2023-10-23,10,9,1,possible injury,0,1,unsafe speed,rear end,no,no,no,0,0,0,0,0,0,Truck or Truck Tractor with Trailer,SOLANO
92209703,2023-10-20,10,6,5,minor injury,0,1,improper turning,sideswipe,no,no,no,0,0,0,0,0,0,Not Stated,SAN DIEGO
92209709,2023-10-16,10,0,1,minor injury,0,1,traffic signs,broadside,no,no,no,0,0,0,0,0,0,Passenger Car/Station Wagon,FRESNO
92209712,2023-10-14,10,22,6,possible injury,0,1,DUI,hit object,no,no,no,0,0,0,0,0,0,Passenger Car/Station Wagon,FRESNO
92209716,2023-10-16,10,21,1,minor injury,0,1,improper turning,hit object,no,no,no,0,0,0,0,0,0,Emergency Vehicle,TUOLUMNE
92209720,2023-10-22,10,19,7,minor injury,0,1,unsafe speed,hit object,no,no,no,0,0,0,0,0,0,Pickup or Panel Truck,AMADOR
92209727,2023-10-23,10,13,1,minor injury,0,1,unknown,hit object,no,no,no,0,0,0,0,0,0,Not Stated,FRESNO
92209729,2023-09-26,9,9,2,minor injury,0,1,unsafe speed,rear end,no,no,no,0,0,0,0,0,0,Passenger Car/Station Wagon,LOS ANGELES
92209731,2023-10-20,10,12,5,minor injury,0,1,unsafe speed,overturned,no,no,no,0,0,0,0,0,0,Passenger Car/Station Wagon,IMPERIAL
92209732,2023-10-21,10,10,6,minor injury,0,1,improper turning,broadside,no,no,no,0,0,0,0,0,0,Passenger Car/Station Wagon,SUTTER
92209734,2023-10-14,10,11,6,possible injury,0,2,unsafe speed,rear end,no,no,no,0,0,0,0,0,0,Passenger Car/Station Wagon,SAN JOAQUIN
92209736,2023-10-15,10,4,7,possible injury,0,1,unsafe lane change,sideswipe,no,no,no,0,0,0,0,0,0,Passenger Car/Station Wagon,ALAMEDA
92209737,2023-10-02,10,15,1,minor injury,0,4,unsafe speed,rear end,no,no,no,0,0,0,0,0,0,Passenger Car/Station Wagon,LOS ANGELES
92209741,2023-10-18,10,21,3,possible injury,0,2,unsafe lane change,sideswipe,no,no,no,0,0,0,0,0,0,Passenger Car/Station Wagon,LOS ANGELES
92209742,2023-04-26,4,6,3,fatal injury,1,0,unsafe speed,rear end,no,no,yes,0,0,0,0,0,1,Motorcycle/Scooter,SAN DIEGO
92209744,2023-10-19,10,8,4,minor injury,0,5,unknown,rear end,no,no,no,0,0,0,0,0,0,Not Stated,TEHAMA
92209747,2023-10-21,10,13,6,possible injury,0,1,unsafe speed,rear end,no,no,no,0,0,0,0,0,0,Passenger Car/Station Wagon,LOS ANGELES
92209750,2023-10-21,10,13,6,minor injury,0,4,unsafe speed,rear end,no,no,no,0,0,0,0,0,0,Passenger Car/Station Wagon,LOS ANGELES
92209754,2023-08-28,8,14,1,possible injury,0,2,unsafe speed,rear end,no,no,no,0,0,0,0,0,0,Passenger Car/Station Wagon,LOS ANGELES
92209755,2023-10-17,10,20,2,minor injury,0,2,automobile right of way,head-on,no,no,no,0,0,0,0,0,0,Pickup or Panel Truck,EL DORADO
92209756,2023-10-16,10,12,1,minor injury,0,1,automobile right of way,head-on,no,no,no,0,0,0,0,0,0,Pickup or Panel Truck,EL DORADO
92209757,2023-10-14,10,11,6,possible injury,0,1,unsafe speed,rear end,no,no,no,0,0,0,0,0,0,Passenger Car/Station Wagon,LOS ANGELES
92209760,2023-10-21,10,15,6,possible injury,0,3,unsafe lane change,rear end,no,no,no,0,0,0,0,0,0,Passenger Car/Station Wagon,LOS ANGELES
92209763,2023-10-11,10,8,3,possible injury,0,1,following too closely,rear end,no,no,no,0,0,0,0,0,0,Passenger Car/Station Wagon,LOS ANGELES
92209770,2023-10-24,10,17,2,possible injury,0,1,unsafe speed,rear end,no,no,no,0,0,0,0,0,0,Passenger Car/Station Wagon,ALAMEDA
92210774,2023-08-15,8,15,2,severe injury,0,1,traffic signs,broadside,no,no,no,0,0,0,0,0,0,Not Stated,LOS ANGELES
92210775,2023-08-15,8,16,2,severe injury,0,1,automobile right of way,sideswipe,no,no,yes,0,0,1,0,0,0,Not Stated,LOS ANGELES
92210779,2023-07-15,7,9,6,minor injury,0,2,traffic signs,broadside,no,no,no,0,0,0,0,0,0,Not Stated,LOS ANGELES
92210781,2023-08-16,8,1,3,severe injury,0,1,other than driver or pedestrian,hit object,no,no,yes,0,0,1,0,0,0,Not Stated,LOS ANGELES
92210783,2023-06-17,6,2,6,possible injury,0,3,traffic signs,broadside,no,no,no,0,0,0,0,0,0,Not Stated,ALAMEDA
92210784,2023-08-18,8,14,5,severe injury,0,1,automobile right of way,other,no,yes,no,0,1,0,0,0,0,Not Stated,LOS ANGELES
92210785,2023-06-26,6,16,1,possible injury,0,1,wrong side of road,broadside,no,yes,no,0,1,0,0,0,0,Not Stated,LOS ANGELES
92210787,2023-07-01,7,13,6,possible injury,0,1,improper turning,broadside,no,no,no,0,0,0,0,0,0,Not Stated,VENTURA
92210788,2023-04-17,4,18,1,minor injury,0,3,traffic signs,broadside,no,no,no,0,0,0,0,0,0,Not Stated,CONTRA COSTA
92210791,2023-07-12,7,11,3,minor injury,0,1,unsafe starting or backing,sideswipe,no,no,no,0,0,0,0,0,0,Not Stated,SACRAMENTO
92210795,2023-08-17,8,17,4,minor injury,0,1,unsafe speed,broadside,no,no,yes,0,0,1,0,0,0,Not Stated,SANTA CLARA
92210801,2023-05-17,5,10,3,possible injury,0,3,following too closely,rear end,no,no,no,0,0,0,0,0,0,Not Stated,LOS ANGELES
92210802,2023-08-06,8,1,7,minor injury,0,1,other than driver or pedestrian,rear end,no,no,no,0,0,0,0,0,0,Not Stated,LOS ANGELES
92210803,2023-08-09,8,20,3,severe injury,0,1,traffic signs,vehicle/pedestrian,yes,no,no,1,0,0,0,0,0,Not Stated,LOS ANGELES
92210805,2023-08-04,8,22,5,severe injury,0,1,pedestrian violation,vehicle/pedestrian,yes,no,no,1,0,0,0,0,0,Not Stated,LOS ANGELES
92210813,2023-08-05,8,22,6,minor injury,0,2,unsafe speed,rear end,no,no,no,0,0,0,0,0,0,Not Stated,LOS ANGELES
92210823,2023-07-31,7,20,1,minor injury,0,1,DUI,hit object,no,no,no,0,0,0,0,0,0,Not Stated,TULARE
92210825,2023-07-11,7,12,2,possible injury,0,1,unsafe speed,rear end,no,no,no,0,0,0,0,0,0,Not Stated,LOS ANGELES
92210826,2023-08-17,8,15,4,minor injury,0,3,traffic signs,broadside,no,no,no,0,0,0,0,0,0,Not Stated,LOS ANGELES
92210827,2023-08-12,8,11,6,possible injury,0,1,unsafe speed,rear end,no,no,no,0,0,0,0,0,0,Not Stated,LOS ANGELES
92210829,2023-04-16,4,13,7,possible injury,0,1,unsafe speed,rear end,no,no,no,0,0,0,0,0,0,Not Stated,SAN BERNARDINO
92210831,2023-07-16,7,10,7,possible injury,0,2,traffic signs,broadside,no,no,no,0,0,0,0,0,0,Not Stated,SAN BERNARDINO
92210833,2023-08-12,8,22,6,minor injury,0,1,DUI,rear end,no,no,no,0,0,0,0,0,0,Not Stated,ORANGE
92210838,2023-08-18,8,16,5,possible injury,0,1,unsafe speed,rear end,no,no,no,0,0,0,0,0,0,Not Stated,SANTA CLARA
92210839,2023-09-04,9,20,1,possible injury,0,1,DUI,sideswipe,no,no,no,0,0,0,0,0,0,Not Stated,LOS ANGELES
92210840,2023-04-18,4,19,2,possible injury,0,2,traffic signs,head-on,no,no,no,0,0,0,0,0,0,Not Stated,LOS ANGELES
92210842,2023-07-03,7,14,1,possible injury,0,1,improper turning,sideswipe,no,no,no,0,0,0,0,0,0,Not Stated,LOS ANGELES
92210844,2023-08-01,8,22,2,minor injury,0,1,pedestrian violation,vehicle/pedestrian,yes,no,no,1,0,0,0,0,0,Not Stated,SAN DIEGO
92210846,2023-08-18,8,5,5,possible injury,0,1,traffic signs,broadside,no,no,no,0,0,0,0,0,0,Not Stated,LOS ANGELES
92210849,2023-08-17,8,17,4,minor injury,0,1,unsafe speed,rear end,no,no,no,0,0,0,0,0,0,Not Stated,SAN DIEGO
92210852,2023-08-04,8,13,5,minor injury,0,1,automobile right of way,broadside,no,no,no,0,0,0,0,0,0,Not Stated,LOS ANGELES
92210853,2023-05-29,5,4,1,possible injury,0,1,DUI,rear end,no,no,no,0,0,0,0,0,0,Not Stated,LOS ANGELES
92210857,2023-07-31,7,7,1,possible injury,0,1,traffic signs,broadside,no,no,no,0,0,0,0,0,0,Not Stated,SAN DIEGO
92210859,2023-08-25,8,23,5,minor injury,0,1,DUI,vehicle/pedestrian,yes,no,no,1,0,0,0,0,0,Not Stated,ORANGE
92210862,2023-04-12,4,18,3,possible injury,0,1,unknown,vehicle/pedestrian,yes,no,no,1,0,0,0,0,0,Not Stated,ALAMEDA
92210864,2023-08-19,8,11,6,possible injury,0,1,unsafe starting or backing,rear end,no,no,no,0,0,0,0,0,0,Not Stated,SAN DIEGO
92210870,2023-08-02,8,18,3,possible injury,0,2,automobile right of way,broadside,no,no,no,0,0,0,0,0,0,Not Stated,LOS ANGELES
92210873,2023-08-22,8,8,2,possible injury,0,1,automobile right of way,broadside,no,no,no,0,0,0,0,0,0,Not Stated,SAN DIEGO
92210878,2023-02-25,2,0,6,possible injury,0,1,unsafe speed,hit object,no,no,no,0,0,0,0,0,0,Not Stated,LOS ANGELES
92210880,2023-08-31,8,15,4,minor injury,0,1,unsafe lane change,hit object,no,no,no,0,0,0,0,0,0,Not Stated,FRESNO
92210885,2023-02-24,2,14,5,minor injury,0,1,unsafe starting or backing,vehicle/pedestrian,yes,no,no,1,0,0,0,0,0,Not Stated,SAN MATEO
92210886,2023-07-21,7,16,5,possible injury,0,1,DUI,sideswipe,no,no,no,0,0,0,0,0,0,Not Stated,LOS ANGELES
92210888,2023-08-06,8,23,7,possible injury,0,3,unknown,broadside,no,no,no,0,0,0,0,0,0,Not Stated,LOS ANGELES
92210897,2023-08-22,8,19,2,possible injury,0,1,unsafe speed,rear end,no,no,no,0,0,0,0,0,0,Not Stated,SAN DIEGO
92220917,2023-10-14,10,12,6,possible injury,0,1,unsafe speed,rear end,no,no,no,0,0,0,0,0,0,Passenger Car/Station Wagon,LOS ANGELES
92220921,2023-10-14,10,17,6,possible injury,0,1,unsafe speed,rear end,no,no,no,0,0,0,0,0,0,Passenger Car/Station Wagon,LOS ANGELES
92220923,2023-10-15,10,15,7,possible injury,0,1,unsafe speed,rear end,no,no,no,0,0,0,0,0,0,Passenger Car/Station Wagon,LOS ANGELES
92220926,2023-10-14,10,1,6,possible injury,0,1,unsafe lane change,sideswipe,no,no,no,0,0,0,0,0,0,Passenger Car/Station Wagon,LOS ANGELES
92220930,2023-10-16,10,19,1,minor injury,0,1,other than driver or pedestrian,hit object,no,no,no,0,0,0,0,0,0,Not Stated,KERN
92220936,2023-10-22,10,18,7,possible injury,0,1,unsafe starting or backing,hit object,no,no,no,0,0,0,0,0,0,Passenger Car/Station Wagon,SAN BERNARDINO
92220938,2023-10-16,10,21,1,minor injury,0,1,DUI,hit object,no,no,no,0,0,0,0,0,0,Passenger Car/Station Wagon,LOS ANGELES
92220939,2023-10-18,10,10,3,possible injury,0,1,unsafe speed,rear end,no,no,no,0,0,0,0,0,0,Passenger Car/Station Wagon,ALAMEDA
92220953,2023-10-16,10,9,1,possible injury,0,1,pedestrian right of way,vehicle/pedestrian,yes,no,no,1,0,0,0,0,0,Not Stated,LOS ANGELES
92220955,2023-10-20,10,18,5,possible injury,0,1,unsafe speed,rear end,no,no,no,0,0,0,0,0,0,Passenger Car/Station Wagon,SAN DIEGO
92220956,2023-10-14,10,15,6,minor injury,0,1,pedestrian violation,vehicle/pedestrian,yes,no,no,1,0,0,0,0,0,Pedestrian,LOS ANGELES
92220957,2023-10-14,10,7,6,minor injury,0,1,improper turning,hit object,no,no,no,0,0,0,0,0,0,Passenger Car/Station Wagon,LOS ANGELES
92220958,2023-10-14,10,8,6,possible injury,0,2,unsafe speed,rear end,no,no,no,0,0,0,0,0,0,Pickup or Panel Truck,SAN DIEGO
92221220,2023-10-25,10,4,3,possible injury,0,1,improper turning,sideswipe,no,no,no,0,0,0,0,0,0,Passenger Car/Station Wagon,STANISLAUS
92221221,2023-08-21,8,12,1,fatal injury,1,0,DUI,broadside,no,yes,no,0,0,0,0,1,0,Bicycle,FRESNO
92221226,2023-10-17,10,10,2,possible injury,0,1,improper turning,sideswipe,no,no,no,0,0,0,0,0,0,Passenger Car/Station Wagon,ORANGE
92221231,2023-10-22,10,20,7,possible injury,0,1,improper turning,hit object,no,no,no,0,0,0,0,0,0,Passenger Car/Station Wagon,SAN DIEGO
92221239,2023-10-21,10,22,6,minor injury,0,1,DUI,broadside,no,no,no,0,0,0,0,0,0,Passenger Car/Station Wagon,STANISLAUS
92221242,2023-10-17,10,19,2,minor injury,0,1,improper turning,sideswipe,no,no,yes,0,0,1,0,0,0,Truck or Truck Tractor,LOS ANGELES
92221245,2023-07-21,7,17,5,severe injury,0,1,improper turning,sideswipe,no,no,yes,0,0,1,0,0,0,Passenger Car/Station Wagon,LOS ANGELES
92221247,2023-10-07,10,17,6,minor injury,0,1,DUI,hit object,no,no,no,0,0,0,0,0,0,Passenger Car/Station Wagon,SONOMA
92221253,2023-10-17,10,12,2,minor injury,0,1,improper turning,vehicle/pedestrian,yes,no,no,1,0,0,0,0,0,Passenger Car/Station Wagon,LASSEN
92221258,2023-10-23,10,18,1,minor injury,0,4,automobile right of way,broadside,no,no,no,0,0,0,0,0,0,Passenger Car/Station Wagon,TULARE
92221270,2023-10-18,10,16,3,minor injury,0,3,unsafe speed,rear end,no,no,no,0,0,0,0,0,0,Passenger Car/Station Wagon,LOS ANGELES
92221277,2023-10-17,10,6,2,possible injury,0,1,unsafe lane change,sideswipe,no,no,yes,0,0,1,0,0,0,Not Stated,SAN BERNARDINO
92221278,2023-10-19,10,13,4,severe injury,0,1,improper turning,other,no,no,yes,0,0,1,0,0,0,Motorcycle/Scooter,SIERRA
92221296,2023-10-21,10,21,6,severe injury,0,1,improper turning,hit object,no,no,no,0,0,0,0,0,0,Passenger Car/Station Wagon,KERN
92221302,2023-10-20,10,19,5,minor injury,0,1,other improper driving,overturned,no,no,yes,0,0,1,0,0,0,Motorcycle/Scooter,KERN
92221311,2023-10-15,10,13,7,severe injury,0,1,improper turning,other,no,no,yes,0,0,1,0,0,0,Motorcycle/Scooter,LOS ANGELES
92221316,2023-10-19,10,16,4,possible injury,0,1,DUI,hit object,no,no,no,0,0,0,0,0,0,Pickup or Panel Truck,STANISLAUS
92221317,2023-10-13,10,9,5,possible injury,0,2,unsafe lane change,sideswipe,no,no,yes,0,0,1,0,0,0,Passenger Car/Station Wagon,SACRAMENTO
92221318,2023-10-10,10,14,2,possible injury,0,1,other than driver or pedestrian,hit object,no,no,no,0,0,0,0,0,0,Not Stated,ORANGE
92221325,2023-10-17,10,23,2,possible injury,0,2,DUI,rear end,no,no,no,0,0,0,0,0,0,Passenger Car/Station Wagon,LOS ANGELES
92221327,2023-10-19,10,18,4,minor injury,0,1,lights,rear end,no,yes,no,0,1,0,0,0,0,Bicycle,SACRAMENTO
92221341,2023-10-18,10,22,3,possible injury,0,1,improper passing,sideswipe,no,no,no,0,0,0,0,0,0,Not Stated,LOS ANGELES
92221342,2023-10-21,10,19,6,possible injury,0,1,DUI,overturned,no,no,no,0,0,0,0,0,0,Passenger Car/Station Wagon,TULARE
92221350,2023-10-18,10,1,3,possible injury,0,1,unsafe speed,rear end,no,no,no,0,0,0,0,0,0,Passenger Car/Station Wagon,SACRAMENTO
92221357,2023-10-06,10,23,5,possible injury,0,1,traffic signs,broadside,no,no,no,0,0,0,0,0,0,Passenger Car/Station Wagon,SACRAMENTO
92221358,2023-10-20,10,12,5,minor injury,0,1,unsafe speed,rear end,no,no,yes,0,0,1,0,0,0,Motorcycle/Scooter,VENTURA
92221360,2023-10-20,10,18,5,possible injury,0,1,unsafe speed,rear end,no,no,no,0,0,0,0,0,0,Not Stated,LOS ANGELES
92221361,2023-10-22,10,0,7,possible injury,0,1,improper turning,hit object,no,no,no,0,0,0,0,0,0,Passenger Car/Station Wagon,SAN BERNARDINO
92221374,2023-10-20,10,16,5,minor injury,0,1,improper turning,hit object,no,no,no,0,0,0,0,0,0,Pickup or Panel Truck,SAN BERNARDINO
92221376,2023-10-21,10,17,6,possible injury,0,1,improper turning,sideswipe,no,no,no,0,0,0,0,0,0,Not Stated,LOS ANGELES
92221391,2023-09-30,9,20,6,severe injury,0,3,improper turning,overturned,no,no,no,0,0,0,0,0,0,Passenger Car/Station Wagon,SACRAMENTO
92221392,2023-10-17,10,6,2,minor injury,0,1,unsafe speed,rear end,no,no,no,0,0,0,0,0,0,Passenger Car/Station Wagon,SAN JOAQUIN
92221409,2023-10-17,10,16,2,possible injury,0,1,unsafe speed,rear end,no,no,no,0,0,0,0,0,0,Pickup or Panel Truck,TULARE
92221410,2023-10-18,10,4,3,possible injury,0,1,improper turning,overturned,no,no,no,0,0,0,0,0,0,Passenger Car/Station Wagon,SACRAMENTO
92221416,2023-04-02,4,17,7,minor injury,0,3,DUI,head-on,no,no,no,0,0,0,0,0,0,Passenger Car/Station Wagon,LOS ANGELES
92221421,2023-10-17,10,8,2,possible injury,0,1,unsafe speed,rear end,no,no,no,0,0,0,0,0,0,Passenger Car/Station Wagon,SANTA CLARA
92221423,2023-10-14,10,22,6,minor injury,0,1,improper turning,overturned,no,no,no,0,0,0,0,0,0,Passenger Car/Station Wagon,SAN JOAQUIN
92221429,2023-10-18,10,8,3,possible injury,0,1,unsafe lane change,sideswipe,no,no,yes,0,0,1,0,0,0,Passenger Car/Station Wagon,RIVERSIDE
92221430,2023-10-19,10,1,4,minor injury,0,1,improper turning,overturned,no,no,no,0,0,0,0,0,0,Truck or Truck Tractor with Trailer,MERCED
92221432,2023-10-18,10,7,3,possible injury,0,1,unsafe speed,rear end,no,no,no,0,0,0,0,0,0,Passenger Car/Station Wagon,LOS ANGELES
92221438,2023-10-15,10,13,7,possible injury,0,1,unsafe speed,rear end,no,no,no,0,0,0,0,0,0,Passenger Car/Station Wagon,SACRAMENTO
92221441,2023-01-16,1,20,1,fatal injury,1,0,pedestrian right of way,vehicle/pedestrian,yes,no,no,0,0,0,1,0,0,Pickup or Panel Truck,SONOMA
92221442,2023-10-23,10,13,1,possible injury,0,1,unsafe speed,rear end,no,no,no,0,0,0,0,0,0,Passenger Car/Station Wagon,SACRAMENTO
92221443,2023-10-21,10,19,6,possible injury,0,1,unsafe speed,rear end,no,no,no,0,0,0,0,0,0,Passenger Car/Station Wagon,MONO
92221444,2023-10-20,10,11,5,possible injury,0,3,unsafe speed,rear end,no,no,no,0,0,0,0,0,0,Passenger Car/Station Wagon,SOLANO
92221449,2023-10-17,10,21,2,minor injury,0,4,DUI,rear end,no,no,no,0,0,0,0,0,0,Passenger Car/Station Wagon,NAPA
92221453,2023-10-13,10,22,5,possible injury,0,1,unsafe speed,rear end,no,no,yes,0,0,1,0,0,0,Passenger Car/Station Wagon,PLACER
92221454,2023-09-22,9,21,5,possible injury,0,1,other improper driving,rear end,no,no,no,0,0,0,0,0,0,Emergency Vehicle,ALAMEDA
92221455,2023-10-26,10,18,4,possible injury,0,3,following too closely,rear end,no,no,no,0,0,0,0,0,0,Passenger Car/Station Wagon,STANISLAUS
92221456,2023-10-11,10,7,3,minor injury,0,1,improper turning,sideswipe,no,no,no,0,0,0,0,0,0,Passenger Car/Station Wagon,MARIN
92221461,2023-10-24,10,8,2,minor injury,0,1,improper turning,hit object,no,no,no,0,0,0,0,0,0,Passenger Car/Station Wagon,SACRAMENTO
92221463,2023-10-17,10,18,2,minor injury,0,1,automobile right of way,other,no,yes,no,0,1,0,0,0,0,Bicycle,SACRAMENTO
92221474,2023-10-19,10,18,4,severe injury,0,1,DUI,hit object,no,no,yes,0,0,1,0,0,0,Motorcycle/Scooter,TULARE