CASE_ID,COLLISION_DATE,MONTH,HOUR,DAY_OF_WEEK,COLLISION_SEVERITY,NUMBER_KILLED,NUMBER_INJURED,PCF_VIOL_CATEGORY,TYPE_OF_COLLISION,PEDESTRIAN_ACCIDENT,BICYCLE_ACCIDENT,MOTORCYCLE_ACCIDENT,COUNT_PED_INJURED,COUNT_BICYCLIST_INJURED,COUNT_MC_INJURED,COUNT_PED_KILLED,COUNT_BICYCLIST_KILLED,COUNT_MC_KILLED,STWD_VEHTYPE_AT_FAULT,COUNTY
92223488,2023-10-19,10,18,4,possible injury,0,1,unsafe speed,rear end,no,no,no,0,0,0,0,0,0,Pickup or Panel Truck,SAN DIEGO
92223489,2023-10-04,10,14,3,possible injury,0,1,unsafe lane change,hit object,no,no,no,0,0,0,0,0,0,Not Stated,ALAMEDA
92223492,2023-10-19,10,11,4,possible injury,0,1,automobile right of way,broadside,no,yes,no,0,1,0,0,0,0,Passenger Car/Station Wagon,ALAMEDA
92223495,2023-07-30,7,1,7,fatal injury,1,0,pedestrian violation,vehicle/pedestrian,yes,no,no,0,0,0,1,0,0,Pedestrian,ALAMEDA
92223496,2023-10-22,10,11,7,severe injury,0,2,DUI,hit object,no,no,no,0,0,0,0,0,0,Pickup or Panel Truck,SIERRA
92223497,2023-10-18,10,10,3,minor injury,0,1,unsafe speed,rear end,no,no,yes,0,0,1,0,0,0,Motorcycle/Scooter,SAN DIEGO
92223498,2023-10-24,10,19,2,possible injury,0,1,improper turning,hit object,no,no,no,0,0,0,0,0,0,Not Stated,FRESNO
92223499,2023-10-25,10,9,3,minor injury,0,2,automobile right of way,head-on,no,no,no,0,0,0,0,0,0,Passenger Car/Station Wagon,FRESNO
92223500,2023-10-21,10,9,6,minor injury,0,2,unsafe speed,rear end,no,no,no,0,0,0,0,0,0,Passenger Car/Station Wagon,ORANGE
92223501,2023-10-10,10,17,2,minor injury,0,1,other hazardous violation,broadside,yes,no,no,1,0,0,0,0,0,Other Vehicle,LOS ANGELES
92223504,2023-10-16,10,21,1,minor injury,0,1,DUI,hit object,no,no,no,0,0,0,0,0,0,Passenger Car/Station Wagon,SAN DIEGO
92223510,2023-10-03,10,8,2,possible injury,0,1,unsafe speed,rear end,no,no,no,0,0,0,0,0,0,Passenger Car/Station Wagon,LOS ANGELES
92223513,2023-10-26,10,8,4,possible injury,0,1,unsafe speed,rear end,no,no,no,0,0,0,0,0,0,Passenger Car/Station Wagon,FRESNO
92223517,2023-10-18,10,15,3,minor injury,0,1,improper turning,hit object,no,yes,no,0,1,0,0,0,0,Other Vehicle,SANTA CRUZ
92223520,2023-10-12,10,16,4,severe injury,0,1,unsafe lane change,sideswipe,no,no,yes,0,0,1,0,0,0,Pickup or Panel Truck,SOLANO
92223522,2023-10-21,10,12,6,possible injury,0,6,unsafe speed,rear end,no,no,no,0,0,0,0,0,0,Passenger Car/Station Wagon,ORANGE
92223524,2023-10-13,10,15,5,severe injury,0,1,unsafe speed,hit object,no,no,yes,0,0,1,0,0,0,Motorcycle/Scooter,SOLANO
92223526,2023-10-17,10,16,2,minor injury,0,2,unsafe speed,rear end,no,no,no,0,0,0,0,0,0,Passenger Car/Station Wagon,SOLANO
92223527,2023-10-18,10,7,3,minor injury,0,1,improper turning,overturned,no,no,yes,0,0,1,0,0,0,Motorcycle/Scooter,LOS ANGELES
92223536,2023-08-04,8,21,5,minor injury,0,1,other hazardous violation,broadside,no,yes,no,0,1,0,0,0,0,Passenger Car/Station Wagon,SAN MATEO
92223542,2023-10-15,10,21,7,possible injury,0,3,unsafe speed,rear end,no,no,no,0,0,0,0,0,0,Not Stated,SAN DIEGO
92223543,2023-10-21,10,15,6,minor injury,0,5,improper turning,overturned,no,no,no,0,0,0,0,0,0,Passenger Car/Station Wagon,MONO
92223548,2023-10-22,10,9,7,possible injury,0,1,unsafe speed,head-on,no,no,no,0,0,0,0,0,0,Pickup or Panel Truck,SAN DIEGO
92223550,2023-10-18,10,16,3,possible injury,0,4,unsafe speed,rear end,no,no,no,0,0,0,0,0,0,Passenger Car/Station Wagon,SACRAMENTO
92223551,2023-10-24,10,8,2,possible injury,0,2,unsafe speed,rear end,no,no,no,0,0,0,0,0,0,Pickup or Panel Truck,SOLANO
92223555,2023-10-22,10,15,7,possible injury,0,1,improper turning,hit object,no,no,no,0,0,0,0,0,0,Passenger Car/Station Wagon,SAN DIEGO
92223558,2023-10-22,10,12,7,possible injury,0,2,unsafe speed,rear end,no,no,no,0,0,0,0,0,0,Passenger Car/Station Wagon,ORANGE
92223559,2023-10-09,10,8,1,minor injury,0,1,unsafe speed,rear end,no,no,no,0,0,0,0,0,0,Passenger Car/Station Wagon,LOS ANGELES
92223573,2023-10-19,10,6,4,minor injury,0,1,pedestrian right of way,vehicle/pedestrian,yes,no,no,1,0,0,0,0,0,Truck or Truck Tractor,SANTA CRUZ
92223574,2023-10-24,10,13,2,minor injury,0,1,wrong side of road,sideswipe,no,no,no,0,0,0,0,0,0,Truck or Truck Tractor with Trailer,SISKIYOU
92223577,2023-10-22,10,11,7,possible injury,0,2,unsafe speed,rear end,no,no,no,0,0,0,0,0,0,Passenger Car/Station Wagon,SACRAMENTO
92223582,2023-10-22,10,13,7,possible injury,0,2,unsafe speed,broadside,no,no,no,0,0,0,0,0,0,Pickup or Panel Truck,SACRAMENTO
92223583,2023-10-24,10,13,2,minor injury,0,1,improper turning,hit object,no,no,no,0,0,0,0,0,0,Passenger Car/Station Wagon,SACRAMENTO
92223584,2023-10-18,10,18,3,severe injury,0,4,DUI,overturned,no,no,no,0,0,0,0,0,0,Passenger Car/Station Wagon,SISKIYOU
92223593,2023-10-27,10,10,5,possible injury,0,1,unsafe lane change,sideswipe,no,no,no,0,0,0,0,0,0,Not Stated,LOS ANGELES
92223594,2023-10-27,10,8,5,possible injury,0,1,unsafe lane change,sideswipe,no,no,no,0,0,0,0,0,0,Passenger Car/Station Wagon,LOS ANGELES
92223595,2023-10-26,10,15,4,possible injury,0,1,unsafe speed,rear end,no,no,no,0,0,0,0,0,0,Pickup or Panel Truck,LOS ANGELES
92223598,2023-10-24,10,5,2,minor injury,0,3,unsafe speed,rear end,no,no,no,0,0,0,0,0,0,Passenger Car/Station Wagon,LOS ANGELES
92223600,2023-10-25,10,15,3,possible injury,0,1,improper turning,overturned,no,no,no,0,0,0,0,0,0,Pickup or Panel Truck,LOS ANGELES
92223602,2023-10-24,10,3,2,minor injury,0,4,unsafe speed,hit object,no,no,no,0,0,0,0,0,0,Pickup or Panel Truck,LOS ANGELES
92223603,2023-10-26,10,16,4,possible injury,0,1,automobile right of way,broadside,no,no,no,0,0,0,0,0,0,Pickup or Panel Truck,NAPA
92223608,2023-10-24,10,19,2,possible injury,0,1,unsafe speed,rear end,no,no,no,0,0,0,0,0,0,Passenger Car/Station Wagon,LOS ANGELES
92223610,2023-10-23,10,14,1,possible injury,0,1,unsafe speed,rear end,no,no,no,0,0,0,0,0,0,Pickup or Panel Truck,LOS ANGELES
92223614,2023-10-21,10,16,6,possible injury,0,1,unsafe starting or backing,rear end,no,no,no,0,0,0,0,0,0,Passenger Car/Station Wagon,LOS ANGELES
92223616,2023-10-18,10,16,3,possible injury,0,1,unknown,rear end,no,no,no,0,0,0,0,0,0,Not Stated,LOS ANGELES
92223621,2023-10-18,10,18,3,minor injury,0,1,unsafe lane change,sideswipe,no,no,yes,0,0,1,0,0,0,Motorcycle/Scooter,LOS ANGELES
92223624,2023-10-29,10,3,7,minor injury,0,2,DUI,hit object,no,no,no,0,0,0,0,0,0,Pickup or Panel Truck,SAN BERNARDINO
92223869,2023-10-09,10,21,1,fatal injury,1,0,unsafe speed,hit object,no,no,no,0,0,0,0,0,0,Truck or Truck Tractor with Trailer,CONTRA COSTA
92223877,2023-10-06,10,14,5,minor injury,0,1,unsafe lane change,sideswipe,no,no,yes,0,0,1,0,0,0,Passenger Car/Station Wagon,ALAMEDA
92223878,2023-10-22,10,16,7,possible injury,0,1,improper turning,hit object,no,no,no,0,0,0,0,0,0,Passenger Car/Station Wagon,MARIN
92223884,2023-10-28,10,0,6,possible injury,0,1,improper turning,hit object,no,no,no,0,0,0,0,0,0,Passenger Car/Station Wagon,LOS ANGELES
92223886,2023-10-24,10,14,2,minor injury,0,1,unsafe speed,rear end,no,no,no,0,0,0,0,0,0,Passenger Car/Station Wagon,LOS ANGELES
92223889,2023-10-14,10,1,6,minor injury,0,1,DUI,sideswipe,no,no,no,0,0,0,0,0,0,Passenger Car/Station Wagon,ALAMEDA
92223891,2023-10-21,10,13,6,minor injury,0,3,automobile right of way,broadside,no,no,no,0,0,0,0,0,0,Passenger Car/Station Wagon,LOS ANGELES
92223892,2023-10-21,10,12,6,possible injury,0,1,traffic signs,broadside,no,no,no,0,0,0,0,0,0,Passenger Car/Station Wagon,ORANGE
92223895,2023-10-23,10,14,1,minor injury,0,1,improper turning,sideswipe,no,no,no,0,0,0,0,0,0,Not Stated,LOS ANGELES
92223899,2023-10-23,10,18,1,possible injury,0,1,DUI,sideswipe,no,no,no,0,0,0,0,0,0,Passenger Car/Station Wagon,SACRAMENTO
92223905,2023-10-21,10,9,6,severe injury,0,2,unsafe speed,hit object,no,no,no,0,0,0,0,0,0,Passenger Car/Station Wagon,MARIN
92223906,2023-09-28,9,8,4,possible injury,0,1,unsafe speed,rear end,no,no,no,0,0,0,0,0,0,Passenger Car/Station Wagon,CONTRA COSTA
92223908,2023-10-17,10,7,2,minor injury,0,2,improper passing,head-on,no,no,no,0,0,0,0,0,0,Passenger Car/Station Wagon,SONOMA
92223911,2023-10-29,10,18,7,possible injury,0,1,DUI,overturned,no,no,no,0,0,0,0,0,0,Passenger Car/Station Wagon,ORANGE
92223912,2023-09-25,9,19,1,possible injury,0,1,unknown,vehicle/pedestrian,yes,no,no,1,0,0,0,0,0,Pedestrian,LOS ANGELES
92223913,2023-10-23,10,8,1,possible injury,0,1,unsafe speed,rear end,no,no,no,0,0,0,0,0,0,Passenger Car/Station Wagon,LOS ANGELES
92223915,2023-10-19,10,14,4,minor injury,0,1,improper turning,sideswipe,no,no,yes,0,0,1,0,0,0,Passenger Car/Station Wagon,LOS ANGELES
92223917,2023-10-20,10,7,5,possible injury,0,1,unsafe speed,rear end,no,no,no,0,0,0,0,0,0,Passenger Car/Station Wagon,SAN BERNARDINO
92223919,2023-10-21,10,10,6,possible injury,0,1,traffic signs,vehicle/pedestrian,yes,no,no,1,0,0,0,0,0,Not Stated,MARIN
92223924,2023-10-22,10,14,7,possible injury,0,1,unsafe speed,rear end,no,no,no,0,0,0,0,0,0,Passenger Car/Station Wagon,SACRAMENTO
92223926,2023-10-18,10,9,3,minor injury,0,2,unsafe speed,rear end,no,no,no,0,0,0,0,0,0,Passenger Car/Station Wagon,VENTURA
92223928,2023-10-29,10,3,7,possible injury,0,1,DUI,rear end,no,no,no,0,0,0,0,0,0,Passenger Car/Station Wagon,LOS ANGELES
92223934,2023-10-20,10,22,5,minor injury,0,1,DUI,hit object,no,no,no,0,0,0,0,0,0,Passenger Car/Station Wagon,LOS ANGELES
92223940,2023-10-23,10,8,1,possible injury,0,1,unsafe speed,rear end,no,no,no,0,0,0,0,0,0,Passenger Car/Station Wagon,FRESNO
92223943,2023-10-21,10,6,6,severe injury,0,1,unsafe speed,hit object,no,no,no,0,0,0,0,0,0,Passenger Car/Station Wagon,YUBA
92223945,2023-10-19,10,15,4,possible injury,0,1,unsafe speed,rear end,no,no,no,0,0,0,0,0,0,Passenger Car/Station Wagon,VENTURA
92223946,2023-10-23,10,18,1,minor injury,0,1,unsafe speed,rear end,no,no,no,0,0,0,0,0,0,Passenger Car/Station Wagon,SANTA CLARA
92223948,2023-10-19,10,2,4,severe injury,0,1,unsafe speed,rear end,no,yes,no,0,1,0,0,0,0,Passenger Car/Station Wagon,SAN BERNARDINO
92223949,2023-10-29,10,18,7,minor injury,0,1,automobile right of way,broadside,no,no,no,0,0,0,0,0,0,Passenger Car/Station Wagon,SANTA CLARA
92223952,2023-10-24,10,17,2,possible injury,0,1,unsafe lane change,sideswipe,no,no,no,0,0,0,0,0,0,Passenger Car/Station Wagon,CONTRA COSTA
92223955,2023-10-20,10,15,5,minor injury,0,4,unsafe speed,rear end,no,no,no,0,0,0,0,0,0,Passenger Car/Station Wagon,SAN JOAQUIN
92223961,2023-10-15,10,3,7,possible injury,0,2,DUI,rear end,no,no,no,0,0,0,0,0,0,Passenger Car/Station Wagon,SANTA CLARA
92223963,2023-10-19,10,8,4,possible injury,0,1,automobile right of way,broadside,no,no,no,0,0,0,0,0,0,Passenger Car/Station Wagon,LOS ANGELES
92223965,2023-10-19,10,18,4,minor injury,0,2,automobile right of way,head-on,no,no,no,0,0,0,0,0,0,Passenger Car/Station Wagon,LOS ANGELES
92223966,2023-10-19,10,3,4,possible injury,0,1,DUI,hit object,no,no,no,0,0,0,0,0,0,Passenger Car/Station Wagon,LOS ANGELES
92223968,2023-10-24,10,19,2,possible injury,0,1,unsafe lane change,rear end,no,no,no,0,0,0,0,0,0,Passenger Car/Station Wagon,LOS ANGELES
92223974,2023-10-21,10,0,6,minor injury,0,2,improper turning,hit object,no,no,no,0,0,0,0,0,0,Passenger Car/Station Wagon,SAN JOAQUIN
92223977,2023-10-24,10,10,2,possible injury,0,1,unsafe lane change,rear end,no,no,no,0,0,0,0,0,0,Not Stated,LOS ANGELES
92223978,2023-10-28,10,5,6,minor injury,0,1,improper turning,hit object,no,no,no,0,0,0,0,0,0,Passenger Car/Station Wagon,SAN BENITO
92223979,2023-10-25,10,11,3,minor injury,0,2,unsafe speed,rear end,no,no,no,0,0,0,0,0,0,Passenger Car/Station Wagon,FRESNO
92223980,2023-10-22,10,0,7,minor injury,0,2,DUI,head-on,no,no,no,0,0,0,0,0,0,Passenger Car/Station Wagon,VENTURA
92223981,2023-10-23,10,14,1,possible injury,0,1,DUI,hit object,no,no,no,0,0,0,0,0,0,Passenger Car/Station Wagon,HUMBOLDT
92223983,2023-10-26,10,12,4,possible injury,0,1,other hazardous violation,sideswipe,no,yes,no,0,1,0,0,0,0,Passenger Car/Station Wagon,SACRAMENTO
92223985,2023-10-21,10,3,6,minor injury,0,1,improper turning,hit object,no,no,no,0,0,0,0,0,0,Passenger Car/Station Wagon,SAN JOAQUIN
92223990,2023-10-21,10,11,6,possible injury,0,1,unsafe lane change,sideswipe,no,no,no,0,0,0,0,0,0,Not Stated,SAN JOAQUIN
92223993,2023-10-21,10,12,6,severe injury,0,1,improper turning,overturned,no,no,yes,0,0,1,0,0,0,Motorcycle/Scooter,SAN JOAQUIN
92223998,2023-10-19,10,16,4,possible injury,0,1,improper turning,sideswipe,no,no,no,0,0,0,0,0,0,Passenger Car/Station Wagon,LOS ANGELES
92224000,2023-10-21,10,15,6,possible injury,0,1,unsafe speed,rear end,no,no,no,0,0,0,0,0,0,Pickup or Panel Truck,SAN JOAQUIN
92224002,2023-10-21,10,20,6,possible injury,0,1,automobile right of way,rear end,no,no,no,0,0,0,0,0,0,Passenger Car/Station Wagon,SAN BERNARDINO
92224003,2023-10-24,10,13,2,possible injury,0,3,unsafe speed,rear end,no,no,no,0,0,0,0,0,0,Passenger Car/Station Wagon,LOS ANGELES
92224006,2023-10-29,10,18,7,possible injury,0,2,unsafe speed,rear end,no,no,no,0,0,0,0,0,0,Pickup or Panel Truck,TULARE
92224008,2023-10-19,10,2,4,minor injury,0,2,improper turning,rear end,no,no,no,0,0,0,0,0,0,Passenger Car/Station Wagon,LOS ANGELES
92224009,2023-10-25,10,3,3,possible injury,0,3,unsafe speed,rear end,no,no,no,0,0,0,0,0,0,Passenger Car/Station Wagon,LOS ANGELES
92224018,2023-10-19,10,15,4,minor injury,0,1,unsafe speed,rear end,no,no,no,0,0,0,0,0,0,Passenger Car/Station Wagon,LOS ANGELES
92224021,2023-10-22,10,19,7,possible injury,0,1,pedestrian violation,head-on,yes,no,no,1,0,0,0,0,0,Pedestrian,YUBA
92224024,2023-10-26,10,11,4,possible injury,0,1,unsafe speed,rear end,no,no,no,0,0,0,0,0,0,Passenger Car/Station Wagon,LOS ANGELES
92224027,2023-10-22,10,8,7,possible injury,0,1,improper turning,hit object,no,no,no,0,0,0,0,0,0,Passenger Car/Station Wagon,VENTURA
92224028,2023-10-22,10,0,7,severe injury,0,2,DUI,hit object,no,no,no,0,0,0,0,0,0,Passenger Car/Station Wagon,SAN BERNARDINO
92224031,2023-10-19,10,15,4,possible injury,0,1,unsafe speed,rear end,no,no,no,0,0,0,0,0,0,Passenger Car/Station Wagon,SAN DIEGO
92224032,2023-10-28,10,0,6,possible injury,0,2,unsafe speed,rear end,no,no,no,0,0,0,0,0,0,Passenger Car/Station Wagon,LOS ANGELES
92224037,2023-07-17,7,1,1,minor injury,0,1,DUI,overturned,no,no,no,0,0,0,0,0,0,Passenger Car/Station Wagon,LOS ANGELES
92224038,2023-10-18,10,8,3,possible injury,0,1,pedestrian violation,vehicle/pedestrian,yes,no,no,1,0,0,0,0,0,Pedestrian,KERN
92224041,2023-10-27,10,14,5,possible injury,0,3,DUI,broadside,no,no,no,0,0,0,0,0,0,Passenger Car/Station Wagon,SAN BERNARDINO
92224042,2023-10-24,10,17,2,possible injury,0,1,unsafe speed,rear end,no,no,no,0,0,0,0,0,0,Passenger Car/Station Wagon,SACRAMENTO
92224045,2023-10-02,10,17,1,possible injury,0,1,automobile right of way,broadside,no,no,no,0,0,0,0,0,0,Truck or Truck Tractor with Trailer,SAN BERNARDINO
92224046,2023-10-19,10,14,4,minor injury,0,1,unsafe speed,rear end,no,no,no,0,0,0,0,0,0,Passenger Car/Station Wagon,RIVERSIDE
92224047,2023-10-17,10,4,2,possible injury,0,1,improper turning,hit object,no,no,no,0,0,0,0,0,0,Passenger Car/Station Wagon,RIVERSIDE
92224048,2023-10-16,10,22,1,possible injury,0,1,unsafe lane change,sideswipe,no,no,no,0,0,0,0,0,0,Truck or Truck Tractor with Trailer,RIVERSIDE
92224051,2023-10-23,10,18,1,minor injury,0,1,unsafe speed,hit object,no,no,no,0,0,0,0,0,0,Other Vehicle,YUBA
92224052,2023-10-23,10,7,1,severe injury,0,1,unsafe speed,rear end,no,no,no,0,0,0,0,0,0,Passenger Car/Station Wagon,RIVERSIDE
92224053,2023-10-21,10,9,6,possible injury,0,1,automobile right of way,broadside,no,no,no,0,0,0,0,0,0,Passenger Car/Station Wagon,ALAMEDA
92224054,2023-10-22,10,12,7,possible injury,0,3,unsafe speed,rear end,no,no,no,0,0,0,0,0,0,Passenger Car/Station Wagon,SAN BERNARDINO
92224055,2023-10-11,10,15,3,severe injury,0,1,automobile right of way,broadside,no,no,yes,0,0,1,0,0,0,Passenger Car/Station Wagon,TUOLUMNE
92224058,2023-10-22,10,13,7,possible injury,0,2,unsafe speed,rear end,no,no,no,0,0,0,0,0,0,Passenger Car/Station Wagon,SAN BERNARDINO
92224059,2023-10-23,10,8,1,possible injury,0,1,improper turning,hit object,no,no,no,0,0,0,0,0,0,Passenger Car/Station Wagon,VENTURA
92224061,2023-10-18,10,1,3,possible injury,0,1,traffic signs,broadside,no,no,no,0,0,0,0,0,0,Not Stated,LOS ANGELES
92224062,2023-10-14,10,23,6,minor injury,0,2,DUI,rear end,no,no,no,0,0,0,0,0,0,Passenger Car/Station Wagon,RIVERSIDE
92224063,2023-10-19,10,23,4,minor injury,0,2,DUI,broadside,no,no,no,0,0,0,0,0,0,Passenger Car/Station Wagon,SANTA CRUZ
92224065,2023-10-19,10,22,4,minor injury,0,1,improper turning,overturned,no,no,yes,0,0,1,0,0,0,Motorcycle/Scooter,PLACER
92224068,2023-08-29,8,5,2,fatal injury,1,2,traffic signs,broadside,no,no,no,0,0,0,0,0,0,Passenger Car/Station Wagon,MERCED
92224069,2023-10-22,10,14,7,possible injury,0,1,DUI,rear end,no,no,no,0,0,0,0,0,0,Passenger Car/Station Wagon,SAN BERNARDINO
92224072,2023-10-16,10,9,1,possible injury,0,1,unsafe speed,rear end,no,no,no,0,0,0,0,0,0,Pickup or Panel Truck,SACRAMENTO
92224073,2023-10-29,10,18,7,minor injury,0,1,DUI,hit object,no,no,no,0,0,0,0,0,0,Passenger Car/Station Wagon,SAN DIEGO
92224080,2023-10-11,10,16,3,possible injury,0,1,unsafe speed,rear end,no,no,no,0,0,0,0,0,0,Passenger Car/Station Wagon,TUOLUMNE
92224088,2023-10-26,10,15,4,minor injury,0,2,automobile right of way,head-on,no,no,no,0,0,0,0,0,0,Passenger Car/Station Wagon,TULARE
92224091,2023-10-25,10,14,3,possible injury,0,2,automobile right of way,broadside,no,no,no,0,0,0,0,0,0,Passenger Car/Station Wagon,FRESNO
92224093,2023-10-19,10,19,4,possible injury,0,1,improper turning,hit object,no,no,no,0,0,0,0,0,0,Passenger Car/Station Wagon,SONOMA
92224094,2023-10-28,10,0,6,minor injury,0,2,improper turning,hit object,no,no,no,0,0,0,0,0,0,Passenger Car/Station Wagon,SAN BERNARDINO
92224095,2023-10-24,10,3,2,possible injury,0,3,improper turning,rear end,no,no,no,0,0,0,0,0,0,Passenger Car/Station Wagon,KERN
92224099,2023-10-16,10,19,1,possible injury,0,3,DUI,broadside,no,no,no,0,0,0,0,0,0,Pickup or Panel Truck,SAN DIEGO
92224100,2023-10-20,10,20,5,minor injury,0,1,improper turning,hit object,no,no,no,0,0,0,0,0,0,Passenger Car/Station Wagon,LOS ANGELES
92224102,2023-10-23,10,1,1,minor injury,0,2,automobile right of way,broadside,no,no,no,0,0,0,0,0,0,Passenger Car/Station Wagon,MERCED
92224103,2023-09-21,9,22,4,minor injury,0,2,DUI,rear end,no,no,no,0,0,0,0,0,0,Passenger Car/Station Wagon,LOS ANGELES
92224104,2023-10-24,10,23,2,severe injury,0,2,improper turning,hit object,no,no,no,0,0,0,0,0,0,Passenger Car/Station Wagon,MARIPOSA
92224105,2023-10-21,10,2,6,minor injury,0,2,DUI,hit object,no,no,no,0,0,0,0,0,0,Passenger Car/Station Wagon,LOS ANGELES
92224106,2023-10-24,10,1,2,minor injury,0,1,improper turning,other,no,no,no,0,0,0,0,0,0,Truck or Truck Tractor with Trailer,MERCED
92224117,2023-10-19,10,16,4,possible injury,0,1,unsafe speed,rear end,no,no,no,0,0,0,0,0,0,Pickup or Panel Truck,SAN DIEGO
92224120,2023-10-15,10,16,7,possible injury,0,1,DUI,hit object,no,no,no,0,0,0,0,0,0,Pickup or Panel Truck,SONOMA
92224121,2023-10-17,10,18,2,possible injury,0,1,impeding traffic,sideswipe,no,no,no,0,0,0,0,0,0,Passenger Car/Station Wagon,YOLO
92224122,2023-10-11,10,0,3,possible injury,0,3,unsafe speed,rear end,no,no,no,0,0,0,0,0,0,Passenger Car/Station Wagon,RIVERSIDE
92224123,2023-10-20,10,17,5,possible injury,0,2,unsafe speed,rear end,no,no,no,0,0,0,0,0,0,Passenger Car/Station Wagon,LOS ANGELES
92224127,2023-10-19,10,6,4,possible injury,0,1,automobile right of way,broadside,no,no,no,0,0,0,0,0,0,Passenger Car/Station Wagon,SAN DIEGO
92224128,2023-10-19,10,18,4,severe injury,0,1,improper turning,hit object,no,no,no,0,0,0,0,0,0,Not Stated,SANTA CLARA
92224130,2023-10-23,10,13,1,minor injury,0,1,unsafe speed,rear end,no,no,no,0,0,0,0,0,0,Passenger Car/Station Wagon,SAN BERNARDINO
92224135,2023-10-19,10,15,4,possible injury,0,1,unsafe speed,rear end,no,no,no,0,0,0,0,0,0,Pickup or Panel Truck,SAN DIEGO
92224137,2023-10-25,10,15,3,possible injury,0,2,unknown,head-on,no,no,no,0,0,0,0,0,0,Not Stated,MERCED
92224141,2023-10-26,10,10,4,possible injury,0,1,other than driver or pedestrian,hit object,no,no,no,0,0,0,0,0,0,Not Stated,LOS ANGELES
92224142,2023-09-11,9,12,1,minor injury,0,1,DUI,rear end,no,no,no,0,0,0,0,0,0,Passenger Car/Station Wagon,LOS ANGELES
92224147,2023-01-05,1,14,4,fatal injury,2,2,DUI,broadside,no,no,no,0,0,0,0,0,0,Pickup or Panel Truck,LOS ANGELES
92224148,2023-10-22,10,19,7,minor injury,0,1,improper turning,overturned,no,no,no,0,0,0,0,0,0,Passenger Car/Station Wagon,HUMBOLDT
92224151,2023-10-19,10,17,4,possible injury,0,1,unsafe starting or backing,broadside,no,yes,no,0,1,0,0,0,0,Passenger Car/Station Wagon,SAN DIEGO
92224156,2023-10-30,10,15,1,minor injury,0,1,improper turning,hit object,no,no,no,0,0,0,0,0,0,Passenger Car/Station Wagon,YOLO
92224158,2023-10-19,10,20,4,severe injury,0,1,unsafe speed,overturned,no,no,yes,0,0,1,0,0,0,Motorcycle/Scooter,LOS ANGELES
92224159,2023-10-21,10,14,6,minor injury,0,1,other than driver or pedestrian,hit object,no,no,no,0,0,0,0,0,0,Not Stated,PLACER
92224160,2023-10-17,10,6,2,possible injury,0,1,unsafe speed,rear end,no,no,no,0,0,0,0,0,0,Not Stated,ALAMEDA
92224161,2023-10-15,10,17,7,severe injury,0,2,DUI,hit object,no,no,no,0,0,0,0,0,0,Passenger Car/Station Wagon,NAPA
92224167,2023-10-25,10,14,3,severe injury,0,5,improper turning,broadside,no,no,no,0,0,0,0,0,0,Passenger Car/Station Wagon,SHASTA
92224171,2023-10-08,10,15,7,minor injury,0,1,unsafe speed,rear end,no,no,no,0,0,0,0,0,0,Passenger Car/Station Wagon,SAN BERNARDINO
92224175,2023-10-15,10,2,7,possible injury,0,1,unsafe speed,rear end,no,no,no,0,0,0,0,0,0,Pickup or Panel Truck,SAN BERNARDINO
92224176,2023-10-26,10,16,4,possible injury,0,1,unsafe speed,rear end,no,no,no,0,0,0,0,0,0,Pickup or Panel Truck,LOS ANGELES
92224178,2023-10-26,10,14,4,minor injury,0,1,unsafe speed,overturned,no,no,no,0,0,0,0,0,0,Pickup or Panel Truck,VENTURA
92224183,2023-10-20,10,0,5,possible injury,0,1,DUI,hit object,no,no,no,0,0,0,0,0,0,Passenger Car/Station Wagon,SONOMA
92224190,2023-10-02,10,14,1,minor injury,0,3,unsafe lane change,sideswipe,no,no,no,0,0,0,0,0,0,Passenger Car/Station Wagon,SAN BERNARDINO
92224196,2023-10-21,10,0,6,minor injury,0,1,DUI,overturned,no,no,yes,0,0,1,0,0,0,Motorcycle/Scooter,SACRAMENTO
92224197,2023-10-21,10,17,6,minor injury,0,1,improper turning,overturned,no,no,yes,0,0,1,0,0,0,Not Stated,ORANGE
92224202,2023-10-23,10,14,1,minor injury,0,2,unsafe speed,hit object,no,no,no,0,0,0,0,0,0,Passenger Car/Station Wagon,MARIN
92224203,2023-09-01,9,18,5,minor injury,0,1,wrong side of road,head-on,no,no,no,0,0,0,0,0,0,Other Vehicle,SACRAMENTO
92224205,2023-10-12,10,15,4,possible injury,0,1,unsafe speed,rear end,no,no,no,0,0,0,0,0,0,Pickup or Panel Truck,SANTA CRUZ
92224208,2023-10-21,10,18,6,minor injury,0,1,unsafe lane change,sideswipe,no,no,no,0,0,0,0,0,0,Not Stated,SAN JOAQUIN
92224211,2023-08-16,8,7,3,fatal injury,1,3,unsafe speed,rear end,no,no,no,0,0,0,0,0,0,Passenger Car/Station Wagon,CONTRA COSTA
92224214,2023-10-19,10,2,4,minor injury,0,1,improper turning,hit object,no,no,no,0,0,0,0,0,0,Not Stated,NAPA
92224216,2023-10-20,10,15,5,minor injury,0,1,pedestrian right of way,vehicle/pedestrian,yes,no,no,1,0,0,0,0,0,Passenger Car/Station Wagon,SONOMA
92224217,2023-10-21,10,20,6,minor injury,0,2,DUI,head-on,no,no,no,0,0,0,0,0,0,Passenger Car/Station Wagon,IMPERIAL
92224218,2023-10-19,10,8,4,minor injury,0,1,improper turning,hit object,no,no,no,0,0,0,0,0,0,Truck or Truck Tractor,SONOMA