CASE_ID,COLLISION_DATE,MONTH,HOUR,DAY_OF_WEEK,COLLISION_SEVERITY,NUMBER_KILLED,NUMBER_INJURED,PCF_VIOL_CATEGORY,TYPE_OF_COLLISION,PEDESTRIAN_ACCIDENT,BICYCLE_ACCIDENT,MOTORCYCLE_ACCIDENT,COUNT_PED_INJURED,COUNT_BICYCLIST_INJURED,COUNT_MC_INJURED,COUNT_PED_KILLED,COUNT_BICYCLIST_KILLED,COUNT_MC_KILLED,STWD_VEHTYPE_AT_FAULT,COUNTY
92229259,2023-08-21,8,12,1,possible injury,0,1,automobile right of way,broadside,no,no,no,0,0,0,0,0,0,Other Vehicle,SANTA CLARA
92229262,2023-11-05,11,17,7,possible injury,0,1,unsafe speed,rear end,no,no,no,0,0,0,0,0,0,Passenger Car/Station Wagon,SAN BERNARDINO
92229263,2023-10-29,10,20,7,minor injury,0,1,DUI,hit object,no,no,no,0,0,0,0,0,0,Passenger Car/Station Wagon,ORANGE
92229265,2023-11-02,11,15,4,possible injury,0,1,unsafe speed,rear end,no,no,no,0,0,0,0,0,0,Truck or Truck Tractor,ORANGE
92229269,2023-10-23,10,20,1,possible injury,0,1,unsafe speed,hit object,no,no,no,0,0,0,0,0,0,Passenger Car/Station Wagon,SAN DIEGO
92229273,2023-10-26,10,16,4,possible injury,0,1,other hazardous violation,sideswipe,no,no,no,0,0,0,0,0,0,Passenger Car/Station Wagon,LOS ANGELES
92229275,2023-10-30,10,6,1,possible injury,0,1,improper turning,head-on,no,no,no,0,0,0,0,0,0,Passenger Car/Station Wagon,KERN
92229279,2023-10-25,10,19,3,possible injury,0,1,DUI,rear end,no,no,no,0,0,0,0,0,0,Passenger Car/Station Wagon,LOS ANGELES
92229280,2023-10-16,10,6,1,severe injury,0,1,automobile right of way,broadside,no,no,yes,0,0,1,0,0,0,Passenger Car/Station Wagon,LOS ANGELES
92229283,2023-10-11,10,6,3,possible injury,0,1,automobile right of way,broadside,no,no,yes,0,0,1,0,0,0,Motorcycle/Scooter,LOS ANGELES
92229289,2023-11-02,11,21,4,possible injury,0,2,improper turning,sideswipe,no,no,no,0,0,0,0,0,0,Passenger Car/Station Wagon,LOS ANGELES
92229292,2023-11-01,11,8,3,possible injury,0,1,improper turning,hit object,no,no,no,0,0,0,0,0,0,Passenger Car/Station Wagon,SANTA BARBARA
92229293,2023-08-12,8,14,6,minor injury,0,1,unsafe lane change,overturned,no,no,yes,0,0,1,0,0,0,Not Stated,RIVERSIDE
92229295,2023-10-23,10,17,1,minor injury,0,1,automobile right of way,rear end,no,no,no,0,0,0,0,0,0,Pickup or Panel Truck,EL DORADO
92229300,2023-10-27,10,14,5,possible injury,0,1,unsafe speed,rear end,no,no,no,0,0,0,0,0,0,Passenger Car/Station Wagon,LOS ANGELES
92229301,2023-11-04,11,8,6,possible injury,0,4,improper turning,hit object,no,no,no,0,0,0,0,0,0,Passenger Car/Station Wagon,LOS ANGELES
92229307,2023-09-01,9,15,5,minor injury,0,1,improper turning,sideswipe,no,no,yes,0,0,1,0,0,0,Motorcycle/Scooter,RIVERSIDE
92229309,2023-10-29,10,7,7,severe injury,0,1,DUI,hit object,no,no,no,0,0,0,0,0,0,Passenger Car/Station Wagon,BUTTE
92229313,2023-10-25,10,15,3,possible injury,0,1,unsafe lane change,sideswipe,no,no,no,0,0,0,0,0,0,Pickup or Panel Truck,LOS ANGELES
92229314,2023-10-27,10,20,5,possible injury,0,1,improper turning,sideswipe,no,no,no,0,0,0,0,0,0,Not Stated,LOS ANGELES
92229316,2023-10-28,10,18,6,minor injury,0,2,unsafe speed,rear end,no,no,no,0,0,0,0,0,0,Passenger Car/Station Wagon,SAN BERNARDINO
92229319,2023-10-27,10,20,5,possible injury,0,1,improper turning,hit object,no,no,no,0,0,0,0,0,0,Pickup or Panel Truck,LOS ANGELES
92229321,2023-10-27,10,23,5,minor injury,0,1,improper turning,overturned,no,no,no,0,0,0,0,0,0,Passenger Car/Station Wagon,LOS ANGELES
92229324,2023-11-03,11,23,5,minor injury,0,2,improper turning,overturned,no,no,no,0,0,0,0,0,0,Passenger Car/Station Wagon,RIVERSIDE
92229336,2023-10-28,10,22,6,possible injury,0,2,unsafe speed,rear end,no,no,no,0,0,0,0,0,0,Not Stated,LOS ANGELES
92229338,2023-10-31,10,9,2,possible injury,0,1,unsafe speed,rear end,no,no,no,0,0,0,0,0,0,Passenger Car/Station Wagon,SACRAMENTO
92229339,2023-11-02,11,18,4,possible injury,0,1,unsafe speed,rear end,no,no,no,0,0,0,0,0,0,Passenger Car/Station Wagon,LOS ANGELES
92229340,2023-10-29,10,14,7,minor injury,0,1,improper turning,overturned,no,no,yes,0,0,1,0,0,0,Motorcycle/Scooter,YOLO
92229341,2023-10-30,10,5,1,minor injury,0,1,unsafe speed,rear end,no,no,no,0,0,0,0,0,0,Passenger Car/Station Wagon,SANTA CLARA
92229346,2023-10-29,10,9,7,severe injury,0,1,automobile right of way,broadside,no,no,yes,0,0,1,0,0,0,Passenger Car/Station Wagon,SACRAMENTO
92229350,2023-10-28,10,15,6,possible injury,0,3,unsafe speed,rear end,no,no,no,0,0,0,0,0,0,Passenger Car/Station Wagon,ORANGE
92229352,2023-10-30,10,2,1,severe injury,0,1,improper turning,overturned,no,yes,no,0,1,0,0,0,0,Bicycle,SANTA BARBARA
92229354,2023-10-26,10,18,4,possible injury,0,1,unsafe speed,rear end,no,no,no,0,0,0,0,0,0,Not Stated,LOS ANGELES
92229355,2023-11-01,11,10,3,minor injury,0,1,unsafe speed,rear end,no,no,no,0,0,0,0,0,0,Passenger Car/Station Wagon,YOLO
92229358,2023-11-02,11,7,4,minor injury,0,1,improper turning,hit object,no,no,no,0,0,0,0,0,0,Pickup or Panel Truck,SAN LUIS OBISPO
92229366,2023-10-28,10,15,6,possible injury,0,2,unsafe speed,rear end,no,no,no,0,0,0,0,0,0,Passenger Car/Station Wagon,ORANGE
92229368,2023-10-30,10,15,1,possible injury,0,1,unsafe speed,rear end,no,no,no,0,0,0,0,0,0,Passenger Car/Station Wagon,ALAMEDA
92229373,2023-10-21,10,15,6,possible injury,0,1,improper turning,sideswipe,no,no,no,0,0,0,0,0,0,Passenger Car/Station Wagon,SAN JOAQUIN
92229376,2023-10-31,10,20,2,minor injury,0,1,improper turning,hit object,no,no,no,0,0,0,0,0,0,Passenger Car/Station Wagon,TEHAMA
92229377,2023-10-29,10,18,7,possible injury,0,1,DUI,hit object,no,no,no,0,0,0,0,0,0,Passenger Car/Station Wagon,LASSEN
92229378,2023-10-14,10,11,6,minor injury,0,2,traffic signs,head-on,no,no,no,0,0,0,0,0,0,Passenger Car/Station Wagon,SACRAMENTO
92229380,2023-10-24,10,15,2,possible injury,0,2,unsafe speed,rear end,no,no,no,0,0,0,0,0,0,Pickup or Panel Truck,SAN MATEO
92229383,2023-10-31,10,20,2,possible injury,0,1,improper turning,hit object,no,no,no,0,0,0,0,0,0,Passenger Car/Station Wagon,LOS ANGELES
92229387,2023-11-04,11,16,6,minor injury,0,1,improper turning,sideswipe,no,no,yes,0,0,1,0,0,0,Motorcycle/Scooter,RIVERSIDE
92229389,2023-10-20,10,6,5,minor injury,0,1,improper turning,hit object,no,no,no,0,0,0,0,0,0,Passenger Car/Station Wagon,EL DORADO
92229390,2023-10-31,10,18,2,possible injury,0,4,unsafe speed,rear end,no,no,no,0,0,0,0,0,0,Passenger Car/Station Wagon,LOS ANGELES
92229395,2023-10-28,10,22,6,severe injury,0,1,DUI,overturned,no,no,yes,0,0,1,0,0,0,Motorcycle/Scooter,MODOC
92229398,2023-11-05,11,11,7,possible injury,0,1,improper turning,hit object,no,no,no,0,0,0,0,0,0,Passenger Car/Station Wagon,YOLO
92229400,2023-10-19,10,13,4,severe injury,0,1,improper turning,hit object,no,no,no,0,0,0,0,0,0,Pickup or Panel Truck,RIVERSIDE
92229401,2023-10-28,10,16,6,possible injury,0,1,improper turning,hit object,no,no,no,0,0,0,0,0,0,Passenger Car/Station Wagon,ORANGE
92229402,2023-10-22,10,9,7,minor injury,0,1,traffic signs,broadside,no,no,no,0,0,0,0,0,0,Pickup or Panel Truck,EL DORADO
92229405,2023-11-04,11,17,6,possible injury,0,2,unsafe speed,rear end,no,no,no,0,0,0,0,0,0,Passenger Car/Station Wagon,SAN MATEO
92229411,2023-10-25,10,16,3,possible injury,0,1,traffic signs,rear end,no,no,no,0,0,0,0,0,0,Passenger Car/Station Wagon,EL DORADO
92229412,2023-10-19,10,8,4,minor injury,0,1,unsafe lane change,sideswipe,no,no,yes,0,0,1,0,0,0,Passenger Car/Station Wagon,SAN DIEGO
92229414,2023-10-23,10,5,1,possible injury,0,2,unsafe speed,rear end,no,no,no,0,0,0,0,0,0,Passenger Car/Station Wagon,SAN JOAQUIN
92229423,2023-10-26,10,10,4,possible injury,0,1,unsafe speed,hit object,no,no,no,0,0,0,0,0,0,Passenger Car/Station Wagon,EL DORADO
92229425,2023-11-06,11,0,1,possible injury,0,1,improper turning,hit object,no,no,no,0,0,0,0,0,0,Passenger Car/Station Wagon,YOLO
92229426,2023-10-26,10,17,4,possible injury,0,5,automobile right of way,broadside,no,no,no,0,0,0,0,0,0,Passenger Car/Station Wagon,SAN JOAQUIN
92229428,2023-10-30,10,17,1,possible injury,0,1,unsafe speed,rear end,no,no,no,0,0,0,0,0,0,Not Stated,LOS ANGELES
92229432,2023-10-30,10,9,1,minor injury,0,1,improper turning,hit object,no,no,yes,0,0,1,0,0,0,Motorcycle/Scooter,SAN BERNARDINO
92229437,2023-11-03,11,1,5,severe injury,0,2,DUI,hit object,no,no,no,0,0,0,0,0,0,Passenger Car/Station Wagon,BUTTE
92229440,2023-10-19,10,14,4,possible injury,0,1,unsafe speed,rear end,no,no,no,0,0,0,0,0,0,Passenger Car/Station Wagon,SAN JOAQUIN
92229444,2023-07-30,7,15,7,fatal injury,1,2,improper turning,overturned,no,no,no,0,0,0,0,0,0,Passenger Car/Station Wagon,SAN BERNARDINO
92229449,2023-10-23,10,22,1,possible injury,0,1,unsafe speed,rear end,no,no,no,0,0,0,0,0,0,Passenger Car/Station Wagon,SAN DIEGO
92229454,2023-11-02,11,17,4,possible injury,0,1,unsafe speed,rear end,no,no,no,0,0,0,0,0,0,Passenger Car/Station Wagon,SAN BERNARDINO
92229455,2023-10-23,10,5,1,minor injury,0,2,unsafe speed,overturned,no,no,no,0,0,0,0,0,0,Passenger Car/Station Wagon,SAN JOAQUIN
92229457,2023-11-02,11,9,4,possible injury,0,3,unsafe speed,rear end,no,no,no,0,0,0,0,0,0,Passenger Car/Station Wagon,RIVERSIDE
92229459,2023-10-29,10,19,7,possible injury,0,1,automobile right of way,broadside,no,no,no,0,0,0,0,0,0,Passenger Car/Station Wagon,HUMBOLDT
92229460,2023-10-19,10,17,4,possible injury,0,2,improper turning,sideswipe,no,no,no,0,0,0,0,0,0,Passenger Car/Station Wagon,SAN JOAQUIN
92229480,2023-10-29,10,12,7,possible injury,0,6,improper turning,sideswipe,no,no,no,0,0,0,0,0,0,Passenger Car/Station Wagon,SAN BERNARDINO
92229481,2023-10-30,10,18,1,possible injury,0,1,improper turning,overturned,no,no,no,0,0,0,0,0,0,Passenger Car/Station Wagon,SAN MATEO
92229483,2023-10-26,10,20,4,severe injury,0,1,pedestrian right of way,vehicle/pedestrian,yes,no,no,1,0,0,0,0,0,Not Stated,LOS ANGELES
92229484,2023-11-05,11,9,7,minor injury,0,2,automobile right of way,broadside,no,no,no,0,0,0,0,0,0,Passenger Car/Station Wagon,TULARE
92229485,2023-10-25,10,16,3,minor injury,0,1,wrong side of road,sideswipe,no,no,yes,0,0,1,0,0,0,Motorcycle/Scooter,SANTA CRUZ
92229488,2023-08-04,8,14,5,severe injury,0,3,automobile right of way,broadside,no,no,no,0,0,0,0,0,0,Passenger Car/Station Wagon,LOS ANGELES
92229491,2023-10-29,10,5,7,possible injury,0,2,unsafe lane change,rear end,no,no,no,0,0,0,0,0,0,Passenger Car/Station Wagon,ORANGE
92229493,2023-11-05,11,11,7,possible injury,0,1,automobile right of way,broadside,no,no,no,0,0,0,0,0,0,Passenger Car/Station Wagon,TULARE
92229495,2023-10-28,10,1,6,minor injury,0,1,DUI,overturned,no,no,no,0,0,0,0,0,0,Pickup or Panel Truck,LOS ANGELES
92229496,2023-10-28,10,12,6,possible injury,0,1,unsafe speed,rear end,no,no,no,0,0,0,0,0,0,Passenger Car/Station Wagon,LOS ANGELES
92229497,2023-10-29,10,10,7,possible injury,0,1,unsafe speed,rear end,no,no,no,0,0,0,0,0,0,Passenger Car/Station Wagon,ORANGE
92229498,2023-10-28,10,22,6,possible injury,0,1,unsafe speed,overturned,no,no,yes,0,0,1,0,0,0,Not Stated,ORANGE
92229499,2023-10-28,10,16,6,minor injury,0,3,unsafe lane change,rear end,no,no,no,0,0,0,0,0,0,Not Stated,ORANGE
92229501,2023-10-28,10,14,6,possible injury,0,2,improper turning,sideswipe,no,no,no,0,0,0,0,0,0,Not Stated,LOS ANGELES
92229503,2023-10-27,10,17,5,possible injury,0,1,unsafe lane change,sideswipe,no,no,no,0,0,0,0,0,0,Passenger Car/Station Wagon,LOS ANGELES
92229507,2023-10-28,10,12,6,minor injury,0,3,unsafe speed,rear end,no,no,no,0,0,0,0,0,0,Passenger Car/Station Wagon,LOS ANGELES
92229508,2023-10-28,10,12,6,minor injury,0,1,unsafe speed,sideswipe,no,no,yes,0,0,1,0,0,0,Motorcycle/Scooter,LOS ANGELES
92229512,2023-11-05,11,0,7,minor injury,0,1,DUI,rear end,no,no,no,0,0,0,0,0,0,Passenger Car/Station Wagon,LOS ANGELES
92229515,2023-10-25,10,14,3,possible injury,0,1,other than driver or pedestrian,hit object,no,no,no,0,0,0,0,0,0,Not Stated,LOS ANGELES
92229521,2023-11-04,11,17,6,minor injury,0,1,DUI,hit object,no,no,no,0,0,0,0,0,0,Passenger Car/Station Wagon,SAN BERNARDINO
92229525,2023-11-02,11,23,4,minor injury,0,1,improper turning,hit object,no,no,no,0,0,0,0,0,0,Passenger Car/Station Wagon,SAN DIEGO
92229529,2023-11-02,11,2,4,minor injury,0,1,improper turning,rear end,no,no,no,0,0,0,0,0,0,Passenger Car/Station Wagon,SAN DIEGO
92229534,2023-10-27,10,8,5,possible injury,0,1,unsafe speed,rear end,no,no,no,0,0,0,0,0,0,Passenger Car/Station Wagon,SAN DIEGO
92229566,2023-10-28,10,13,6,possible injury,0,1,automobile right of way,broadside,no,no,no,0,0,0,0,0,0,Passenger Car/Station Wagon,SAN DIEGO
92229567,2023-10-28,10,20,6,minor injury,0,1,improper turning,hit object,no,no,no,0,0,0,0,0,0,Passenger Car/Station Wagon,SAN DIEGO
92229577,2023-10-29,10,0,7,minor injury,0,2,improper turning,head-on,no,no,no,0,0,0,0,0,0,Pickup or Panel Truck,SAN DIEGO
92229713,2023-10-22,10,0,7,fatal injury,1,0,DUI,hit object,no,no,no,0,0,0,0,0,0,Passenger Car/Station Wagon,TULARE
92229714,2023-11-01,11,1,3,minor injury,0,1,DUI,overturned,no,no,no,0,0,0,0,0,0,Passenger Car/Station Wagon,LOS ANGELES
92229722,2023-09-24,9,2,7,possible injury,0,1,improper turning,rear end,no,no,no,0,0,0,0,0,0,Passenger Car/Station Wagon,ALAMEDA
92229726,2023-10-28,10,15,6,possible injury,0,2,unsafe speed,rear end,no,no,no,0,0,0,0,0,0,Passenger Car/Station Wagon,SAN FRANCISCO
92229728,2023-10-28,10,19,6,possible injury,0,1,improper turning,hit object,no,no,no,0,0,0,0,0,0,Passenger Car/Station Wagon,SOLANO
92229729,2023-11-01,11,9,3,possible injury,0,1,unsafe speed,rear end,no,no,no,0,0,0,0,0,0,Pickup or Panel Truck,LOS ANGELES
92229730,2023-10-27,10,0,5,possible injury,0,1,DUI,hit object,no,no,no,0,0,0,0,0,0,Passenger Car/Station Wagon,LOS ANGELES
92229732,2023-10-27,10,18,5,minor injury,0,2,improper turning,broadside,no,no,no,0,0,0,0,0,0,Passenger Car/Station Wagon,LOS ANGELES
92229740,2023-10-26,10,20,4,possible injury,0,2,automobile right of way,broadside,no,no,no,0,0,0,0,0,0,Passenger Car/Station Wagon,LOS ANGELES
92229751,2023-10-05,10,16,4,minor injury,0,1,unsafe speed,hit object,no,yes,no,0,1,0,0,0,0,Bicycle,STANISLAUS
92229752,2023-10-27,10,21,5,minor injury,0,2,DUI,sideswipe,no,no,no,0,0,0,0,0,0,Passenger Car/Station Wagon,SACRAMENTO
92229754,2023-10-26,10,0,4,minor injury,0,2,unsafe speed,rear end,no,no,no,0,0,0,0,0,0,Passenger Car/Station Wagon,CONTRA COSTA
92229755,2023-10-29,10,1,7,severe injury,0,2,DUI,overturned,no,no,no,0,0,0,0,0,0,Passenger Car/Station Wagon,KERN
92229756,2023-10-26,10,18,4,minor injury,0,1,unsafe lane change,rear end,no,no,yes,0,0,1,0,0,0,Passenger Car/Station Wagon,LOS ANGELES
92229759,2023-11-06,11,17,1,possible injury,0,1,unsafe speed,rear end,no,no,no,0,0,0,0,0,0,Passenger Car/Station Wagon,ORANGE
92229760,2023-10-09,10,1,1,possible injury,0,1,improper turning,hit object,no,no,no,0,0,0,0,0,0,Passenger Car/Station Wagon,STANISLAUS
92229762,2023-10-10,10,17,2,minor injury,0,1,unsafe speed,rear end,no,no,yes,0,0,1,0,0,0,Motorcycle/Scooter,ALAMEDA
92229765,2023-10-22,10,12,7,possible injury,0,2,improper turning,hit object,no,no,no,0,0,0,0,0,0,Pickup or Panel Truck,STANISLAUS
92229772,2023-10-29,10,16,7,possible injury,0,1,pedestrian right of way,vehicle/pedestrian,no,no,no,0,0,0,0,0,0,Passenger Car/Station Wagon,CONTRA COSTA
92229780,2023-10-22,10,11,7,minor injury,0,1,improper turning,hit object,no,no,no,0,0,0,0,0,0,Pickup or Panel Truck,SONOMA
92229786,2023-10-30,10,1,1,possible injury,0,1,improper turning,hit object,no,no,no,0,0,0,0,0,0,Not Stated,SONOMA
92229791,2023-10-25,10,15,3,minor injury,0,1,improper turning,hit object,no,no,no,0,0,0,0,0,0,Pickup or Panel Truck,STANISLAUS
92229795,2023-10-17,10,5,2,severe injury,0,1,automobile right of way,broadside,no,no,no,0,0,0,0,0,0,Passenger Car/Station Wagon,LOS ANGELES
92229800,2023-10-27,10,0,5,possible injury,0,1,improper turning,hit object,no,no,no,0,0,0,0,0,0,Passenger Car/Station Wagon,SAN JOAQUIN
92229802,2023-10-29,10,0,7,minor injury,0,1,improper turning,sideswipe,no,no,no,0,0,0,0,0,0,Not Stated,LOS ANGELES
92229808,2023-10-31,10,18,2,possible injury,0,2,automobile right of way,broadside,no,no,no,0,0,0,0,0,0,Passenger Car/Station Wagon,LOS ANGELES
92229820,2023-10-30,10,21,1,possible injury,0,1,unsafe lane change,sideswipe,no,no,no,0,0,0,0,0,0,Passenger Car/Station Wagon,SAN BERNARDINO
92229821,2023-10-29,10,7,7,possible injury,0,2,improper turning,sideswipe,no,no,no,0,0,0,0,0,0,Passenger Car/Station Wagon,LOS ANGELES
92229822,2023-10-31,10,15,2,possible injury,0,2,unsafe speed,rear end,no,no,no,0,0,0,0,0,0,Pickup or Panel Truck,SONOMA
92229825,2023-11-06,11,22,1,possible injury,0,1,improper turning,sideswipe,no,no,no,0,0,0,0,0,0,Not Stated,RIVERSIDE
92229827,2023-10-23,10,19,1,possible injury,0,1,DUI,hit object,no,no,no,0,0,0,0,0,0,Passenger Car/Station Wagon,NEVADA
92229829,2023-10-28,10,12,6,possible injury,0,1,unsafe speed,rear end,no,no,no,0,0,0,0,0,0,Passenger Car/Station Wagon,SAN DIEGO
92229831,2023-10-27,10,12,5,possible injury,0,1,unsafe speed,rear end,no,no,no,0,0,0,0,0,0,Pickup or Panel Truck,SONOMA
92229834,2023-11-05,11,11,7,possible injury,0,2,improper turning,head-on,no,no,no,0,0,0,0,0,0,Passenger Car/Station Wagon,SONOMA
92229840,2023-10-29,10,15,7,possible injury,0,7,unsafe speed,rear end,no,no,no,0,0,0,0,0,0,Passenger Car/Station Wagon,LOS ANGELES
92229844,2023-10-27,10,12,5,possible injury,0,1,improper turning,hit object,no,no,no,0,0,0,0,0,0,Passenger Car/Station Wagon,SAN JOAQUIN
92229847,2023-10-28,10,4,6,possible injury,0,1,improper turning,hit object,no,no,no,0,0,0,0,0,0,Passenger Car/Station Wagon,RIVERSIDE
92229848,2023-10-23,10,15,1,possible injury,0,1,improper turning,sideswipe,no,no,yes,0,0,1,0,0,0,Motorcycle/Scooter,SANTA CLARA
92229854,2023-10-29,10,4,7,possible injury,0,3,improper turning,hit object,no,no,no,0,0,0,0,0,0,Passenger Car/Station Wagon,FRESNO
92229855,2023-10-29,10,19,7,possible injury,0,1,unsafe speed,rear end,no,no,no,0,0,0,0,0,0,Passenger Car/Station Wagon,LOS ANGELES
92229856,2023-10-27,10,17,5,possible injury,0,1,unsafe lane change,sideswipe,no,no,no,0,0,0,0,0,0,Not Stated,VENTURA
92229857,2023-10-27,10,17,5,possible injury,0,1,improper turning,hit object,no,no,no,0,0,0,0,0,0,Passenger Car/Station Wagon,SONOMA
92229858,2023-11-06,11,8,1,possible injury,0,2,unsafe speed,rear end,no,no,no,0,0,0,0,0,0,Pickup or Panel Truck,TEHAMA
92229860,2023-10-30,10,23,1,possible injury,0,1,unsafe speed,hit object,no,no,no,0,0,0,0,0,0,Not Stated,RIVERSIDE
92229861,2023-10-27,10,15,5,minor injury,0,1,improper turning,overturned,no,no,no,0,0,0,0,0,0,Passenger Car/Station Wagon,SONOMA
92229866,2023-10-27,10,16,5,possible injury,0,2,improper turning,rear end,no,no,no,0,0,0,0,0,0,Passenger Car/Station Wagon,SANTA BARBARA
92229868,2023-10-28,10,18,6,possible injury,0,4,improper turning,rear end,yes,no,no,2,0,0,0,0,0,Passenger Car/Station Wagon,LOS ANGELES
92229870,2023-10-30,10,9,1,minor injury,0,1,improper turning,broadside,no,no,no,0,0,0,0,0,0,Passenger Car/Station Wagon,CONTRA COSTA
92229871,2023-08-24,8,22,4,severe injury,0,7,DUI,sideswipe,no,no,no,0,0,0,0,0,0,Passenger Car/Station Wagon,STANISLAUS
92229872,2023-10-26,10,16,4,minor injury,0,1,unsafe speed,overturned,no,no,yes,0,0,1,0,0,0,Motorcycle/Scooter,RIVERSIDE
92229874,2023-10-31,10,22,2,minor injury,0,1,improper turning,hit object,no,no,no,0,0,0,0,0,0,Passenger Car/Station Wagon,SAN DIEGO
92229879,2023-10-14,10,12,6,severe injury,0,4,DUI,broadside,no,no,no,0,0,0,0,0,0,Pickup or Panel Truck,RIVERSIDE
92229884,2023-09-29,9,8,5,possible injury,0,1,traffic signs,vehicle/pedestrian,yes,no,no,1,0,0,0,0,0,Pickup or Panel Truck,RIVERSIDE
92229891,2023-10-31,10,10,2,possible injury,0,1,unsafe speed,rear end,no,no,no,0,0,0,0,0,0,Passenger Car/Station Wagon,ALAMEDA
92229892,2023-10-26,10,22,4,possible injury,0,1,DUI,broadside,no,no,no,0,0,0,0,0,0,Passenger Car/Station Wagon,ALAMEDA
92229893,2023-10-30,10,14,1,possible injury,0,2,unsafe speed,rear end,no,no,no,0,0,0,0,0,0,Passenger Car/Station Wagon,CONTRA COSTA
92229896,2023-10-25,10,19,3,severe injury,0,1,automobile right of way,broadside,no,yes,no,0,1,0,0,0,0,Bicycle,STANISLAUS
92229898,2023-11-05,11,17,7,minor injury,0,1,unsafe starting or backing,broadside,no,no,no,0,0,0,0,0,0,Passenger Car/Station Wagon,LOS ANGELES
92229901,2023-10-27,10,16,5,possible injury,0,1,improper passing,sideswipe,no,no,yes,0,0,1,0,0,0,Motorcycle/Scooter,SAN BERNARDINO
92229907,2023-10-25,10,18,3,possible injury,0,1,unsafe speed,rear end,no,no,no,0,0,0,0,0,0,Passenger Car/Station Wagon,SACRAMENTO
92229908,2023-10-31,10,8,2,possible injury,0,1,unsafe speed,rear end,no,no,no,0,0,0,0,0,0,Passenger Car/Station Wagon,SANTA BARBARA
92229909,2023-10-22,10,2,7,minor injury,0,2,unsafe speed,rear end,no,no,no,0,0,0,0,0,0,Passenger Car/Station Wagon,SAN DIEGO
92229910,2023-11-01,11,16,3,minor injury,0,2,automobile right of way,broadside,no,no,no,0,0,0,0,0,0,Not Stated,SAN BERNARDINO
92229911,2023-11-01,11,11,3,possible injury,0,1,unsafe speed,rear end,no,no,no,0,0,0,0,0,0,Passenger Car/Station Wagon,LOS ANGELES
92229914,2023-10-26,10,9,4,minor injury,0,2,unsafe speed,rear end,no,no,no,0,0,0,0,0,0,Passenger Car/Station Wagon,LOS ANGELES
92229915,2023-10-26,10,1,4,possible injury,0,1,improper turning,hit object,no,no,no,0,0,0,0,0,0,Passenger Car/Station Wagon,ORANGE
92229916,2023-10-29,10,6,7,severe injury,0,1,improper turning,hit object,no,no,no,0,0,0,0,0,0,Passenger Car/Station Wagon,YUBA
92229918,2023-11-05,11,1,7,minor injury,0,2,DUI,sideswipe,no,no,no,0,0,0,0,0,0,Passenger Car/Station Wagon,LOS ANGELES
92229921,2023-10-25,10,5,3,possible injury,0,1,unsafe speed,rear end,no,no,no,0,0,0,0,0,0,Passenger Car/Station Wagon,SAN BERNARDINO
92229923,2023-11-02,11,18,4,possible injury,0,2,automobile right of way,broadside,no,no,no,0,0,0,0,0,0,Passenger Car/Station Wagon,MERCED
92229926,2023-10-23,10,16,1,severe injury,0,1,unsafe speed,overturned,no,no,yes,0,0,1,0,0,0,Motorcycle/Scooter,SAN DIEGO
92229928,2023-10-26,10,18,4,possible injury,0,1,unsafe speed,rear end,no,no,no,0,0,0,0,0,0,Passenger Car/Station Wagon,LOS ANGELES
92229929,2023-10-28,10,4,6,severe injury,0,1,unsafe speed,rear end,no,no,no,0,0,0,0,0,0,Passenger Car/Station Wagon,LOS ANGELES
92229930,2023-11-01,11,13,3,possible injury,0,4,unsafe speed,rear end,no,no,no,0,0,0,0,0,0,Passenger Car/Station Wagon,ALAMEDA
92229939,2023-10-26,10,15,4,possible injury,0,2,unsafe speed,rear end,no,no,no,0,0,0,0,0,0,Pickup or Panel Truck,LOS ANGELES
92229940,2023-11-06,11,13,1,minor injury,0,2,automobile right of way,head-on,no,no,no,0,0,0,0,0,0,Not Stated,LOS ANGELES
92229943,2023-10-27,10,11,5,possible injury,0,1,automobile right of way,broadside,no,no,no,0,0,0,0,0,0,Passenger Car/Station Wagon,SAN DIEGO
92229945,2023-10-28,10,2,6,minor injury,0,1,unsafe speed,rear end,no,no,no,0,0,0,0,0,0,Passenger Car/Station Wagon,ALAMEDA
92229949,2023-10-26,10,20,4,possible injury,0,1,unsafe speed,rear end,no,no,no,0,0,0,0,0,0,Passenger Car/Station Wagon,LOS ANGELES
92229950,2023-10-29,10,20,7,minor injury,0,1,improper turning,sideswipe,no,no,no,0,0,0,0,0,0,Passenger Car/Station Wagon,LOS ANGELES
92229951,2023-10-29,10,16,7,minor injury,0,3,unknown,broadside,no,no,no,0,0,0,0,0,0,Not Stated,SACRAMENTO
92229953,2023-10-28,10,8,6,severe injury,0,1,improper turning,overturned,no,no,no,0,0,0,0,0,0,Passenger Car/Station Wagon,STANISLAUS
92229957,2023-10-26,10,14,4,possible injury,0,1,unsafe speed,rear end,no,no,no,0,0,0,0,0,0,Passenger Car/Station Wagon,ORANGE
92229959,2023-10-27,10,21,5,minor injury,0,2,traffic signs,head-on,no,no,no,0,0,0,0,0,0,Passenger Car/Station Wagon,SAN DIEGO
92229960,2023-06-19,6,11,1,fatal injury,1,0,improper turning,sideswipe,no,no,no,0,0,0,0,0,0,Passenger Car/Station Wagon,LOS ANGELES