CASE_ID,COLLISION_DATE,MONTH,HOUR,DAY_OF_WEEK,COLLISION_SEVERITY,NUMBER_KILLED,NUMBER_INJURED,PCF_VIOL_CATEGORY,TYPE_OF_COLLISION,PEDESTRIAN_ACCIDENT,BICYCLE_ACCIDENT,MOTORCYCLE_ACCIDENT,COUNT_PED_INJURED,COUNT_BICYCLIST_INJURED,COUNT_MC_INJURED,COUNT_PED_KILLED,COUNT_BICYCLIST_KILLED,COUNT_MC_KILLED,STWD_VEHTYPE_AT_FAULT,COUNTY
92251620,2023-11-11,11,6,6,minor injury,0,1,improper turning,hit object,no,no,no,0,0,0,0,0,0,Passenger Car/Station Wagon,IMPERIAL
92251621,2023-11-18,11,3,6,possible injury,0,1,DUI,sideswipe,no,no,no,0,0,0,0,0,0,Passenger Car/Station Wagon,KERN
92251623,2023-11-25,11,14,6,severe injury,0,1,unsafe speed,hit object,no,no,yes,0,0,1,0,0,0,Motorcycle/Scooter,VENTURA
92251624,2023-11-17,11,20,5,possible injury,0,1,unsafe speed,sideswipe,no,no,no,0,0,0,0,0,0,Passenger Car/Station Wagon,LOS ANGELES
92251625,2023-11-30,11,16,4,possible injury,0,1,DUI,sideswipe,no,no,no,0,0,0,0,0,0,Passenger Car/Station Wagon,ORANGE
92251626,2023-11-11,11,9,6,minor injury,0,2,unsafe speed,rear end,no,no,no,0,0,0,0,0,0,Passenger Car/Station Wagon,IMPERIAL
92251627,2023-11-18,11,21,6,minor injury,0,1,improper turning,overturned,no,no,no,0,0,0,0,0,0,Pickup or Panel Truck,SONOMA
92251629,2023-11-20,11,3,1,severe injury,0,2,unsafe speed,head-on,no,no,no,0,0,0,0,0,0,Passenger Car/Station Wagon,FRESNO
92251630,2023-11-21,11,3,2,possible injury,0,1,improper turning,hit object,no,no,no,0,0,0,0,0,0,Passenger Car/Station Wagon,SANTA CLARA
92251631,2023-11-22,11,19,3,minor injury,0,2,unsafe speed,rear end,no,no,no,0,0,0,0,0,0,Passenger Car/Station Wagon,ORANGE
92251634,2023-11-23,11,22,4,minor injury,0,3,unsafe speed,rear end,no,no,no,0,0,0,0,0,0,Passenger Car/Station Wagon,STANISLAUS
92251637,2023-11-18,11,23,6,severe injury,0,1,DUI,hit object,no,no,yes,0,0,1,0,0,0,Motorcycle/Scooter,SAN DIEGO
92251643,2023-11-22,11,15,3,severe injury,0,4,unsafe speed,overturned,no,no,no,0,0,0,0,0,0,Passenger Car/Station Wagon,VENTURA
92251645,2023-11-20,11,17,1,severe injury,0,1,DUI,rear end,no,no,no,0,0,0,0,0,0,Pickup or Panel Truck,SONOMA
92251646,2023-11-27,11,20,1,minor injury,0,2,automobile right of way,broadside,no,no,no,0,0,0,0,0,0,Pickup or Panel Truck,FRESNO
92251647,2023-11-21,11,23,2,minor injury,0,1,DUI,hit object,no,no,no,0,0,0,0,0,0,Passenger Car/Station Wagon,SAN BERNARDINO
92251650,2023-11-25,11,12,6,possible injury,0,1,improper turning,sideswipe,no,no,no,0,0,0,0,0,0,Passenger Car/Station Wagon,ORANGE
92251651,2023-11-24,11,15,5,possible injury,0,1,improper turning,hit object,no,no,no,0,0,0,0,0,0,Passenger Car with Trailer,FRESNO
92251655,2023-11-18,11,17,6,severe injury,0,1,unsafe speed,vehicle/pedestrian,yes,no,no,1,0,0,0,0,0,Not Stated,SONOMA
92251663,2023-11-18,11,15,6,minor injury,0,1,unsafe speed,hit object,no,no,no,0,0,0,0,0,0,Passenger Car/Station Wagon,SONOMA
92251671,2023-12-02,12,1,6,severe injury,0,2,DUI,hit object,no,no,no,0,0,0,0,0,0,Passenger Car/Station Wagon,LOS ANGELES
92251673,2023-11-20,11,4,1,minor injury,0,2,improper turning,rear end,no,no,no,0,0,0,0,0,0,Passenger Car/Station Wagon,LOS ANGELES
92251675,2023-11-26,11,7,7,possible injury,0,3,improper turning,sideswipe,no,no,no,0,0,0,0,0,0,Passenger Car/Station Wagon,STANISLAUS
92251678,2023-11-12,11,1,7,possible injury,0,1,DUI,broadside,no,no,no,0,0,0,0,0,0,Pickup or Panel Truck,LOS ANGELES
92251679,2023-11-20,11,6,1,severe injury,0,1,improper turning,sideswipe,yes,no,no,1,0,0,0,0,0,Not Stated,SACRAMENTO
92251683,2023-11-28,11,17,2,possible injury,0,2,unsafe speed,rear end,no,no,no,0,0,0,0,0,0,Passenger Car/Station Wagon,SAN DIEGO
92251685,2023-11-21,11,9,2,possible injury,0,3,unsafe speed,rear end,no,no,no,0,0,0,0,0,0,Pickup or Panel Truck,LOS ANGELES
92251687,2023-11-26,11,11,7,possible injury,0,1,following too closely,rear end,no,no,no,0,0,0,0,0,0,Passenger Car/Station Wagon,FRESNO
92251689,2023-12-01,12,12,5,minor injury,0,1,improper turning,hit object,no,no,no,0,0,0,0,0,0,Passenger Car/Station Wagon,PLACER
92251691,2023-11-25,11,21,6,possible injury,0,2,improper turning,hit object,no,no,no,0,0,0,0,0,0,Passenger Car/Station Wagon,SAN BERNARDINO
92251693,2023-11-26,11,16,7,possible injury,0,2,unsafe speed,hit object,no,no,no,0,0,0,0,0,0,Passenger Car/Station Wagon,LOS ANGELES
92251696,2023-11-26,11,1,7,possible injury,0,1,DUI,rear end,no,no,no,0,0,0,0,0,0,Passenger Car/Station Wagon,RIVERSIDE
92251697,2023-12-01,12,12,5,possible injury,0,1,unsafe speed,rear end,no,no,no,0,0,0,0,0,0,Passenger Car/Station Wagon,ALAMEDA
92251702,2023-11-27,11,8,1,possible injury,0,1,unsafe speed,rear end,no,no,no,0,0,0,0,0,0,Truck or Truck Tractor with Trailer,FRESNO
92251703,2023-11-25,11,20,6,severe injury,0,2,unsafe speed,hit object,no,no,no,0,0,0,0,0,0,Passenger Car/Station Wagon,SAN BERNARDINO
92251705,2023-11-25,11,16,6,severe injury,0,2,wrong side of road,head-on,no,no,no,0,0,0,0,0,0,Passenger Car/Station Wagon,LOS ANGELES
92251709,2023-11-21,11,4,2,severe injury,0,2,wrong side of road,head-on,no,no,no,0,0,0,0,0,0,Passenger Car/Station Wagon,NEVADA
92251718,2023-11-28,11,14,2,possible injury,0,1,automobile right of way,broadside,no,no,no,0,0,0,0,0,0,Passenger Car/Station Wagon,SONOMA
92251720,2023-12-01,12,21,5,possible injury,0,1,DUI,rear end,no,no,no,0,0,0,0,0,0,Passenger Car/Station Wagon,LOS ANGELES
92251723,2023-11-30,11,16,4,minor injury,0,1,unsafe speed,rear end,no,no,no,0,0,0,0,0,0,Passenger Car/Station Wagon,RIVERSIDE
92251725,2023-11-26,11,14,7,possible injury,0,1,unsafe speed,overturned,no,no,no,0,0,0,0,0,0,Passenger Car/Station Wagon,SAN BERNARDINO
92251727,2023-11-22,11,16,3,possible injury,0,1,traffic signs,broadside,no,no,no,0,0,0,0,0,0,Pickup or Panel Truck,RIVERSIDE
92251731,2023-11-17,11,23,5,minor injury,0,1,DUI,hit object,no,no,no,0,0,0,0,0,0,Passenger Car/Station Wagon,LOS ANGELES
92251734,2023-11-04,11,11,6,severe injury,0,1,automobile right of way,broadside,no,yes,no,0,1,0,0,0,0,Passenger Car/Station Wagon,SAN BERNARDINO
92251735,2023-11-17,11,23,5,severe injury,0,3,DUI,rear end,no,no,no,0,0,0,0,0,0,Passenger Car/Station Wagon,SAN DIEGO
92251737,2023-11-21,11,15,2,possible injury,0,1,improper turning,sideswipe,no,no,no,0,0,0,0,0,0,Passenger Car/Station Wagon,SAN DIEGO
92251738,2023-10-28,10,16,6,possible injury,0,1,other than driver or pedestrian,hit object,no,no,no,0,0,0,0,0,0,Not Stated,SAN DIEGO
92251739,2023-11-27,11,8,1,possible injury,0,1,unsafe speed,rear end,no,no,no,0,0,0,0,0,0,Pickup or Panel Truck,SAN LUIS OBISPO
92251743,2023-11-27,11,14,1,minor injury,0,1,automobile right of way,broadside,no,no,no,0,0,0,0,0,0,Passenger Car/Station Wagon,VENTURA
92251746,2023-11-21,11,10,2,minor injury,0,2,improper turning,sideswipe,no,no,no,0,0,0,0,0,0,Passenger Car/Station Wagon,SANTA CLARA
92251749,2023-11-20,11,8,1,possible injury,0,2,unknown,vehicle/pedestrian,yes,no,no,2,0,0,0,0,0,Not Stated,CALAVERAS
92251750,2023-11-27,11,16,1,severe injury,0,1,DUI,hit object,no,no,no,0,0,0,0,0,0,Passenger Car/Station Wagon,SUTTER
92251754,2023-11-24,11,7,5,minor injury,0,1,improper turning,hit object,no,no,no,0,0,0,0,0,0,Pickup or Panel Truck,SAN BERNARDINO
92251756,2023-11-17,11,11,5,minor injury,0,1,DUI,hit object,no,no,no,0,0,0,0,0,0,Passenger Car/Station Wagon,SACRAMENTO
92251757,2023-11-18,11,7,6,minor injury,0,1,unsafe speed,hit object,no,no,no,0,0,0,0,0,0,Passenger Car/Station Wagon,ALAMEDA
92251766,2023-12-01,12,17,5,possible injury,0,2,unsafe speed,rear end,no,no,no,0,0,0,0,0,0,Passenger Car/Station Wagon,ALAMEDA
92251769,2023-11-23,11,15,4,minor injury,0,3,DUI,rear end,no,no,no,0,0,0,0,0,0,Passenger Car/Station Wagon,LOS ANGELES
92251774,2023-11-22,11,2,3,minor injury,0,1,improper turning,hit object,no,no,no,0,0,0,0,0,0,Passenger Car/Station Wagon,LOS ANGELES
92251782,2023-11-22,11,7,3,minor injury,0,1,automobile right of way,broadside,no,no,no,0,0,0,0,0,0,Passenger Car/Station Wagon,LOS ANGELES
92251787,2023-12-02,12,14,6,possible injury,0,1,unsafe speed,rear end,no,no,no,0,0,0,0,0,0,Pickup or Panel Truck,SAN LUIS OBISPO
92251794,2023-11-25,11,18,6,severe injury,0,2,DUI,head-on,no,no,no,0,0,0,0,0,0,Pickup or Panel Truck,SAN LUIS OBISPO
92251795,2023-11-22,11,10,3,possible injury,0,2,automobile right of way,broadside,no,no,no,0,0,0,0,0,0,Passenger Car/Station Wagon,LOS ANGELES
92251796,2023-11-23,11,6,4,possible injury,0,1,improper turning,overturned,no,no,no,0,0,0,0,0,0,Passenger Car/Station Wagon,SAN DIEGO
92251797,2023-11-22,11,0,3,possible injury,0,2,DUI,sideswipe,no,no,no,0,0,0,0,0,0,Passenger Car/Station Wagon,ALAMEDA
92251811,2023-11-19,11,22,7,possible injury,0,1,improper turning,sideswipe,no,no,no,0,0,0,0,0,0,Passenger Car/Station Wagon,SAN MATEO
92251823,2023-11-30,11,11,4,minor injury,0,1,improper turning,broadside,no,no,no,0,0,0,0,0,0,Passenger Car/Station Wagon,VENTURA
92251824,2023-11-25,11,21,6,minor injury,0,1,unsafe speed,hit object,no,no,no,0,0,0,0,0,0,Pickup or Panel Truck,SAN BERNARDINO
92251825,2023-11-23,11,12,4,possible injury,0,1,other improper driving,hit object,no,no,no,0,0,0,0,0,0,Passenger Car/Station Wagon,SAN DIEGO
92251826,2023-11-19,11,3,7,possible injury,0,1,unsafe speed,rear end,no,no,no,0,0,0,0,0,0,Passenger Car/Station Wagon,LOS ANGELES
92251833,2023-11-22,11,19,3,minor injury,0,2,improper turning,broadside,no,no,no,0,0,0,0,0,0,Passenger Car/Station Wagon,SANTA BARBARA
92251840,2023-12-01,12,10,5,possible injury,0,1,automobile right of way,broadside,no,no,no,0,0,0,0,0,0,Passenger Car/Station Wagon,NEVADA
92251842,2023-11-09,11,20,4,possible injury,0,1,improper turning,overturned,no,no,no,0,0,0,0,0,0,Pickup or Panel Truck,SAN DIEGO
92251846,2023-11-26,11,9,7,minor injury,0,2,unsafe speed,rear end,no,no,no,0,0,0,0,0,0,Passenger Car/Station Wagon,SAN BERNARDINO
92251848,2023-09-30,9,19,6,fatal injury,1,1,other hazardous violation,rear end,no,no,no,0,0,0,0,0,0,Other Vehicle,KERN
92251851,2023-11-10,11,19,5,minor injury,0,1,DUI,overturned,no,no,no,0,0,0,0,0,0,Pickup or Panel Truck,SAN DIEGO
92251852,2023-11-28,11,16,2,minor injury,0,1,automobile right of way,other,no,yes,no,0,1,0,0,0,0,Not Stated,DEL NORTE
92251858,2023-11-23,11,18,4,severe injury,0,2,DUI,head-on,no,no,no,0,0,0,0,0,0,Passenger Car/Station Wagon,RIVERSIDE
92251861,2023-11-26,11,13,7,possible injury,0,1,unsafe speed,rear end,no,no,no,0,0,0,0,0,0,Passenger Car/Station Wagon,MONTEREY
92251864,2023-11-21,11,20,2,severe injury,0,1,pedestrian violation,vehicle/pedestrian,yes,no,no,1,0,0,0,0,0,Pedestrian,SACRAMENTO
92251869,2023-11-26,11,17,7,possible injury,0,1,unsafe speed,rear end,no,no,no,0,0,0,0,0,0,Passenger Car/Station Wagon,FRESNO
92251871,2023-11-19,11,13,7,minor injury,0,1,improper turning,hit object,no,no,no,0,0,0,0,0,0,Passenger Car/Station Wagon,CONTRA COSTA
92251877,2023-11-25,11,14,6,minor injury,0,1,improper turning,overturned,no,no,yes,0,0,1,0,0,0,Motorcycle/Scooter,YUBA
92251878,2023-10-26,10,15,4,fatal injury,1,0,DUI,hit object,no,no,no,0,0,0,0,0,0,Pickup or Panel Truck,TRINITY
92251879,2023-11-24,11,1,5,minor injury,0,1,unknown,hit object,no,no,no,0,0,0,0,0,0,Passenger Car/Station Wagon,KERN
92251883,2023-11-19,11,9,7,minor injury,0,1,unsafe lane change,sideswipe,no,no,no,0,0,0,0,0,0,Not Stated,LOS ANGELES
92251885,2023-11-25,11,12,6,possible injury,0,1,unsafe speed,rear end,no,no,no,0,0,0,0,0,0,Passenger Car/Station Wagon,LOS ANGELES
92251886,2023-12-02,12,23,6,minor injury,0,1,unsafe speed,hit object,no,no,no,0,0,0,0,0,0,Passenger Car/Station Wagon,ALAMEDA
92251889,2023-11-22,11,14,3,minor injury,0,1,unsafe speed,rear end,no,no,yes,0,0,1,0,0,0,Motorcycle/Scooter,LOS ANGELES
92251890,2023-11-25,11,16,6,possible injury,0,4,unsafe speed,rear end,no,no,no,0,0,0,0,0,0,Passenger Car/Station Wagon,RIVERSIDE
92251894,2023-11-17,11,13,5,minor injury,0,1,improper passing,sideswipe,no,no,no,0,0,0,0,0,0,Truck or Truck Tractor with Trailer,SAN JOAQUIN
92251896,2023-11-29,11,10,3,possible injury,0,1,unsafe speed,broadside,no,no,no,0,0,0,0,0,0,Passenger Car/Station Wagon,SONOMA
92251897,2023-11-28,11,18,2,possible injury,0,1,DUI,rear end,no,no,no,0,0,0,0,0,0,Passenger Car/Station Wagon,SAN MATEO
92251898,2023-11-29,11,10,3,possible injury,0,6,automobile right of way,broadside,no,no,no,0,0,0,0,0,0,Passenger Car/Station Wagon,FRESNO
92251900,2023-11-18,11,13,6,possible injury,0,1,unsafe speed,rear end,no,no,no,0,0,0,0,0,0,Passenger Car/Station Wagon,SAN DIEGO
92251902,2023-11-23,11,13,4,minor injury,0,4,improper turning,sideswipe,no,no,no,0,0,0,0,0,0,Passenger Car/Station Wagon,SAN BERNARDINO
92251909,2023-11-13,11,3,1,minor injury,0,1,improper turning,hit object,no,no,no,0,0,0,0,0,0,Not Stated,SAN JOAQUIN
92251914,2023-11-22,11,22,3,possible injury,0,1,improper turning,hit object,no,no,no,0,0,0,0,0,0,Passenger Car/Station Wagon,ORANGE
92251920,2023-11-09,11,18,4,possible injury,0,1,traffic signs,broadside,no,no,no,0,0,0,0,0,0,Passenger Car/Station Wagon,SAN DIEGO
92251925,2023-11-15,11,7,3,possible injury,0,1,automobile right of way,broadside,no,no,yes,0,0,0,0,0,0,Passenger Car/Station Wagon,SAN JOAQUIN
92251926,2023-12-01,12,8,5,possible injury,0,1,unsafe speed,rear end,no,no,no,0,0,0,0,0,0,Passenger Car/Station Wagon,LOS ANGELES
92251927,2023-11-24,11,0,5,possible injury,0,1,other than driver or pedestrian,other,no,no,no,0,0,0,0,0,0,Not Stated,PLACER
92251930,2023-11-22,11,22,3,possible injury,0,1,unsafe lane change,sideswipe,no,no,no,0,0,0,0,0,0,Not Stated,LOS ANGELES
92251931,2023-11-20,11,9,1,possible injury,0,1,unsafe speed,rear end,no,no,no,0,0,0,0,0,0,Passenger Car/Station Wagon,SAN MATEO
92251932,2023-11-30,11,13,4,possible injury,0,1,improper turning,broadside,no,no,no,0,0,0,0,0,0,Pickup or Panel Truck with Trailer,FRESNO
92251933,2023-11-28,11,17,2,possible injury,0,3,unsafe speed,rear end,no,no,no,0,0,0,0,0,0,Passenger Car/Station Wagon,FRESNO
92251938,2023-11-18,11,12,6,possible injury,0,1,improper turning,sideswipe,no,no,no,0,0,0,0,0,0,Passenger Car/Station Wagon,STANISLAUS
92251939,2023-11-28,11,13,2,possible injury,0,1,unsafe speed,rear end,no,no,no,0,0,0,0,0,0,Truck or Truck Tractor with Trailer,STANISLAUS
92251940,2023-11-18,11,16,6,severe injury,0,1,DUI,hit object,no,no,no,0,0,0,0,0,0,Pickup or Panel Truck,SAN JOAQUIN
92251941,2023-11-22,11,15,3,possible injury,0,1,unsafe speed,rear end,no,no,no,0,0,0,0,0,0,Passenger Car/Station Wagon,STANISLAUS
92251945,2023-11-24,11,22,5,minor injury,0,2,improper turning,overturned,no,no,no,0,0,0,0,0,0,Passenger Car/Station Wagon,PLACER
92251948,2023-11-19,11,19,7,possible injury,0,2,automobile right of way,broadside,no,no,no,0,0,0,0,0,0,Pickup or Panel Truck,SAN JOAQUIN
92251959,2023-11-24,11,9,5,minor injury,0,1,improper turning,hit object,no,no,no,0,0,0,0,0,0,Passenger Car/Station Wagon,STANISLAUS
92251961,2023-11-25,11,17,6,minor injury,0,2,automobile right of way,broadside,no,no,no,0,0,0,0,0,0,Pickup or Panel Truck,SACRAMENTO
92251963,2023-11-11,11,17,6,possible injury,0,1,improper turning,hit object,no,no,no,0,0,0,0,0,0,Passenger Car/Station Wagon,LOS ANGELES
92251964,2023-11-24,11,19,5,minor injury,0,1,DUI,hit object,no,no,no,0,0,0,0,0,0,Passenger Car/Station Wagon,CONTRA COSTA
92251965,2023-11-30,11,22,4,possible injury,0,1,unsafe speed,head-on,no,no,no,0,0,0,0,0,0,Passenger Car/Station Wagon,ALPINE
92251968,2023-11-12,11,20,7,possible injury,0,1,unsafe lane change,sideswipe,no,no,no,0,0,0,0,0,0,Passenger Car/Station Wagon,LOS ANGELES
92251969,2023-11-22,11,7,3,possible injury,0,3,pedestrian violation,vehicle/pedestrian,yes,no,no,1,0,0,0,0,0,Pedestrian,SANTA BARBARA
92251970,2023-11-27,11,20,1,possible injury,0,1,improper turning,hit object,no,no,no,0,0,0,0,0,0,Passenger Car/Station Wagon,RIVERSIDE
92251972,2023-11-21,11,15,2,possible injury,0,2,unsafe speed,rear end,no,no,no,0,0,0,0,0,0,Not Stated,SAN JOAQUIN
92251977,2023-11-10,11,0,5,minor injury,0,2,DUI,rear end,yes,no,no,1,0,0,0,0,0,Passenger Car/Station Wagon,CONTRA COSTA
92251979,2023-11-20,11,3,1,possible injury,0,2,improper turning,sideswipe,no,no,no,0,0,0,0,0,0,Passenger Car/Station Wagon,SAN JOAQUIN
92251983,2023-11-18,11,11,6,possible injury,0,1,unsafe speed,rear end,no,no,no,0,0,0,0,0,0,Passenger Car/Station Wagon,ORANGE
92251986,2023-11-24,11,5,5,possible injury,0,1,improper turning,hit object,no,no,no,0,0,0,0,0,0,Pickup or Panel Truck,SACRAMENTO
92251990,2023-11-20,11,21,1,minor injury,0,3,DUI,rear end,no,no,no,0,0,0,0,0,0,Passenger Car/Station Wagon,SAN JOAQUIN
92251993,2023-11-09,11,22,4,minor injury,0,1,improper turning,hit object,no,no,no,0,0,0,0,0,0,Pickup or Panel Truck,SAN JOAQUIN
92251995,2023-12-01,12,8,5,minor injury,0,1,unsafe speed,overturned,no,no,yes,0,0,1,0,0,0,Motorcycle/Scooter,SAN DIEGO
92251996,2023-11-23,11,19,4,severe injury,0,1,unsafe lane change,sideswipe,no,no,yes,0,0,1,0,0,0,Passenger Car/Station Wagon,ORANGE
92251997,2023-11-13,11,22,1,minor injury,0,3,unsafe speed,rear end,no,no,no,0,0,0,0,0,0,Passenger Car/Station Wagon,SAN JOAQUIN
92251998,2023-11-04,11,2,6,possible injury,0,1,unsafe speed,hit object,no,no,no,0,0,0,0,0,0,Passenger Car/Station Wagon,SANTA CRUZ
92252000,2023-11-18,11,5,6,possible injury,0,2,unsafe speed,rear end,no,no,no,0,0,0,0,0,0,Not Stated,SAN JOAQUIN
92252004,2023-11-22,11,12,3,possible injury,0,1,following too closely,rear end,no,no,no,0,0,0,0,0,0,Passenger Car/Station Wagon,SAN JOAQUIN
92252006,2023-11-22,11,7,3,minor injury,0,2,unsafe speed,rear end,no,no,no,0,0,0,0,0,0,Passenger Car/Station Wagon,RIVERSIDE
92252010,2023-11-11,11,11,6,severe injury,0,1,improper turning,hit object,no,no,no,0,0,0,0,0,0,Passenger Car/Station Wagon,RIVERSIDE
92252017,2023-12-02,12,12,6,possible injury,0,1,automobile right of way,broadside,no,no,no,0,0,0,0,0,0,Passenger Car/Station Wagon,TUOLUMNE
92252020,2023-11-25,11,6,6,severe injury,0,2,unsafe lane change,sideswipe,no,no,no,0,0,0,0,0,0,Passenger Car/Station Wagon,RIVERSIDE
92252021,2023-11-26,11,18,7,possible injury,0,1,improper turning,hit object,no,no,no,0,0,0,0,0,0,Passenger Car/Station Wagon,ORANGE
92252026,2023-11-22,11,18,3,minor injury,0,1,improper turning,hit object,no,no,no,0,0,0,0,0,0,Passenger Car/Station Wagon,SAN BENITO
92252028,2023-11-24,11,8,5,severe injury,0,1,automobile right of way,vehicle/pedestrian,yes,no,no,1,0,0,0,0,0,Pickup or Panel Truck,MADERA
92252029,2023-11-30,11,11,4,minor injury,0,1,unsafe speed,rear end,no,no,no,0,0,0,0,0,0,Passenger Car/Station Wagon,SAN BERNARDINO
92252030,2023-11-07,11,8,2,possible injury,0,1,unsafe speed,rear end,no,no,no,0,0,0,0,0,0,Not Stated,ORANGE
92252031,2023-12-02,12,15,6,possible injury,0,4,automobile right of way,broadside,no,no,no,0,0,0,0,0,0,Passenger Car/Station Wagon,FRESNO
92252033,2023-11-26,11,12,7,minor injury,0,3,improper turning,rear end,no,no,no,0,0,0,0,0,0,Passenger Car/Station Wagon,RIVERSIDE
92252034,2023-11-25,11,18,6,minor injury,0,3,automobile right of way,broadside,no,no,no,0,0,0,0,0,0,Passenger Car/Station Wagon,LAKE
92252035,2023-11-24,11,18,5,possible injury,0,1,unsafe speed,rear end,no,no,no,0,0,0,0,0,0,Passenger Car/Station Wagon,ALAMEDA
92252036,2023-11-22,11,17,3,possible injury,0,1,unsafe speed,rear end,no,no,no,0,0,0,0,0,0,Passenger Car/Station Wagon,LOS ANGELES
92252038,2023-11-26,11,12,7,minor injury,0,1,DUI,overturned,no,no,no,0,0,0,0,0,0,Pickup or Panel Truck,LAKE
92252042,2023-11-24,11,20,5,minor injury,0,1,unsafe speed,rear end,no,no,no,0,0,0,0,0,0,Passenger Car/Station Wagon,ORANGE
92252043,2023-11-23,11,15,4,minor injury,0,2,improper turning,rear end,no,no,no,0,0,0,0,0,0,Passenger Car/Station Wagon,ORANGE
92252047,2023-12-02,12,17,6,possible injury,0,3,unsafe speed,rear end,no,no,no,0,0,0,0,0,0,Passenger Car/Station Wagon,FRESNO
92252053,2023-11-27,11,18,1,possible injury,0,1,DUI,sideswipe,no,no,no,0,0,0,0,0,0,Passenger Car/Station Wagon,CONTRA COSTA
92252054,2023-11-26,11,17,7,severe injury,0,2,DUI,broadside,no,no,no,0,0,0,0,0,0,Passenger Car/Station Wagon,MONTEREY
92252057,2023-11-29,11,17,3,possible injury,0,1,unknown,broadside,no,no,no,0,0,0,0,0,0,Not Stated,FRESNO
92252058,2023-11-28,11,17,2,possible injury,0,1,unsafe lane change,head-on,no,no,no,0,0,0,0,0,0,Passenger Car/Station Wagon,LAKE
92252066,2023-11-27,11,9,1,possible injury,0,1,unsafe speed,rear end,no,no,no,0,0,0,0,0,0,Passenger Car/Station Wagon,RIVERSIDE
92252067,2023-11-19,11,21,7,possible injury,0,2,unsafe speed,rear end,no,no,no,0,0,0,0,0,0,Passenger Car/Station Wagon,SAN MATEO
92252068,2023-11-25,11,19,6,possible injury,0,1,unsafe speed,rear end,no,no,no,0,0,0,0,0,0,Passenger Car/Station Wagon,LOS ANGELES
92252069,2023-11-30,11,8,4,minor injury,0,2,unsafe lane change,rear end,no,no,no,0,0,0,0,0,0,Passenger Car/Station Wagon,SAN BERNARDINO
92252070,2023-11-22,11,11,3,possible injury,0,1,traffic signs,broadside,no,no,no,0,0,0,0,0,0,Passenger Car/Station Wagon,RIVERSIDE
92252072,2023-11-21,11,10,2,possible injury,0,1,other than driver or pedestrian,hit object,no,no,no,0,0,0,0,0,0,Not Stated,SAN JOAQUIN
92252074,2023-11-25,11,20,6,severe injury,0,1,DUI,hit object,no,no,no,0,0,0,0,0,0,Passenger Car/Station Wagon,RIVERSIDE
92252075,2023-11-22,11,10,3,minor injury,0,1,automobile right of way,broadside,no,no,no,0,0,0,0,0,0,Emergency Vehicle,SAN DIEGO
92252078,2023-11-22,11,9,3,severe injury,0,1,improper turning,hit object,no,no,no,0,0,0,0,0,0,Not Stated,NEVADA
92252079,2023-11-30,11,14,4,minor injury,0,1,unsafe speed,rear end,no,no,no,0,0,0,0,0,0,Pickup or Panel Truck,EL DORADO
92252080,2023-12-01,12,6,5,possible injury,0,1,improper turning,overturned,no,no,no,0,0,0,0,0,0,Pickup or Panel Truck,LOS ANGELES
92252086,2023-11-21,11,15,2,possible injury,0,1,unsafe speed,rear end,no,no,no,0,0,0,0,0,0,Not Stated,SAN JOAQUIN
92252087,2023-09-09,9,3,6,minor injury,0,1,DUI,hit object,no,no,no,0,0,0,0,0,0,Passenger Car/Station Wagon,ALAMEDA
92252089,2023-11-15,11,15,3,severe injury,0,1,unsafe speed,hit object,no,no,yes,0,0,1,0,0,0,Motorcycle/Scooter,NAPA
92252092,2023-11-23,11,20,4,possible injury,0,1,improper turning,hit object,no,no,no,0,0,0,0,0,0,Pickup or Panel Truck,NAPA
92252093,2023-12-02,12,1,6,possible injury,0,1,improper turning,hit object,no,no,no,0,0,0,0,0,0,Truck or Truck Tractor,SAN BERNARDINO
92252095,2023-12-04,12,5,1,possible injury,0,1,unsafe speed,rear end,no,no,yes,0,0,0,0,0,0,Passenger Car/Station Wagon,ALAMEDA
92252096,2023-11-22,11,19,3,minor injury,0,1,unsafe speed,rear end,no,no,no,0,0,0,0,0,0,Not Stated,EL DORADO
92252098,2023-11-10,11,17,5,possible injury,0,2,unsafe speed,rear end,no,no,no,0,0,0,0,0,0,Emergency Vehicle,SAN BERNARDINO
92252099,2023-11-22,11,10,3,minor injury,0,1,unsafe speed,rear end,no,no,no,0,0,0,0,0,0,Passenger Car/Station Wagon,RIVERSIDE
92252105,2023-11-02,11,13,4,possible injury,0,1,improper turning,broadside,no,no,no,0,0,0,0,0,0,Passenger Car/Station Wagon,SANTA CLARA
92252114,2023-11-14,11,14,2,severe injury,0,2,wrong side of road,head-on,no,no,no,0,0,0,0,0,0,Pickup or Panel Truck,LAKE
92252116,2023-11-22,11,10,3,possible injury,0,1,unsafe speed,rear end,no,no,no,0,0,0,0,0,0,Passenger Car/Station Wagon,ALAMEDA
92252117,2023-11-12,11,17,7,severe injury,0,1,DUI,hit object,no,no,no,0,0,0,0,0,0,Pickup or Panel Truck,CONTRA COSTA
92252119,2023-11-23,11,3,4,minor injury,0,4,improper turning,hit object,no,no,no,0,0,0,0,0,0,Passenger Car/Station Wagon,ALAMEDA
92252121,2023-11-26,11,19,7,possible injury,0,2,unsafe speed,rear end,no,no,no,0,0,0,0,0,0,Passenger Car/Station Wagon,RIVERSIDE
92252124,2023-11-26,11,17,7,possible injury,0,1,improper turning,hit object,no,no,no,0,0,0,0,0,0,Passenger Car/Station Wagon,SAN BERNARDINO