CASE_ID,COLLISION_DATE,MONTH,HOUR,DAY_OF_WEEK,COLLISION_SEVERITY,NUMBER_KILLED,NUMBER_INJURED,PCF_VIOL_CATEGORY,TYPE_OF_COLLISION,PEDESTRIAN_ACCIDENT,BICYCLE_ACCIDENT,MOTORCYCLE_ACCIDENT,COUNT_PED_INJURED,COUNT_BICYCLIST_INJURED,COUNT_MC_INJURED,COUNT_PED_KILLED,COUNT_BICYCLIST_KILLED,COUNT_MC_KILLED,STWD_VEHTYPE_AT_FAULT,COUNTY
92259677,2023-11-30,11,15,4,minor injury,0,2,unsafe speed,rear end,no,no,no,0,0,0,0,0,0,Passenger Car/Station Wagon,LOS ANGELES
92259683,2023-03-31,3,22,5,fatal injury,1,1,DUI,head-on,no,no,no,0,0,0,0,0,0,Passenger Car/Station Wagon,VENTURA
92259685,2023-11-30,11,11,4,possible injury,0,1,unsafe speed,overturned,no,no,yes,0,0,1,0,0,0,Motorcycle/Scooter,SANTA CRUZ
92259691,2023-11-19,11,0,7,severe injury,0,5,DUI,rear end,no,no,no,0,0,0,0,0,0,Passenger Car/Station Wagon,SAN DIEGO
92259692,2023-12-05,12,8,2,minor injury,0,1,unsafe speed,rear end,no,no,no,0,0,0,0,0,0,Passenger Car/Station Wagon,TULARE
92259694,2023-12-02,12,20,6,possible injury,0,1,traffic signs,broadside,no,no,no,0,0,0,0,0,0,Passenger Car/Station Wagon,SACRAMENTO
92259695,2023-12-01,12,17,5,minor injury,0,3,unsafe lane change,sideswipe,no,no,no,0,0,0,0,0,0,Not Stated,LOS ANGELES
92259696,2023-11-30,11,4,4,severe injury,0,1,other than driver or pedestrian,hit object,no,no,yes,0,0,1,0,0,0,Not Stated,BUTTE
92259697,2023-12-04,12,17,1,possible injury,0,1,other improper driving,other,no,no,no,0,0,0,0,0,0,Passenger Car/Station Wagon,SAN DIEGO
92259702,2023-12-05,12,15,2,severe injury,0,4,DUI,broadside,no,no,no,0,0,0,0,0,0,Pickup or Panel Truck,SAN BERNARDINO
92259704,2023-11-28,11,17,2,possible injury,0,1,unsafe speed,rear end,no,no,no,0,0,0,0,0,0,Passenger Car/Station Wagon,LOS ANGELES
92259705,2023-11-30,11,16,4,possible injury,0,1,improper turning,head-on,no,no,no,0,0,0,0,0,0,Pickup or Panel Truck,SAN DIEGO
92259706,2023-12-05,12,6,2,severe injury,0,3,wrong side of road,head-on,no,no,no,0,0,0,0,0,0,Passenger Car/Station Wagon,SAN BERNARDINO
92259707,2023-12-05,12,13,2,possible injury,0,1,traffic signs,broadside,no,no,no,0,0,0,0,0,0,Passenger Car/Station Wagon,TULARE
92259721,2023-12-02,12,18,6,minor injury,0,1,unsafe lane change,sideswipe,no,no,no,0,0,0,0,0,0,Passenger Car/Station Wagon,CONTRA COSTA
92259722,2023-12-05,12,17,2,minor injury,0,1,unsafe speed,rear end,no,no,no,0,0,0,0,0,0,Not Stated,LOS ANGELES
92259723,2023-11-27,11,2,1,severe injury,0,1,improper turning,hit object,no,no,no,0,0,0,0,0,0,Passenger Car/Station Wagon,SONOMA
92259725,2023-12-01,12,11,5,possible injury,0,2,unsafe speed,rear end,no,no,no,0,0,0,0,0,0,Passenger Car/Station Wagon,SANTA BARBARA
92259726,2023-11-30,11,18,4,severe injury,0,1,unsafe speed,overturned,no,no,yes,0,0,1,0,0,0,Motorcycle/Scooter,SAN DIEGO
92259729,2023-05-27,5,13,6,fatal injury,1,0,automobile right of way,broadside,no,no,yes,0,0,0,0,0,1,Passenger Car/Station Wagon,VENTURA
92259731,2023-12-06,12,18,3,possible injury,0,2,unsafe speed,rear end,no,no,no,0,0,0,0,0,0,Passenger Car/Station Wagon,SAN BERNARDINO
92259734,2023-12-06,12,4,3,minor injury,0,2,other than driver or pedestrian,hit object,no,no,no,0,0,0,0,0,0,Not Stated,BUTTE
92259736,2023-12-05,12,7,2,minor injury,0,1,unsafe speed,rear end,no,no,no,0,0,0,0,0,0,Passenger Car/Station Wagon,LOS ANGELES
92259737,2023-12-02,12,4,6,possible injury,0,1,improper turning,hit object,no,no,no,0,0,0,0,0,0,Pickup or Panel Truck,VENTURA
92259740,2023-11-27,11,21,1,possible injury,0,1,DUI,rear end,no,no,no,0,0,0,0,0,0,Pickup or Panel Truck,SAN JOAQUIN
92259741,2023-12-07,12,18,4,severe injury,0,1,unsafe speed,rear end,no,yes,no,0,1,0,0,0,0,Passenger Car/Station Wagon,YUBA
92259744,2023-12-11,12,7,1,possible injury,0,1,unsafe speed,rear end,no,no,no,0,0,0,0,0,0,Passenger Car/Station Wagon,LOS ANGELES
92259748,2023-11-30,11,11,4,possible injury,0,1,unsafe speed,rear end,no,no,no,0,0,0,0,0,0,Passenger Car/Station Wagon,LOS ANGELES
92259749,2023-12-05,12,2,2,minor injury,0,2,improper turning,hit object,no,no,no,0,0,0,0,0,0,Passenger Car/Station Wagon,SAN BERNARDINO
92259755,2023-11-29,11,13,3,minor injury,0,1,unknown,sideswipe,no,no,no,0,0,0,0,0,0,Not Stated,LOS ANGELES
92259757,2023-12-05,12,19,2,minor injury,0,3,automobile right of way,broadside,no,no,no,0,0,0,0,0,0,Passenger Car/Station Wagon,SAN DIEGO
92259760,2023-12-07,12,14,4,severe injury,0,2,improper turning,hit object,no,no,no,0,0,0,0,0,0,Passenger Car/Station Wagon,ALAMEDA
92259761,2023-11-30,11,18,4,possible injury,0,1,unsafe speed,rear end,no,no,no,0,0,0,0,0,0,Passenger Car/Station Wagon,LOS ANGELES
92259763,2023-11-30,11,11,4,minor injury,0,1,DUI,hit object,no,no,no,0,0,0,0,0,0,Pickup or Panel Truck,SUTTER
92259766,2023-12-10,12,14,7,minor injury,0,1,improper turning,hit object,no,no,no,0,0,0,0,0,0,Passenger Car/Station Wagon,SACRAMENTO
92259768,2023-12-01,12,16,5,minor injury,0,1,improper turning,sideswipe,no,no,yes,0,0,1,0,0,0,Motorcycle/Scooter,RIVERSIDE
92259770,2023-12-04,12,9,1,minor injury,0,1,improper turning,overturned,no,no,no,0,0,0,0,0,0,Pickup or Panel Truck,SUTTER
92259772,2023-12-01,12,16,5,possible injury,0,2,unsafe speed,rear end,no,no,no,0,0,0,0,0,0,Passenger Car/Station Wagon,RIVERSIDE
92259773,2023-11-29,11,17,3,severe injury,0,1,improper turning,hit object,no,no,no,0,0,0,0,0,0,Passenger Car/Station Wagon,CALAVERAS
92259776,2023-12-01,12,20,5,possible injury,0,1,automobile right of way,broadside,no,no,no,0,0,0,0,0,0,Passenger Car/Station Wagon,SAN DIEGO
92259778,2023-12-11,12,11,1,minor injury,0,1,unsafe speed,rear end,no,no,no,0,0,0,0,0,0,Passenger Car/Station Wagon,SACRAMENTO
92259781,2023-11-29,11,18,3,possible injury,0,1,pedestrian right of way,vehicle/pedestrian,yes,no,no,1,0,0,0,0,0,Not Stated,LOS ANGELES
92259794,2023-12-01,12,18,5,possible injury,0,1,unsafe speed,rear end,no,no,no,0,0,0,0,0,0,Passenger Car/Station Wagon,RIVERSIDE
92259802,2023-12-04,12,14,1,severe injury,0,3,DUI,head-on,no,no,no,0,0,0,0,0,0,Not Stated,TEHAMA
92259803,2023-12-02,12,16,6,possible injury,0,1,wrong side of road,sideswipe,no,no,no,0,0,0,0,0,0,Passenger Car/Station Wagon,MENDOCINO
92259805,2023-12-06,12,18,3,minor injury,0,3,automobile right of way,broadside,no,no,no,0,0,0,0,0,0,Not Stated,CALAVERAS
92259807,2023-12-06,12,21,3,possible injury,0,1,improper turning,hit object,no,no,no,0,0,0,0,0,0,Passenger Car/Station Wagon,CALAVERAS
92259809,2023-11-30,11,14,4,possible injury,0,1,unsafe speed,rear end,no,no,no,0,0,0,0,0,0,Passenger Car/Station Wagon,LOS ANGELES
92259810,2023-10-29,10,12,7,possible injury,0,1,unsafe speed,rear end,no,no,no,0,0,0,0,0,0,Passenger Car/Station Wagon,SAN BERNARDINO
92259811,2023-12-08,12,15,5,possible injury,0,3,unsafe speed,rear end,no,no,no,0,0,0,0,0,0,Passenger Car/Station Wagon,ALAMEDA
92259815,2023-12-04,12,14,1,minor injury,0,1,improper passing,sideswipe,no,no,yes,0,0,1,0,0,0,Motorcycle/Scooter,RIVERSIDE
92259816,2023-12-11,12,8,1,possible injury,0,1,unsafe speed,rear end,no,no,no,0,0,0,0,0,0,Passenger Car/Station Wagon,ALAMEDA
92259818,2023-12-01,12,5,5,possible injury,0,1,unsafe speed,rear end,no,no,no,0,0,0,0,0,0,Passenger Car/Station Wagon,LOS ANGELES
92259819,2023-12-02,12,15,6,possible injury,0,1,improper turning,hit object,no,no,no,0,0,0,0,0,0,Passenger Car/Station Wagon,RIVERSIDE
92259820,2023-12-08,12,18,5,possible injury,0,1,unsafe speed,rear end,no,no,no,0,0,0,0,0,0,Passenger Car/Station Wagon,LOS ANGELES
92259821,2023-12-11,12,9,1,possible injury,0,1,improper turning,hit object,no,no,no,0,0,0,0,0,0,Passenger Car/Station Wagon,ALAMEDA
92259823,2023-12-02,12,0,6,minor injury,0,1,DUI,hit object,no,no,no,0,0,0,0,0,0,Passenger Car/Station Wagon,SAN DIEGO
92259824,2023-12-07,12,2,4,minor injury,0,1,improper turning,hit object,no,no,no,0,0,0,0,0,0,Passenger Car/Station Wagon,CALAVERAS
92259825,2023-11-19,11,2,7,possible injury,0,1,improper turning,rear end,no,no,no,0,0,0,0,0,0,Passenger Car/Station Wagon,KERN
92259829,2023-12-03,12,10,7,possible injury,0,1,unsafe speed,overturned,no,no,yes,0,0,1,0,0,0,Motorcycle/Scooter,CONTRA COSTA
92259830,2023-12-01,12,22,5,minor injury,0,1,DUI,hit object,no,no,no,0,0,0,0,0,0,Pickup or Panel Truck,RIVERSIDE
92259836,2023-12-08,12,18,5,possible injury,0,1,unsafe speed,rear end,no,no,no,0,0,0,0,0,0,Passenger Car/Station Wagon,LOS ANGELES
92259837,2023-12-10,12,21,7,minor injury,0,2,DUI,broadside,no,no,no,0,0,0,0,0,0,Passenger Car/Station Wagon,SAN BERNARDINO
92259841,2023-12-09,12,16,6,minor injury,0,1,improper turning,hit object,no,no,no,0,0,0,0,0,0,Passenger Car/Station Wagon,SOLANO
92259846,2023-12-08,12,4,5,minor injury,0,1,improper turning,hit object,no,no,no,0,0,0,0,0,0,Passenger Car/Station Wagon,LOS ANGELES
92259861,2023-12-02,12,19,6,possible injury,0,2,unsafe speed,rear end,no,no,no,0,0,0,0,0,0,Passenger Car/Station Wagon,LOS ANGELES
92259862,2023-12-09,12,13,6,possible injury,0,1,unsafe speed,rear end,no,no,no,0,0,0,0,0,0,Passenger Car/Station Wagon,SOLANO
92259864,2023-12-03,12,4,7,minor injury,0,2,unsafe speed,overturned,no,no,no,0,0,0,0,0,0,Passenger Car/Station Wagon,KINGS
92259875,2023-12-03,12,23,7,possible injury,0,1,improper turning,hit object,no,no,no,0,0,0,0,0,0,Passenger Car/Station Wagon,CONTRA COSTA
92259878,2023-11-13,11,11,1,possible injury,0,1,automobile right of way,broadside,no,no,no,0,0,0,0,0,0,Passenger Car/Station Wagon,LOS ANGELES
92259883,2023-12-03,12,17,7,possible injury,0,2,unknown,sideswipe,no,no,no,0,0,0,0,0,0,Not Stated,SACRAMENTO
92259886,2023-12-05,12,5,2,possible injury,0,1,improper turning,hit object,no,no,no,0,0,0,0,0,0,Passenger Car/Station Wagon,MENDOCINO
92259889,2023-12-02,12,18,6,minor injury,0,2,DUI,head-on,no,no,no,0,0,0,0,0,0,Truck or Truck Tractor,MENDOCINO
92259897,2023-12-04,12,19,1,possible injury,0,1,unsafe speed,rear end,no,no,no,0,0,0,0,0,0,Not Stated,SACRAMENTO
92259903,2023-08-27,8,13,7,fatal injury,1,0,unsafe speed,rear end,no,no,yes,0,0,0,0,0,1,Motorcycle/Scooter,KERN
92259907,2023-12-05,12,5,2,minor injury,0,1,unknown,broadside,no,no,no,0,0,0,0,0,0,Not Stated,SAN BERNARDINO
92259911,2023-10-20,10,1,5,possible injury,0,1,unsafe speed,rear end,no,no,no,0,0,0,0,0,0,Passenger Car/Station Wagon,SAN DIEGO
92259913,2023-12-01,12,15,5,possible injury,0,2,unsafe speed,rear end,no,no,no,0,0,0,0,0,0,Passenger Car/Station Wagon,SANTA CLARA
92259917,2023-11-06,11,3,1,fatal injury,1,1,wrong side of road,head-on,no,no,no,0,0,0,0,0,0,Passenger Car/Station Wagon,YUBA
92259919,2023-11-30,11,22,4,minor injury,0,1,improper turning,overturned,no,no,yes,0,0,1,0,0,0,Motorcycle/Scooter,ALAMEDA
92259924,2023-11-30,11,7,4,possible injury,0,1,unknown,sideswipe,no,yes,no,0,1,0,0,0,0,Pickup or Panel Truck,SAN DIEGO
92259927,2023-12-01,12,6,5,minor injury,0,1,improper turning,head-on,no,no,no,0,0,0,0,0,0,Passenger Car/Station Wagon,SANTA CRUZ
92259928,2023-12-12,12,6,2,minor injury,0,1,unsafe lane change,sideswipe,no,no,no,0,0,0,0,0,0,Passenger Car/Station Wagon,SACRAMENTO
92259930,2023-12-02,12,20,6,severe injury,0,1,improper turning,hit object,no,no,no,0,0,0,0,0,0,Passenger Car/Station Wagon,ALAMEDA
92259931,2023-12-09,12,14,6,possible injury,0,2,unsafe speed,rear end,no,no,no,0,0,0,0,0,0,Passenger Car/Station Wagon,FRESNO
92259934,2023-12-08,12,6,5,possible injury,0,2,automobile right of way,broadside,no,no,no,0,0,0,0,0,0,Passenger Car/Station Wagon,FRESNO
92259935,2023-12-08,12,7,5,possible injury,0,1,traffic signs,broadside,no,no,no,0,0,0,0,0,0,Passenger Car/Station Wagon,FRESNO
92259937,2023-12-04,12,0,1,possible injury,0,1,improper turning,rear end,no,no,no,0,0,0,0,0,0,Passenger Car/Station Wagon,SAN JOAQUIN
92259938,2023-09-23,9,18,6,minor injury,0,4,DUI,overturned,no,no,no,0,0,0,0,0,0,Passenger Car/Station Wagon,SAN DIEGO
92259940,2023-11-30,11,21,4,possible injury,0,2,unsafe speed,rear end,no,no,no,0,0,0,0,0,0,Passenger Car/Station Wagon,SAN JOAQUIN
92259942,2023-11-30,11,22,4,possible injury,0,1,DUI,sideswipe,no,no,no,0,0,0,0,0,0,Passenger Car/Station Wagon,LOS ANGELES
92259943,2023-12-03,12,13,7,minor injury,0,2,automobile right of way,broadside,no,no,no,0,0,0,0,0,0,Passenger Car/Station Wagon,SAN DIEGO
92259945,2023-12-07,12,14,4,possible injury,0,2,unsafe speed,rear end,no,no,no,0,0,0,0,0,0,Passenger Car/Station Wagon,SAN BERNARDINO
92259948,2023-12-04,12,8,1,minor injury,0,2,unsafe lane change,sideswipe,no,no,no,0,0,0,0,0,0,Passenger Car/Station Wagon,RIVERSIDE
92259949,2023-12-03,12,2,7,possible injury,0,1,improper turning,hit object,no,no,no,0,0,0,0,0,0,Passenger Car/Station Wagon,LOS ANGELES
92259959,2023-12-01,12,9,5,possible injury,0,1,unsafe speed,rear end,no,no,no,0,0,0,0,0,0,Passenger Car/Station Wagon,SAN JOAQUIN
92259963,2023-12-05,12,18,2,possible injury,0,1,other than driver or pedestrian,hit object,no,no,no,0,0,0,0,0,0,Not Stated,MADERA
92259968,2023-12-01,12,17,5,possible injury,0,1,unsafe speed,rear end,no,no,no,0,0,0,0,0,0,Passenger Car/Station Wagon,LOS ANGELES
92259973,2023-12-05,12,5,2,minor injury,0,1,improper turning,overturned,no,no,no,0,0,0,0,0,0,Not Stated,SAN DIEGO
92259976,2023-12-06,12,8,3,possible injury,0,1,improper turning,broadside,no,no,no,0,0,0,0,0,0,Passenger Car/Station Wagon,MADERA
92259977,2023-12-08,12,6,5,severe injury,0,1,unsafe speed,hit object,no,no,no,0,0,0,0,0,0,Not Stated,COLUSA
92259978,2023-12-01,12,18,5,minor injury,0,1,improper turning,sideswipe,no,no,yes,0,0,1,0,0,0,Passenger Car/Station Wagon,LOS ANGELES
92259979,2023-09-22,9,17,5,minor injury,0,1,unknown,broadside,no,yes,no,0,1,0,0,0,0,Not Stated,LOS ANGELES
92259980,2023-12-06,12,22,3,minor injury,0,1,improper turning,hit object,no,no,no,0,0,0,0,0,0,Passenger Car/Station Wagon,MADERA
92259982,2023-12-10,12,0,7,possible injury,0,1,unsafe lane change,rear end,no,no,no,0,0,0,0,0,0,Passenger Car/Station Wagon,SAN BERNARDINO
92259983,2023-12-01,12,17,5,possible injury,0,1,unsafe speed,rear end,no,no,no,0,0,0,0,0,0,Not Stated,SANTA CLARA
92259984,2023-12-01,12,13,5,possible injury,0,1,traffic signs,broadside,no,no,no,0,0,0,0,0,0,Passenger Car/Station Wagon,SAN JOAQUIN
92259985,2023-12-01,12,18,5,possible injury,0,1,unsafe speed,rear end,no,no,no,0,0,0,0,0,0,Passenger Car/Station Wagon,LOS ANGELES
92259987,2023-12-04,12,7,1,possible injury,0,1,unsafe lane change,sideswipe,no,no,no,0,0,0,0,0,0,Passenger Car/Station Wagon,SAN BERNARDINO
92259989,2023-12-08,12,11,5,minor injury,0,1,traffic signs,broadside,no,no,no,0,0,0,0,0,0,Truck or Truck Tractor with Trailer,MADERA
92259993,2023-12-03,12,22,7,minor injury,0,1,DUI,sideswipe,no,no,no,0,0,0,0,0,0,Passenger Car/Station Wagon,ALAMEDA
92259995,2023-12-03,12,3,7,severe injury,0,2,unsafe lane change,rear end,no,no,no,0,0,0,0,0,0,Pickup or Panel Truck,LOS ANGELES
92259998,2023-11-22,11,1,3,possible injury,0,1,DUI,hit object,no,no,no,0,0,0,0,0,0,Passenger Car/Station Wagon,MONTEREY
92260001,2023-12-07,12,1,4,minor injury,0,1,DUI,hit object,no,no,no,0,0,0,0,0,0,Pickup or Panel Truck,YUBA
92260003,2023-11-13,11,15,1,minor injury,0,5,unsafe speed,rear end,no,no,no,0,0,0,0,0,0,Passenger Car/Station Wagon,SAN BERNARDINO
92260005,2023-09-27,9,7,3,possible injury,0,1,improper turning,sideswipe,no,yes,no,0,1,0,0,0,0,Bicycle,LOS ANGELES
92260014,2023-10-30,10,10,1,fatal injury,1,0,improper turning,head-on,no,no,no,0,0,0,0,0,0,Passenger Car/Station Wagon,IMPERIAL
92260019,2023-12-02,12,16,6,possible injury,0,1,traffic signs,broadside,no,no,no,0,0,0,0,0,0,Pickup or Panel Truck,LOS ANGELES
92260020,2023-12-02,12,19,6,severe injury,0,1,DUI,hit object,no,no,no,0,0,0,0,0,0,Passenger Car/Station Wagon,FRESNO
92260021,2023-12-10,12,11,7,minor injury,0,1,improper turning,overturned,no,no,no,0,0,0,0,0,0,Pickup or Panel Truck,SAN BERNARDINO
92260023,2023-12-06,12,21,3,minor injury,0,1,DUI,hit object,no,no,no,0,0,0,0,0,0,Passenger Car/Station Wagon,RIVERSIDE
92260032,2023-12-07,12,6,4,severe injury,0,3,unsafe speed,rear end,no,no,no,0,0,0,0,0,0,Passenger Car/Station Wagon,SAN BERNARDINO
92260033,2023-12-01,12,17,5,possible injury,0,3,unsafe speed,rear end,no,no,no,0,0,0,0,0,0,Pickup or Panel Truck with Trailer,SAN JOAQUIN
92260040,2023-11-27,11,15,1,minor injury,0,1,automobile right of way,broadside,no,no,no,0,0,0,0,0,0,Passenger Car/Station Wagon,LAKE
92260042,2023-11-30,11,17,4,possible injury,0,1,unsafe speed,rear end,no,no,no,0,0,0,0,0,0,Truck or Truck Tractor with Trailer,SAN BERNARDINO
92260043,2023-12-03,12,12,7,possible injury,0,2,improper turning,broadside,no,no,no,0,0,0,0,0,0,Passenger Car/Station Wagon,SAN DIEGO
92260045,2023-12-03,12,22,7,minor injury,0,3,unsafe speed,rear end,no,no,no,0,0,0,0,0,0,Pickup or Panel Truck,SAN JOAQUIN
92260048,2023-12-11,12,14,1,minor injury,0,1,automobile right of way,broadside,no,no,no,0,0,0,0,0,0,Passenger Car/Station Wagon,FRESNO
92260049,2023-12-03,12,10,7,possible injury,0,1,unsafe speed,broadside,no,no,no,0,0,0,0,0,0,Passenger Car/Station Wagon,LOS ANGELES
92260050,2023-12-07,12,9,4,possible injury,0,1,traffic signs,broadside,no,no,no,0,0,0,0,0,0,Passenger Car/Station Wagon,RIVERSIDE
92260051,2023-11-29,11,6,3,severe injury,0,1,unsafe speed,rear end,no,no,yes,0,0,1,0,0,0,Motorcycle/Scooter,LOS ANGELES
92260054,2023-10-08,10,9,7,fatal injury,1,2,improper turning,hit object,no,no,no,0,0,0,0,0,0,Passenger Car/Station Wagon,LOS ANGELES
92260055,2023-12-03,12,6,7,minor injury,0,1,unsafe speed,hit object,no,no,no,0,0,0,0,0,0,Passenger Car/Station Wagon,LOS ANGELES
92260056,2023-12-01,12,18,5,possible injury,0,2,automobile right of way,broadside,no,no,no,0,0,0,0,0,0,Passenger Car/Station Wagon,SAN JOAQUIN
92260057,2023-12-03,12,17,7,severe injury,0,2,DUI,overturned,no,no,no,0,0,0,0,0,0,Passenger Car/Station Wagon,MONTEREY
92260059,2023-12-04,12,5,1,possible injury,0,1,improper turning,hit object,no,no,no,0,0,0,0,0,0,Passenger Car/Station Wagon,CONTRA COSTA
92260061,2023-12-01,12,19,5,possible injury,0,1,unsafe speed,rear end,no,no,no,0,0,0,0,0,0,Not Stated,LOS ANGELES
92260064,2023-12-01,12,19,5,possible injury,0,1,unsafe speed,rear end,no,no,no,0,0,0,0,0,0,Passenger Car/Station Wagon,SAN JOAQUIN
92260065,2023-12-03,12,0,7,possible injury,0,1,traffic signs,broadside,no,no,no,0,0,0,0,0,0,Passenger Car/Station Wagon,LOS ANGELES
92260067,2023-09-23,9,23,6,possible injury,0,5,improper turning,rear end,no,no,no,0,0,0,0,0,0,Passenger Car/Station Wagon,SAN BERNARDINO
92260072,2023-11-30,11,13,4,minor injury,0,1,automobile right of way,head-on,no,no,no,0,0,0,0,0,0,Passenger Car/Station Wagon,SAN DIEGO
92260073,2023-12-03,12,12,7,possible injury,0,3,unsafe speed,rear end,no,no,no,0,0,0,0,0,0,Passenger Car/Station Wagon,LOS ANGELES
92260075,2023-12-03,12,16,7,possible injury,0,1,traffic signs,broadside,no,no,no,0,0,0,0,0,0,Not Stated,LOS ANGELES
92260080,2023-12-04,12,17,1,possible injury,0,1,unsafe speed,rear end,no,no,no,0,0,0,0,0,0,Passenger Car/Station Wagon,SONOMA
92260085,2023-10-27,10,13,5,possible injury,0,1,unsafe speed,rear end,no,no,no,0,0,0,0,0,0,Passenger Car/Station Wagon,SAN BERNARDINO
92260086,2023-12-05,12,6,2,possible injury,0,1,improper turning,hit object,no,no,no,0,0,0,0,0,0,Passenger Car/Station Wagon,MONTEREY
92260094,2023-12-01,12,23,5,severe injury,0,1,other than driver or pedestrian,overturned,no,no,yes,0,0,1,0,0,0,Not Stated,SAN JOAQUIN
92260095,2023-12-03,12,14,7,possible injury,0,4,unsafe speed,rear end,no,no,no,0,0,0,0,0,0,Passenger Car/Station Wagon,LOS ANGELES
92260097,2023-12-01,12,14,5,possible injury,0,1,unsafe lane change,sideswipe,no,no,no,0,0,0,0,0,0,Not Stated,LOS ANGELES
92260103,2023-11-25,11,21,6,possible injury,0,1,unsafe speed,hit object,no,no,no,0,0,0,0,0,0,Passenger Car/Station Wagon,SAN MATEO
92260104,2023-12-09,12,15,6,possible injury,0,3,traffic signs,broadside,no,no,no,0,0,0,0,0,0,Passenger Car/Station Wagon,LOS ANGELES
92260105,2023-12-03,12,13,7,possible injury,0,1,unsafe lane change,overturned,no,no,yes,0,0,1,0,0,0,Not Stated,LOS ANGELES
92260110,2023-11-30,11,7,4,possible injury,0,1,unsafe speed,rear end,no,no,no,0,0,0,0,0,0,Pickup or Panel Truck with Trailer,SANTA CLARA
92260113,2023-11-29,11,16,3,possible injury,0,1,unsafe speed,rear end,no,no,no,0,0,0,0,0,0,Passenger Car/Station Wagon,SANTA CLARA
92260121,2023-12-04,12,12,1,minor injury,0,1,improper turning,sideswipe,no,no,no,0,0,0,0,0,0,Passenger Car/Station Wagon,LOS ANGELES
92260128,2023-12-11,12,15,1,minor injury,0,1,automobile right of way,broadside,no,no,no,0,0,0,0,0,0,Passenger Car/Station Wagon,LOS ANGELES
92260130,2023-12-06,12,16,3,possible injury,0,2,unsafe speed,rear end,no,no,no,0,0,0,0,0,0,Passenger Car/Station Wagon,ALAMEDA
92260132,2023-12-01,12,13,5,possible injury,0,1,improper turning,sideswipe,no,no,no,0,0,0,0,0,0,Not Stated,MERCED
92260133,2023-12-05,12,18,2,minor injury,0,1,unsafe speed,overturned,no,no,yes,0,0,1,0,0,0,Motorcycle/Scooter,LOS ANGELES
92260138,2023-12-04,12,18,1,severe injury,0,1,pedestrian right of way,vehicle/pedestrian,yes,no,no,1,0,0,0,0,0,Pickup or Panel Truck,MENDOCINO
92260143,2023-12-03,12,5,7,severe injury,0,2,unsafe speed,rear end,no,no,no,0,0,0,0,0,0,Passenger Car/Station Wagon,MARIN
92260146,2023-10-05,10,20,4,minor injury,0,4,unsafe speed,rear end,no,no,no,0,0,0,0,0,0,Passenger Car/Station Wagon,LOS ANGELES
92260149,2023-11-19,11,5,7,severe injury,0,4,unsafe speed,broadside,no,no,no,0,0,0,0,0,0,Passenger Car/Station Wagon,ALAMEDA
92260150,2023-12-02,12,7,6,possible injury,0,1,improper turning,hit object,no,no,no,0,0,0,0,0,0,Pickup or Panel Truck,SAN JOAQUIN
92260153,2023-12-03,12,14,7,possible injury,0,2,unsafe speed,rear end,no,no,no,0,0,0,0,0,0,Passenger Car with Trailer,LOS ANGELES
92260155,2023-12-04,12,8,1,possible injury,0,1,improper turning,sideswipe,no,no,no,0,0,0,0,0,0,Passenger Car/Station Wagon,SACRAMENTO
92260156,2023-12-12,12,10,2,minor injury,0,1,improper turning,overturned,no,no,no,0,0,0,0,0,0,Pickup or Panel Truck,CONTRA COSTA
92260159,2023-12-02,12,3,6,possible injury,0,1,improper turning,hit object,no,no,no,0,0,0,0,0,0,Passenger Car/Station Wagon,LOS ANGELES
92260162,2023-12-02,12,12,6,minor injury,0,1,improper turning,hit object,no,no,no,0,0,0,0,0,0,Pickup or Panel Truck with Trailer,SAN JOAQUIN
92260165,2023-12-04,12,8,1,minor injury,0,1,unsafe speed,rear end,no,no,no,0,0,0,0,0,0,Passenger Car/Station Wagon,SAN DIEGO
92260168,2023-11-30,11,17,4,possible injury,0,2,unsafe speed,rear end,no,no,no,0,0,0,0,0,0,Pickup or Panel Truck,SAN MATEO
92260172,2023-12-11,12,10,1,possible injury,0,1,improper turning,overturned,no,no,no,0,0,0,0,0,0,Passenger Car/Station Wagon,CALAVERAS
92260173,2023-12-04,12,9,1,minor injury,0,2,unsafe speed,rear end,no,no,no,0,0,0,0,0,0,Pickup or Panel Truck,VENTURA
92260177,2023-11-29,11,22,3,fatal injury,1,1,pedestrian violation,vehicle/pedestrian,yes,no,no,0,0,0,1,0,0,Pedestrian,STANISLAUS
92260179,2023-12-05,12,22,2,possible injury,0,1,improper passing,sideswipe,no,no,no,0,0,0,0,0,0,Passenger Car/Station Wagon,SAN BERNARDINO
92260181,2023-10-01,10,16,7,possible injury,0,2,unsafe speed,sideswipe,no,no,no,0,0,0,0,0,0,Passenger Car/Station Wagon,LOS ANGELES
92260184,2023-11-17,11,17,5,possible injury,0,1,unsafe speed,broadside,no,no,no,0,0,0,0,0,0,Passenger Car/Station Wagon,SAN MATEO
92260186,2023-12-02,12,12,6,possible injury,0,1,unsafe speed,rear end,no,no,no,0,0,0,0,0,0,Not Stated,SAN JOAQUIN
92260190,2023-11-30,11,19,4,possible injury,0,1,unsafe speed,rear end,no,no,no,0,0,0,0,0,0,Passenger Car/Station Wagon,LOS ANGELES
92260195,2023-12-08,12,22,5,minor injury,0,1,improper turning,overturned,no,no,no,0,0,0,0,0,0,Pickup or Panel Truck,TEHAMA