CASE_ID,COLLISION_DATE,MONTH,HOUR,DAY_OF_WEEK,COLLISION_SEVERITY,NUMBER_KILLED,NUMBER_INJURED,PCF_VIOL_CATEGORY,TYPE_OF_COLLISION,PEDESTRIAN_ACCIDENT,BICYCLE_ACCIDENT,MOTORCYCLE_ACCIDENT,COUNT_PED_INJURED,COUNT_BICYCLIST_INJURED,COUNT_MC_INJURED,COUNT_PED_KILLED,COUNT_BICYCLIST_KILLED,COUNT_MC_KILLED,STWD_VEHTYPE_AT_FAULT,COUNTY
92267571,2023-12-12,12,17,2,minor injury,0,1,unsafe speed,rear end,no,no,no,0,0,0,0,0,0,Passenger Car/Station Wagon,SANTA CLARA
92267572,2023-12-12,12,9,2,severe injury,0,1,automobile right of way,head-on,no,no,no,0,0,0,0,0,0,Not Stated,BUTTE
92267578,2023-12-16,12,4,6,minor injury,0,1,DUI,hit object,no,no,no,0,0,0,0,0,0,Pickup or Panel Truck,TULARE
92267579,2023-11-06,11,23,1,severe injury,0,1,unsafe lane change,sideswipe,no,no,no,0,0,0,0,0,0,Not Stated,LOS ANGELES
92267582,2023-12-19,12,15,2,possible injury,0,1,unsafe speed,hit object,no,no,no,0,0,0,0,0,0,Passenger Car/Station Wagon,MENDOCINO
92267583,2023-12-14,12,8,4,possible injury,0,1,traffic signs,broadside,no,no,no,0,0,0,0,0,0,Passenger Car/Station Wagon,ORANGE
92267588,2023-12-17,12,22,7,possible injury,0,1,DUI,hit object,no,no,no,0,0,0,0,0,0,Truck or Truck Tractor with Trailer,SAN LUIS OBISPO
92267589,2023-12-11,12,18,1,minor injury,0,1,unsafe speed,rear end,no,no,no,0,0,0,0,0,0,Passenger Car/Station Wagon,LOS ANGELES
92267592,2023-12-10,12,15,7,possible injury,0,1,unsafe lane change,sideswipe,no,no,no,0,0,0,0,0,0,Not Stated,LOS ANGELES
92267593,2023-12-10,12,21,7,possible injury,0,2,unsafe speed,rear end,no,no,no,0,0,0,0,0,0,Not Stated,LOS ANGELES
92267598,2023-12-20,12,11,3,possible injury,0,2,improper turning,hit object,no,no,no,0,0,0,0,0,0,Passenger Car/Station Wagon,ORANGE
92267600,2023-09-29,9,20,5,possible injury,0,1,unsafe lane change,rear end,no,no,no,0,0,0,0,0,0,Passenger Car/Station Wagon,LOS ANGELES
92267603,2023-12-17,12,14,7,possible injury,0,1,automobile right of way,broadside,no,no,no,0,0,0,0,0,0,Passenger Car/Station Wagon,TULARE
92267605,2023-12-14,12,7,4,possible injury,0,1,unsafe speed,rear end,no,no,no,0,0,0,0,0,0,Passenger Car/Station Wagon,SAN DIEGO
92267606,2023-08-31,8,17,4,fatal injury,1,0,wrong side of road,head-on,no,no,no,0,0,0,0,0,0,Passenger Car/Station Wagon,SAN BERNARDINO
92267608,2023-12-15,12,8,5,possible injury,0,1,unsafe speed,rear end,no,no,no,0,0,0,0,0,0,Passenger Car/Station Wagon,SAN DIEGO
92267610,2023-11-04,11,12,6,minor injury,0,1,other hazardous violation,overturned,no,no,yes,0,0,1,0,0,0,Not Stated,LOS ANGELES
92267615,2023-12-20,12,1,3,possible injury,0,1,improper turning,hit object,no,no,no,0,0,0,0,0,0,Pickup or Panel Truck,SACRAMENTO
92267619,2023-12-04,12,22,1,severe injury,0,1,improper turning,hit object,no,no,no,0,0,0,0,0,0,Pickup or Panel Truck,INYO
92267623,2023-12-12,12,18,2,possible injury,0,1,unsafe speed,rear end,no,no,no,0,0,0,0,0,0,Not Stated,SANTA CLARA
92267629,2023-11-29,11,15,3,minor injury,0,3,unsafe speed,rear end,no,no,no,0,0,0,0,0,0,Passenger Car/Station Wagon,SAN DIEGO
92267632,2023-12-13,12,1,3,possible injury,0,1,improper turning,hit object,no,no,no,0,0,0,0,0,0,Pickup or Panel Truck,NEVADA
92267634,2023-12-08,12,16,5,severe injury,0,1,unsafe speed,head-on,no,no,yes,0,0,1,0,0,0,Motorcycle/Scooter,SAN DIEGO
92267637,2023-12-16,12,14,6,possible injury,0,1,unsafe speed,rear end,no,no,no,0,0,0,0,0,0,Not Stated,ALAMEDA
92267649,2023-12-19,12,16,2,possible injury,0,2,unsafe speed,rear end,no,no,no,0,0,0,0,0,0,Passenger Car/Station Wagon,SANTA BARBARA
92267650,2023-12-16,12,20,6,possible injury,0,1,unsafe speed,rear end,no,no,no,0,0,0,0,0,0,Pickup or Panel Truck,ALAMEDA
92267653,2023-12-13,12,16,3,possible injury,0,2,automobile right of way,broadside,no,no,no,0,0,0,0,0,0,Passenger Car/Station Wagon,NEVADA
92267656,2023-12-09,12,14,6,possible injury,0,1,unsafe speed,rear end,no,no,no,0,0,0,0,0,0,Passenger Car/Station Wagon,SAN DIEGO
92267664,2023-12-11,12,7,1,possible injury,0,1,improper turning,sideswipe,no,no,no,0,0,0,0,0,0,Passenger Car/Station Wagon,SAN BERNARDINO
92267665,2023-12-11,12,6,1,minor injury,0,1,other than driver or pedestrian,vehicle/pedestrian,yes,no,no,1,0,0,0,0,0,Not Stated,SAN JOAQUIN
92267669,2023-10-08,10,0,7,severe injury,0,1,DUI,hit object,no,no,no,0,0,0,0,0,0,Passenger Car/Station Wagon,SANTA CLARA
92267674,2023-12-14,12,7,4,possible injury,0,1,unsafe lane change,rear end,no,no,yes,0,0,1,0,0,0,Not Stated,ORANGE
92267678,2023-12-19,12,9,2,possible injury,0,1,DUI,broadside,no,no,no,0,0,0,0,0,0,Passenger Car/Station Wagon,ALAMEDA
92267681,2023-12-11,12,11,1,possible injury,0,1,automobile right of way,sideswipe,no,no,no,0,0,0,0,0,0,Passenger Car/Station Wagon,MONTEREY
92267682,2023-12-14,12,10,4,possible injury,0,1,unsafe speed,rear end,no,no,no,0,0,0,0,0,0,Passenger Car/Station Wagon,ORANGE
92267685,2023-12-17,12,13,7,possible injury,0,1,unsafe speed,rear end,no,no,no,0,0,0,0,0,0,Passenger Car/Station Wagon,ALAMEDA
92267687,2023-12-13,12,21,3,possible injury,0,1,unsafe speed,rear end,no,no,no,0,0,0,0,0,0,Passenger Car/Station Wagon,MONTEREY
92267688,2023-12-12,12,6,2,minor injury,0,1,unsafe speed,rear end,no,no,no,0,0,0,0,0,0,Passenger Car/Station Wagon,SANTA CRUZ
92267692,2023-12-18,12,5,1,possible injury,0,1,improper turning,hit object,no,no,no,0,0,0,0,0,0,Passenger Car/Station Wagon,ALAMEDA
92267698,2023-12-15,12,13,5,minor injury,0,3,improper turning,sideswipe,no,no,no,0,0,0,0,0,0,Passenger Car/Station Wagon,LOS ANGELES
92267709,2023-12-14,12,7,4,possible injury,0,1,unsafe speed,rear end,no,no,no,0,0,0,0,0,0,Passenger Car/Station Wagon,MONTEREY
92267710,2023-12-13,12,16,3,possible injury,0,1,unsafe lane change,overturned,no,no,yes,0,0,1,0,0,0,Not Stated,LOS ANGELES
92267713,2023-12-14,12,16,4,possible injury,0,2,unsafe speed,rear end,no,no,no,0,0,0,0,0,0,Pickup or Panel Truck,MONTEREY
92267716,2023-12-14,12,17,4,possible injury,0,1,unsafe lane change,sideswipe,no,no,yes,0,0,1,0,0,0,Passenger Car/Station Wagon,LOS ANGELES
92267725,2023-12-16,12,18,6,possible injury,0,2,unsafe speed,rear end,no,no,no,0,0,0,0,0,0,Pickup or Panel Truck,ORANGE
92267726,2023-12-08,12,6,5,possible injury,0,1,unsafe speed,rear end,no,no,no,0,0,0,0,0,0,Passenger Car/Station Wagon,LOS ANGELES
92267729,2023-12-16,12,12,6,possible injury,0,1,unsafe lane change,rear end,no,no,no,0,0,0,0,0,0,Passenger Car/Station Wagon,ORANGE
92267731,2023-12-07,12,7,4,minor injury,0,1,unsafe speed,rear end,no,no,no,0,0,0,0,0,0,Passenger Car/Station Wagon,LOS ANGELES
92267733,2023-12-08,12,20,5,possible injury,0,2,DUI,rear end,no,no,no,0,0,0,0,0,0,Passenger Car/Station Wagon,LOS ANGELES
92267736,2023-12-08,12,22,5,minor injury,0,1,DUI,hit object,no,no,no,0,0,0,0,0,0,Passenger Car/Station Wagon,LOS ANGELES
92267737,2023-10-07,10,2,6,minor injury,0,1,unsafe speed,hit object,no,no,no,0,0,0,0,0,0,Passenger Car/Station Wagon,LOS ANGELES
92267740,2023-10-11,10,8,3,possible injury,0,1,following too closely,rear end,no,no,no,0,0,0,0,0,0,Passenger Car/Station Wagon,LOS ANGELES
92267741,2023-12-11,12,22,1,minor injury,0,2,unsafe speed,rear end,no,no,no,0,0,0,0,0,0,Passenger Car/Station Wagon,SANTA BARBARA
92267792,2023-12-14,12,17,4,minor injury,0,1,unsafe speed,sideswipe,no,no,yes,0,0,1,0,0,0,Motorcycle/Scooter,ORANGE
92267794,2023-12-14,12,20,4,possible injury,0,1,improper turning,hit object,no,no,no,0,0,0,0,0,0,Passenger Car/Station Wagon,MONTEREY
92267841,2023-12-15,12,8,5,possible injury,0,1,unsafe speed,rear end,no,no,no,0,0,0,0,0,0,Passenger Car/Station Wagon,ORANGE
92267983,2023-12-20,12,8,3,minor injury,0,1,improper turning,overturned,no,no,no,0,0,0,0,0,0,Passenger Car/Station Wagon,LOS ANGELES
92267984,2023-12-19,12,16,2,possible injury,0,1,unsafe speed,rear end,no,no,no,0,0,0,0,0,0,Passenger Car/Station Wagon,LOS ANGELES
92267988,2023-12-04,12,19,1,possible injury,0,1,unsafe speed,rear end,no,no,no,0,0,0,0,0,0,Passenger Car/Station Wagon,LOS ANGELES
92267989,2023-12-13,12,14,3,possible injury,0,1,automobile right of way,broadside,no,no,no,0,0,0,0,0,0,Passenger Car/Station Wagon,LOS ANGELES
92267991,2023-12-19,12,22,2,possible injury,0,1,improper turning,hit object,no,no,no,0,0,0,0,0,0,Passenger Car/Station Wagon,LOS ANGELES
92267992,2023-12-11,12,6,1,possible injury,0,2,other than driver or pedestrian,broadside,no,no,no,0,0,0,0,0,0,Not Stated,ORANGE
92268001,2023-12-12,12,13,2,minor injury,0,1,unsafe starting or backing,broadside,no,yes,no,0,1,0,0,0,0,Passenger Car/Station Wagon,LOS ANGELES
92268004,2023-12-19,12,6,2,possible injury,0,1,unsafe speed,hit object,no,no,no,0,0,0,0,0,0,Passenger Car/Station Wagon,SAN BERNARDINO
92268008,2023-12-19,12,17,2,minor injury,0,1,unsafe speed,hit object,no,no,no,0,0,0,0,0,0,Not Stated,VENTURA
92268016,2023-12-09,12,20,6,possible injury,0,1,improper turning,hit object,no,no,no,0,0,0,0,0,0,Passenger Car/Station Wagon,NAPA
92268017,2023-12-12,12,6,2,possible injury,0,1,unsafe speed,rear end,no,no,no,0,0,0,0,0,0,Pickup or Panel Truck,NAPA
92268023,2023-12-12,12,18,2,possible injury,0,2,automobile right of way,broadside,no,no,no,0,0,0,0,0,0,Passenger Car/Station Wagon,CONTRA COSTA
92268025,2023-12-14,12,23,4,minor injury,0,1,unsafe lane change,sideswipe,no,no,no,0,0,0,0,0,0,Not Stated,SACRAMENTO
92268027,2023-12-10,12,23,7,possible injury,0,1,unsafe speed,rear end,no,no,no,0,0,0,0,0,0,Not Stated,LOS ANGELES
92268028,2023-12-09,12,23,6,possible injury,0,3,automobile right of way,broadside,no,no,no,0,0,0,0,0,0,Passenger Car/Station Wagon,SACRAMENTO
92268029,2023-12-14,12,8,4,possible injury,0,1,automobile right of way,sideswipe,no,no,no,0,0,0,0,0,0,Passenger Car/Station Wagon,SACRAMENTO
92268034,2023-12-13,12,17,3,minor injury,0,1,improper turning,hit object,no,yes,no,0,1,0,0,0,0,Bicycle,KERN
92268035,2023-08-24,8,18,4,fatal injury,1,3,DUI,head-on,no,no,no,0,0,0,0,0,0,Passenger Car/Station Wagon,KERN
92268040,2023-12-11,12,6,1,possible injury,0,1,improper turning,head-on,no,no,no,0,0,0,0,0,0,Pickup or Panel Truck,SANTA BARBARA
92268045,2023-12-12,12,19,2,minor injury,0,1,unsafe speed,sideswipe,yes,no,no,1,0,0,0,0,0,Not Stated,LOS ANGELES
92268046,2023-12-11,12,14,1,minor injury,0,1,unsafe speed,hit object,no,no,yes,0,0,1,0,0,0,Motorcycle/Scooter,LOS ANGELES
92268051,2023-12-15,12,7,5,minor injury,0,1,unsafe speed,rear end,no,no,no,0,0,0,0,0,0,Passenger Car/Station Wagon,LOS ANGELES
92268052,2023-12-13,12,0,3,possible injury,0,1,DUI,hit object,no,no,no,0,0,0,0,0,0,Passenger Car/Station Wagon,SONOMA
92268054,2023-12-13,12,19,3,possible injury,0,1,improper turning,sideswipe,no,no,no,0,0,0,0,0,0,Not Stated,LOS ANGELES
92268055,2023-12-11,12,23,1,possible injury,0,1,unsafe lane change,sideswipe,no,no,no,0,0,0,0,0,0,Passenger Car/Station Wagon,LOS ANGELES
92268057,2023-12-13,12,8,3,possible injury,0,1,unsafe speed,rear end,no,no,no,0,0,0,0,0,0,Pickup or Panel Truck,SACRAMENTO
92268060,2023-12-20,12,12,3,possible injury,0,1,improper turning,hit object,no,no,no,0,0,0,0,0,0,Passenger Car/Station Wagon,LOS ANGELES
92268067,2023-12-08,12,20,5,possible injury,0,2,improper turning,sideswipe,no,no,no,0,0,0,0,0,0,Passenger Car/Station Wagon,LOS ANGELES
92268069,2023-12-11,12,8,1,possible injury,0,2,unsafe speed,rear end,no,no,no,0,0,0,0,0,0,Passenger Car/Station Wagon,ORANGE
92268070,2023-10-01,10,23,7,fatal injury,1,0,DUI,overturned,no,no,no,0,0,0,0,0,0,Passenger Car/Station Wagon,SAN JOAQUIN
92268071,2023-12-09,12,2,6,minor injury,0,2,DUI,rear end,no,no,no,0,0,0,0,0,0,Passenger Car/Station Wagon,RIVERSIDE
92268072,2023-10-11,10,22,3,severe injury,0,2,DUI,overturned,no,no,no,0,0,0,0,0,0,Passenger Car/Station Wagon,MERCED
92268074,2023-12-21,12,5,4,possible injury,0,1,unsafe speed,hit object,no,no,no,0,0,0,0,0,0,Truck or Truck Tractor with Trailer,LOS ANGELES
92268075,2023-12-14,12,15,4,minor injury,0,1,unsafe speed,sideswipe,no,no,no,0,0,0,0,0,0,Passenger Car/Station Wagon,MENDOCINO
92268076,2023-12-09,12,5,6,possible injury,0,1,improper turning,hit object,no,no,no,0,0,0,0,0,0,Passenger Car/Station Wagon,RIVERSIDE
92268077,2023-12-09,12,7,6,minor injury,0,1,improper turning,hit object,no,no,no,0,0,0,0,0,0,Passenger Car/Station Wagon,KERN
92268084,2023-12-13,12,17,3,minor injury,0,2,unsafe speed,sideswipe,no,no,yes,0,0,1,0,0,0,Motorcycle/Scooter,ORANGE
92268085,2023-12-16,12,18,6,possible injury,0,1,unsafe speed,rear end,no,no,no,0,0,0,0,0,0,Passenger Car/Station Wagon,RIVERSIDE
92268088,2023-11-12,11,3,7,severe injury,0,2,DUI,rear end,no,no,no,0,0,0,0,0,0,Passenger Car/Station Wagon,SACRAMENTO
92268091,2023-12-10,12,1,7,possible injury,0,1,improper turning,hit object,no,no,no,0,0,0,0,0,0,Pickup or Panel Truck,SONOMA
92268093,2023-12-20,12,9,3,possible injury,0,1,unsafe speed,rear end,no,no,no,0,0,0,0,0,0,Pickup or Panel Truck,TULARE
92268094,2023-12-02,12,2,6,minor injury,0,1,DUI,rear end,no,no,no,0,0,0,0,0,0,Passenger Car/Station Wagon,RIVERSIDE
92268096,2023-11-06,11,3,1,minor injury,0,1,DUI,sideswipe,no,no,no,0,0,0,0,0,0,Passenger Car/Station Wagon,ALAMEDA
92268100,2023-12-12,12,18,2,possible injury,0,1,DUI,overturned,no,no,no,0,0,0,0,0,0,Pickup or Panel Truck,RIVERSIDE
92268101,2023-12-19,12,12,2,minor injury,0,1,automobile right of way,head-on,no,no,no,0,0,0,0,0,0,Passenger Car/Station Wagon,MERCED
92268102,2023-12-09,12,19,6,severe injury,0,1,DUI,hit object,no,no,no,0,0,0,0,0,0,Passenger Car/Station Wagon,SHASTA
92268111,2023-11-19,11,15,7,possible injury,0,1,DUI,overturned,no,no,yes,0,0,1,0,0,0,Motorcycle/Scooter,RIVERSIDE
92268117,2023-12-20,12,12,3,possible injury,0,1,improper turning,hit object,no,no,no,0,0,0,0,0,0,Passenger Car/Station Wagon,FRESNO
92268119,2023-12-15,12,21,5,possible injury,0,1,unsafe speed,overturned,no,no,no,0,0,0,0,0,0,Passenger Car/Station Wagon,SAN BERNARDINO
92268120,2023-12-17,12,1,7,possible injury,0,2,DUI,rear end,no,no,no,0,0,0,0,0,0,Passenger Car/Station Wagon,RIVERSIDE
92268123,2023-12-15,12,16,5,minor injury,0,1,DUI,overturned,no,no,no,0,0,0,0,0,0,Passenger Car/Station Wagon,RIVERSIDE
92268125,2023-11-24,11,4,5,minor injury,0,1,DUI,hit object,no,no,no,0,0,0,0,0,0,Passenger Car/Station Wagon,RIVERSIDE
92268126,2023-11-02,11,22,4,minor injury,0,2,traffic signs,broadside,no,no,no,0,0,0,0,0,0,Pickup or Panel Truck,LOS ANGELES
92268131,2023-12-14,12,16,4,possible injury,0,1,unsafe speed,rear end,no,no,yes,0,0,1,0,0,0,Motorcycle/Scooter,SAN DIEGO
92268132,2023-12-11,12,18,1,possible injury,0,1,unsafe speed,rear end,no,no,no,0,0,0,0,0,0,Passenger Car/Station Wagon,SAN MATEO
92268137,2023-12-11,12,18,1,possible injury,0,2,improper turning,hit object,no,no,no,0,0,0,0,0,0,Passenger Car/Station Wagon,SONOMA
92268141,2023-12-19,12,15,2,possible injury,0,1,unsafe speed,rear end,no,no,no,0,0,0,0,0,0,Pickup or Panel Truck with Trailer,FRESNO
92268146,2023-12-20,12,11,3,possible injury,0,1,unsafe speed,hit object,no,no,no,0,0,0,0,0,0,Passenger Car/Station Wagon,LOS ANGELES
92268148,2023-03-31,3,23,5,fatal injury,1,0,DUI,rear end,no,no,no,0,0,0,0,0,0,Passenger Car/Station Wagon,ORANGE
92268149,2023-12-14,12,23,4,possible injury,0,1,other than driver or pedestrian,hit object,no,no,no,0,0,0,0,0,0,Not Stated,RIVERSIDE
92268150,2023-10-15,10,20,7,possible injury,0,2,unsafe lane change,sideswipe,no,no,no,0,0,0,0,0,0,Not Stated,RIVERSIDE
92268151,2023-12-08,12,19,5,possible injury,0,1,DUI,hit object,no,no,no,0,0,0,0,0,0,Passenger Car/Station Wagon,SONOMA
92268152,2023-10-17,10,10,2,possible injury,0,1,unsafe lane change,sideswipe,no,no,no,0,0,0,0,0,0,Truck or Truck Tractor,LOS ANGELES
92268155,2023-12-14,12,13,4,possible injury,0,1,unsafe speed,rear end,no,no,no,0,0,0,0,0,0,Pickup or Panel Truck,ORANGE
92268159,2023-12-14,12,17,4,minor injury,0,1,improper turning,hit object,no,no,no,0,0,0,0,0,0,Passenger Car/Station Wagon,SONOMA
92268161,2023-12-10,12,1,7,possible injury,0,1,DUI,hit object,no,no,no,0,0,0,0,0,0,Passenger Car/Station Wagon,RIVERSIDE
92268164,2023-12-04,12,16,1,minor injury,0,1,DUI,overturned,no,no,no,0,0,0,0,0,0,Not Stated,LAKE
92268166,2023-12-17,12,0,7,minor injury,0,1,DUI,rear end,no,no,no,0,0,0,0,0,0,Passenger Car/Station Wagon,RIVERSIDE
92268168,2023-12-14,12,16,4,possible injury,0,2,unsafe speed,rear end,no,no,no,0,0,0,0,0,0,Passenger Car/Station Wagon,SAN DIEGO
92268169,2023-12-18,12,20,1,possible injury,0,1,unsafe lane change,sideswipe,no,no,no,0,0,0,0,0,0,Pickup or Panel Truck,FRESNO
92268172,2023-12-14,12,10,4,minor injury,0,1,following too closely,rear end,no,no,no,0,0,0,0,0,0,Passenger Car/Station Wagon,RIVERSIDE
92268175,2023-12-19,12,19,2,possible injury,0,1,DUI,broadside,no,no,no,0,0,0,0,0,0,Passenger Car/Station Wagon,SACRAMENTO
92268181,2023-12-14,12,12,4,minor injury,0,1,unsafe lane change,sideswipe,no,no,no,0,0,0,0,0,0,Passenger Car/Station Wagon,LOS ANGELES
92268182,2023-12-04,12,0,1,minor injury,0,1,DUI,hit object,no,no,no,0,0,0,0,0,0,Passenger Car/Station Wagon,SACRAMENTO
92268183,2023-11-03,11,18,5,possible injury,0,1,automobile right of way,sideswipe,no,yes,no,0,1,0,0,0,0,Passenger Car/Station Wagon,LOS ANGELES
92268186,2023-12-16,12,15,6,possible injury,0,2,DUI,rear end,no,no,no,0,0,0,0,0,0,Pickup or Panel Truck,SACRAMENTO
92268187,2023-12-13,12,10,3,possible injury,0,1,improper turning,head-on,no,no,no,0,0,0,0,0,0,Pickup or Panel Truck,SACRAMENTO
92268189,2023-12-09,12,22,6,possible injury,0,1,automobile right of way,other,no,yes,no,0,1,0,0,0,0,Passenger Car/Station Wagon,SANTA BARBARA
92268190,2023-12-13,12,15,3,severe injury,0,5,traffic signs,broadside,no,no,no,0,0,0,0,0,0,Passenger Car/Station Wagon,VENTURA
92268191,2023-12-12,12,11,2,possible injury,0,2,traffic signs,broadside,no,no,no,0,0,0,0,0,0,Passenger Car/Station Wagon,RIVERSIDE
92268193,2023-11-04,11,10,6,possible injury,0,2,unsafe speed,rear end,no,no,no,0,0,0,0,0,0,Not Stated,LOS ANGELES
92268195,2023-08-16,8,18,3,severe injury,0,1,unsafe lane change,sideswipe,no,no,yes,0,0,1,0,0,0,Passenger Car/Station Wagon,LOS ANGELES
92268196,2023-12-11,12,18,1,minor injury,0,1,unsafe speed,rear end,no,no,no,0,0,0,0,0,0,Passenger Car/Station Wagon,LAKE
92268198,2023-12-12,12,13,2,minor injury,0,2,unsafe lane change,rear end,no,no,no,0,0,0,0,0,0,Passenger Car/Station Wagon,LAKE
92268201,2023-12-17,12,22,7,possible injury,0,1,improper turning,hit object,no,no,no,0,0,0,0,0,0,Passenger Car/Station Wagon,RIVERSIDE
92268206,2023-12-20,12,13,3,possible injury,0,2,automobile right of way,rear end,no,no,no,0,0,0,0,0,0,Passenger Car/Station Wagon,SACRAMENTO
92268212,2023-12-09,12,17,6,possible injury,0,1,unsafe speed,rear end,no,no,no,0,0,0,0,0,0,Pickup or Panel Truck,RIVERSIDE
92268214,2023-12-07,12,18,4,possible injury,0,1,unsafe speed,rear end,no,no,no,0,0,0,0,0,0,Passenger Car/Station Wagon,YOLO
92268215,2023-12-13,12,8,3,possible injury,0,4,automobile right of way,broadside,no,no,no,0,0,0,0,0,0,Pickup or Panel Truck,RIVERSIDE
92268216,2023-11-03,11,7,5,minor injury,0,1,improper turning,sideswipe,no,no,no,0,0,0,0,0,0,Pickup or Panel Truck,LOS ANGELES
92268224,2023-11-03,11,11,5,possible injury,0,1,improper turning,broadside,no,no,no,0,0,0,0,0,0,Passenger Car/Station Wagon,LOS ANGELES
92268226,2023-12-15,12,16,5,possible injury,0,2,unsafe lane change,rear end,no,no,no,0,0,0,0,0,0,Passenger Car/Station Wagon,VENTURA
92268227,2023-12-11,12,7,1,possible injury,0,1,improper turning,sideswipe,no,no,no,0,0,0,0,0,0,Not Stated,RIVERSIDE
92268228,2023-12-11,12,7,1,possible injury,0,1,unsafe speed,rear end,no,no,no,0,0,0,0,0,0,Passenger Car/Station Wagon,RIVERSIDE
92268239,2023-12-12,12,9,2,possible injury,0,4,unsafe speed,rear end,no,no,no,0,0,0,0,0,0,Passenger Car/Station Wagon,LOS ANGELES
92268256,2023-11-30,11,17,4,severe injury,0,2,unsafe speed,rear end,no,no,no,0,0,0,0,0,0,Pickup or Panel Truck,PLACER
92268258,2023-12-11,12,10,1,possible injury,0,1,other than driver or pedestrian,vehicle/pedestrian,yes,no,no,1,0,0,0,0,0,Not Stated,LOS ANGELES
92268261,2023-12-11,12,21,1,minor injury,0,1,unsafe speed,hit object,no,no,yes,0,0,1,0,0,0,Motorcycle/Scooter,SANTA CLARA
92268262,2023-12-14,12,7,4,possible injury,0,1,unsafe starting or backing,rear end,no,no,no,0,0,0,0,0,0,Passenger Car/Station Wagon,KERN
92268263,2023-12-14,12,5,4,possible injury,0,1,other improper driving,rear end,no,no,no,0,0,0,0,0,0,Pickup or Panel Truck,KERN
92268264,2023-12-18,12,8,1,possible injury,0,1,unsafe speed,broadside,no,no,no,0,0,0,0,0,0,Pickup or Panel Truck,FRESNO
92268267,2023-12-17,12,23,7,minor injury,0,1,improper turning,overturned,no,no,no,0,0,0,0,0,0,Passenger Car/Station Wagon,ALAMEDA
92268269,2023-12-15,12,19,5,minor injury,0,1,automobile right of way,broadside,no,no,no,0,0,0,0,0,0,Passenger Car/Station Wagon,SAN DIEGO
92268270,2023-12-09,12,14,6,possible injury,0,1,unsafe speed,rear end,no,no,yes,0,0,1,0,0,0,Motorcycle/Scooter,SAN FRANCISCO
92268271,2023-12-09,12,16,6,minor injury,0,1,automobile right of way,vehicle/pedestrian,no,yes,no,0,1,0,0,0,0,Passenger Car/Station Wagon,ALAMEDA
92268273,2023-12-09,12,17,6,minor injury,0,2,unsafe speed,rear end,no,no,no,0,0,0,0,0,0,Passenger Car/Station Wagon,ALAMEDA
92268278,2023-12-11,12,16,1,possible injury,0,1,improper turning,hit object,no,no,no,0,0,0,0,0,0,Passenger Car/Station Wagon,SAN DIEGO
92268282,2023-12-18,12,17,1,possible injury,0,1,unsafe speed,hit object,no,no,no,0,0,0,0,0,0,Passenger Car/Station Wagon,SAN FRANCISCO
92268286,2023-12-18,12,6,1,possible injury,0,1,unsafe speed,overturned,no,no,no,0,0,0,0,0,0,Passenger Car/Station Wagon,ALAMEDA
92268287,2023-12-11,12,13,1,possible injury,0,1,unsafe speed,rear end,no,no,no,0,0,0,0,0,0,Passenger Car/Station Wagon,RIVERSIDE
92268299,2023-12-11,12,16,1,possible injury,0,1,unsafe lane change,sideswipe,no,no,no,0,0,0,0,0,0,Passenger Car/Station Wagon,RIVERSIDE
92268300,2023-12-14,12,10,4,minor injury,0,3,unsafe speed,rear end,no,no,no,0,0,0,0,0,0,Passenger Car/Station Wagon,SACRAMENTO
92268304,2023-12-15,12,14,5,minor injury,0,1,unsafe speed,rear end,no,no,no,0,0,0,0,0,0,Passenger Car/Station Wagon,SAN DIEGO
92268307,2023-12-12,12,15,2,minor injury,0,2,unsafe speed,broadside,no,no,no,0,0,0,0,0,0,Passenger Car/Station Wagon,CONTRA COSTA
92268311,2023-12-15,12,5,5,possible injury,0,1,unsafe speed,hit object,no,no,no,0,0,0,0,0,0,Pickup or Panel Truck,KERN
92268312,2023-11-05,11,6,7,fatal injury,1,1,improper turning,head-on,no,no,no,0,0,0,0,0,0,Passenger Car/Station Wagon,LOS ANGELES
92268313,2023-12-10,12,9,7,possible injury,0,1,unsafe speed,hit object,no,no,no,0,0,0,0,0,0,Passenger Car/Station Wagon,SAN BERNARDINO
92268314,2023-12-08,12,14,5,possible injury,0,1,other than driver or pedestrian,other,no,no,no,0,0,0,0,0,0,Not Stated,YUBA
92268315,2023-12-12,12,13,2,possible injury,0,1,unsafe speed,rear end,no,no,no,0,0,0,0,0,0,Passenger Car/Station Wagon,ALAMEDA
92268317,2023-12-15,12,7,5,possible injury,0,1,unsafe speed,rear end,no,no,no,0,0,0,0,0,0,Pickup or Panel Truck,ORANGE
92268318,2023-12-10,12,10,7,minor injury,0,1,unsafe speed,hit object,no,no,yes,0,0,1,0,0,0,Motorcycle/Scooter,SAN BERNARDINO
92268324,2023-12-18,12,8,1,severe injury,0,1,unsafe speed,hit object,no,no,no,0,0,0,0,0,0,Passenger Car/Station Wagon,CONTRA COSTA
92268325,2023-12-11,12,14,1,possible injury,0,1,unsafe speed,rear end,no,no,no,0,0,0,0,0,0,Passenger Car/Station Wagon,ALAMEDA
92268327,2023-12-16,12,16,6,minor injury,0,1,improper turning,hit object,no,no,yes,0,0,1,0,0,0,Motorcycle/Scooter,VENTURA
92268328,2023-12-15,12,17,5,possible injury,0,2,unsafe speed,rear end,no,no,no,0,0,0,0,0,0,Emergency Vehicle,FRESNO