CASE_ID,COLLISION_DATE,MONTH,HOUR,DAY_OF_WEEK,COLLISION_SEVERITY,NUMBER_KILLED,NUMBER_INJURED,PCF_VIOL_CATEGORY,TYPE_OF_COLLISION,PEDESTRIAN_ACCIDENT,BICYCLE_ACCIDENT,MOTORCYCLE_ACCIDENT,COUNT_PED_INJURED,COUNT_BICYCLIST_INJURED,COUNT_MC_INJURED,COUNT_PED_KILLED,COUNT_BICYCLIST_KILLED,COUNT_MC_KILLED,STWD_VEHTYPE_AT_FAULT,COUNTY
9470628,2023-09-16,9,11,6,minor injury,0,1,wrong side of road,other,no,yes,no,0,1,0,0,0,0,Bicycle,SANTA BARBARA
9470629,2023-09-14,9,8,4,possible injury,0,3,improper turning,broadside,no,no,no,0,0,0,0,0,0,Passenger Car/Station Wagon,LOS ANGELES
9470630,2023-09-18,9,12,1,possible injury,0,1,unsafe speed,rear end,no,no,no,0,0,0,0,0,0,Passenger Car/Station Wagon,LOS ANGELES
9470631,2023-09-28,9,14,4,possible injury,0,1,following too closely,unknown,no,no,no,0,0,0,0,0,0,Passenger Car/Station Wagon,SAN DIEGO
9470632,2023-09-28,9,8,4,minor injury,0,1,pedestrian right of way,head-on,yes,no,no,1,0,0,0,0,0,Passenger Car/Station Wagon,SAN DIEGO
9470633,2023-09-27,9,23,3,possible injury,0,1,following too closely,rear end,no,no,no,0,0,0,0,0,0,Passenger Car/Station Wagon,SAN DIEGO
9470634,2023-09-27,9,17,3,possible injury,0,1,automobile right of way,broadside,no,no,no,0,0,0,0,0,0,Passenger Car/Station Wagon,SAN DIEGO
9470635,2023-09-28,9,15,4,possible injury,0,1,following too closely,rear end,no,no,no,0,0,0,0,0,0,Passenger Car/Station Wagon,SAN DIEGO
9470636,2023-09-21,9,5,4,minor injury,0,1,traffic signs,head-on,no,no,no,0,0,0,0,0,0,Passenger Car/Station Wagon,KERN
9470637,2023-09-22,9,18,5,severe injury,0,3,automobile right of way,broadside,no,no,no,0,0,0,0,0,0,Passenger Car/Station Wagon,COLUSA
9470638,2023-09-28,9,11,4,minor injury,0,1,traffic signs,vehicle/pedestrian,yes,no,no,1,0,0,0,0,0,Not Stated,SAN DIEGO
9470639,2023-09-27,9,10,3,possible injury,0,1,automobile right of way,broadside,no,no,no,0,0,0,0,0,0,Passenger Car/Station Wagon,SAN DIEGO
9470640,2023-09-28,9,11,4,possible injury,0,1,automobile right of way,head-on,no,no,no,0,0,0,0,0,0,Not Stated,SAN DIEGO
9470682,2023-09-29,9,18,5,minor injury,0,1,automobile right of way,sideswipe,no,no,yes,0,0,1,0,0,0,Passenger Car/Station Wagon,SAN DIEGO
9470683,2023-09-20,9,22,3,possible injury,0,1,unknown,head-on,no,no,no,0,0,0,0,0,0,Passenger Car/Station Wagon,SAN DIEGO
9470684,2023-09-30,9,3,6,possible injury,0,2,improper turning,rear end,no,no,no,0,0,0,0,0,0,Not Stated,SAN DIEGO
9470685,2023-09-30,9,11,6,possible injury,0,1,unsafe speed,other,no,no,yes,0,0,1,0,0,0,Motorcycle/Scooter,SAN DIEGO
9470686,2023-09-30,9,14,6,possible injury,0,1,unsafe speed,rear end,no,no,yes,0,0,1,0,0,0,Motorcycle/Scooter,SAN DIEGO
9470687,2023-09-30,9,15,6,possible injury,0,2,automobile right of way,broadside,no,no,yes,0,0,1,0,0,0,Passenger Car/Station Wagon,SAN DIEGO
9470688,2023-09-14,9,14,4,severe injury,0,1,unsafe speed,hit object,no,no,yes,0,0,1,0,0,0,Motorcycle/Scooter,ORANGE
9470689,2023-09-24,9,2,7,possible injury,0,1,DUI,head-on,no,no,no,0,0,0,0,0,0,Passenger Car/Station Wagon,ORANGE
9470690,2023-09-23,9,22,6,severe injury,0,1,wrong side of road,vehicle/pedestrian,no,yes,no,0,1,0,0,0,0,Bicycle,ORANGE
9470691,2023-09-23,9,11,6,minor injury,0,3,traffic signs,broadside,no,no,no,0,0,0,0,0,0,Passenger Car/Station Wagon,ORANGE
9470692,2023-09-15,9,7,5,possible injury,0,1,improper turning,broadside,no,no,no,0,0,0,0,0,0,Passenger Car/Station Wagon,KINGS
9470693,2023-09-29,9,23,5,possible injury,0,1,unsafe speed,broadside,no,no,no,0,0,0,0,0,0,Passenger Car/Station Wagon,SAN DIEGO
9470694,2023-09-11,9,6,1,possible injury,0,1,automobile right of way,broadside,no,no,no,0,0,0,0,0,0,Passenger Car/Station Wagon,SAN DIEGO
9470695,2023-09-30,9,23,6,possible injury,0,2,following too closely,rear end,no,no,no,0,0,0,0,0,0,Passenger Car/Station Wagon,SAN DIEGO
9470696,2023-09-27,9,13,3,minor injury,0,1,automobile right of way,broadside,no,no,no,0,0,0,0,0,0,Passenger Car/Station Wagon,STANISLAUS
9470697,2023-08-31,8,16,4,possible injury,0,1,unsafe speed,other,no,yes,no,0,1,0,0,0,0,Bicycle,STANISLAUS
9470698,2023-08-17,8,19,4,minor injury,0,1,unsafe lane change,broadside,no,no,yes,0,0,1,0,0,0,Motorcycle/Scooter,SAN DIEGO
9470699,2023-08-26,8,12,6,minor injury,0,2,unsafe speed,rear end,no,no,no,0,0,0,0,0,0,Passenger Car/Station Wagon,BUTTE
9470700,2023-08-28,8,8,1,possible injury,0,1,unsafe speed,rear end,no,no,no,0,0,0,0,0,0,Passenger Car/Station Wagon,BUTTE
9470701,2023-08-31,8,20,4,possible injury,0,1,pedestrian right of way,vehicle/pedestrian,yes,no,no,1,0,0,0,0,0,Passenger Car/Station Wagon,KINGS
9470703,2023-08-31,8,23,4,possible injury,0,1,traffic signs,broadside,no,no,yes,0,0,1,0,0,0,Motorcycle/Scooter,SAN FRANCISCO
9470704,2023-08-29,8,7,2,possible injury,0,1,other than driver or pedestrian,other,no,yes,no,0,1,0,0,0,0,Not Stated,LOS ANGELES
9470707,2023-08-18,8,22,5,minor injury,0,1,traffic signs,broadside,no,no,no,0,0,0,0,0,0,Passenger Car/Station Wagon,SAN BERNARDINO
9470708,2023-08-23,8,22,3,possible injury,0,1,automobile right of way,broadside,no,no,no,0,0,0,0,0,0,Passenger Car/Station Wagon,SAN BERNARDINO
9470709,2023-08-31,8,8,4,minor injury,0,2,automobile right of way,broadside,no,no,no,0,0,0,0,0,0,Passenger Car/Station Wagon,SAN DIEGO
9470710,2023-08-29,8,9,2,minor injury,0,1,unsafe speed,hit object,no,no,no,0,0,0,0,0,0,Passenger Car/Station Wagon,SAN DIEGO
9470711,2023-08-24,8,14,4,possible injury,0,2,unsafe speed,rear end,no,no,no,0,0,0,0,0,0,Passenger Car/Station Wagon,SAN DIEGO
9470712,2023-08-21,8,11,1,possible injury,0,1,traffic signs,broadside,no,no,no,0,0,0,0,0,0,Passenger Car/Station Wagon,SAN DIEGO
9470713,2023-08-21,8,9,1,possible injury,0,1,other hazardous violation,broadside,no,no,yes,0,0,1,0,0,0,Motorcycle/Scooter,SAN DIEGO
9470715,2023-08-31,8,18,4,minor injury,0,1,unsafe speed,broadside,no,no,yes,0,0,1,0,0,0,Motorcycle/Scooter,LOS ANGELES
9470716,2023-08-22,8,15,2,severe injury,0,3,improper turning,other,no,yes,no,0,3,0,0,0,0,Passenger Car/Station Wagon,MARIN
9470717,2023-08-27,8,13,7,severe injury,0,1,improper turning,hit object,no,yes,no,0,1,0,0,0,0,Bicycle,MARIN
9470718,2023-08-28,8,14,1,severe injury,0,1,unsafe speed,hit object,no,yes,no,0,1,0,0,0,0,Bicycle,MARIN
9470719,2023-08-21,8,18,1,possible injury,0,1,following too closely,rear end,no,no,no,0,0,0,0,0,0,Passenger Car/Station Wagon,SAN DIEGO
9470720,2023-08-11,8,21,5,possible injury,0,1,automobile right of way,sideswipe,no,no,no,0,0,0,0,0,0,Passenger Car/Station Wagon,SAN DIEGO
9470725,2023-08-07,8,0,1,possible injury,0,1,traffic signs,broadside,no,no,no,0,0,0,0,0,0,Passenger Car/Station Wagon,ALAMEDA
9470726,2023-08-07,8,16,1,possible injury,0,1,improper turning,broadside,no,no,no,0,0,0,0,0,0,Passenger Car/Station Wagon,ALAMEDA
9470727,2023-08-06,8,12,7,possible injury,0,3,improper turning,broadside,no,no,no,0,0,0,0,0,0,Passenger Car/Station Wagon,ALAMEDA
9470728,2023-08-13,8,20,7,possible injury,0,1,automobile right of way,sideswipe,no,no,no,0,0,0,0,0,0,Passenger Car/Station Wagon,ALAMEDA
9470729,2023-08-13,8,13,7,possible injury,0,1,traffic signs,broadside,no,no,no,0,0,0,0,0,0,Passenger Car/Station Wagon,ALAMEDA
9470730,2023-08-16,8,17,3,possible injury,0,3,automobile right of way,head-on,no,no,no,0,0,0,0,0,0,Passenger Car/Station Wagon,ALAMEDA
9470731,2023-08-08,8,20,2,possible injury,0,1,traffic signs,broadside,no,no,yes,0,0,1,0,0,0,Motorcycle/Scooter,ALAMEDA
9470732,2023-08-06,8,9,7,possible injury,0,1,traffic signs,broadside,no,no,no,0,0,0,0,0,0,Not Stated,ALAMEDA
9470733,2023-08-10,8,15,4,minor injury,0,1,improper turning,hit object,no,no,no,0,0,0,0,0,0,Other Vehicle,ALAMEDA
9470734,2023-09-06,9,7,3,minor injury,0,3,traffic signs,broadside,no,no,no,0,0,0,0,0,0,Passenger Car/Station Wagon,SAN BERNARDINO
9470735,2023-09-06,9,15,3,possible injury,0,1,automobile right of way,broadside,no,yes,no,0,1,0,0,0,0,Bicycle,SAN BERNARDINO
9470736,2023-09-25,9,8,1,minor injury,0,1,unsafe speed,rear end,no,no,no,0,0,0,0,0,0,Truck or Truck Tractor with Trailer,SAN BERNARDINO
9470739,2023-08-30,8,0,3,possible injury,0,2,traffic signs,broadside,no,no,no,0,0,0,0,0,0,Not Stated,SANTA CLARA
9470740,2023-10-11,10,6,3,minor injury,0,1,automobile right of way,broadside,no,no,no,0,0,0,0,0,0,Passenger Car/Station Wagon,KERN
9470741,2023-09-18,9,15,1,possible injury,0,1,following too closely,rear end,no,no,no,0,0,0,0,0,0,Not Stated,LOS ANGELES
9470742,2023-09-18,9,11,1,severe injury,0,1,hazardous parking,vehicle/pedestrian,no,no,no,0,0,0,0,0,0,Passenger Car/Station Wagon,LOS ANGELES
9470743,2023-09-15,9,15,5,possible injury,0,1,automobile right of way,head-on,no,no,no,0,0,0,0,0,0,Passenger Car/Station Wagon,LOS ANGELES
9470744,2023-09-13,9,15,3,minor injury,0,1,traffic signs,broadside,no,no,no,0,0,0,0,0,0,Passenger Car/Station Wagon,LOS ANGELES
9470745,2023-09-13,9,21,3,severe injury,0,1,pedestrian violation,vehicle/pedestrian,yes,no,no,1,0,0,0,0,0,Pedestrian,LOS ANGELES
9470746,2023-09-12,9,11,2,possible injury,0,1,automobile right of way,broadside,no,no,no,0,0,0,0,0,0,Passenger Car/Station Wagon,LOS ANGELES
9470747,2023-09-19,9,10,2,severe injury,0,2,unsafe speed,other,no,no,no,0,0,0,0,0,0,Passenger Car/Station Wagon,LOS ANGELES
9470748,2023-09-16,9,14,6,severe injury,0,1,traffic signs,other,no,no,yes,0,0,1,0,0,0,Motorcycle/Scooter,LOS ANGELES
9470749,2023-09-12,9,17,2,possible injury,0,2,traffic signs,broadside,no,no,no,0,0,0,0,0,0,Not Stated,LOS ANGELES
9470750,2023-09-15,9,4,5,possible injury,0,1,unsafe speed,vehicle/pedestrian,yes,no,no,1,0,0,0,0,0,Not Stated,LOS ANGELES
9470751,2023-09-10,9,17,7,severe injury,0,1,wrong side of road,broadside,no,no,yes,0,0,1,0,0,0,Motorcycle/Scooter,LOS ANGELES
9470752,2023-09-07,9,22,4,minor injury,0,2,pedestrian right of way,vehicle/pedestrian,yes,no,no,2,0,0,0,0,0,Not Stated,LOS ANGELES
9470753,2023-09-18,9,20,1,minor injury,0,2,traffic signs,broadside,no,no,no,0,0,0,0,0,0,Passenger Car/Station Wagon,LOS ANGELES
9470754,2023-09-11,9,14,1,minor injury,0,1,improper turning,sideswipe,no,no,no,0,0,0,0,0,0,Passenger Car/Station Wagon,LOS ANGELES
9470755,2023-09-21,9,8,4,minor injury,0,3,improper passing,sideswipe,no,no,no,0,0,0,0,0,0,Not Stated,LOS ANGELES
9470756,2023-09-02,9,18,6,minor injury,0,1,unknown,rear end,no,no,no,0,0,0,0,0,0,Not Stated,LOS ANGELES
9470757,2023-09-23,9,7,6,minor injury,0,1,unsafe speed,head-on,no,no,no,0,0,0,0,0,0,Passenger Car/Station Wagon,LOS ANGELES
9470758,2023-09-21,9,13,4,possible injury,0,1,unsafe speed,rear end,no,no,no,0,0,0,0,0,0,Passenger Car/Station Wagon,LOS ANGELES
9470759,2023-09-24,9,3,7,possible injury,0,1,traffic signs,broadside,no,no,no,0,0,0,0,0,0,Passenger Car/Station Wagon,LOS ANGELES
9470760,2023-09-13,9,0,3,minor injury,0,1,traffic signs,vehicle/pedestrian,yes,no,no,1,0,0,0,0,0,Not Stated,LOS ANGELES
9470778,2023-09-22,9,21,5,possible injury,0,3,unsafe speed,rear end,no,no,no,0,0,0,0,0,0,Not Stated,LOS ANGELES
9470799,2023-09-23,9,14,6,possible injury,0,2,traffic signs,broadside,no,no,no,0,0,0,0,0,0,Not Stated,SAN BERNARDINO
9470804,2023-08-14,8,18,1,minor injury,0,2,automobile right of way,sideswipe,no,no,no,0,0,0,0,0,0,Passenger Car/Station Wagon,LOS ANGELES
9470832,2023-09-15,9,15,5,possible injury,0,4,automobile right of way,sideswipe,no,no,no,0,0,0,0,0,0,Passenger Car/Station Wagon,SAN BERNARDINO
9470837,2023-08-14,8,16,1,minor injury,0,1,traffic signs,broadside,no,no,no,0,0,0,0,0,0,Truck or Truck Tractor,SAN BERNARDINO
9470838,2023-10-01,10,9,7,possible injury,0,3,traffic signs,broadside,no,no,no,0,0,0,0,0,0,Pickup or Panel Truck,SANTA BARBARA
9470839,2023-09-20,9,10,3,possible injury,0,1,unsafe speed,rear end,no,no,no,0,0,0,0,0,0,Pickup or Panel Truck,SAN BERNARDINO
9470841,2023-09-21,9,6,4,possible injury,0,1,automobile right of way,broadside,no,no,no,0,0,0,0,0,0,Passenger Car/Station Wagon,SAN BERNARDINO
9470843,2023-09-20,9,8,3,possible injury,0,1,unsafe lane change,sideswipe,no,no,no,0,0,0,0,0,0,Passenger Car/Station Wagon,SAN BERNARDINO
9470844,2023-09-19,9,17,2,possible injury,0,1,automobile right of way,broadside,no,no,no,0,0,0,0,0,0,Passenger Car/Station Wagon,SAN BERNARDINO
9470845,2023-09-19,9,10,2,minor injury,0,5,automobile right of way,broadside,no,no,no,0,0,0,0,0,0,Passenger Car/Station Wagon,SAN BERNARDINO
9470846,2023-09-19,9,7,2,minor injury,0,1,other hazardous violation,vehicle/pedestrian,yes,no,no,1,0,0,0,0,0,Passenger Car/Station Wagon,SAN BERNARDINO
9470847,2023-09-16,9,15,6,minor injury,0,1,improper turning,other,no,no,yes,0,0,1,0,0,0,Passenger Car/Station Wagon,SAN BERNARDINO
9470848,2023-09-29,9,17,5,possible injury,0,1,automobile right of way,broadside,no,yes,no,0,1,0,0,0,0,Passenger Car/Station Wagon,SAN BERNARDINO
9470849,2023-09-29,9,14,5,possible injury,0,1,pedestrian right of way,broadside,no,yes,no,0,1,0,0,0,0,Passenger Car/Station Wagon,SAN BERNARDINO
9470850,2023-09-29,9,14,5,minor injury,0,1,traffic signs,broadside,no,no,no,0,0,0,0,0,0,Passenger Car/Station Wagon,SAN BERNARDINO
9470851,2023-09-28,9,8,4,minor injury,0,1,automobile right of way,broadside,no,no,no,0,0,0,0,0,0,Passenger Car/Station Wagon,SAN BERNARDINO
9470852,2023-09-25,9,15,1,possible injury,0,1,unsafe speed,rear end,no,no,no,0,0,0,0,0,0,Passenger Car/Station Wagon,SAN BERNARDINO
9470853,2023-09-24,9,11,7,minor injury,0,2,automobile right of way,head-on,no,no,no,0,0,0,0,0,0,Passenger Car/Station Wagon,SAN BERNARDINO
9470854,2023-09-22,9,14,5,minor injury,0,1,automobile right of way,head-on,no,no,no,0,0,0,0,0,0,Passenger Car/Station Wagon,SAN BERNARDINO
9470855,2023-09-22,9,10,5,minor injury,0,2,improper turning,head-on,no,no,no,0,0,0,0,0,0,Passenger Car/Station Wagon,SAN BERNARDINO
9470857,2023-09-27,9,10,3,possible injury,0,1,automobile right of way,broadside,no,no,no,0,0,0,0,0,0,Not Stated,LOS ANGELES
9470858,2023-09-01,9,19,5,possible injury,0,1,improper passing,sideswipe,no,no,no,0,0,0,0,0,0,Not Stated,LOS ANGELES
9470859,2023-09-24,9,10,7,minor injury,0,1,automobile right of way,broadside,no,no,yes,0,0,1,0,0,0,Not Stated,LOS ANGELES
9470860,2023-09-03,9,20,7,possible injury,0,1,other hazardous violation,unknown,yes,no,no,1,0,0,0,0,0,Not Stated,LOS ANGELES
9470862,2023-09-17,9,11,7,minor injury,0,2,automobile right of way,broadside,no,no,no,0,0,0,0,0,0,Passenger Car/Station Wagon,SAN BERNARDINO
9470873,2023-09-19,9,14,2,possible injury,0,2,automobile right of way,broadside,no,no,no,0,0,0,0,0,0,Passenger Car/Station Wagon,SAN BERNARDINO
9470917,2023-06-16,6,15,5,possible injury,0,1,automobile right of way,head-on,no,no,no,0,0,0,0,0,0,Passenger Car/Station Wagon,LOS ANGELES
9470918,2023-06-16,6,20,5,minor injury,0,1,automobile right of way,broadside,no,yes,no,0,1,0,0,0,0,Passenger Car/Station Wagon,LOS ANGELES
9470919,2023-06-26,6,22,1,possible injury,0,1,unsafe speed,vehicle/pedestrian,yes,no,no,1,0,0,0,0,0,Not Stated,LOS ANGELES
9470920,2023-06-27,6,20,2,minor injury,0,1,automobile right of way,other,no,no,yes,0,0,1,0,0,0,Not Stated,LOS ANGELES
9470921,2023-06-04,6,7,7,severe injury,0,1,unsafe lane change,sideswipe,no,no,no,0,0,0,0,0,0,Not Stated,SAN DIEGO
9470922,2023-06-17,6,20,6,possible injury,0,1,traffic signs,broadside,no,no,no,0,0,0,0,0,0,Passenger Car/Station Wagon,FRESNO
9470923,2023-06-28,6,17,3,possible injury,0,3,traffic signs,broadside,no,no,no,0,0,0,0,0,0,Passenger Car/Station Wagon,ORANGE
9470924,2023-06-24,6,11,6,minor injury,0,1,traffic signs,vehicle/pedestrian,no,yes,no,0,1,0,0,0,0,Bicycle,ORANGE
9470925,2023-06-11,6,2,7,minor injury,0,1,pedestrian violation,vehicle/pedestrian,yes,no,no,1,0,0,0,0,0,Pedestrian,ORANGE
9470926,2023-06-18,6,21,7,severe injury,0,1,unsafe speed,hit object,no,no,no,0,0,0,0,0,0,Passenger Car/Station Wagon,ORANGE
9470927,2023-06-14,6,22,3,possible injury,0,2,unsafe speed,hit object,no,no,no,0,0,0,0,0,0,Passenger Car/Station Wagon,ORANGE
9470928,2023-06-08,6,19,4,possible injury,0,1,other improper driving,vehicle/pedestrian,no,no,no,0,0,0,0,0,0,Not Stated,ORANGE
9470929,2023-05-24,5,8,3,minor injury,0,1,unknown,vehicle/pedestrian,yes,no,no,1,0,0,0,0,0,Not Stated,SAN DIEGO
9470930,2023-05-16,5,16,2,possible injury,0,1,unknown,sideswipe,no,no,no,0,0,0,0,0,0,Not Stated,ORANGE
9470931,2023-05-31,5,20,3,possible injury,0,1,automobile right of way,broadside,no,no,no,0,0,0,0,0,0,Passenger Car/Station Wagon,ORANGE
9470932,2023-05-26,5,9,5,possible injury,0,1,automobile right of way,broadside,no,no,no,0,0,0,0,0,0,Passenger Car/Station Wagon,ORANGE
9470933,2023-05-16,5,12,2,minor injury,0,1,unsafe speed,hit object,no,no,yes,0,0,1,0,0,0,Motorcycle/Scooter,ORANGE
9470934,2023-05-15,5,15,1,possible injury,0,1,unsafe speed,head-on,no,no,no,0,0,0,0,0,0,Not Stated,LOS ANGELES
9470959,2023-08-29,8,12,2,possible injury,0,1,traffic signs,broadside,no,no,no,0,0,0,0,0,0,Passenger Car/Station Wagon,SAN BERNARDINO
9470960,2023-08-27,8,18,7,possible injury,0,1,automobile right of way,head-on,no,no,no,0,0,0,0,0,0,Passenger Car/Station Wagon,SAN BERNARDINO
9470962,2023-08-27,8,15,7,minor injury,0,1,DUI,rear end,no,no,yes,0,0,1,0,0,0,Motorcycle/Scooter,SAN BERNARDINO
9470963,2023-08-24,8,16,4,possible injury,0,2,automobile right of way,broadside,no,no,no,0,0,0,0,0,0,Passenger Car/Station Wagon,SAN BERNARDINO
9470964,2023-08-24,8,14,4,minor injury,0,1,automobile right of way,head-on,no,no,no,0,0,0,0,0,0,Passenger Car/Station Wagon,SAN BERNARDINO
9470965,2023-08-22,8,16,2,minor injury,0,1,pedestrian right of way,broadside,yes,no,no,1,0,0,0,0,0,Passenger Car/Station Wagon,SAN BERNARDINO
9470966,2023-08-11,8,14,5,possible injury,0,2,unsafe speed,rear end,no,no,no,0,0,0,0,0,0,Passenger Car/Station Wagon,RIVERSIDE
9470967,2023-08-17,8,17,4,possible injury,0,6,automobile right of way,broadside,no,no,no,0,0,0,0,0,0,Pickup or Panel Truck,RIVERSIDE
9470968,2023-08-08,8,9,2,severe injury,0,1,automobile right of way,head-on,no,no,no,0,0,0,0,0,0,Passenger Car/Station Wagon,LOS ANGELES
9470969,2023-08-31,8,15,4,possible injury,0,1,unsafe speed,rear end,no,no,no,0,0,0,0,0,0,Passenger Car/Station Wagon,SAN BERNARDINO
9470970,2023-08-29,8,14,2,possible injury,0,1,unsafe speed,hit object,no,no,no,0,0,0,0,0,0,Passenger Car/Station Wagon,LOS ANGELES
9470971,2023-08-19,8,16,6,minor injury,0,2,traffic signs,broadside,no,no,no,0,0,0,0,0,0,Passenger Car/Station Wagon,LOS ANGELES
9470973,2023-08-21,8,7,1,minor injury,0,1,automobile right of way,broadside,no,no,no,0,0,0,0,0,0,Not Stated,LOS ANGELES
9470974,2023-08-28,8,20,1,possible injury,0,1,pedestrian violation,vehicle/pedestrian,yes,no,no,1,0,0,0,0,0,Pedestrian,LOS ANGELES
9470975,2023-08-24,8,0,4,minor injury,0,1,unsafe speed,rear end,no,no,no,0,0,0,0,0,0,Passenger Car/Station Wagon,LOS ANGELES
9470976,2023-08-23,8,20,3,possible injury,0,2,unsafe speed,rear end,no,no,no,0,0,0,0,0,0,Not Stated,LOS ANGELES
9470977,2023-09-13,9,6,3,possible injury,0,1,pedestrian right of way,vehicle/pedestrian,yes,no,no,1,0,0,0,0,0,Passenger Car/Station Wagon,ORANGE
9470978,2023-09-24,9,13,7,possible injury,0,1,traffic signs,broadside,no,no,no,0,0,0,0,0,0,Passenger Car/Station Wagon,LOS ANGELES
9470979,2023-09-01,9,20,5,minor injury,0,1,pedestrian violation,vehicle/pedestrian,yes,no,no,1,0,0,0,0,0,Pedestrian,LOS ANGELES
9470981,2023-09-02,9,13,6,possible injury,0,7,automobile right of way,vehicle/pedestrian,yes,no,no,1,0,0,0,0,0,Passenger Car/Station Wagon,LOS ANGELES
9470982,2023-09-06,9,19,3,possible injury,0,2,improper turning,broadside,no,no,no,0,0,0,0,0,0,Passenger Car/Station Wagon,SAN BERNARDINO
9470983,2023-09-07,9,16,4,possible injury,0,1,automobile right of way,broadside,no,no,no,0,0,0,0,0,0,Passenger Car/Station Wagon,SAN BERNARDINO
9470984,2023-09-22,9,20,5,minor injury,0,1,unsafe speed,rear end,no,no,no,0,0,0,0,0,0,Passenger Car/Station Wagon,ORANGE
9470985,2023-09-01,9,8,5,possible injury,0,1,automobile right of way,broadside,no,no,no,0,0,0,0,0,0,Passenger Car/Station Wagon,LOS ANGELES
9470986,2023-09-17,9,18,7,possible injury,0,3,traffic signs,broadside,no,no,no,0,0,0,0,0,0,Passenger Car/Station Wagon,LOS ANGELES
9470987,2023-09-22,9,20,5,severe injury,0,1,automobile right of way,broadside,no,yes,no,0,1,0,0,0,0,Passenger Car/Station Wagon,ORANGE
9470988,2023-09-30,9,14,6,possible injury,0,1,unsafe speed,other,no,no,yes,0,0,1,0,0,0,Motorcycle/Scooter,ORANGE
9470989,2023-09-16,9,12,6,minor injury,0,1,DUI,sideswipe,no,no,no,0,0,0,0,0,0,Passenger Car/Station Wagon,ORANGE
9470990,2023-09-13,9,14,3,possible injury,0,1,automobile right of way,broadside,no,no,no,0,0,0,0,0,0,Passenger Car/Station Wagon,LOS ANGELES
9470991,2023-09-08,9,1,5,possible injury,0,3,unsafe speed,unknown,no,no,no,0,0,0,0,0,0,Passenger Car/Station Wagon,LOS ANGELES
9470994,2023-09-30,9,17,6,possible injury,0,1,following too closely,rear end,no,no,no,0,0,0,0,0,0,Passenger Car/Station Wagon,SAN BERNARDINO
9470995,2023-09-15,9,18,5,possible injury,0,1,following too closely,rear end,no,no,no,0,0,0,0,0,0,Passenger Car/Station Wagon,SAN DIEGO
9470996,2023-09-06,9,14,3,possible injury,0,1,unsafe lane change,unknown,no,no,no,0,0,0,0,0,0,Passenger Car/Station Wagon,SANTA CLARA
9470997,2023-10-04,10,11,3,possible injury,0,1,other hazardous violation,broadside,no,no,no,0,0,0,0,0,0,Pickup or Panel Truck,SANTA CLARA
9470998,2023-08-19,8,17,6,possible injury,0,1,following too closely,rear end,no,no,no,0,0,0,0,0,0,Pickup or Panel Truck,SANTA CLARA
9471000,2023-08-23,8,10,3,minor injury,0,1,improper turning,broadside,no,no,no,0,0,0,0,0,0,Pickup or Panel Truck,SANTA CLARA
9471001,2023-10-01,10,2,7,possible injury,0,1,DUI,sideswipe,no,no,no,0,0,0,0,0,0,Passenger Car/Station Wagon,SAN DIEGO
9471002,2023-10-01,10,13,7,possible injury,0,1,automobile right of way,broadside,no,no,no,0,0,0,0,0,0,Passenger Car/Station Wagon,ORANGE
9471003,2023-10-10,10,9,2,minor injury,0,1,improper turning,hit object,no,no,no,0,0,0,0,0,0,Passenger Car/Station Wagon,STANISLAUS
9471004,2023-10-02,10,17,1,minor injury,0,1,traffic signs,other,no,yes,no,0,1,0,0,0,0,Bicycle,SAN BERNARDINO
9471005,2023-10-02,10,14,1,possible injury,0,1,wrong side of road,broadside,no,yes,no,0,1,0,0,0,0,Bicycle,SAN BERNARDINO
9471007,2023-10-08,10,23,7,possible injury,0,3,DUI,broadside,no,no,no,0,0,0,0,0,0,Passenger Car/Station Wagon,PLACER
9471008,2023-10-04,10,17,3,possible injury,0,3,unsafe speed,broadside,no,no,no,0,0,0,0,0,0,Passenger Car/Station Wagon,SAN BERNARDINO
9471009,2023-10-03,10,10,2,possible injury,0,2,unsafe speed,rear end,no,no,no,0,0,0,0,0,0,Passenger Car/Station Wagon,SAN BERNARDINO
9471010,2023-10-01,10,17,7,possible injury,0,1,traffic signs,broadside,no,no,no,0,0,0,0,0,0,Passenger Car/Station Wagon,SAN BERNARDINO
9471011,2023-10-01,10,1,7,severe injury,0,1,pedestrian right of way,head-on,yes,no,no,1,0,0,0,0,0,Pickup or Panel Truck,SANTA CLARA
9471012,2023-10-02,10,16,1,possible injury,0,3,improper turning,broadside,no,no,no,0,0,0,0,0,0,Not Stated,SANTA CLARA
9471013,2023-10-02,10,6,1,possible injury,0,1,unsafe speed,sideswipe,no,no,no,0,0,0,0,0,0,Passenger Car/Station Wagon,SANTA CLARA
9471014,2023-10-02,10,12,1,minor injury,0,1,automobile right of way,broadside,no,no,no,0,0,0,0,0,0,Not Stated,SANTA CLARA
9471015,2023-10-07,10,19,6,possible injury,0,1,automobile right of way,head-on,no,no,no,0,0,0,0,0,0,Not Stated,SANTA CLARA
9471016,2023-10-04,10,9,3,possible injury,0,1,other hazardous violation,broadside,no,no,no,0,0,0,0,0,0,Not Stated,SANTA CLARA
9471017,2023-10-06,10,10,5,possible injury,0,1,pedestrian right of way,head-on,yes,no,no,1,0,0,0,0,0,Not Stated,SANTA CLARA