CASE_ID,COLLISION_DATE,MONTH,HOUR,DAY_OF_WEEK,COLLISION_SEVERITY,NUMBER_KILLED,NUMBER_INJURED,PCF_VIOL_CATEGORY,TYPE_OF_COLLISION,PEDESTRIAN_ACCIDENT,BICYCLE_ACCIDENT,MOTORCYCLE_ACCIDENT,COUNT_PED_INJURED,COUNT_BICYCLIST_INJURED,COUNT_MC_INJURED,COUNT_PED_KILLED,COUNT_BICYCLIST_KILLED,COUNT_MC_KILLED,STWD_VEHTYPE_AT_FAULT,COUNTY
9520706,2023-05-21,5,0,7,fatal injury,2,0,DUI,broadside,no,no,no,0,0,0,0,0,0,Passenger Car/Station Wagon,LOS ANGELES
9520707,2023-01-09,1,4,1,fatal injury,1,1,wrong side of road,head-on,no,no,no,0,0,0,0,0,0,Passenger Car/Station Wagon,LOS ANGELES
9520708,2023-01-01,1,23,7,fatal injury,1,0,pedestrian violation,vehicle/pedestrian,yes,no,no,0,0,0,1,0,0,Pedestrian,LOS ANGELES
9520709,2023-02-14,2,9,2,fatal injury,1,0,other than driver or pedestrian,other,no,yes,no,0,0,0,0,1,0,Not Stated,LOS ANGELES
9520710,2023-05-21,5,21,7,fatal injury,1,0,pedestrian violation,vehicle/pedestrian,yes,no,no,0,0,0,1,0,0,Pedestrian,LOS ANGELES
9520725,2023-05-31,5,21,3,fatal injury,1,0,pedestrian violation,vehicle/pedestrian,no,yes,no,0,0,0,0,1,0,Bicycle,CONTRA COSTA
9520728,2023-06-09,6,2,5,fatal injury,1,0,unknown,vehicle/pedestrian,yes,no,no,0,0,0,1,0,0,Not Stated,LOS ANGELES
9520729,2023-01-17,1,23,2,fatal injury,1,0,other than driver or pedestrian,sideswipe,no,yes,no,0,0,0,0,1,0,Not Stated,LOS ANGELES
9520731,2023-04-06,4,8,4,fatal injury,1,0,traffic signs,broadside,no,no,no,0,0,0,0,0,0,Other Vehicle,LOS ANGELES
9520733,2023-01-18,1,10,3,fatal injury,1,1,unsafe speed,vehicle/pedestrian,yes,no,no,0,0,0,1,0,0,Pickup or Panel Truck,SAN BERNARDINO
9520734,2023-01-02,1,18,1,fatal injury,1,1,DUI,rear end,no,no,no,0,0,0,0,0,0,Passenger Car/Station Wagon,SAN BERNARDINO
9520735,2023-06-20,6,10,2,fatal injury,1,0,unsafe speed,rear end,no,no,no,0,0,0,0,0,0,Truck or Truck Tractor with Trailer,LOS ANGELES
9520736,2023-02-23,2,4,4,fatal injury,1,0,improper turning,hit object,no,no,no,0,0,0,0,0,0,Pickup or Panel Truck,PLACER
9520737,2023-06-07,6,15,3,fatal injury,1,1,pedestrian violation,vehicle/pedestrian,yes,no,no,0,0,0,1,0,0,Pedestrian,SAN DIEGO
9520738,2023-05-23,5,1,2,fatal injury,1,0,DUI,vehicle/pedestrian,yes,no,no,0,0,0,1,0,0,Pickup or Panel Truck,SAN FRANCISCO
9520739,2023-05-23,5,10,2,fatal injury,1,4,traffic signs,broadside,yes,no,no,2,0,0,1,0,0,Pickup or Panel Truck,SAN FRANCISCO
9520742,2023-01-16,1,12,1,fatal injury,1,1,pedestrian right of way,vehicle/pedestrian,yes,no,no,1,0,0,1,0,0,Pickup or Panel Truck,PLACER
9520743,2023-04-24,4,23,1,fatal injury,1,2,unsafe speed,broadside,no,no,yes,0,0,0,0,0,1,Motorcycle/Scooter,RIVERSIDE
9520747,2023-06-07,6,16,3,fatal injury,1,0,traffic signs,broadside,no,yes,no,0,0,0,0,1,0,Bicycle,LOS ANGELES
9520748,2023-06-23,6,20,5,fatal injury,1,4,traffic signs,head-on,no,no,no,0,0,0,0,0,0,Passenger Car/Station Wagon,LAKE
9520749,2023-06-20,6,7,2,fatal injury,1,0,unknown,other,no,yes,no,0,0,0,0,1,0,Not Stated,LOS ANGELES
9520753,2023-01-27,1,14,5,fatal injury,1,2,wrong side of road,unknown,no,no,no,0,0,0,0,0,0,Passenger Car/Station Wagon,TULARE
9520754,2023-02-15,2,0,3,fatal injury,1,0,unsafe speed,vehicle/pedestrian,yes,no,no,0,0,0,1,0,0,Not Stated,LOS ANGELES
9520755,2023-04-26,4,16,3,fatal injury,1,0,automobile right of way,broadside,no,no,yes,0,0,0,0,0,1,Passenger Car/Station Wagon,TULARE
9520756,2023-05-07,5,8,7,severe injury,0,1,other than driver or pedestrian,sideswipe,no,no,no,0,0,0,0,0,0,Not Stated,SAN BERNARDINO
9520757,2023-04-18,4,14,2,fatal injury,1,0,automobile right of way,broadside,no,no,no,0,0,0,0,0,0,Passenger Car/Station Wagon,SAN BERNARDINO
9520758,2023-05-24,5,22,3,fatal injury,1,0,pedestrian violation,vehicle/pedestrian,yes,no,no,0,0,0,1,0,0,Pedestrian,ORANGE
9520759,2023-05-31,5,20,3,fatal injury,3,8,improper turning,hit object,no,no,no,0,0,0,0,0,0,Passenger Car/Station Wagon,SACRAMENTO
9520760,2023-06-03,6,17,6,fatal injury,1,2,DUI,hit object,no,no,no,0,0,0,0,0,0,Passenger Car/Station Wagon,LOS ANGELES
9520761,2023-06-04,6,20,7,fatal injury,1,0,other than driver or pedestrian,other,no,no,no,0,0,0,0,0,0,Not Stated,LOS ANGELES
9520762,2023-06-14,6,22,3,fatal injury,1,0,automobile right of way,broadside,no,yes,no,0,0,0,0,1,0,Passenger Car/Station Wagon,LOS ANGELES
9520763,2023-06-23,6,19,5,fatal injury,1,0,improper turning,overturned,no,no,no,0,0,0,0,0,0,Pickup or Panel Truck,LOS ANGELES
9520764,2023-06-14,6,22,3,fatal injury,2,1,DUI,broadside,no,no,no,0,0,0,0,0,0,Passenger Car/Station Wagon,TULARE
9520765,2023-04-19,4,19,3,fatal injury,1,0,pedestrian right of way,vehicle/pedestrian,yes,no,no,0,0,0,1,0,0,Passenger Car/Station Wagon,LOS ANGELES
9520767,2023-06-25,6,23,7,fatal injury,2,1,DUI,vehicle/pedestrian,yes,no,no,0,0,0,2,0,0,Pickup or Panel Truck,RIVERSIDE
9520770,2023-01-06,1,21,5,fatal injury,1,0,DUI,broadside,no,no,yes,0,0,0,0,0,1,Motorcycle/Scooter,SAN BERNARDINO
9520771,2023-01-10,1,19,2,fatal injury,1,0,pedestrian violation,vehicle/pedestrian,yes,no,no,0,0,0,1,0,0,Pedestrian,ORANGE
9520772,2023-06-13,6,20,2,fatal injury,1,0,pedestrian violation,vehicle/pedestrian,yes,no,no,0,0,0,1,0,0,Pedestrian,LOS ANGELES
9520773,2023-01-29,1,21,7,fatal injury,1,0,pedestrian right of way,vehicle/pedestrian,yes,no,no,0,0,0,1,0,0,Not Stated,SAN BERNARDINO
9520774,2023-02-04,2,14,6,fatal injury,1,3,unknown,broadside,yes,no,no,2,0,0,0,0,0,Not Stated,LOS ANGELES
9520775,2023-02-10,2,23,5,fatal injury,1,0,pedestrian violation,vehicle/pedestrian,yes,no,no,0,0,0,1,0,0,Pedestrian,SAN BERNARDINO
9520776,2023-06-10,6,20,6,fatal injury,1,0,traffic signs,vehicle/pedestrian,yes,no,no,0,0,0,1,0,0,Not Stated,SAN DIEGO
9520777,2023-04-05,4,16,3,fatal injury,1,1,DUI,hit object,no,no,no,0,0,0,0,0,0,Pickup or Panel Truck,SAN BERNARDINO
9520780,2023-06-18,6,21,7,fatal injury,1,0,pedestrian violation,vehicle/pedestrian,yes,no,no,0,0,0,1,0,0,Pedestrian,LOS ANGELES
9520781,2023-06-25,6,10,7,fatal injury,1,0,improper turning,hit object,no,no,no,0,0,0,0,0,0,Passenger Car/Station Wagon,LOS ANGELES
9520782,2023-06-28,6,17,3,fatal injury,1,1,traffic signs,broadside,no,no,yes,0,0,0,0,0,1,Motorcycle/Scooter,LOS ANGELES
9520787,2023-06-19,6,1,1,fatal injury,1,0,pedestrian violation,vehicle/pedestrian,yes,no,no,0,0,0,1,0,0,Pedestrian,LOS ANGELES
9520790,2023-05-13,5,22,6,fatal injury,1,0,pedestrian violation,vehicle/pedestrian,yes,no,no,0,0,0,1,0,0,Pedestrian,SAN DIEGO
9520793,2023-04-03,4,2,1,fatal injury,1,3,unsafe speed,hit object,no,no,no,0,0,0,0,0,0,Passenger Car/Station Wagon,LOS ANGELES
9520795,2023-02-22,2,5,3,fatal injury,1,0,unknown,broadside,no,no,yes,0,0,0,0,0,1,Not Stated,LOS ANGELES
9520796,2023-05-28,5,23,7,fatal injury,1,0,pedestrian right of way,vehicle/pedestrian,yes,no,no,0,0,0,1,0,0,Pedestrian,LOS ANGELES
9520797,2023-06-08,6,14,4,fatal injury,1,0,unsafe speed,rear end,no,no,no,0,0,0,0,0,0,Passenger Car/Station Wagon,LOS ANGELES
9520801,2023-04-04,4,12,2,fatal injury,1,0,automobile right of way,broadside,no,no,yes,0,0,0,0,0,1,Passenger Car/Station Wagon,MARIN
9520802,2023-06-23,6,18,5,fatal injury,1,0,unknown,vehicle/pedestrian,yes,no,no,0,0,0,1,0,0,Not Stated,LOS ANGELES
9520803,2023-06-24,6,12,6,fatal injury,1,0,traffic signs,broadside,no,no,yes,0,0,0,0,0,1,Passenger Car/Station Wagon,LOS ANGELES
9520804,2023-06-15,6,4,4,fatal injury,1,0,pedestrian violation,head-on,yes,no,no,0,0,0,1,0,0,Not Stated,SAN BERNARDINO
9520805,2023-06-29,6,21,4,fatal injury,2,4,wrong side of road,head-on,no,no,no,0,0,0,0,0,0,Passenger Car/Station Wagon,LOS ANGELES
9520806,2023-07-04,7,21,2,fatal injury,1,0,unknown,hit object,no,no,no,0,0,0,0,0,0,Not Stated,LOS ANGELES
9520807,2023-07-05,7,16,3,fatal injury,1,0,automobile right of way,broadside,no,no,yes,0,0,0,0,0,1,Passenger Car/Station Wagon,LOS ANGELES
9520808,2023-07-02,7,1,7,fatal injury,1,0,unknown,vehicle/pedestrian,yes,no,no,0,0,0,1,0,0,Not Stated,LOS ANGELES
9520809,2023-07-12,7,13,3,fatal injury,1,0,pedestrian right of way,vehicle/pedestrian,yes,no,no,0,0,0,1,0,0,Passenger Car/Station Wagon,LOS ANGELES
9520810,2023-07-13,7,7,4,fatal injury,1,0,pedestrian violation,vehicle/pedestrian,yes,no,no,0,0,0,1,0,0,Pedestrian,LOS ANGELES
9520811,2023-07-13,7,21,4,fatal injury,1,2,unknown,broadside,no,no,no,0,0,0,0,0,0,Not Stated,LOS ANGELES
9520813,2023-07-16,7,3,7,fatal injury,1,4,DUI,broadside,no,no,no,0,0,0,0,0,0,Passenger Car/Station Wagon,LOS ANGELES
9520814,2023-07-19,7,22,3,fatal injury,1,1,unsafe speed,other,no,no,no,0,0,0,0,0,0,Passenger Car/Station Wagon,SAN DIEGO
9520817,2023-04-23,4,19,7,fatal injury,1,0,traffic signs,broadside,no,no,yes,0,0,0,0,0,1,Motorcycle/Scooter,SAN BERNARDINO
9520818,2023-05-12,5,13,5,severe injury,0,1,other improper driving,other,no,yes,no,0,1,0,0,0,0,Bicycle,MARIN
9520819,2023-05-24,5,16,3,fatal injury,1,0,unsafe starting or backing,vehicle/pedestrian,yes,no,no,0,0,0,1,0,0,Passenger Car/Station Wagon,SAN FRANCISCO
9520820,2023-05-28,5,1,7,fatal injury,1,0,DUI,hit object,no,no,no,0,0,0,0,0,0,Passenger Car/Station Wagon,LOS ANGELES
9520821,2023-06-02,6,21,5,fatal injury,1,0,other hazardous violation,head-on,no,no,no,0,0,0,0,0,0,Other Vehicle,SAN FRANCISCO
9520822,2023-06-11,6,0,7,fatal injury,1,0,unsafe speed,hit object,no,no,no,0,0,0,0,0,0,Passenger Car/Station Wagon,LOS ANGELES
9520823,2023-06-16,6,23,5,fatal injury,1,4,automobile right of way,head-on,no,no,no,0,0,0,0,0,0,Passenger Car/Station Wagon,LOS ANGELES
9520824,2023-06-20,6,19,2,fatal injury,1,3,traffic signs,broadside,no,no,no,0,0,0,0,0,0,Passenger Car/Station Wagon,LOS ANGELES
9520825,2023-06-22,6,23,4,fatal injury,1,1,improper turning,broadside,no,no,no,0,0,0,0,0,0,Passenger Car/Station Wagon,LOS ANGELES
9520826,2023-06-26,6,4,1,fatal injury,1,0,pedestrian violation,rear end,yes,no,no,0,0,0,1,0,0,Pedestrian,LOS ANGELES
9520827,2023-03-12,3,14,7,fatal injury,1,0,unsafe speed,hit object,no,no,yes,0,0,0,0,0,1,Motorcycle/Scooter,LOS ANGELES
9520828,2023-03-31,3,5,5,fatal injury,1,0,unsafe speed,hit object,no,no,yes,0,0,0,0,0,1,Motorcycle/Scooter,LOS ANGELES
9520829,2023-04-19,4,15,3,fatal injury,1,0,pedestrian violation,vehicle/pedestrian,yes,no,no,0,0,0,1,0,0,Pickup or Panel Truck,LOS ANGELES
9520830,2023-04-30,4,23,7,fatal injury,1,3,unsafe speed,hit object,no,no,no,0,0,0,0,0,0,Passenger Car/Station Wagon,LOS ANGELES
9520831,2023-06-24,6,13,6,fatal injury,1,0,unknown,vehicle/pedestrian,yes,no,no,0,0,0,1,0,0,Pedestrian,SAN BERNARDINO
9520832,2023-07-03,7,13,1,fatal injury,1,0,improper turning,vehicle/pedestrian,yes,no,no,0,0,0,1,0,0,Passenger Car/Station Wagon,CONTRA COSTA
9520833,2023-07-08,7,20,6,fatal injury,1,2,DUI,broadside,no,no,no,0,0,0,0,0,0,Pickup or Panel Truck,LOS ANGELES
9520834,2023-07-13,7,21,4,fatal injury,1,1,unknown,broadside,no,no,yes,0,0,0,0,0,1,Not Stated,LOS ANGELES
9520835,2023-07-08,7,10,6,fatal injury,1,1,unsafe speed,vehicle/pedestrian,yes,no,no,0,0,0,1,0,0,Other Vehicle,SAN FRANCISCO
9520836,2023-07-16,7,21,7,fatal injury,1,0,improper turning,broadside,no,no,yes,0,0,0,0,0,1,Passenger Car/Station Wagon,LOS ANGELES
9520837,2023-07-19,7,22,3,fatal injury,1,0,pedestrian violation,head-on,yes,no,no,0,0,0,1,0,0,Pedestrian,LOS ANGELES
9520838,2023-07-22,7,17,6,fatal injury,2,5,unsafe speed,head-on,no,no,no,0,0,0,0,0,0,Passenger Car/Station Wagon,LOS ANGELES
9520839,2023-07-24,7,23,1,fatal injury,1,0,unsafe speed,hit object,no,no,no,0,0,0,0,0,0,Passenger Car/Station Wagon,LOS ANGELES
9520840,2023-07-25,7,11,2,fatal injury,1,0,unknown,sideswipe,no,yes,no,0,0,0,0,1,0,Pickup or Panel Truck,SAN DIEGO
9520841,2023-07-29,7,14,6,fatal injury,1,0,DUI,vehicle/pedestrian,yes,no,no,0,0,0,1,0,0,Passenger Car/Station Wagon,MADERA
9520843,2023-07-03,7,0,1,fatal injury,1,1,improper turning,hit object,no,no,no,0,0,0,0,0,0,Passenger Car/Station Wagon,LOS ANGELES
9520844,2023-06-15,6,1,4,fatal injury,1,1,wrong side of road,rear end,no,yes,no,0,0,0,0,1,0,Bicycle,SANTA CLARA
9520859,2023-03-18,3,23,6,fatal injury,1,0,wrong side of road,other,no,yes,no,0,0,0,0,1,0,Passenger Car/Station Wagon,SAN MATEO
9520860,2023-01-25,1,10,3,fatal injury,1,1,automobile right of way,broadside,no,no,no,0,0,0,0,0,0,Passenger Car/Station Wagon,KERN
9520863,2023-03-04,3,6,6,fatal injury,1,0,DUI,hit object,no,no,no,0,0,0,0,0,0,Passenger Car/Station Wagon,CONTRA COSTA
9520864,2023-03-23,3,19,4,fatal injury,1,0,pedestrian violation,vehicle/pedestrian,yes,no,no,0,0,0,1,0,0,Pedestrian,ALAMEDA
9520865,2023-05-17,5,10,3,fatal injury,1,0,wrong side of road,overturned,no,no,no,0,0,0,0,0,0,Passenger Car/Station Wagon,IMPERIAL
9520866,2023-05-27,5,10,6,fatal injury,1,3,unsafe lane change,sideswipe,no,no,no,0,0,0,0,0,0,Pickup or Panel Truck,SAN BERNARDINO
9520867,2023-06-04,6,1,7,fatal injury,1,1,DUI,hit object,no,no,no,0,0,0,0,0,0,Passenger Car/Station Wagon,SAN DIEGO
9520868,2023-07-03,7,21,1,fatal injury,1,0,pedestrian violation,vehicle/pedestrian,yes,no,no,0,0,0,1,0,0,Pedestrian,LOS ANGELES
9520869,2023-07-04,7,22,2,fatal injury,1,0,pedestrian violation,vehicle/pedestrian,yes,no,no,0,0,0,1,0,0,Pedestrian,LOS ANGELES
9520870,2023-07-07,7,14,5,fatal injury,1,0,pedestrian right of way,vehicle/pedestrian,yes,no,no,0,0,0,1,0,0,Not Stated,LOS ANGELES
9520871,2023-07-09,7,16,7,fatal injury,1,1,wrong side of road,vehicle/pedestrian,yes,no,yes,0,0,1,1,0,0,Motorcycle/Scooter,LOS ANGELES
9520872,2023-07-25,7,7,2,fatal injury,1,0,improper turning,broadside,no,no,yes,0,0,0,0,0,1,Pickup or Panel Truck,LOS ANGELES
9520873,2023-07-29,7,23,6,fatal injury,1,4,DUI,broadside,no,no,no,0,0,0,0,0,0,Passenger Car/Station Wagon,LOS ANGELES
9520874,2023-02-19,2,18,7,fatal injury,1,0,pedestrian violation,vehicle/pedestrian,yes,no,no,0,0,0,1,0,0,Pedestrian,SAN BERNARDINO
9520876,2023-07-02,7,2,7,fatal injury,1,0,DUI,hit object,no,no,yes,0,0,0,0,0,1,Motorcycle/Scooter,YOLO
9520882,2023-07-16,7,12,7,fatal injury,1,1,other hazardous violation,sideswipe,no,yes,no,0,1,0,0,1,0,Not Stated,LOS ANGELES
9520885,2023-02-11,2,5,6,fatal injury,1,0,pedestrian violation,vehicle/pedestrian,yes,no,no,0,0,0,1,0,0,Pedestrian,SACRAMENTO
9520886,2023-02-18,2,13,6,fatal injury,1,0,improper turning,broadside,no,no,yes,0,0,0,0,0,1,Passenger Car/Station Wagon,SACRAMENTO
9520887,2023-02-19,2,19,7,fatal injury,1,0,pedestrian violation,vehicle/pedestrian,yes,no,no,0,0,0,1,0,0,Pedestrian,LAKE
9520888,2023-03-04,3,11,6,fatal injury,1,1,unsafe speed,vehicle/pedestrian,yes,no,no,0,0,0,1,0,0,Passenger Car/Station Wagon,SACRAMENTO
9520889,2023-03-13,3,19,1,fatal injury,1,0,unsafe speed,broadside,no,no,yes,0,0,0,0,0,1,Motorcycle/Scooter,SACRAMENTO
9520890,2023-03-18,3,19,6,fatal injury,1,0,improper turning,broadside,no,yes,no,0,0,0,0,1,0,Bicycle,SACRAMENTO
9520891,2023-03-19,3,6,7,fatal injury,1,0,pedestrian violation,vehicle/pedestrian,yes,no,no,0,0,0,1,0,0,Pedestrian,SACRAMENTO
9520892,2023-04-04,4,16,2,fatal injury,1,0,pedestrian violation,vehicle/pedestrian,yes,no,no,0,0,0,1,0,0,Pedestrian,SAN BERNARDINO
9520893,2023-04-13,4,3,4,fatal injury,2,0,traffic signs,broadside,no,no,no,0,0,0,0,0,0,Passenger Car/Station Wagon,BUTTE
9520897,2023-05-04,5,16,4,fatal injury,2,5,traffic signs,broadside,no,no,no,0,0,0,0,0,0,Passenger Car/Station Wagon,SACRAMENTO
9520900,2023-06-03,6,17,6,fatal injury,1,0,improper turning,broadside,no,no,no,0,0,0,0,0,0,Not Stated,SACRAMENTO
9520901,2023-07-13,7,21,4,fatal injury,1,1,pedestrian violation,vehicle/pedestrian,yes,no,no,1,0,0,1,0,0,Pedestrian,LOS ANGELES
9520902,2023-07-28,7,20,5,fatal injury,1,0,pedestrian violation,vehicle/pedestrian,yes,no,no,0,0,0,1,0,0,Pedestrian,SAN BERNARDINO
9520907,2023-02-28,2,19,2,fatal injury,1,0,unknown,vehicle/pedestrian,yes,no,no,0,0,0,1,0,0,Not Stated,SAN BERNARDINO
9520908,2023-04-08,4,0,6,fatal injury,1,6,DUI,sideswipe,yes,no,no,2,0,0,1,0,0,Passenger Car/Station Wagon,LOS ANGELES
9520909,2023-07-29,7,22,6,fatal injury,1,0,unknown,hit object,no,no,no,0,0,0,0,0,0,Not Stated,LOS ANGELES
9520910,2023-08-13,8,22,7,fatal injury,1,0,unknown,vehicle/pedestrian,yes,no,no,0,0,0,1,0,0,Not Stated,LOS ANGELES
9520915,2023-05-14,5,8,7,fatal injury,1,0,unknown,broadside,no,no,yes,0,0,0,0,0,1,Not Stated,YUBA
9520916,2023-06-06,6,13,2,fatal injury,1,0,improper turning,hit object,no,no,no,0,0,0,0,0,0,Pickup or Panel Truck,LOS ANGELES
9520917,2023-06-20,6,22,2,fatal injury,2,0,improper turning,hit object,no,no,no,0,0,0,0,0,0,Passenger Car/Station Wagon,ALAMEDA
9520918,2023-07-02,7,15,7,fatal injury,1,0,unsafe speed,rear end,no,no,yes,0,0,0,0,0,1,Motorcycle/Scooter,LOS ANGELES
9520919,2023-02-03,2,14,5,fatal injury,1,2,DUI,head-on,no,no,no,0,0,0,0,0,0,Passenger Car/Station Wagon,SAN BERNARDINO
9520920,2023-03-15,3,4,3,fatal injury,1,0,pedestrian violation,vehicle/pedestrian,yes,no,no,0,0,0,1,0,0,Pedestrian,SAN BERNARDINO
9520921,2023-04-13,4,15,4,fatal injury,1,0,DUI,hit object,no,no,yes,0,0,0,0,0,1,Motorcycle/Scooter,ORANGE
9520922,2023-07-08,7,20,6,fatal injury,1,1,other than driver or pedestrian,hit object,no,no,no,0,0,0,0,0,0,Not Stated,MERCED
9520923,2023-07-12,7,6,3,fatal injury,1,0,unsafe speed,head-on,no,no,yes,0,0,0,0,0,1,Motorcycle/Scooter,SAN DIEGO
9520924,2023-07-20,7,14,4,fatal injury,1,2,automobile right of way,broadside,no,no,no,0,0,0,0,0,0,Passenger Car/Station Wagon,LOS ANGELES
9520925,2023-04-13,4,5,4,fatal injury,1,0,wrong side of road,broadside,no,no,yes,0,0,0,0,0,1,Motorcycle/Scooter,SAN BERNARDINO
9520926,2023-07-23,7,2,7,fatal injury,1,2,automobile right of way,broadside,no,no,no,0,0,0,0,0,0,Passenger Car/Station Wagon,LOS ANGELES
9520927,2023-08-03,8,7,4,fatal injury,1,0,improper turning,overturned,no,no,no,0,0,0,0,0,0,Pickup or Panel Truck,SAN BERNARDINO
9520928,2023-07-24,7,21,1,fatal injury,1,0,pedestrian violation,vehicle/pedestrian,yes,no,no,0,0,0,1,0,0,Pedestrian,SAN BERNARDINO
9520929,2023-08-04,8,3,5,fatal injury,3,0,improper turning,head-on,no,no,no,0,0,0,0,0,0,Passenger Car/Station Wagon,LOS ANGELES
9520930,2023-08-12,8,22,6,fatal injury,1,0,unsafe speed,rear end,no,yes,no,0,0,0,0,1,0,Not Stated,LOS ANGELES
9520931,2023-08-17,8,14,4,fatal injury,1,0,unsafe speed,other,no,no,no,0,0,0,0,0,0,Truck or Truck Tractor with Trailer,LOS ANGELES
9520932,2023-08-17,8,18,4,fatal injury,1,0,unknown,hit object,no,no,no,0,0,0,0,0,0,Not Stated,LOS ANGELES
9520934,2023-08-01,8,5,2,fatal injury,1,0,pedestrian violation,vehicle/pedestrian,yes,no,no,0,0,0,1,0,0,Pedestrian,LOS ANGELES
9520935,2023-08-15,8,17,2,fatal injury,1,1,pedestrian right of way,vehicle/pedestrian,yes,no,no,1,0,0,1,0,0,Passenger Car/Station Wagon,SAN FRANCISCO
9520936,2023-07-07,7,23,5,fatal injury,1,0,unknown,vehicle/pedestrian,yes,no,no,0,0,0,1,0,0,Not Stated,SAN FRANCISCO
9520937,2023-06-24,6,14,6,fatal injury,1,0,unsafe speed,overturned,no,no,no,0,0,0,0,0,0,Passenger Car/Station Wagon,SAN FRANCISCO
9520940,2023-05-13,5,18,6,severe injury,0,1,other than driver or pedestrian,hit object,no,no,no,0,0,0,0,0,0,Not Stated,SACRAMENTO
9520941,2023-06-08,6,19,4,fatal injury,1,5,improper turning,head-on,no,no,no,0,0,0,0,0,0,Passenger Car/Station Wagon,LOS ANGELES
9520942,2023-07-20,7,8,4,fatal injury,1,0,automobile right of way,head-on,no,no,yes,0,0,0,0,0,1,Pickup or Panel Truck,LOS ANGELES
9520943,2023-08-01,8,23,2,fatal injury,1,0,pedestrian violation,vehicle/pedestrian,yes,no,no,0,0,0,1,0,0,Pedestrian,LOS ANGELES
9520944,2023-08-06,8,22,7,fatal injury,1,2,DUI,head-on,no,no,no,0,0,0,0,0,0,Passenger Car/Station Wagon,LOS ANGELES
9520945,2023-08-07,8,15,1,fatal injury,1,0,unsafe starting or backing,broadside,no,no,yes,0,0,0,0,0,1,Motorcycle/Scooter,SAN DIEGO
9520946,2023-01-01,1,18,7,fatal injury,1,0,pedestrian violation,vehicle/pedestrian,yes,no,no,0,0,0,1,0,0,Pedestrian,LOS ANGELES
9520947,2023-02-02,2,4,4,fatal injury,2,1,pedestrian violation,vehicle/pedestrian,yes,no,no,0,0,0,2,0,0,Pedestrian,SAN BERNARDINO
9520948,2023-02-24,2,18,5,fatal injury,1,0,pedestrian violation,vehicle/pedestrian,yes,no,no,0,0,0,1,0,0,Pedestrian,SACRAMENTO
9520949,2023-03-25,3,0,6,fatal injury,1,0,unsafe lane change,hit object,no,no,no,0,0,0,0,0,0,Passenger Car/Station Wagon,LOS ANGELES
9520950,2023-04-16,4,14,7,fatal injury,1,2,automobile right of way,broadside,no,no,yes,0,0,0,0,0,1,Motorcycle/Scooter,TULARE
9520951,2023-05-11,5,18,4,fatal injury,1,2,DUI,broadside,no,no,no,0,0,0,0,0,0,Passenger Car/Station Wagon,SAN BERNARDINO
9520952,2023-05-20,5,21,6,fatal injury,1,0,pedestrian violation,vehicle/pedestrian,yes,no,no,0,0,0,1,0,0,Pedestrian,SAN BERNARDINO
9520953,2023-07-01,7,20,6,fatal injury,1,0,pedestrian violation,vehicle/pedestrian,yes,no,no,0,0,0,1,0,0,Pedestrian,SAN DIEGO
9520954,2023-07-26,7,22,3,fatal injury,1,0,improper turning,hit object,no,no,no,0,0,0,0,0,0,Passenger Car/Station Wagon,SAN DIEGO
9520955,2023-08-05,8,14,6,fatal injury,1,0,automobile right of way,broadside,no,no,yes,0,0,0,0,0,1,Passenger Car/Station Wagon,YUBA
9520956,2023-08-05,8,17,6,fatal injury,1,0,unsafe speed,hit object,no,no,yes,0,0,0,0,0,1,Motorcycle/Scooter,LOS ANGELES
9520957,2023-08-11,8,17,5,fatal injury,1,1,automobile right of way,head-on,no,no,no,0,0,0,0,0,0,Passenger Car/Station Wagon,SANTA CLARA
9520958,2023-08-11,8,20,5,fatal injury,1,0,other than driver or pedestrian,vehicle/pedestrian,yes,no,no,0,0,0,1,0,0,Not Stated,SAN DIEGO
9520959,2023-09-01,9,20,5,fatal injury,2,3,DUI,broadside,no,no,no,0,0,0,0,0,0,Passenger Car/Station Wagon,LOS ANGELES
9520960,2023-02-20,2,1,1,fatal injury,1,0,unsafe speed,hit object,no,no,yes,0,0,0,0,0,1,Motorcycle/Scooter,LOS ANGELES
9525226,2023-01-10,1,12,2,minor injury,0,1,traffic signs,sideswipe,no,no,no,0,0,0,0,0,0,Passenger Car/Station Wagon,KERN
9525240,2023-01-21,1,0,6,severe injury,0,1,DUI,rear end,no,no,no,0,0,0,0,0,0,Pickup or Panel Truck,LOS ANGELES
9525244,2023-01-12,1,7,4,possible injury,0,1,traffic signs,broadside,no,no,no,0,0,0,0,0,0,Passenger Car/Station Wagon,TULARE
9525245,2023-01-13,1,9,5,possible injury,0,2,traffic signs,broadside,no,no,no,0,0,0,0,0,0,Passenger Car/Station Wagon,TULARE
9525247,2023-01-20,1,7,5,possible injury,0,2,automobile right of way,broadside,no,no,no,0,0,0,0,0,0,Pickup or Panel Truck,TULARE
9525248,2023-01-20,1,10,5,possible injury,0,1,traffic signs,broadside,no,no,no,0,0,0,0,0,0,Passenger Car/Station Wagon,TULARE
9525249,2023-01-23,1,16,1,possible injury,0,1,DUI,broadside,no,no,no,0,0,0,0,0,0,Passenger Car/Station Wagon,TULARE
9525250,2023-01-04,1,22,3,minor injury,0,1,traffic signs,broadside,no,no,no,0,0,0,0,0,0,Passenger Car/Station Wagon,TULARE
9525251,2023-01-10,1,7,2,minor injury,0,1,pedestrian violation,vehicle/pedestrian,yes,no,no,1,0,0,0,0,0,Pedestrian,TULARE
9525252,2023-01-03,1,12,2,severe injury,0,3,wrong side of road,head-on,no,no,no,0,0,0,0,0,0,Passenger Car/Station Wagon,TULARE
9525253,2023-01-04,1,12,3,minor injury,0,1,automobile right of way,broadside,yes,no,no,1,0,0,0,0,0,Pickup or Panel Truck,TULARE
9525257,2023-01-10,1,10,2,possible injury,0,2,traffic signs,broadside,no,no,no,0,0,0,0,0,0,Passenger Car/Station Wagon,TULARE
9525260,2023-01-31,1,16,2,possible injury,0,2,unsafe speed,rear end,no,no,no,0,0,0,0,0,0,Passenger Car/Station Wagon,VENTURA
9525261,2023-01-27,1,16,5,severe injury,0,1,other hazardous violation,rear end,no,yes,no,0,1,0,0,0,0,Truck or Truck Tractor,VENTURA
9525283,2023-02-20,2,10,1,possible injury,0,1,improper turning,broadside,no,no,no,0,0,0,0,0,0,Passenger Car/Station Wagon,LOS ANGELES
9525293,2023-01-24,1,16,2,minor injury,0,1,improper turning,sideswipe,no,no,no,0,0,0,0,0,0,Not Stated,LOS ANGELES