CASE_ID,COLLISION_DATE,MONTH,HOUR,DAY_OF_WEEK,COLLISION_SEVERITY,NUMBER_KILLED,NUMBER_INJURED,PCF_VIOL_CATEGORY,TYPE_OF_COLLISION,PEDESTRIAN_ACCIDENT,BICYCLE_ACCIDENT,MOTORCYCLE_ACCIDENT,COUNT_PED_INJURED,COUNT_BICYCLIST_INJURED,COUNT_MC_INJURED,COUNT_PED_KILLED,COUNT_BICYCLIST_KILLED,COUNT_MC_KILLED,STWD_VEHTYPE_AT_FAULT,COUNTY
9557448,2023-04-06,4,20,4,possible injury,0,2,automobile right of way,broadside,no,no,no,0,0,0,0,0,0,Passenger Car/Station Wagon,SAN DIEGO
9557450,2023-03-25,3,22,6,possible injury,0,2,DUI,broadside,no,no,no,0,0,0,0,0,0,Pickup or Panel Truck,VENTURA
9557451,2023-03-07,3,12,2,possible injury,0,2,unsafe speed,rear end,no,no,no,0,0,0,0,0,0,Passenger Car/Station Wagon,VENTURA
9557453,2023-02-09,2,6,4,possible injury,0,1,following too closely,rear end,no,no,no,0,0,0,0,0,0,Passenger Car/Station Wagon,VENTURA
9557455,2023-02-01,2,18,3,possible injury,0,1,unsafe speed,rear end,no,no,no,0,0,0,0,0,0,Passenger Car/Station Wagon,VENTURA
9557458,2023-02-01,2,16,3,possible injury,0,1,automobile right of way,broadside,no,no,no,0,0,0,0,0,0,Truck or Truck Tractor,VENTURA
9557459,2023-03-09,3,8,4,severe injury,0,2,wrong side of road,head-on,no,no,no,0,0,0,0,0,0,Passenger Car/Station Wagon,VENTURA
9557460,2023-03-12,3,15,7,possible injury,0,1,unsafe speed,sideswipe,no,no,no,0,0,0,0,0,0,Pickup or Panel Truck,VENTURA
9557462,2023-03-12,3,5,7,possible injury,0,1,improper turning,sideswipe,no,yes,no,0,1,0,0,0,0,Bicycle,VENTURA
9557467,2023-03-15,3,17,3,possible injury,0,1,unsafe starting or backing,sideswipe,no,no,no,0,0,0,0,0,0,Pickup or Panel Truck,VENTURA
9557470,2023-02-25,2,16,6,severe injury,0,1,unsafe lane change,overturned,no,no,no,0,0,0,0,0,0,Passenger Car/Station Wagon,VENTURA
9557472,2023-03-11,3,9,6,possible injury,0,2,automobile right of way,broadside,no,no,no,0,0,0,0,0,0,Passenger Car/Station Wagon,VENTURA
9557473,2023-03-27,3,8,1,minor injury,0,3,traffic signs,broadside,no,no,no,0,0,0,0,0,0,Not Stated,VENTURA
9557478,2023-03-16,3,20,4,minor injury,0,1,other than driver or pedestrian,rear end,no,no,no,0,0,0,0,0,0,Not Stated,SAN BERNARDINO
9557486,2023-04-09,4,16,7,possible injury,0,3,traffic signs,head-on,no,no,no,0,0,0,0,0,0,Pickup or Panel Truck,SAN DIEGO
9557487,2023-03-17,3,13,5,minor injury,0,1,unknown,hit object,no,no,no,0,0,0,0,0,0,Not Stated,LOS ANGELES
9557495,2023-03-30,3,13,4,possible injury,0,1,unsafe speed,rear end,no,no,no,0,0,0,0,0,0,Passenger Car/Station Wagon,ALAMEDA
9557497,2023-04-17,4,13,1,possible injury,0,1,traffic signs,broadside,no,no,no,0,0,0,0,0,0,Pickup or Panel Truck,LOS ANGELES
9557500,2023-04-20,4,8,4,possible injury,0,1,automobile right of way,broadside,no,no,yes,0,0,1,0,0,0,Motorcycle/Scooter,LOS ANGELES
9557506,2023-04-23,4,23,7,minor injury,0,1,DUI,sideswipe,no,no,no,0,0,0,0,0,0,Passenger Car/Station Wagon,VENTURA
9557512,2023-04-10,4,17,1,minor injury,0,4,improper turning,broadside,no,no,no,0,0,0,0,0,0,Passenger Car/Station Wagon,ORANGE
9557513,2023-04-17,4,9,1,possible injury,0,1,traffic signs,broadside,no,no,no,0,0,0,0,0,0,Not Stated,STANISLAUS
9557515,2023-03-14,3,19,2,possible injury,0,1,traffic signs,broadside,no,no,no,0,0,0,0,0,0,Passenger Car/Station Wagon,ORANGE
9557517,2023-04-01,4,19,6,minor injury,0,1,DUI,rear end,no,no,no,0,0,0,0,0,0,Passenger Car/Station Wagon,STANISLAUS
9557519,2023-04-19,4,15,3,possible injury,0,1,pedestrian right of way,vehicle/pedestrian,yes,no,no,1,0,0,0,0,0,Other Bus,LOS ANGELES
9557524,2023-05-03,5,11,3,possible injury,0,2,automobile right of way,broadside,no,no,no,0,0,0,0,0,0,Passenger Car/Station Wagon,SAN BERNARDINO
9557526,2023-05-09,5,12,2,minor injury,0,1,automobile right of way,broadside,no,no,no,0,0,0,0,0,0,Passenger Car/Station Wagon,SAN BERNARDINO
9557531,2023-05-03,5,20,3,minor injury,0,1,improper turning,vehicle/pedestrian,yes,no,no,1,0,0,0,0,0,Not Stated,MARIN
9557533,2023-05-11,5,12,4,possible injury,0,1,automobile right of way,broadside,no,no,no,0,0,0,0,0,0,Passenger Car/Station Wagon,MARIN
9557535,2023-03-09,3,14,4,minor injury,0,1,unsafe speed,head-on,no,no,no,0,0,0,0,0,0,Passenger Car/Station Wagon,SISKIYOU
9557544,2023-03-11,3,0,6,minor injury,0,3,unsafe speed,overturned,no,no,yes,0,0,3,0,0,0,Motorcycle/Scooter,PLACER
9557547,2023-05-04,5,15,4,possible injury,0,1,other hazardous violation,sideswipe,no,no,no,0,0,0,0,0,0,Passenger Car/Station Wagon,PLACER
9557548,2023-05-07,5,21,7,minor injury,0,1,unsafe speed,broadside,no,no,no,0,0,0,0,0,0,Not Stated,PLACER
9557550,2023-04-19,4,13,3,severe injury,0,4,automobile right of way,broadside,no,no,no,0,0,0,0,0,0,Passenger Car/Station Wagon,PLACER
9557551,2023-04-28,4,14,5,possible injury,0,1,unsafe speed,rear end,no,no,no,0,0,0,0,0,0,Pickup or Panel Truck,PLACER
9557554,2023-05-11,5,15,4,minor injury,0,3,automobile right of way,sideswipe,no,no,no,0,0,0,0,0,0,Passenger Car/Station Wagon,TULARE
9557555,2023-05-18,5,20,4,minor injury,0,1,improper turning,broadside,no,no,yes,0,0,1,0,0,0,Passenger Car/Station Wagon,KINGS
9557558,2023-04-14,4,18,5,severe injury,0,4,traffic signs,broadside,no,no,no,0,0,0,0,0,0,Pickup or Panel Truck,MONTEREY
9557565,2023-05-10,5,7,3,possible injury,0,1,automobile right of way,broadside,no,no,no,0,0,0,0,0,0,Pickup or Panel Truck,SAN BERNARDINO
9557566,2023-05-20,5,1,6,severe injury,0,1,other hazardous violation,unknown,no,no,no,0,0,0,0,0,0,Passenger Car/Station Wagon,SAN BERNARDINO
9557570,2023-05-12,5,15,5,possible injury,0,1,unsafe lane change,sideswipe,no,no,no,0,0,0,0,0,0,Truck or Truck Tractor,SAN FRANCISCO
9557571,2023-05-13,5,12,6,possible injury,0,1,traffic signs,sideswipe,no,no,no,0,0,0,0,0,0,Pickup or Panel Truck,SAN FRANCISCO
9557572,2023-05-10,5,5,3,severe injury,0,1,improper turning,broadside,no,no,no,0,0,0,0,0,0,Pickup or Panel Truck,SAN FRANCISCO
9557575,2023-05-07,5,21,7,minor injury,0,1,unsafe speed,overturned,no,no,no,0,0,0,0,0,0,Passenger Car/Station Wagon,SAN FRANCISCO
9557580,2023-04-03,4,18,1,minor injury,0,1,unsafe speed,rear end,no,no,no,0,0,0,0,0,0,Passenger Car/Station Wagon,SAN BERNARDINO
9557581,2023-04-04,4,14,2,possible injury,0,1,unsafe speed,sideswipe,no,no,no,0,0,0,0,0,0,Passenger Car/Station Wagon,SAN BERNARDINO
9557582,2023-04-02,4,21,7,possible injury,0,1,unsafe speed,broadside,no,no,no,0,0,0,0,0,0,Passenger Car/Station Wagon,SAN BERNARDINO
9557584,2023-04-06,4,22,4,minor injury,0,2,DUI,rear end,no,no,no,0,0,0,0,0,0,Passenger Car/Station Wagon,SAN BERNARDINO
9557585,2023-04-13,4,8,4,possible injury,0,3,automobile right of way,broadside,no,no,no,0,0,0,0,0,0,Pickup or Panel Truck,SAN BERNARDINO
9557588,2023-04-11,4,7,2,possible injury,0,1,improper turning,sideswipe,no,no,no,0,0,0,0,0,0,Truck or Truck Tractor with Trailer,SAN BERNARDINO
9557589,2023-04-13,4,9,4,possible injury,0,1,unsafe speed,broadside,no,no,no,0,0,0,0,0,0,Pickup or Panel Truck,SAN BERNARDINO
9557596,2023-05-30,5,5,2,minor injury,0,1,automobile right of way,broadside,no,no,no,0,0,0,0,0,0,Pickup or Panel Truck,LOS ANGELES
9557601,2023-05-14,5,0,7,minor injury,0,1,automobile right of way,broadside,no,no,no,0,0,0,0,0,0,Passenger Car/Station Wagon,LOS ANGELES
9557602,2023-05-09,5,8,2,minor injury,0,2,automobile right of way,broadside,no,no,no,0,0,0,0,0,0,Pickup or Panel Truck,LOS ANGELES
9557605,2023-05-06,5,15,6,possible injury,0,1,traffic signs,broadside,no,no,yes,0,0,0,0,0,0,Motorcycle/Scooter,LOS ANGELES
9557614,2023-06-11,6,12,7,severe injury,0,1,unsafe lane change,other,no,no,no,0,0,0,0,0,0,Pickup or Panel Truck,SAN DIEGO
9557616,2023-06-01,6,12,4,possible injury,0,1,unknown,broadside,no,no,no,0,0,0,0,0,0,Not Stated,LOS ANGELES
9557618,2023-06-04,6,23,7,possible injury,0,1,DUI,rear end,no,no,no,0,0,0,0,0,0,Passenger Car/Station Wagon,LOS ANGELES
9557627,2023-06-01,6,17,4,minor injury,0,1,unsafe lane change,sideswipe,no,no,no,0,0,0,0,0,0,Pickup or Panel Truck,SAN DIEGO
9557629,2023-06-04,6,13,7,possible injury,0,1,unknown,rear end,yes,no,no,1,0,0,0,0,0,Not Stated,SAN DIEGO
9557630,2023-05-24,5,15,3,possible injury,0,1,wrong side of road,broadside,no,no,no,0,0,0,0,0,0,Other Bus,SAN DIEGO
9557631,2023-06-20,6,9,2,minor injury,0,1,DUI,head-on,no,no,no,0,0,0,0,0,0,Passenger Car/Station Wagon,SAN BERNARDINO
9557632,2023-06-02,6,20,5,possible injury,0,1,improper turning,sideswipe,no,no,no,0,0,0,0,0,0,Pickup or Panel Truck,SAN BERNARDINO
9557635,2023-06-10,6,20,6,possible injury,0,2,DUI,rear end,no,no,no,0,0,0,0,0,0,Passenger Car/Station Wagon,SAN BERNARDINO
9557638,2023-05-21,5,12,7,possible injury,0,1,automobile right of way,broadside,no,no,no,0,0,0,0,0,0,Passenger Car/Station Wagon,SAN BERNARDINO
9557640,2023-06-19,6,21,1,severe injury,0,1,wrong side of road,broadside,no,no,no,0,0,0,0,0,0,Other Vehicle,COLUSA
9557643,2023-06-03,6,23,6,minor injury,0,1,DUI,hit object,no,no,no,0,0,0,0,0,0,Pickup or Panel Truck,LOS ANGELES
9557644,2023-05-13,5,14,6,severe injury,0,1,automobile right of way,broadside,no,no,no,0,0,0,0,0,0,Passenger Car/Station Wagon,CONTRA COSTA
9557646,2023-06-20,6,18,2,minor injury,0,2,traffic signs,broadside,no,no,no,0,0,0,0,0,0,Pickup or Panel Truck,LOS ANGELES
9557648,2023-06-21,6,16,3,minor injury,0,3,unsafe speed,rear end,no,no,no,0,0,0,0,0,0,Pickup or Panel Truck,MONTEREY
9557649,2023-05-22,5,8,1,minor injury,0,1,hazardous parking,sideswipe,no,no,no,0,0,0,0,0,0,Schoolbus,CONTRA COSTA
9557650,2023-06-14,6,17,3,possible injury,0,2,unsafe lane change,sideswipe,no,no,no,0,0,0,0,0,0,Passenger Car/Station Wagon,SAN BERNARDINO
9557654,2023-06-08,6,4,4,possible injury,0,1,automobile right of way,rear end,no,no,no,0,0,0,0,0,0,Other Bus,SAN BERNARDINO
9557659,2023-05-30,5,2,2,possible injury,0,1,unknown,head-on,no,no,no,0,0,0,0,0,0,Passenger Car/Station Wagon,SAN MATEO
9557661,2023-06-21,6,13,3,possible injury,0,1,improper turning,broadside,no,no,no,0,0,0,0,0,0,Passenger Car/Station Wagon,SAN DIEGO
9557662,2023-06-05,6,18,1,possible injury,0,1,unsafe speed,rear end,no,no,no,0,0,0,0,0,0,Pickup or Panel Truck,SOLANO
9557664,2023-06-17,6,21,6,minor injury,0,2,traffic signs,broadside,no,no,no,0,0,0,0,0,0,Not Stated,MERCED
9557665,2023-06-21,6,11,3,possible injury,0,1,following too closely,rear end,no,no,no,0,0,0,0,0,0,Passenger Car/Station Wagon,SAN DIEGO
9557667,2023-06-07,6,21,3,possible injury,0,1,unsafe speed,rear end,no,no,no,0,0,0,0,0,0,Not Stated,ORANGE
9557669,2023-06-20,6,17,2,possible injury,0,1,unknown,sideswipe,no,no,no,0,0,0,0,0,0,Not Stated,SAN DIEGO
9557671,2023-06-20,6,14,2,severe injury,0,1,automobile right of way,broadside,no,no,yes,0,0,1,0,0,0,Pickup or Panel Truck,SAN BERNARDINO
9557673,2023-06-20,6,6,2,possible injury,0,1,unsafe starting or backing,sideswipe,no,no,no,0,0,0,0,0,0,Passenger Car/Station Wagon,SAN DIEGO
9557676,2023-06-30,6,21,5,possible injury,0,1,traffic signs,broadside,no,no,no,0,0,0,0,0,0,Truck or Truck Tractor,SAN DIEGO
9557678,2023-05-03,5,17,3,minor injury,0,1,wrong side of road,broadside,no,yes,no,0,1,0,0,0,0,Bicycle,ORANGE
9557681,2023-06-17,6,13,6,minor injury,0,1,DUI,rear end,no,no,no,0,0,0,0,0,0,Pickup or Panel Truck,LOS ANGELES
9557685,2023-06-05,6,12,1,possible injury,0,1,traffic signs,broadside,no,no,no,0,0,0,0,0,0,Passenger Car/Station Wagon,FRESNO
9557686,2023-06-02,6,13,5,possible injury,0,1,automobile right of way,broadside,no,no,no,0,0,0,0,0,0,Pickup or Panel Truck,FRESNO
9557688,2023-06-22,6,16,4,possible injury,0,1,unsafe speed,rear end,no,no,no,0,0,0,0,0,0,Truck or Truck Tractor,LOS ANGELES
9557693,2023-06-17,6,10,6,possible injury,0,2,traffic signs,broadside,no,no,no,0,0,0,0,0,0,Passenger Car/Station Wagon,LOS ANGELES
9557694,2023-06-08,6,17,4,minor injury,0,1,wrong side of road,broadside,no,yes,no,0,1,0,0,0,0,Bicycle,SAN LUIS OBISPO
9557696,2023-04-23,4,22,7,severe injury,0,1,wrong side of road,rear end,no,yes,no,0,1,0,0,0,0,Bicycle,LOS ANGELES
9557701,2023-06-04,6,7,7,severe injury,0,2,other than driver or pedestrian,head-on,no,no,no,0,0,0,0,0,0,Not Stated,LOS ANGELES
9557703,2023-06-12,6,10,1,minor injury,0,2,improper turning,broadside,no,no,no,0,0,0,0,0,0,Passenger Car/Station Wagon,LOS ANGELES
9557707,2023-05-08,5,20,1,possible injury,0,1,traffic signs,broadside,no,no,no,0,0,0,0,0,0,Passenger Car/Station Wagon,LOS ANGELES
9557709,2023-06-17,6,4,6,possible injury,0,1,unsafe starting or backing,rear end,no,no,no,0,0,0,0,0,0,Truck or Truck Tractor,LOS ANGELES
9557710,2023-06-15,6,7,4,minor injury,0,1,traffic signs,broadside,no,no,no,0,0,0,0,0,0,Pickup or Panel Truck,LOS ANGELES
9557712,2023-06-15,6,6,4,possible injury,0,1,traffic signs,broadside,no,no,no,0,0,0,0,0,0,Passenger Car/Station Wagon,LOS ANGELES
9557719,2023-06-08,6,10,4,minor injury,0,1,automobile right of way,unknown,no,no,no,0,0,0,0,0,0,Pickup or Panel Truck,SAN BERNARDINO
9557724,2023-07-03,7,18,1,minor injury,0,2,automobile right of way,sideswipe,no,no,no,0,0,0,0,0,0,Pickup or Panel Truck,SAN DIEGO
9557725,2023-07-03,7,11,1,minor injury,0,1,automobile right of way,broadside,no,no,no,0,0,0,0,0,0,Passenger Car/Station Wagon,SAN DIEGO
9557728,2023-05-25,5,20,4,minor injury,0,2,improper turning,sideswipe,yes,no,no,1,0,0,0,0,0,Truck or Truck Tractor,LOS ANGELES
9557730,2023-07-07,7,15,5,possible injury,0,1,traffic signs,broadside,no,no,no,0,0,0,0,0,0,Passenger Car/Station Wagon,MARIN
9557736,2023-06-09,6,10,5,possible injury,0,1,following too closely,rear end,no,no,no,0,0,0,0,0,0,Truck or Truck Tractor,LOS ANGELES
9557741,2023-06-12,6,18,1,minor injury,0,1,other than driver or pedestrian,hit object,no,no,no,0,0,0,0,0,0,Not Stated,SAN MATEO
9557745,2023-06-11,6,2,7,severe injury,0,4,traffic signs,broadside,yes,no,no,2,0,0,0,0,0,Pickup or Panel Truck,LOS ANGELES
9557747,2023-06-26,6,15,1,possible injury,0,5,unsafe speed,rear end,no,no,no,0,0,0,0,0,0,Other Bus,SAN DIEGO
9557749,2023-05-18,5,7,4,possible injury,0,1,other hazardous violation,head-on,no,yes,no,0,1,0,0,0,0,Bicycle,SAN DIEGO
9557751,2023-05-09,5,16,2,possible injury,0,1,automobile right of way,broadside,no,no,no,0,0,0,0,0,0,Passenger Car/Station Wagon,SAN DIEGO
9557755,2023-07-05,7,18,3,possible injury,0,1,improper turning,broadside,no,no,no,0,0,0,0,0,0,Passenger Car/Station Wagon,TULARE
9557756,2023-06-28,6,19,3,minor injury,0,1,DUI,hit object,no,no,no,0,0,0,0,0,0,Pickup or Panel Truck,SANTA BARBARA
9557757,2023-06-08,6,9,4,possible injury,0,1,other hazardous violation,hit object,no,no,no,0,0,0,0,0,0,Truck or Truck Tractor,ORANGE
9557758,2023-06-21,6,6,3,severe injury,0,2,improper turning,broadside,no,no,no,0,0,0,0,0,0,Pickup or Panel Truck,ORANGE
9557759,2023-06-28,6,9,3,minor injury,0,1,traffic signs,broadside,no,no,no,0,0,0,0,0,0,Pickup or Panel Truck,ORANGE
9557765,2023-05-20,5,15,6,possible injury,0,1,unsafe speed,rear end,no,no,no,0,0,0,0,0,0,Pickup or Panel Truck,SAN BERNARDINO
9557767,2023-05-20,5,13,6,minor injury,0,1,unsafe starting or backing,broadside,no,no,no,0,0,0,0,0,0,Passenger Car/Station Wagon,LOS ANGELES
9557769,2023-05-22,5,5,1,possible injury,0,1,traffic signs,broadside,no,no,no,0,0,0,0,0,0,Pickup or Panel Truck,KERN
9557770,2023-04-19,4,8,3,possible injury,0,1,traffic signs,broadside,no,no,no,0,0,0,0,0,0,Not Stated,LOS ANGELES
9557774,2023-03-08,3,11,3,minor injury,0,2,improper turning,broadside,no,no,no,0,0,0,0,0,0,Truck or Truck Tractor,HUMBOLDT
9557779,2023-06-01,6,13,4,possible injury,0,2,unsafe speed,rear end,no,no,no,0,0,0,0,0,0,Pickup or Panel Truck,ORANGE
9557783,2023-05-18,5,8,4,minor injury,0,1,traffic signs,broadside,no,no,no,0,0,0,0,0,0,Pickup or Panel Truck,LOS ANGELES
9557785,2023-05-20,5,12,6,minor injury,0,3,following too closely,rear end,no,no,no,0,0,0,0,0,0,Truck or Truck Tractor,LOS ANGELES
9557786,2023-05-18,5,15,4,minor injury,0,1,following too closely,rear end,no,no,no,0,0,0,0,0,0,Pickup or Panel Truck,LOS ANGELES
9557788,2023-04-21,4,17,5,possible injury,0,1,improper turning,broadside,no,no,no,0,0,0,0,0,0,Passenger Car/Station Wagon,SAN DIEGO
9557789,2023-04-17,4,20,1,possible injury,0,1,unsafe speed,rear end,no,no,no,0,0,0,0,0,0,Passenger Car/Station Wagon,SAN DIEGO
9557790,2023-02-19,2,7,7,minor injury,0,1,unknown,other,no,yes,no,0,1,0,0,0,0,Bicycle,SAN DIEGO
9557792,2023-04-21,4,17,5,possible injury,0,1,DUI,rear end,no,no,no,0,0,0,0,0,0,Pickup or Panel Truck,SAN DIEGO
9557793,2023-04-23,4,13,7,possible injury,0,1,unsafe speed,rear end,no,no,no,0,0,0,0,0,0,Pickup or Panel Truck,SAN DIEGO
9557794,2023-05-08,5,20,1,severe injury,0,2,DUI,head-on,no,no,no,0,0,0,0,0,0,Pickup or Panel Truck,SAN DIEGO
9557796,2023-05-01,5,18,1,possible injury,0,1,unsafe speed,vehicle/pedestrian,no,no,no,0,0,0,0,0,0,Passenger Car/Station Wagon,SAN DIEGO
9557798,2023-05-11,5,10,4,possible injury,0,1,following too closely,rear end,no,no,no,0,0,0,0,0,0,Other Bus,SAN DIEGO
9557800,2023-05-24,5,19,3,minor injury,0,2,unsafe speed,rear end,no,no,no,0,0,0,0,0,0,Pickup or Panel Truck,SAN DIEGO
9557801,2023-04-27,4,20,4,possible injury,0,2,unsafe speed,rear end,no,no,no,0,0,0,0,0,0,Pickup or Panel Truck,SAN DIEGO
9557803,2023-04-22,4,19,6,severe injury,0,1,improper turning,rear end,no,no,no,0,0,0,0,0,0,Passenger Car/Station Wagon,SAN DIEGO
9557804,2023-04-05,4,15,3,possible injury,0,1,unsafe speed,rear end,no,no,no,0,0,0,0,0,0,Pickup or Panel Truck,LOS ANGELES
9557805,2023-03-03,3,6,5,minor injury,0,1,unsafe starting or backing,broadside,no,no,no,0,0,0,0,0,0,Pickup or Panel Truck,LOS ANGELES
9557806,2023-03-27,3,16,1,possible injury,0,2,unknown,broadside,no,no,no,0,0,0,0,0,0,Not Stated,LOS ANGELES
9557809,2023-06-07,6,19,3,minor injury,0,1,improper turning,head-on,no,no,no,0,0,0,0,0,0,Passenger Car/Station Wagon,SAN DIEGO
9557810,2023-06-06,6,4,2,minor injury,0,1,automobile right of way,broadside,no,yes,no,0,1,0,0,0,0,Truck or Truck Tractor,SAN DIEGO
9557814,2023-03-07,3,15,2,possible injury,0,2,unsafe speed,rear end,no,no,no,0,0,0,0,0,0,Pickup or Panel Truck,LOS ANGELES
9557816,2023-05-01,5,11,1,possible injury,0,1,improper turning,sideswipe,no,no,no,0,0,0,0,0,0,Pickup or Panel Truck,LOS ANGELES
9557820,2023-05-20,5,18,6,possible injury,0,1,automobile right of way,broadside,no,no,no,0,0,0,0,0,0,Pickup or Panel Truck,PLACER
9557821,2023-05-23,5,7,2,possible injury,0,1,traffic signs,broadside,no,no,no,0,0,0,0,0,0,Pickup or Panel Truck,PLACER
9557822,2023-04-03,4,23,1,severe injury,0,1,unsafe speed,vehicle/pedestrian,yes,no,no,1,0,0,0,0,0,Pickup or Panel Truck,YUBA
9557824,2023-05-08,5,15,1,minor injury,0,1,improper turning,broadside,no,no,no,0,0,0,0,0,0,Truck or Truck Tractor,SANTA CLARA
9557825,2023-04-13,4,11,4,possible injury,0,1,improper turning,broadside,no,no,no,0,0,0,0,0,0,Passenger Car/Station Wagon,SANTA BARBARA
9557828,2023-06-07,6,20,3,minor injury,0,2,automobile right of way,head-on,no,no,no,0,0,0,0,0,0,Passenger Car/Station Wagon,ORANGE
9557831,2023-05-17,5,17,3,possible injury,0,1,unsafe lane change,rear end,no,no,no,0,0,0,0,0,0,Passenger Car with Trailer,YUBA
9557832,2023-05-27,5,3,6,possible injury,0,1,DUI,hit object,no,no,no,0,0,0,0,0,0,Truck or Truck Tractor,ORANGE
9557833,2023-04-29,4,22,6,minor injury,0,3,unknown,broadside,no,no,no,0,0,0,0,0,0,Not Stated,LOS ANGELES
9557836,2023-06-02,6,9,5,possible injury,0,2,automobile right of way,broadside,no,no,no,0,0,0,0,0,0,Passenger Car/Station Wagon,LOS ANGELES
9557841,2023-02-17,2,14,5,minor injury,0,1,unknown,broadside,no,no,no,0,0,0,0,0,0,Passenger Car/Station Wagon,SAN BERNARDINO
9557843,2023-01-18,1,17,3,possible injury,0,1,automobile right of way,broadside,no,no,no,0,0,0,0,0,0,Pickup or Panel Truck,SAN BERNARDINO
9557844,2023-02-06,2,19,1,minor injury,0,2,automobile right of way,broadside,no,no,no,0,0,0,0,0,0,Passenger Car/Station Wagon,SAN BERNARDINO
9557845,2023-01-21,1,11,6,minor injury,0,1,unsafe speed,rear end,no,no,no,0,0,0,0,0,0,Passenger Car/Station Wagon,SANTA CLARA
9557846,2023-02-06,2,7,1,possible injury,0,1,automobile right of way,broadside,no,no,no,0,0,0,0,0,0,Not Stated,SANTA CLARA
9557849,2023-02-05,2,3,7,severe injury,0,1,DUI,vehicle/pedestrian,yes,no,no,1,0,0,0,0,0,Pickup or Panel Truck,SAN BERNARDINO
9557854,2023-02-07,2,18,2,severe injury,0,1,pedestrian violation,vehicle/pedestrian,yes,no,no,1,0,0,0,0,0,Pedestrian,SAN BERNARDINO
9557855,2023-02-23,2,12,4,minor injury,0,1,unsafe speed,vehicle/pedestrian,yes,no,no,1,0,0,0,0,0,Pickup or Panel Truck,SAN BERNARDINO
9557857,2023-02-21,2,5,2,possible injury,0,1,unsafe speed,rear end,no,no,no,0,0,0,0,0,0,Pickup or Panel Truck,SAN BERNARDINO
9557859,2023-02-13,2,18,1,possible injury,0,1,unsafe speed,broadside,no,no,no,0,0,0,0,0,0,Pickup or Panel Truck,SAN BERNARDINO
9557860,2023-02-28,2,8,2,minor injury,0,1,automobile right of way,broadside,no,no,no,0,0,0,0,0,0,Pickup or Panel Truck,SAN BERNARDINO
9557861,2023-02-23,2,14,4,minor injury,0,6,unsafe speed,head-on,no,no,no,0,0,0,0,0,0,Pickup or Panel Truck,SAN BERNARDINO
9557862,2023-02-21,2,10,2,minor injury,0,1,other than driver or pedestrian,hit object,no,no,no,0,0,0,0,0,0,Not Stated,SAN BERNARDINO
9557863,2023-02-13,2,8,1,minor injury,0,1,pedestrian right of way,vehicle/pedestrian,yes,no,no,1,0,0,0,0,0,Pickup or Panel Truck,SAN BERNARDINO
9557864,2023-02-28,2,23,2,possible injury,0,1,DUI,broadside,no,no,no,0,0,0,0,0,0,Pickup or Panel Truck,LOS ANGELES
9557873,2023-02-04,2,10,6,minor injury,0,1,unsafe speed,rear end,no,no,no,0,0,0,0,0,0,Passenger Car/Station Wagon,ALAMEDA
9557874,2023-02-26,2,13,7,minor injury,0,2,unsafe speed,head-on,no,no,no,0,0,0,0,0,0,Pickup or Panel Truck,ALAMEDA
9557875,2023-02-06,2,9,1,possible injury,0,1,unsafe speed,rear end,no,no,no,0,0,0,0,0,0,Pickup or Panel Truck,ALAMEDA
9557876,2023-02-13,2,12,1,possible injury,0,1,traffic signs,broadside,no,no,no,0,0,0,0,0,0,Passenger Car/Station Wagon,ALAMEDA
9557877,2023-01-31,1,15,2,possible injury,0,1,following too closely,rear end,no,no,no,0,0,0,0,0,0,Pickup or Panel Truck,ALAMEDA
9557878,2023-02-10,2,13,5,minor injury,0,1,other hazardous violation,rear end,no,yes,no,0,1,0,0,0,0,Pickup or Panel Truck,ALAMEDA
9557883,2023-02-27,2,15,1,minor injury,0,1,pedestrian right of way,broadside,yes,no,no,1,0,0,0,0,0,Pickup or Panel Truck,LOS ANGELES
9557890,2023-01-17,1,15,2,minor injury,0,2,traffic signs,broadside,no,no,no,0,0,0,0,0,0,Passenger Car/Station Wagon,LOS ANGELES
9557892,2023-03-10,3,2,5,possible injury,0,5,unsafe speed,rear end,no,no,no,0,0,0,0,0,0,Passenger Car/Station Wagon,LOS ANGELES
9557893,2023-02-18,2,10,6,severe injury,0,1,improper passing,broadside,no,no,yes,0,0,1,0,0,0,Motorcycle/Scooter,LOS ANGELES
9557901,2023-02-06,2,16,1,possible injury,0,1,unsafe speed,rear end,no,no,no,0,0,0,0,0,0,Pickup or Panel Truck,LOS ANGELES
9557904,2023-02-09,2,7,4,possible injury,0,1,automobile right of way,broadside,no,no,no,0,0,0,0,0,0,Pickup or Panel Truck,LOS ANGELES
9557908,2023-03-03,3,7,5,possible injury,0,1,automobile right of way,broadside,no,no,no,0,0,0,0,0,0,Pickup or Panel Truck,ALAMEDA
9557909,2023-01-27,1,16,5,possible injury,0,1,automobile right of way,broadside,no,no,no,0,0,0,0,0,0,Passenger Car/Station Wagon,ALAMEDA
9557912,2023-01-28,1,2,6,possible injury,0,1,unsafe speed,rear end,no,no,no,0,0,0,0,0,0,Pickup or Panel Truck,LOS ANGELES
9557914,2023-01-17,1,7,2,minor injury,0,1,unsafe speed,rear end,no,no,no,0,0,0,0,0,0,Truck or Truck Tractor,LOS ANGELES
9557926,2023-01-04,1,22,3,minor injury,0,1,unsafe starting or backing,rear end,no,no,no,0,0,0,0,0,0,Pickup or Panel Truck,LOS ANGELES
9557927,2023-01-14,1,18,6,possible injury,0,3,DUI,sideswipe,no,no,no,0,0,0,0,0,0,Passenger Car/Station Wagon,LOS ANGELES