CASE_ID,COLLISION_DATE,MONTH,HOUR,DAY_OF_WEEK,COLLISION_SEVERITY,NUMBER_KILLED,NUMBER_INJURED,PCF_VIOL_CATEGORY,TYPE_OF_COLLISION,PEDESTRIAN_ACCIDENT,BICYCLE_ACCIDENT,MOTORCYCLE_ACCIDENT,COUNT_PED_INJURED,COUNT_BICYCLIST_INJURED,COUNT_MC_INJURED,COUNT_PED_KILLED,COUNT_BICYCLIST_KILLED,COUNT_MC_KILLED,STWD_VEHTYPE_AT_FAULT,COUNTY
9561068,2023-03-19,3,1,7,minor injury,0,1,improper turning,rear end,no,no,no,0,0,0,0,0,0,Passenger Car/Station Wagon,SAN DIEGO
9561069,2023-03-15,3,15,3,possible injury,0,2,unsafe speed,sideswipe,no,no,no,0,0,0,0,0,0,Not Stated,SAN DIEGO
9561070,2023-03-16,3,15,4,possible injury,0,2,traffic signs,broadside,no,no,no,0,0,0,0,0,0,Passenger Car/Station Wagon,SAN DIEGO
9561071,2023-03-23,3,0,4,minor injury,0,1,improper turning,hit object,no,no,no,0,0,0,0,0,0,Passenger Car/Station Wagon,SAN DIEGO
9561073,2023-03-22,3,12,3,possible injury,0,1,unsafe speed,rear end,no,no,no,0,0,0,0,0,0,Passenger Car/Station Wagon,SAN DIEGO
9561075,2023-03-14,3,12,2,possible injury,0,1,unsafe speed,rear end,no,no,no,0,0,0,0,0,0,Passenger Car/Station Wagon,LOS ANGELES
9561076,2023-03-02,3,6,4,possible injury,0,1,unsafe speed,rear end,no,no,no,0,0,0,0,0,0,Passenger Car/Station Wagon,KERN
9561077,2023-03-10,3,11,5,severe injury,0,2,pedestrian violation,vehicle/pedestrian,yes,no,no,2,0,0,0,0,0,Passenger Car/Station Wagon,LOS ANGELES
9561078,2023-03-15,3,17,3,minor injury,0,2,unsafe speed,head-on,no,no,no,0,0,0,0,0,0,Passenger Car/Station Wagon,ALAMEDA
9561079,2023-03-15,3,10,3,possible injury,0,1,improper turning,broadside,no,no,no,0,0,0,0,0,0,Passenger Car/Station Wagon,LOS ANGELES
9561080,2023-03-08,3,11,3,possible injury,0,1,traffic signs,vehicle/pedestrian,yes,no,no,1,0,0,0,0,0,Not Stated,LOS ANGELES
9561147,2023-02-01,2,8,3,possible injury,0,1,unsafe speed,rear end,no,no,no,0,0,0,0,0,0,Passenger Car/Station Wagon,SAN DIEGO
9561148,2023-02-28,2,15,2,minor injury,0,2,other than driver or pedestrian,sideswipe,no,no,no,0,0,0,0,0,0,Not Stated,LOS ANGELES
9561169,2023-02-25,2,18,6,minor injury,0,5,automobile right of way,broadside,no,no,no,0,0,0,0,0,0,Passenger Car/Station Wagon,LOS ANGELES
9561170,2023-02-12,2,9,7,severe injury,0,1,pedestrian violation,vehicle/pedestrian,yes,no,no,1,0,0,0,0,0,Pedestrian,LOS ANGELES
9561171,2023-02-06,2,15,1,possible injury,0,2,improper turning,broadside,no,no,no,0,0,0,0,0,0,Not Stated,LOS ANGELES
9561172,2023-02-17,2,10,5,severe injury,0,2,automobile right of way,broadside,no,no,no,0,0,0,0,0,0,Passenger Car/Station Wagon,RIVERSIDE
9561173,2023-02-24,2,16,5,possible injury,0,1,unsafe speed,head-on,no,no,no,0,0,0,0,0,0,Passenger Car/Station Wagon,LOS ANGELES
9561174,2023-02-24,2,16,5,possible injury,0,1,unsafe speed,rear end,no,no,no,0,0,0,0,0,0,Not Stated,LOS ANGELES
9561175,2023-02-24,2,1,5,severe injury,0,4,DUI,hit object,no,no,no,0,0,0,0,0,0,Passenger Car/Station Wagon,LOS ANGELES
9561176,2023-02-09,2,14,4,minor injury,0,2,automobile right of way,broadside,no,no,no,0,0,0,0,0,0,Passenger Car/Station Wagon,ALAMEDA
9561177,2023-02-08,2,0,3,possible injury,0,1,unsafe speed,rear end,no,no,no,0,0,0,0,0,0,Not Stated,LOS ANGELES
9561178,2023-02-22,2,17,3,severe injury,0,1,unsafe speed,rear end,yes,no,no,1,0,0,0,0,0,Not Stated,LOS ANGELES
9561179,2023-02-22,2,11,3,possible injury,0,1,pedestrian right of way,vehicle/pedestrian,yes,no,no,1,0,0,0,0,0,Passenger Car/Station Wagon,SAN FRANCISCO
9561180,2023-02-25,2,22,6,minor injury,0,1,unknown,other,no,no,no,0,0,0,0,0,0,Not Stated,LOS ANGELES
9561181,2023-01-21,1,12,6,possible injury,0,1,pedestrian violation,vehicle/pedestrian,yes,no,no,1,0,0,0,0,0,Pedestrian,LOS ANGELES
9561182,2023-01-27,1,23,5,severe injury,0,1,improper turning,hit object,no,no,yes,0,0,1,0,0,0,Motorcycle/Scooter,SAN DIEGO
9561183,2023-01-28,1,22,6,minor injury,0,2,unsafe speed,sideswipe,no,no,no,0,0,0,0,0,0,Not Stated,LOS ANGELES
9561184,2023-01-14,1,13,6,minor injury,0,1,unsafe speed,hit object,no,no,no,0,0,0,0,0,0,Passenger Car/Station Wagon,LOS ANGELES
9561185,2023-01-03,1,9,2,severe injury,0,1,pedestrian right of way,vehicle/pedestrian,yes,no,no,1,0,0,0,0,0,Passenger Car/Station Wagon,LOS ANGELES
9561187,2023-01-18,1,16,3,possible injury,0,1,pedestrian right of way,vehicle/pedestrian,yes,no,no,1,0,0,0,0,0,Passenger Car/Station Wagon,ALAMEDA
9561188,2023-01-16,1,21,1,possible injury,0,3,automobile right of way,broadside,no,no,no,0,0,0,0,0,0,Passenger Car/Station Wagon,ORANGE
9561189,2023-01-07,1,15,6,minor injury,0,2,pedestrian right of way,vehicle/pedestrian,yes,no,no,2,0,0,0,0,0,Passenger Car/Station Wagon,SAN DIEGO
9561190,2023-01-31,1,5,2,severe injury,0,1,improper turning,broadside,no,yes,no,0,1,0,0,0,0,Passenger Car/Station Wagon,LOS ANGELES
9561191,2023-01-16,1,12,1,possible injury,0,1,unsafe speed,rear end,no,no,no,0,0,0,0,0,0,Passenger Car/Station Wagon,SAN DIEGO
9561192,2023-01-12,1,17,4,minor injury,0,4,unknown,broadside,no,no,no,0,0,0,0,0,0,Passenger Car/Station Wagon,SAN DIEGO
9561193,2023-01-31,1,11,2,minor injury,0,1,unsafe speed,head-on,no,yes,no,0,1,0,0,0,0,Passenger Car/Station Wagon,LOS ANGELES
9561194,2023-01-27,1,16,5,possible injury,0,1,improper turning,broadside,no,no,no,0,0,0,0,0,0,Passenger Car/Station Wagon,SAN DIEGO
9561195,2023-01-29,1,20,7,possible injury,0,1,improper turning,rear end,no,yes,no,0,1,0,0,0,0,Not Stated,LOS ANGELES
9561196,2023-01-26,1,6,4,minor injury,0,2,automobile right of way,broadside,no,no,no,0,0,0,0,0,0,Passenger Car/Station Wagon,LOS ANGELES
9561198,2023-01-01,1,12,7,possible injury,0,1,unsafe speed,hit object,no,no,no,0,0,0,0,0,0,Passenger Car/Station Wagon,LOS ANGELES
9561199,2023-01-28,1,22,6,minor injury,0,1,unsafe starting or backing,vehicle/pedestrian,yes,no,no,1,0,0,0,0,0,Passenger Car/Station Wagon,LOS ANGELES
9561200,2023-03-28,3,10,2,possible injury,0,1,traffic signs,broadside,no,no,no,0,0,0,0,0,0,Passenger Car/Station Wagon,KINGS
9561201,2023-03-05,3,14,7,possible injury,0,2,traffic signs,broadside,no,no,no,0,0,0,0,0,0,Not Stated,SAN FRANCISCO
9561202,2023-03-04,3,13,6,possible injury,0,1,automobile right of way,broadside,no,no,no,0,0,0,0,0,0,Other Vehicle,SAN FRANCISCO
9561203,2023-03-07,3,7,2,severe injury,0,1,following too closely,rear end,no,no,yes,0,0,1,0,0,0,Motorcycle/Scooter,SAN FRANCISCO
9561205,2023-03-06,3,11,1,possible injury,0,1,wrong side of road,broadside,no,no,no,0,0,0,0,0,0,Passenger Car/Station Wagon,SAN FRANCISCO
9561206,2023-03-07,3,22,2,possible injury,0,1,traffic signs,broadside,no,no,no,0,0,0,0,0,0,Not Stated,SAN FRANCISCO
9561207,2023-03-06,3,9,1,possible injury,0,1,automobile right of way,broadside,no,yes,no,0,1,0,0,0,0,Passenger Car/Station Wagon,SAN FRANCISCO
9561208,2023-03-04,3,15,6,minor injury,0,3,traffic signs,broadside,no,no,no,0,0,0,0,0,0,Passenger Car/Station Wagon,SAN FRANCISCO
9561209,2023-03-22,3,17,3,possible injury,0,1,unsafe speed,rear end,no,no,no,0,0,0,0,0,0,Passenger Car/Station Wagon,SANTA BARBARA
9561210,2023-03-21,3,22,2,possible injury,0,1,other improper driving,unknown,no,no,no,0,0,0,0,0,0,Passenger Car/Station Wagon,SAN FRANCISCO
9561211,2023-03-21,3,7,2,minor injury,0,1,other hazardous violation,sideswipe,no,yes,no,0,1,0,0,0,0,Bicycle,SAN FRANCISCO
9561212,2023-03-19,3,11,7,possible injury,0,2,automobile right of way,sideswipe,no,no,no,0,0,0,0,0,0,Passenger Car/Station Wagon,SAN FRANCISCO
9561213,2023-03-20,3,13,1,possible injury,0,2,unsafe starting or backing,rear end,no,no,no,0,0,0,0,0,0,Passenger Car/Station Wagon,SAN FRANCISCO
9561214,2023-03-21,3,15,2,minor injury,0,1,other hazardous violation,hit object,no,yes,no,0,1,0,0,0,0,Not Stated,SAN FRANCISCO
9561215,2023-03-21,3,7,2,severe injury,0,1,improper turning,unknown,no,yes,no,0,1,0,0,0,0,Passenger Car/Station Wagon,SAN FRANCISCO
9561216,2023-03-18,3,21,6,possible injury,0,1,improper turning,head-on,no,no,no,0,0,0,0,0,0,Passenger Car/Station Wagon,SAN FRANCISCO
9561218,2023-03-22,3,13,3,possible injury,0,3,traffic signs,broadside,no,no,no,0,0,0,0,0,0,Passenger Car/Station Wagon,SAN FRANCISCO
9561219,2023-03-22,3,1,3,possible injury,0,1,unsafe speed,rear end,no,no,no,0,0,0,0,0,0,Passenger Car/Station Wagon,SAN FRANCISCO
9561220,2023-03-22,3,7,3,possible injury,0,1,traffic signs,vehicle/pedestrian,yes,no,no,1,0,0,0,0,0,Pickup or Panel Truck,SAN FRANCISCO
9561221,2023-03-23,3,17,4,possible injury,0,2,improper turning,broadside,no,no,no,0,0,0,0,0,0,Passenger Car/Station Wagon,SAN FRANCISCO
9561222,2023-03-24,3,21,5,minor injury,0,1,improper turning,broadside,no,no,no,0,0,0,0,0,0,Passenger Car/Station Wagon,SAN FRANCISCO
9561223,2023-03-29,3,8,3,possible injury,0,1,pedestrian right of way,vehicle/pedestrian,yes,no,no,1,0,0,0,0,0,Not Stated,SAN FRANCISCO
9561224,2023-03-22,3,16,3,minor injury,0,1,unsafe starting or backing,other,no,yes,no,0,1,0,0,0,0,Not Stated,SAN FRANCISCO
9561225,2023-03-27,3,10,1,possible injury,0,1,pedestrian right of way,vehicle/pedestrian,yes,no,no,1,0,0,0,0,0,Passenger Car/Station Wagon,SAN FRANCISCO
9561226,2023-03-28,3,7,2,possible injury,0,1,unknown,vehicle/pedestrian,no,no,no,0,0,0,0,0,0,Not Stated,SAN FRANCISCO
9561227,2023-03-26,3,3,7,minor injury,0,1,unsafe speed,hit object,no,no,no,0,0,0,0,0,0,Passenger Car/Station Wagon,SAN FRANCISCO
9561228,2023-03-27,3,6,1,possible injury,0,1,traffic signs,broadside,no,yes,no,0,1,0,0,0,0,Bicycle,SAN FRANCISCO
9561229,2023-03-01,3,15,3,possible injury,0,1,unknown,rear end,no,no,no,0,0,0,0,0,0,Not Stated,SAN FRANCISCO
9561230,2023-03-25,3,22,6,minor injury,0,1,unknown,head-on,yes,no,no,1,0,0,0,0,0,Pedestrian,SAN FRANCISCO
9561232,2023-03-05,3,16,7,possible injury,0,2,unsafe speed,sideswipe,no,no,no,0,0,0,0,0,0,Passenger Car/Station Wagon,SAN FRANCISCO
9561233,2023-03-06,3,19,1,possible injury,0,1,pedestrian violation,vehicle/pedestrian,yes,no,no,1,0,0,0,0,0,Pedestrian,SAN FRANCISCO
9561234,2023-03-01,3,15,3,minor injury,0,1,pedestrian right of way,rear end,no,yes,no,0,1,0,0,0,0,Passenger Car/Station Wagon,SAN FRANCISCO
9561235,2023-03-06,3,20,1,possible injury,0,3,unsafe speed,other,no,no,no,0,0,0,0,0,0,Passenger Car/Station Wagon,SAN FRANCISCO
9561236,2023-03-05,3,19,7,possible injury,0,1,traffic signs,broadside,no,no,no,0,0,0,0,0,0,Passenger Car/Station Wagon,SAN FRANCISCO
9561237,2023-03-06,3,1,1,possible injury,0,1,unsafe speed,broadside,no,no,no,0,0,0,0,0,0,Passenger Car/Station Wagon,SAN FRANCISCO
9561238,2023-03-06,3,8,1,possible injury,0,1,unsafe starting or backing,unknown,no,yes,no,0,1,0,0,0,0,Passenger Car/Station Wagon,SAN FRANCISCO
9561239,2023-03-02,3,11,4,possible injury,0,1,improper turning,vehicle/pedestrian,yes,no,no,1,0,0,0,0,0,Passenger Car/Station Wagon,SAN FRANCISCO
9561240,2023-03-02,3,19,4,possible injury,0,1,unknown,rear end,no,no,no,0,0,0,0,0,0,Not Stated,SAN FRANCISCO
9561241,2023-03-01,3,22,3,possible injury,0,1,traffic signs,broadside,no,no,yes,0,0,1,0,0,0,Motorcycle/Scooter,SAN FRANCISCO
9561242,2023-03-01,3,15,3,possible injury,0,1,automobile right of way,broadside,no,yes,no,0,1,0,0,0,0,Passenger Car/Station Wagon,SAN FRANCISCO
9561243,2023-03-03,3,14,5,possible injury,0,1,following too closely,rear end,no,no,no,0,0,0,0,0,0,Passenger Car/Station Wagon,SAN FRANCISCO
9561244,2023-03-08,3,19,3,possible injury,0,1,traffic signs,broadside,no,yes,no,0,1,0,0,0,0,Bicycle,SAN FRANCISCO
9561246,2023-03-03,3,15,5,possible injury,0,1,DUI,broadside,no,no,no,0,0,0,0,0,0,Passenger Car/Station Wagon,SAN FRANCISCO
9561247,2023-03-10,3,16,5,minor injury,0,1,unsafe speed,hit object,no,no,no,0,0,0,0,0,0,Passenger Car/Station Wagon,SAN FRANCISCO
9561248,2023-03-11,3,19,6,possible injury,0,3,improper turning,head-on,no,no,no,0,0,0,0,0,0,Passenger Car/Station Wagon,SAN FRANCISCO
9561249,2023-03-09,3,10,4,possible injury,0,1,pedestrian right of way,vehicle/pedestrian,yes,no,no,1,0,0,0,0,0,Passenger Car/Station Wagon,SAN FRANCISCO
9561250,2023-03-12,3,0,7,possible injury,0,1,improper passing,broadside,no,no,no,0,0,0,0,0,0,Passenger Car/Station Wagon,SAN FRANCISCO
9561251,2023-03-13,3,20,1,minor injury,0,1,improper passing,broadside,no,no,yes,0,0,1,0,0,0,Motorcycle/Scooter,SAN FRANCISCO
9561252,2023-03-05,3,23,7,possible injury,0,1,unsafe speed,sideswipe,no,no,no,0,0,0,0,0,0,Passenger Car/Station Wagon,SAN FRANCISCO
9561253,2023-03-13,3,8,1,possible injury,0,1,unsafe speed,sideswipe,no,no,no,0,0,0,0,0,0,Passenger Car/Station Wagon,SAN FRANCISCO
9561254,2023-03-08,3,16,3,possible injury,0,1,impeding traffic,broadside,no,yes,no,0,1,0,0,0,0,Passenger Car/Station Wagon,SAN FRANCISCO
9561255,2023-03-13,3,15,1,possible injury,0,1,pedestrian violation,vehicle/pedestrian,yes,no,no,1,0,0,0,0,0,Pedestrian,SAN FRANCISCO
9561256,2023-03-14,3,20,2,minor injury,0,1,pedestrian right of way,broadside,yes,no,no,1,0,0,0,0,0,Passenger Car/Station Wagon,SAN FRANCISCO
9561257,2023-03-09,3,16,4,possible injury,0,1,improper turning,other,no,no,no,0,0,0,0,0,0,Passenger Car/Station Wagon,SAN FRANCISCO
9561258,2023-03-14,3,13,2,possible injury,0,2,improper passing,sideswipe,no,no,no,0,0,0,0,0,0,Passenger Car/Station Wagon,SAN FRANCISCO
9561259,2023-03-12,3,17,7,possible injury,0,1,unsafe speed,rear end,no,no,no,0,0,0,0,0,0,Passenger Car/Station Wagon,SAN FRANCISCO
9561260,2023-03-09,3,19,4,possible injury,0,1,pedestrian right of way,vehicle/pedestrian,yes,no,no,1,0,0,0,0,0,Passenger Car/Station Wagon,SAN FRANCISCO
9561261,2023-03-14,3,17,2,possible injury,0,1,automobile right of way,broadside,no,no,no,0,0,0,0,0,0,Passenger Car/Station Wagon,SAN FRANCISCO
9561262,2023-03-17,3,20,5,possible injury,0,1,unsafe starting or backing,rear end,no,no,no,0,0,0,0,0,0,Passenger Car/Station Wagon,SAN FRANCISCO
9561263,2023-03-14,3,17,2,minor injury,0,1,pedestrian violation,vehicle/pedestrian,yes,no,no,1,0,0,0,0,0,Pedestrian,SAN FRANCISCO
9561264,2023-03-15,3,14,3,possible injury,0,3,automobile right of way,broadside,no,no,no,0,0,0,0,0,0,Passenger Car/Station Wagon,SAN FRANCISCO
9561265,2023-03-13,3,8,1,possible injury,0,2,DUI,rear end,no,no,no,0,0,0,0,0,0,Passenger Car/Station Wagon,SAN FRANCISCO
9561266,2023-03-14,3,16,2,possible injury,0,1,pedestrian right of way,vehicle/pedestrian,yes,no,no,1,0,0,0,0,0,Passenger Car/Station Wagon,SAN FRANCISCO
9561267,2023-03-16,3,16,4,possible injury,0,1,improper passing,sideswipe,no,yes,no,0,1,0,0,0,0,Passenger Car/Station Wagon,SAN FRANCISCO
9561268,2023-03-03,3,10,5,possible injury,0,1,following too closely,rear end,no,no,no,0,0,0,0,0,0,Passenger Car/Station Wagon,SAN FRANCISCO
9561269,2023-03-15,3,17,3,possible injury,0,1,pedestrian right of way,vehicle/pedestrian,yes,no,no,1,0,0,0,0,0,Passenger Car/Station Wagon,SAN FRANCISCO
9561270,2023-03-15,3,7,3,possible injury,0,1,pedestrian right of way,vehicle/pedestrian,yes,no,no,1,0,0,0,0,0,Passenger Car/Station Wagon,SAN FRANCISCO
9561271,2023-03-05,3,19,7,possible injury,0,2,following too closely,rear end,no,no,no,0,0,0,0,0,0,Passenger Car/Station Wagon,SAN FRANCISCO
9561273,2023-03-19,3,1,7,possible injury,0,1,unsafe speed,rear end,no,no,no,0,0,0,0,0,0,Passenger Car/Station Wagon,SAN FRANCISCO
9561274,2023-03-18,3,6,6,possible injury,0,1,improper turning,broadside,no,no,no,0,0,0,0,0,0,Passenger Car/Station Wagon,SAN FRANCISCO
9561275,2023-03-14,3,13,2,possible injury,0,1,automobile right of way,broadside,no,no,no,0,0,0,0,0,0,Passenger Car/Station Wagon,SAN FRANCISCO
9561276,2023-03-18,3,12,6,severe injury,0,1,automobile right of way,broadside,no,no,no,0,0,0,0,0,0,Passenger Car/Station Wagon,SAN FRANCISCO
9561277,2023-03-23,3,18,4,possible injury,0,1,following too closely,rear end,no,no,no,0,0,0,0,0,0,Passenger Car/Station Wagon,SAN FRANCISCO
9561278,2023-03-15,3,12,3,possible injury,0,1,automobile right of way,broadside,no,no,no,0,0,0,0,0,0,Other Vehicle,SAN FRANCISCO
9561279,2023-03-01,3,15,3,possible injury,0,1,traffic signs,broadside,no,no,no,0,0,0,0,0,0,Passenger Car/Station Wagon,SAN FRANCISCO
9561280,2023-03-23,3,7,4,minor injury,0,1,unsafe speed,rear end,no,no,no,0,0,0,0,0,0,Passenger Car/Station Wagon,SAN FRANCISCO
9561281,2023-02-24,2,11,5,possible injury,0,1,pedestrian violation,vehicle/pedestrian,no,no,no,0,0,0,0,0,0,Other Vehicle,SAN FRANCISCO
9561282,2023-02-08,2,21,3,possible injury,0,1,unsafe speed,hit object,no,no,no,0,0,0,0,0,0,Passenger Car/Station Wagon,SAN FRANCISCO
9561283,2023-02-27,2,21,1,possible injury,0,1,unknown,broadside,no,no,no,0,0,0,0,0,0,Not Stated,SAN FRANCISCO
9561284,2023-02-20,2,19,1,severe injury,0,1,unsafe speed,rear end,no,no,yes,0,0,1,0,0,0,Passenger Car/Station Wagon,SAN FRANCISCO
9561285,2023-02-24,2,17,5,possible injury,0,1,other improper driving,broadside,no,yes,no,0,1,0,0,0,0,Passenger Car/Station Wagon,SAN FRANCISCO
9561286,2023-02-10,2,20,5,possible injury,0,1,traffic signs,broadside,no,no,no,0,0,0,0,0,0,Passenger Car/Station Wagon,SAN FRANCISCO
9561287,2023-02-26,2,20,7,possible injury,0,1,automobile right of way,other,no,no,yes,0,0,1,0,0,0,Passenger Car/Station Wagon,SAN FRANCISCO
9561288,2023-02-09,2,10,4,severe injury,0,1,improper passing,sideswipe,no,no,yes,0,0,1,0,0,0,Motorcycle/Scooter,SAN FRANCISCO
9561290,2023-02-27,2,12,1,possible injury,0,1,improper passing,sideswipe,no,no,no,0,0,0,0,0,0,Pickup or Panel Truck,SAN FRANCISCO
9561291,2023-02-26,2,17,7,minor injury,0,3,following too closely,broadside,no,no,no,0,0,0,0,0,0,Passenger Car/Station Wagon,SAN FRANCISCO
9561292,2023-02-18,2,16,6,minor injury,0,1,other than driver or pedestrian,other,no,no,no,0,0,0,0,0,0,Not Stated,SAN FRANCISCO
9561293,2023-02-23,2,14,4,possible injury,0,2,automobile right of way,broadside,no,no,no,0,0,0,0,0,0,Passenger Car/Station Wagon,SAN FRANCISCO
9561294,2023-02-26,2,16,7,possible injury,0,1,pedestrian right of way,vehicle/pedestrian,yes,no,no,1,0,0,0,0,0,Passenger Car/Station Wagon,SAN FRANCISCO
9561295,2023-02-25,2,10,6,possible injury,0,2,improper turning,unknown,no,no,no,0,0,0,0,0,0,Passenger Car/Station Wagon,SAN FRANCISCO
9561296,2023-02-24,2,17,5,minor injury,0,4,unknown,broadside,no,no,no,0,0,0,0,0,0,Not Stated,SAN FRANCISCO
9561297,2023-02-24,2,18,5,possible injury,0,1,traffic signs,vehicle/pedestrian,yes,no,no,1,0,0,0,0,0,Pedestrian,SAN FRANCISCO
9561298,2023-02-22,2,17,3,possible injury,0,1,unsafe speed,rear end,no,no,yes,0,0,1,0,0,0,Passenger Car/Station Wagon,SAN FRANCISCO
9561299,2023-02-27,2,16,1,possible injury,0,1,traffic signs,broadside,no,no,no,0,0,0,0,0,0,Other Vehicle,SAN FRANCISCO
9561302,2023-03-21,3,10,2,possible injury,0,1,pedestrian right of way,vehicle/pedestrian,yes,no,no,1,0,0,0,0,0,Passenger Car/Station Wagon,SAN FRANCISCO
9561304,2023-03-20,3,17,1,severe injury,0,1,pedestrian right of way,vehicle/pedestrian,yes,no,no,1,0,0,0,0,0,Passenger Car/Station Wagon,SAN FRANCISCO
9561306,2023-03-17,3,13,5,possible injury,0,1,traffic signs,broadside,no,no,no,0,0,0,0,0,0,Passenger Car/Station Wagon,SAN FRANCISCO
9561307,2023-03-24,3,4,5,possible injury,0,1,unsafe speed,head-on,no,no,no,0,0,0,0,0,0,Pickup or Panel Truck,SAN FRANCISCO
9561308,2023-03-21,3,16,2,minor injury,0,1,traffic signs,other,no,no,no,0,0,0,0,0,0,Passenger Car/Station Wagon,SAN FRANCISCO
9561310,2023-03-22,3,11,3,possible injury,0,1,other hazardous violation,other,no,yes,no,0,1,0,0,0,0,Not Stated,SAN FRANCISCO
9561311,2023-03-24,3,10,5,possible injury,0,1,traffic signs,broadside,no,no,no,0,0,0,0,0,0,Passenger Car/Station Wagon,SAN FRANCISCO
9561312,2023-03-23,3,20,4,possible injury,0,1,improper turning,sideswipe,no,yes,no,0,1,0,0,0,0,Passenger Car/Station Wagon,SAN FRANCISCO
9561313,2023-03-24,3,18,5,possible injury,0,1,automobile right of way,other,no,no,no,0,0,0,0,0,0,Not Stated,SAN FRANCISCO
9561314,2023-03-20,3,16,1,possible injury,0,1,other hazardous violation,broadside,no,yes,no,0,1,0,0,0,0,Bicycle,SAN FRANCISCO
9561315,2023-03-24,3,11,5,possible injury,0,1,pedestrian right of way,vehicle/pedestrian,yes,no,no,1,0,0,0,0,0,Passenger Car/Station Wagon,SAN FRANCISCO
9561316,2023-03-24,3,1,5,possible injury,0,1,unsafe speed,sideswipe,no,no,yes,0,0,1,0,0,0,Passenger Car/Station Wagon,SAN FRANCISCO
9561317,2023-03-25,3,14,6,minor injury,0,1,automobile right of way,sideswipe,no,yes,no,0,1,0,0,0,0,Bicycle,SAN FRANCISCO
9561318,2023-03-25,3,14,6,minor injury,0,1,traffic signs,broadside,yes,no,no,1,0,0,0,0,0,Passenger Car/Station Wagon,SAN FRANCISCO
9561320,2023-03-22,3,20,3,possible injury,0,1,traffic signs,broadside,no,no,no,0,0,0,0,0,0,Passenger Car/Station Wagon,SAN FRANCISCO
9561321,2023-03-21,3,5,2,minor injury,0,2,traffic signs,broadside,no,no,no,0,0,0,0,0,0,Passenger Car/Station Wagon,SAN FRANCISCO
9561322,2023-03-20,3,16,1,minor injury,0,1,unsafe speed,broadside,no,no,yes,0,0,1,0,0,0,Motorcycle/Scooter,SAN FRANCISCO
9561323,2023-03-28,3,6,2,possible injury,0,1,automobile right of way,broadside,no,no,no,0,0,0,0,0,0,Passenger Car/Station Wagon,SAN FRANCISCO
9561324,2023-03-28,3,18,2,possible injury,0,1,unsafe speed,rear end,no,no,no,0,0,0,0,0,0,Not Stated,SAN FRANCISCO
9561325,2023-03-27,3,16,1,minor injury,0,1,automobile right of way,broadside,no,no,yes,0,0,1,0,0,0,Motorcycle/Scooter,SAN FRANCISCO
9561326,2023-03-14,3,13,2,severe injury,0,3,improper turning,broadside,no,no,no,0,0,0,0,0,0,Other Bus,SAN FRANCISCO
9561328,2023-03-27,3,11,1,possible injury,0,1,unsafe speed,broadside,no,no,no,0,0,0,0,0,0,Passenger Car/Station Wagon,SAN FRANCISCO
9561329,2023-03-27,3,8,1,possible injury,0,2,improper turning,sideswipe,no,no,no,0,0,0,0,0,0,Passenger Car/Station Wagon,SAN FRANCISCO
9561330,2023-03-28,3,18,2,minor injury,0,1,unknown,sideswipe,no,no,no,0,0,0,0,0,0,Not Stated,SAN FRANCISCO
9561331,2023-03-22,3,16,3,possible injury,0,1,unknown,vehicle/pedestrian,yes,no,no,1,0,0,0,0,0,Passenger Car/Station Wagon,SAN FRANCISCO
9561332,2023-03-27,3,13,1,possible injury,0,1,pedestrian violation,rear end,yes,no,no,1,0,0,0,0,0,Pedestrian,SAN FRANCISCO
9561333,2023-03-13,3,21,1,severe injury,0,1,pedestrian violation,vehicle/pedestrian,yes,no,no,1,0,0,0,0,0,Pedestrian,SAN FRANCISCO
9561334,2023-03-07,3,8,2,possible injury,0,1,traffic signs,broadside,no,no,no,0,0,0,0,0,0,Passenger Car/Station Wagon,SAN FRANCISCO
9561335,2023-03-08,3,9,3,possible injury,0,1,unsafe starting or backing,broadside,no,no,no,0,0,0,0,0,0,Passenger Car/Station Wagon,SAN FRANCISCO
9561336,2023-03-29,3,12,3,possible injury,0,1,pedestrian right of way,vehicle/pedestrian,yes,no,no,1,0,0,0,0,0,Passenger Car/Station Wagon,SAN FRANCISCO
9561338,2023-03-08,3,11,3,possible injury,0,1,unsafe starting or backing,broadside,no,no,no,0,0,0,0,0,0,Passenger Car/Station Wagon,SAN FRANCISCO
9561339,2023-03-19,3,1,7,minor injury,0,1,unsafe speed,vehicle/pedestrian,yes,no,no,1,0,0,0,0,0,Passenger Car/Station Wagon,SAN FRANCISCO
9561340,2023-03-12,3,22,7,possible injury,0,1,following too closely,rear end,no,no,no,0,0,0,0,0,0,Passenger Car/Station Wagon,SAN FRANCISCO
9561341,2023-03-05,3,10,7,possible injury,0,1,unsafe speed,sideswipe,no,no,no,0,0,0,0,0,0,Not Stated,SAN FRANCISCO
9561342,2023-03-08,3,12,3,minor injury,0,1,pedestrian right of way,vehicle/pedestrian,yes,no,no,1,0,0,0,0,0,Passenger Car/Station Wagon,SAN FRANCISCO
9561343,2023-03-07,3,14,2,possible injury,0,1,unsafe starting or backing,sideswipe,no,no,yes,0,0,1,0,0,0,Motorcycle/Scooter,SAN FRANCISCO
9561344,2023-03-08,3,22,3,possible injury,0,1,traffic signs,broadside,no,no,no,0,0,0,0,0,0,Not Stated,SAN FRANCISCO
9561345,2023-03-08,3,9,3,possible injury,0,2,traffic signs,broadside,no,no,no,0,0,0,0,0,0,Not Stated,SAN FRANCISCO