CASE_ID,COLLISION_DATE,MONTH,HOUR,DAY_OF_WEEK,COLLISION_SEVERITY,NUMBER_KILLED,NUMBER_INJURED,PCF_VIOL_CATEGORY,TYPE_OF_COLLISION,PEDESTRIAN_ACCIDENT,BICYCLE_ACCIDENT,MOTORCYCLE_ACCIDENT,COUNT_PED_INJURED,COUNT_BICYCLIST_INJURED,COUNT_MC_INJURED,COUNT_PED_KILLED,COUNT_BICYCLIST_KILLED,COUNT_MC_KILLED,STWD_VEHTYPE_AT_FAULT,COUNTY
9571789,2023-03-25,3,2,6,minor injury,0,1,improper turning,hit object,no,no,no,0,0,0,0,0,0,Passenger Car/Station Wagon,LOS ANGELES
9571790,2023-03-23,3,11,4,minor injury,0,2,traffic signs,broadside,no,no,no,0,0,0,0,0,0,Passenger Car/Station Wagon,LOS ANGELES
9571791,2023-03-13,3,19,1,minor injury,0,1,unsafe speed,rear end,no,no,no,0,0,0,0,0,0,Passenger Car/Station Wagon,LOS ANGELES
9571792,2023-03-10,3,21,5,possible injury,0,2,automobile right of way,broadside,no,no,no,0,0,0,0,0,0,Passenger Car/Station Wagon,LOS ANGELES
9571793,2023-03-09,3,14,4,possible injury,0,1,pedestrian violation,vehicle/pedestrian,yes,no,no,1,0,0,0,0,0,Pedestrian,LOS ANGELES
9571794,2023-03-08,3,17,3,minor injury,0,2,improper turning,broadside,no,no,no,0,0,0,0,0,0,Pickup or Panel Truck,LOS ANGELES
9571795,2023-03-03,3,23,5,possible injury,0,2,traffic signs,broadside,no,no,no,0,0,0,0,0,0,Not Stated,ALAMEDA
9571796,2023-03-31,3,11,5,possible injury,0,2,unsafe speed,broadside,no,no,no,0,0,0,0,0,0,Pickup or Panel Truck,ALAMEDA
9571797,2023-03-30,3,15,4,possible injury,0,1,automobile right of way,broadside,no,no,no,0,0,0,0,0,0,Passenger Car/Station Wagon,ALAMEDA
9571798,2023-03-24,3,8,5,possible injury,0,1,improper turning,sideswipe,no,yes,no,0,1,0,0,0,0,Bicycle,ALAMEDA
9571799,2023-03-31,3,12,5,possible injury,0,1,improper passing,sideswipe,no,yes,yes,0,0,1,0,0,0,Motorcycle/Scooter,ALAMEDA
9571800,2023-03-22,3,15,3,possible injury,0,1,unsafe speed,rear end,no,no,no,0,0,0,0,0,0,Passenger Car/Station Wagon,RIVERSIDE
9571801,2023-03-28,3,16,2,minor injury,0,1,automobile right of way,broadside,no,no,yes,0,0,1,0,0,0,Motorcycle/Scooter,LOS ANGELES
9571802,2023-03-28,3,16,2,possible injury,0,4,traffic signs,broadside,no,no,no,0,0,0,0,0,0,Not Stated,LOS ANGELES
9571803,2023-03-27,3,18,1,possible injury,0,1,pedestrian right of way,vehicle/pedestrian,yes,no,no,1,0,0,0,0,0,Pickup or Panel Truck,LOS ANGELES
9571804,2023-03-25,3,2,6,possible injury,0,2,traffic signs,broadside,no,no,no,0,0,0,0,0,0,Passenger Car/Station Wagon,LOS ANGELES
9571805,2023-03-25,3,17,6,possible injury,0,1,improper turning,broadside,no,no,no,0,0,0,0,0,0,Not Stated,LOS ANGELES
9571806,2023-03-25,3,23,6,possible injury,0,1,unsafe lane change,sideswipe,no,no,yes,0,0,1,0,0,0,Not Stated,LOS ANGELES
9571807,2023-03-24,3,23,5,possible injury,0,1,DUI,rear end,no,no,no,0,0,0,0,0,0,Passenger Car/Station Wagon,LOS ANGELES
9571808,2023-03-22,3,14,3,minor injury,0,4,traffic signs,broadside,no,no,no,0,0,0,0,0,0,Passenger Car/Station Wagon,LOS ANGELES
9571809,2023-03-22,3,13,3,minor injury,0,2,improper turning,head-on,no,no,no,0,0,0,0,0,0,Passenger Car/Station Wagon,LOS ANGELES
9571810,2023-03-16,3,14,4,severe injury,0,1,pedestrian violation,vehicle/pedestrian,yes,no,no,1,0,0,0,0,0,Pedestrian,LOS ANGELES
9571811,2023-03-10,3,19,5,possible injury,0,1,DUI,head-on,no,no,no,0,0,0,0,0,0,Passenger Car/Station Wagon,LOS ANGELES
9571813,2023-03-15,3,17,3,minor injury,0,2,traffic signs,broadside,no,no,no,0,0,0,0,0,0,Passenger Car/Station Wagon,LOS ANGELES
9571814,2023-03-24,3,15,5,minor injury,0,1,unsafe lane change,sideswipe,no,no,yes,0,0,1,0,0,0,Not Stated,LOS ANGELES
9571815,2023-03-24,3,22,5,minor injury,0,2,wrong side of road,head-on,no,no,no,0,0,0,0,0,0,Passenger Car/Station Wagon,LOS ANGELES
9571816,2023-03-21,3,18,2,severe injury,0,1,pedestrian right of way,vehicle/pedestrian,yes,no,no,1,0,0,0,0,0,Passenger Car/Station Wagon,LOS ANGELES
9571817,2023-03-20,3,22,1,minor injury,0,1,traffic signs,broadside,no,no,no,0,0,0,0,0,0,Not Stated,LOS ANGELES
9571818,2023-03-19,3,3,7,possible injury,0,1,other than driver or pedestrian,rear end,no,no,no,0,0,0,0,0,0,Not Stated,LOS ANGELES
9571819,2023-03-24,3,6,5,possible injury,0,1,traffic signs,head-on,no,no,yes,0,0,0,0,0,0,Not Stated,LOS ANGELES
9571820,2023-03-29,3,20,3,possible injury,0,2,DUI,rear end,no,no,no,0,0,0,0,0,0,Passenger Car/Station Wagon,LOS ANGELES
9571833,2023-04-12,4,12,3,possible injury,0,1,unsafe speed,rear end,no,no,no,0,0,0,0,0,0,Passenger Car/Station Wagon,LOS ANGELES
9571834,2023-04-08,4,20,6,possible injury,0,1,DUI,rear end,no,no,no,0,0,0,0,0,0,Passenger Car/Station Wagon,LOS ANGELES
9571842,2023-03-28,3,22,2,minor injury,0,1,unsafe speed,head-on,no,no,no,0,0,0,0,0,0,Passenger Car/Station Wagon,LOS ANGELES
9571843,2023-03-04,3,11,6,minor injury,0,1,pedestrian right of way,vehicle/pedestrian,yes,no,no,1,0,0,0,0,0,Passenger Car/Station Wagon,LOS ANGELES
9571845,2023-03-28,3,23,2,possible injury,0,1,pedestrian right of way,head-on,yes,no,no,1,0,0,0,0,0,Passenger Car/Station Wagon,SANTA CLARA
9571846,2023-03-28,3,8,2,minor injury,0,2,traffic signs,sideswipe,no,no,no,0,0,0,0,0,0,Passenger Car/Station Wagon,SANTA CLARA
9571847,2023-03-28,3,18,2,possible injury,0,1,automobile right of way,sideswipe,no,no,no,0,0,0,0,0,0,Passenger Car/Station Wagon,SANTA CLARA
9571851,2023-04-09,4,9,7,severe injury,0,4,improper turning,sideswipe,no,no,no,0,0,0,0,0,0,Passenger Car/Station Wagon,LOS ANGELES
9571852,2023-04-11,4,16,2,minor injury,0,1,automobile right of way,broadside,no,no,no,0,0,0,0,0,0,Not Stated,LOS ANGELES
9571853,2023-04-09,4,10,7,minor injury,0,3,unsafe speed,rear end,no,no,no,0,0,0,0,0,0,Passenger Car/Station Wagon,ORANGE
9571854,2023-03-18,3,6,6,minor injury,0,2,traffic signs,broadside,no,no,no,0,0,0,0,0,0,Passenger Car/Station Wagon,SAN BERNARDINO
9571855,2023-04-09,4,1,7,minor injury,0,2,improper turning,broadside,no,no,no,0,0,0,0,0,0,Passenger Car/Station Wagon,LOS ANGELES
9571856,2023-04-11,4,16,2,possible injury,0,2,automobile right of way,head-on,no,no,no,0,0,0,0,0,0,Passenger Car/Station Wagon,LOS ANGELES
9571858,2023-04-06,4,17,4,minor injury,0,2,unsafe speed,head-on,no,no,no,0,0,0,0,0,0,Passenger Car/Station Wagon,LOS ANGELES
9571865,2023-03-23,3,20,4,possible injury,0,2,automobile right of way,broadside,no,no,no,0,0,0,0,0,0,Passenger Car/Station Wagon,SAN DIEGO
9571869,2023-04-13,4,16,4,possible injury,0,1,unsafe starting or backing,rear end,no,no,no,0,0,0,0,0,0,Passenger Car/Station Wagon,SAN DIEGO
9571878,2023-04-11,4,15,2,severe injury,0,1,improper turning,sideswipe,no,no,yes,0,0,1,0,0,0,Pickup or Panel Truck,LOS ANGELES
9571882,2023-04-11,4,10,2,severe injury,0,1,unsafe speed,rear end,no,no,no,0,0,0,0,0,0,Passenger Car/Station Wagon,LOS ANGELES
9571884,2023-04-02,4,13,7,minor injury,0,3,unsafe lane change,broadside,no,no,no,0,0,0,0,0,0,Passenger Car/Station Wagon,LOS ANGELES
9571890,2023-04-12,4,19,3,minor injury,0,2,DUI,broadside,no,no,no,0,0,0,0,0,0,Pickup or Panel Truck,LOS ANGELES
9571891,2023-04-01,4,14,6,minor injury,0,1,traffic signs,sideswipe,no,no,no,0,0,0,0,0,0,Passenger Car/Station Wagon,LOS ANGELES
9571894,2023-04-13,4,20,4,minor injury,0,1,DUI,rear end,no,no,no,0,0,0,0,0,0,Passenger Car/Station Wagon,LOS ANGELES
9571897,2023-03-11,3,1,6,possible injury,0,1,improper turning,rear end,no,no,no,0,0,0,0,0,0,Passenger Car/Station Wagon,SAN BERNARDINO
9571899,2023-04-06,4,10,4,possible injury,0,1,automobile right of way,head-on,no,no,no,0,0,0,0,0,0,Passenger Car/Station Wagon,LOS ANGELES
9571901,2023-03-12,3,22,7,minor injury,0,1,unsafe speed,rear end,no,no,no,0,0,0,0,0,0,Passenger Car/Station Wagon,SAN BERNARDINO
9571904,2023-04-04,4,6,2,possible injury,0,1,traffic signs,other,no,yes,no,0,1,0,0,0,0,Not Stated,LOS ANGELES
9571905,2023-03-13,3,3,1,possible injury,0,1,traffic signs,broadside,no,no,no,0,0,0,0,0,0,Pickup or Panel Truck,SAN BERNARDINO
9571907,2023-04-13,4,15,4,possible injury,0,2,unsafe starting or backing,rear end,no,no,no,0,0,0,0,0,0,Truck or Truck Tractor,LOS ANGELES
9571908,2023-04-08,4,16,6,minor injury,0,3,unsafe speed,rear end,no,no,no,0,0,0,0,0,0,Passenger Car/Station Wagon,LOS ANGELES
9571912,2023-04-10,4,18,1,minor injury,0,1,improper turning,broadside,no,no,no,0,0,0,0,0,0,Passenger Car/Station Wagon,LOS ANGELES
9571913,2023-03-17,3,18,5,minor injury,0,1,wrong side of road,broadside,no,yes,no,0,1,0,0,0,0,Bicycle,SAN BERNARDINO
9571917,2023-03-18,3,10,6,possible injury,0,2,traffic signs,broadside,yes,no,no,1,0,0,0,0,0,Pickup or Panel Truck,SAN BERNARDINO
9571921,2023-03-21,3,10,2,severe injury,0,1,unsafe speed,vehicle/pedestrian,yes,no,no,1,0,0,0,0,0,Passenger Car/Station Wagon,LOS ANGELES
9571922,2023-03-20,3,22,1,severe injury,0,1,traffic signs,vehicle/pedestrian,yes,no,no,1,0,0,0,0,0,Not Stated,LOS ANGELES
9571923,2023-03-20,3,21,1,severe injury,0,5,automobile right of way,broadside,no,no,no,0,0,0,0,0,0,Passenger Car/Station Wagon,LOS ANGELES
9571924,2023-03-18,3,7,6,severe injury,0,1,automobile right of way,vehicle/pedestrian,yes,no,no,1,0,0,0,0,0,Passenger Car/Station Wagon,LOS ANGELES
9571925,2023-03-18,3,8,6,severe injury,0,2,improper turning,sideswipe,yes,no,no,2,0,0,0,0,0,Passenger Car/Station Wagon,LOS ANGELES
9571926,2023-03-25,3,0,6,minor injury,0,1,improper turning,head-on,no,no,no,0,0,0,0,0,0,Passenger Car/Station Wagon,LOS ANGELES
9571927,2023-03-28,3,17,2,severe injury,0,3,unknown,broadside,no,no,no,0,0,0,0,0,0,Passenger Car/Station Wagon,LOS ANGELES
9571928,2023-03-16,3,21,4,minor injury,0,1,pedestrian right of way,vehicle/pedestrian,yes,no,no,1,0,0,0,0,0,Passenger Car/Station Wagon,RIVERSIDE
9571929,2023-03-05,3,13,7,minor injury,0,1,traffic signs,broadside,no,no,no,0,0,0,0,0,0,Passenger Car/Station Wagon,SUTTER
9571930,2023-03-26,3,18,7,possible injury,0,1,other than driver or pedestrian,head-on,no,no,no,0,0,0,0,0,0,Not Stated,SUTTER
9571931,2023-03-31,3,14,5,possible injury,0,1,improper turning,broadside,no,no,no,0,0,0,0,0,0,Passenger Car/Station Wagon,SANTA BARBARA
9571932,2023-03-30,3,18,4,possible injury,0,1,traffic signs,broadside,no,no,no,0,0,0,0,0,0,Passenger Car/Station Wagon,SAN BERNARDINO
9571933,2023-03-28,3,16,2,possible injury,0,3,traffic signs,broadside,no,no,no,0,0,0,0,0,0,Passenger Car/Station Wagon,SAN BERNARDINO
9571934,2023-03-01,3,18,3,possible injury,0,1,traffic signs,broadside,no,no,no,0,0,0,0,0,0,Passenger Car/Station Wagon,SAN DIEGO
9571936,2023-03-29,3,12,3,possible injury,0,1,automobile right of way,sideswipe,no,no,no,0,0,0,0,0,0,Not Stated,LOS ANGELES
9571937,2023-03-27,3,17,1,possible injury,0,1,improper turning,head-on,no,no,yes,0,0,1,0,0,0,Passenger Car/Station Wagon,LOS ANGELES
9571938,2023-03-23,3,23,4,minor injury,0,1,pedestrian violation,vehicle/pedestrian,yes,no,no,1,0,0,0,0,0,Pedestrian,LOS ANGELES
9571940,2023-03-22,3,19,3,minor injury,0,1,pedestrian right of way,vehicle/pedestrian,yes,no,no,1,0,0,0,0,0,Not Stated,LOS ANGELES
9571941,2023-03-19,3,2,7,minor injury,0,1,traffic signs,sideswipe,no,no,no,0,0,0,0,0,0,Not Stated,LOS ANGELES
9571943,2023-03-27,3,14,1,possible injury,0,1,unsafe speed,rear end,no,no,no,0,0,0,0,0,0,Passenger Car/Station Wagon,SAN MATEO
9571944,2023-03-17,3,10,5,minor injury,0,1,pedestrian right of way,vehicle/pedestrian,yes,no,no,1,0,0,0,0,0,Passenger Car/Station Wagon,SAN MATEO
9571945,2023-03-21,3,18,2,minor injury,0,2,following too closely,rear end,no,no,no,0,0,0,0,0,0,Passenger Car/Station Wagon,SAN MATEO
9571946,2023-03-28,3,21,2,minor injury,0,3,other hazardous violation,broadside,no,no,no,0,0,0,0,0,0,Passenger Car/Station Wagon,LOS ANGELES
9571947,2023-03-26,3,12,7,minor injury,0,1,unsafe lane change,overturned,no,no,no,0,0,0,0,0,0,Passenger Car/Station Wagon,LOS ANGELES
9571948,2023-03-24,3,2,5,possible injury,0,1,unsafe speed,rear end,no,no,no,0,0,0,0,0,0,Not Stated,LOS ANGELES
9571949,2023-03-27,3,19,1,minor injury,0,3,automobile right of way,broadside,no,no,yes,0,0,1,0,0,0,Passenger Car/Station Wagon,PLACER
9571950,2023-03-29,3,23,3,minor injury,0,1,other than driver or pedestrian,other,no,no,yes,0,0,1,0,0,0,Not Stated,PLACER
9571951,2023-03-09,3,16,4,minor injury,0,2,unsafe speed,sideswipe,no,no,no,0,0,0,0,0,0,Passenger Car/Station Wagon,CONTRA COSTA
9571952,2023-03-16,3,12,4,possible injury,0,1,other than driver or pedestrian,hit object,no,no,no,0,0,0,0,0,0,Not Stated,PLACER
9571953,2023-03-16,3,13,4,possible injury,0,1,automobile right of way,broadside,no,no,no,0,0,0,0,0,0,Passenger Car/Station Wagon,PLACER
9571954,2023-03-16,3,17,4,possible injury,0,1,automobile right of way,broadside,no,no,no,0,0,0,0,0,0,Passenger Car/Station Wagon,PLACER
9571955,2023-03-26,3,15,7,possible injury,0,2,unsafe lane change,sideswipe,no,no,no,0,0,0,0,0,0,Passenger Car/Station Wagon,PLACER
9571956,2023-03-11,3,22,6,minor injury,0,1,DUI,hit object,no,no,no,0,0,0,0,0,0,Passenger Car/Station Wagon,SACRAMENTO
9571957,2023-03-03,3,8,5,minor injury,0,3,improper turning,broadside,no,no,no,0,0,0,0,0,0,Passenger Car/Station Wagon,SACRAMENTO
9571958,2023-03-01,3,11,3,minor injury,0,2,automobile right of way,broadside,no,no,no,0,0,0,0,0,0,Passenger Car/Station Wagon,SACRAMENTO
9571959,2023-03-24,3,8,5,minor injury,0,1,traffic signs,head-on,no,yes,no,0,1,0,0,0,0,Passenger Car/Station Wagon,CONTRA COSTA
9571960,2023-03-03,3,11,5,minor injury,0,1,pedestrian right of way,vehicle/pedestrian,no,yes,no,0,1,0,0,0,0,Not Stated,SANTA CLARA
9571961,2023-03-30,3,12,4,possible injury,0,1,unsafe speed,rear end,no,no,no,0,0,0,0,0,0,Pickup or Panel Truck,SANTA CLARA
9571962,2023-03-29,3,10,3,possible injury,0,1,unsafe speed,sideswipe,no,no,no,0,0,0,0,0,0,Passenger Car/Station Wagon,SANTA CLARA
9571963,2023-03-28,3,15,2,possible injury,0,1,pedestrian right of way,vehicle/pedestrian,yes,no,no,1,0,0,0,0,0,Pickup or Panel Truck,SANTA CLARA
9571964,2023-03-25,3,15,6,possible injury,0,1,unsafe speed,rear end,no,no,yes,0,0,1,0,0,0,Motorcycle/Scooter,SANTA CLARA
9571965,2023-03-25,3,8,6,possible injury,0,1,unsafe speed,rear end,no,no,no,0,0,0,0,0,0,Passenger Car/Station Wagon,SANTA CLARA
9571966,2023-03-19,3,17,7,possible injury,0,1,unsafe speed,rear end,no,no,no,0,0,0,0,0,0,Pickup or Panel Truck,SANTA CLARA
9571967,2023-03-28,3,14,2,possible injury,0,1,unknown,rear end,yes,no,no,1,0,0,0,0,0,Passenger Car/Station Wagon,SANTA CLARA
9571968,2023-03-28,3,19,2,minor injury,0,2,automobile right of way,broadside,yes,no,no,1,0,0,0,0,0,Passenger Car/Station Wagon,SANTA CLARA
9571969,2023-03-26,3,12,7,possible injury,0,3,following too closely,rear end,no,no,no,0,0,0,0,0,0,Passenger Car/Station Wagon,SANTA CLARA
9571970,2023-03-26,3,14,7,possible injury,0,1,improper turning,broadside,no,no,yes,0,0,1,0,0,0,Passenger Car/Station Wagon,SANTA CLARA
9571971,2023-03-26,3,13,7,possible injury,0,2,automobile right of way,head-on,no,no,no,0,0,0,0,0,0,Passenger Car/Station Wagon,SANTA CLARA
9571973,2023-03-25,3,11,6,severe injury,0,1,improper turning,sideswipe,no,no,yes,0,0,1,0,0,0,Not Stated,SANTA CLARA
9571974,2023-03-25,3,10,6,severe injury,0,1,unsafe speed,broadside,no,no,no,0,0,0,0,0,0,Passenger Car/Station Wagon,SANTA CLARA
9571975,2023-03-25,3,22,6,minor injury,0,1,unsafe speed,head-on,no,no,no,0,0,0,0,0,0,Passenger Car/Station Wagon,SANTA CLARA
9571976,2023-03-25,3,16,6,minor injury,0,1,unknown,broadside,no,no,no,0,0,0,0,0,0,Not Stated,SANTA CLARA
9571977,2023-03-25,3,13,6,minor injury,0,1,improper turning,broadside,no,no,no,0,0,0,0,0,0,Passenger Car/Station Wagon,SANTA CLARA
9571978,2023-03-24,3,15,5,possible injury,0,1,automobile right of way,sideswipe,no,no,no,0,0,0,0,0,0,Passenger Car/Station Wagon,SANTA CLARA
9571980,2023-03-24,3,12,5,minor injury,0,1,unknown,vehicle/pedestrian,yes,no,no,1,0,0,0,0,0,Pedestrian,SANTA CLARA
9571982,2023-03-13,3,12,1,severe injury,0,3,unsafe speed,rear end,no,no,no,0,0,0,0,0,0,Passenger Car/Station Wagon,LOS ANGELES
9571983,2023-03-09,3,18,4,severe injury,0,3,traffic signs,sideswipe,no,no,no,0,0,0,0,0,0,Passenger Car/Station Wagon,LOS ANGELES
9571984,2023-03-31,3,15,5,possible injury,0,1,unsafe speed,rear end,no,no,no,0,0,0,0,0,0,Passenger Car/Station Wagon,LOS ANGELES
9571987,2023-03-22,3,7,3,minor injury,0,1,automobile right of way,broadside,no,no,no,0,0,0,0,0,0,Passenger Car/Station Wagon,SANTA CLARA
9571988,2023-03-15,3,12,3,minor injury,0,3,automobile right of way,broadside,no,no,no,0,0,0,0,0,0,Passenger Car/Station Wagon,SANTA CLARA
9571990,2023-03-31,3,20,5,minor injury,0,1,pedestrian violation,head-on,yes,no,no,1,0,0,0,0,0,Passenger Car/Station Wagon,SANTA CLARA
9571991,2023-03-31,3,15,5,possible injury,0,2,unsafe speed,rear end,no,no,no,0,0,0,0,0,0,Passenger Car/Station Wagon,SANTA CLARA
9571992,2023-03-30,3,15,4,minor injury,0,3,unsafe speed,rear end,no,no,no,0,0,0,0,0,0,Passenger Car/Station Wagon,SANTA CLARA
9571993,2023-03-30,3,5,4,possible injury,0,1,unsafe starting or backing,rear end,yes,no,no,1,0,0,0,0,0,Passenger Car/Station Wagon,SANTA CLARA
9571994,2023-03-30,3,19,4,possible injury,0,1,unknown,vehicle/pedestrian,yes,no,no,1,0,0,0,0,0,Not Stated,SANTA CLARA
9571995,2023-03-29,3,23,3,minor injury,0,1,unsafe lane change,rear end,no,no,no,0,0,0,0,0,0,Passenger Car/Station Wagon,SANTA CLARA
9571996,2023-03-29,3,9,3,possible injury,0,1,unsafe speed,head-on,no,no,no,0,0,0,0,0,0,Passenger Car/Station Wagon,SANTA CLARA
9571997,2023-03-29,3,7,3,severe injury,0,3,improper turning,hit object,no,no,no,0,0,0,0,0,0,Passenger Car/Station Wagon,SANTA CLARA
9571999,2023-03-29,3,8,3,possible injury,0,1,other hazardous violation,rear end,no,no,no,0,0,0,0,0,0,Passenger Car/Station Wagon,SANTA CLARA
9572000,2023-03-28,3,20,2,possible injury,0,2,pedestrian right of way,head-on,yes,no,no,2,0,0,0,0,0,Passenger Car/Station Wagon,SANTA CLARA
9572013,2023-03-22,3,17,3,minor injury,0,1,automobile right of way,broadside,no,no,no,0,0,0,0,0,0,Passenger Car/Station Wagon,KINGS
9572035,2023-04-03,4,6,1,possible injury,0,1,unknown,broadside,no,no,no,0,0,0,0,0,0,Not Stated,LOS ANGELES
9572061,2023-04-12,4,21,3,possible injury,0,1,unsafe lane change,sideswipe,no,no,no,0,0,0,0,0,0,Passenger Car/Station Wagon,SAN DIEGO
9572062,2023-04-12,4,15,3,possible injury,0,2,automobile right of way,broadside,no,no,no,0,0,0,0,0,0,Passenger Car/Station Wagon,SAN DIEGO
9572063,2023-04-11,4,20,2,possible injury,0,1,unsafe speed,rear end,no,no,no,0,0,0,0,0,0,Passenger Car/Station Wagon,SAN DIEGO
9572064,2023-04-05,4,15,3,possible injury,0,1,unknown,vehicle/pedestrian,no,yes,no,0,1,0,0,0,0,Bicycle,SAN DIEGO
9572065,2023-04-03,4,12,1,possible injury,0,2,traffic signs,broadside,no,no,no,0,0,0,0,0,0,Passenger Car/Station Wagon,SAN DIEGO
9572066,2023-04-12,4,3,3,possible injury,0,1,DUI,hit object,no,no,no,0,0,0,0,0,0,Passenger Car/Station Wagon,SAN DIEGO
9572068,2023-04-17,4,13,1,possible injury,0,1,unsafe speed,rear end,no,no,no,0,0,0,0,0,0,Passenger Car/Station Wagon,FRESNO
9572069,2023-04-01,4,15,6,possible injury,0,1,unknown,broadside,no,no,no,0,0,0,0,0,0,Not Stated,SANTA CLARA
9572070,2023-04-10,4,9,1,possible injury,0,1,unknown,hit object,no,no,yes,0,0,1,0,0,0,Not Stated,LOS ANGELES
9572071,2023-04-06,4,13,4,severe injury,0,2,automobile right of way,broadside,no,no,yes,0,0,1,0,0,0,Passenger Car/Station Wagon,LOS ANGELES
9572072,2023-04-13,4,8,4,minor injury,0,1,automobile right of way,broadside,no,no,no,0,0,0,0,0,0,Passenger Car/Station Wagon,LOS ANGELES
9572073,2023-04-08,4,4,6,severe injury,0,2,automobile right of way,broadside,no,no,no,0,0,0,0,0,0,Passenger Car/Station Wagon,LOS ANGELES
9572074,2023-04-07,4,11,5,severe injury,0,1,unsafe speed,hit object,no,no,no,0,0,0,0,0,0,Passenger Car/Station Wagon,ALAMEDA
9572075,2023-04-11,4,13,2,possible injury,0,2,automobile right of way,broadside,no,no,no,0,0,0,0,0,0,Passenger Car/Station Wagon,ALAMEDA
9572076,2023-04-01,4,21,6,minor injury,0,4,unsafe speed,hit object,no,no,no,0,0,0,0,0,0,Passenger Car/Station Wagon,LOS ANGELES
9572077,2023-04-06,4,12,4,minor injury,0,1,unsafe speed,rear end,no,no,no,0,0,0,0,0,0,Passenger Car/Station Wagon,LOS ANGELES
9572078,2023-04-09,4,16,7,minor injury,0,1,wrong side of road,broadside,no,yes,no,0,1,0,0,0,0,Bicycle,SAN DIEGO
9572079,2023-04-08,4,0,6,possible injury,0,1,improper turning,head-on,no,no,no,0,0,0,0,0,0,Passenger Car/Station Wagon,SAN DIEGO
9572080,2023-04-12,4,13,3,minor injury,0,1,unsafe speed,hit object,no,no,no,0,0,0,0,0,0,Passenger Car/Station Wagon,SAN DIEGO
9572081,2023-04-12,4,20,3,minor injury,0,1,pedestrian violation,head-on,yes,no,no,1,0,0,0,0,0,Pedestrian,SAN DIEGO
9572082,2023-04-07,4,23,5,possible injury,0,1,unsafe speed,rear end,no,no,no,0,0,0,0,0,0,Passenger Car/Station Wagon,SAN DIEGO
9572083,2023-04-11,4,6,2,possible injury,0,1,traffic signs,broadside,no,no,no,0,0,0,0,0,0,Passenger Car/Station Wagon,SAN DIEGO
9572084,2023-04-10,4,20,1,possible injury,0,1,automobile right of way,broadside,no,no,no,0,0,0,0,0,0,Passenger Car/Station Wagon,SAN DIEGO
9572085,2023-04-11,4,14,2,severe injury,0,1,DUI,other,no,yes,no,0,1,0,0,0,0,Passenger Car/Station Wagon,SAN DIEGO
9572086,2023-04-13,4,5,4,possible injury,0,1,traffic signs,unknown,no,no,no,0,0,0,0,0,0,Passenger Car/Station Wagon,LOS ANGELES
9572087,2023-03-19,3,13,7,minor injury,0,1,following too closely,rear end,no,no,no,0,0,0,0,0,0,Passenger Car/Station Wagon,LOS ANGELES
9572088,2023-03-18,3,17,6,minor injury,0,1,wrong side of road,broadside,no,yes,no,0,1,0,0,0,0,Bicycle,LOS ANGELES
9572089,2023-03-17,3,17,5,possible injury,0,1,automobile right of way,broadside,no,no,no,0,0,0,0,0,0,Passenger Car/Station Wagon,LOS ANGELES
9572090,2023-03-22,3,18,3,possible injury,0,1,following too closely,rear end,no,no,no,0,0,0,0,0,0,Passenger Car/Station Wagon,LOS ANGELES
9572091,2023-03-13,3,9,1,severe injury,0,1,automobile right of way,broadside,no,no,no,0,0,0,0,0,0,Passenger Car/Station Wagon,LOS ANGELES
9572092,2023-03-11,3,16,6,possible injury,0,1,other hazardous violation,sideswipe,no,no,no,0,0,0,0,0,0,Passenger Car/Station Wagon,LOS ANGELES
9572093,2023-03-21,3,17,2,severe injury,0,1,other equipment,hit object,no,no,no,0,0,0,0,0,0,Passenger Car/Station Wagon,LOS ANGELES
9572094,2023-03-29,3,12,3,minor injury,0,2,traffic signs,broadside,no,no,no,0,0,0,0,0,0,Passenger Car/Station Wagon,LOS ANGELES
9572095,2023-03-26,3,10,7,possible injury,0,1,improper turning,broadside,no,no,no,0,0,0,0,0,0,Passenger Car/Station Wagon,LOS ANGELES
9572096,2023-03-25,3,9,6,possible injury,0,1,unknown,rear end,no,no,no,0,0,0,0,0,0,Not Stated,LOS ANGELES
9572097,2023-03-22,3,8,3,possible injury,0,1,automobile right of way,broadside,no,no,no,0,0,0,0,0,0,Passenger Car/Station Wagon,LOS ANGELES
9572098,2023-03-15,3,10,3,possible injury,0,1,unsafe starting or backing,broadside,no,no,no,0,0,0,0,0,0,Passenger Car/Station Wagon,SAN DIEGO
9572099,2023-03-25,3,12,6,possible injury,0,1,traffic signs,broadside,no,no,yes,0,0,1,0,0,0,Motorcycle/Scooter,SAN DIEGO
9572100,2023-03-04,3,23,6,minor injury,0,2,DUI,rear end,no,no,no,0,0,0,0,0,0,Passenger Car/Station Wagon,KINGS
9572101,2023-03-24,3,14,5,possible injury,0,1,unknown,sideswipe,yes,no,no,1,0,0,0,0,0,Passenger Car/Station Wagon,KINGS
9572102,2023-03-09,3,17,4,possible injury,0,1,automobile right of way,broadside,no,no,no,0,0,0,0,0,0,Passenger Car/Station Wagon,SAN BERNARDINO
9572103,2023-03-16,3,13,4,possible injury,0,2,traffic signs,broadside,no,no,no,0,0,0,0,0,0,Passenger Car/Station Wagon,SAN BERNARDINO
9572104,2023-03-16,3,19,4,possible injury,0,1,unsafe speed,unknown,no,no,no,0,0,0,0,0,0,Passenger Car/Station Wagon,SAN BERNARDINO