CASE_ID,COLLISION_DATE,MONTH,HOUR,DAY_OF_WEEK,COLLISION_SEVERITY,NUMBER_KILLED,NUMBER_INJURED,PCF_VIOL_CATEGORY,TYPE_OF_COLLISION,PEDESTRIAN_ACCIDENT,BICYCLE_ACCIDENT,MOTORCYCLE_ACCIDENT,COUNT_PED_INJURED,COUNT_BICYCLIST_INJURED,COUNT_MC_INJURED,COUNT_PED_KILLED,COUNT_BICYCLIST_KILLED,COUNT_MC_KILLED,STWD_VEHTYPE_AT_FAULT,COUNTY
9572428,2023-05-27,5,2,6,severe injury,0,1,pedestrian violation,vehicle/pedestrian,yes,yes,no,1,0,0,0,0,0,Pedestrian,SAN FRANCISCO
9572429,2023-05-01,5,18,1,possible injury,0,3,traffic signs,broadside,no,no,no,0,0,0,0,0,0,Passenger Car/Station Wagon,SAN FRANCISCO
9572432,2023-05-01,5,16,1,possible injury,0,1,traffic signs,broadside,no,no,no,0,0,0,0,0,0,Passenger Car/Station Wagon,SAN FRANCISCO
9572435,2023-05-03,5,15,3,minor injury,0,1,unsafe speed,other,no,no,yes,0,0,1,0,0,0,Motorcycle/Scooter,SAN FRANCISCO
9572437,2023-05-02,5,22,2,minor injury,0,1,unknown,vehicle/pedestrian,yes,no,no,1,0,0,0,0,0,Not Stated,SAN FRANCISCO
9572438,2023-05-01,5,10,1,minor injury,0,2,wrong side of road,head-on,no,no,yes,0,0,0,0,0,0,Passenger Car/Station Wagon,SAN FRANCISCO
9572439,2023-05-01,5,18,1,possible injury,0,1,pedestrian right of way,vehicle/pedestrian,yes,no,no,1,0,0,0,0,0,Passenger Car/Station Wagon,SAN FRANCISCO
9572441,2023-05-02,5,0,2,minor injury,0,1,unsafe speed,other,no,no,no,0,0,0,0,0,0,Other Vehicle,SAN FRANCISCO
9572442,2023-05-01,5,9,1,possible injury,0,2,unsafe speed,rear end,no,no,no,0,0,0,0,0,0,Passenger Car/Station Wagon,SAN FRANCISCO
9572443,2023-05-30,5,11,2,minor injury,0,1,improper turning,broadside,no,no,no,0,0,0,0,0,0,Passenger Car/Station Wagon,SAN FRANCISCO
9572444,2023-05-15,5,14,1,possible injury,0,2,traffic signs,broadside,no,no,no,0,0,0,0,0,0,Passenger Car/Station Wagon,SAN FRANCISCO
9572445,2023-05-13,5,12,6,possible injury,0,1,automobile right of way,broadside,no,no,no,0,0,0,0,0,0,Passenger Car/Station Wagon,SAN FRANCISCO
9572446,2023-05-11,5,16,4,possible injury,0,1,improper turning,rear end,no,no,no,0,0,0,0,0,0,Passenger Car/Station Wagon,SAN FRANCISCO
9572447,2023-05-31,5,17,3,possible injury,0,1,traffic signs,broadside,no,no,no,0,0,0,0,0,0,Other Vehicle,SAN FRANCISCO
9572448,2023-05-18,5,10,4,possible injury,0,1,following too closely,rear end,no,no,no,0,0,0,0,0,0,Passenger Car/Station Wagon,SAN FRANCISCO
9572449,2023-05-29,5,14,1,possible injury,0,1,unknown,vehicle/pedestrian,yes,no,no,1,0,0,0,0,0,Pedestrian,SAN FRANCISCO
9572450,2023-05-30,5,21,2,possible injury,0,1,unsafe speed,broadside,no,no,no,0,0,0,0,0,0,Passenger Car/Station Wagon,SAN FRANCISCO
9572451,2023-05-25,5,18,4,minor injury,0,1,improper turning,broadside,no,no,yes,0,0,1,0,0,0,Passenger Car/Station Wagon,SAN FRANCISCO
9572452,2023-05-25,5,11,4,possible injury,0,1,automobile right of way,broadside,no,no,no,0,0,0,0,0,0,Passenger Car/Station Wagon,SAN FRANCISCO
9572453,2023-05-25,5,14,4,minor injury,0,1,traffic signs,broadside,no,no,yes,0,0,1,0,0,0,Motorcycle/Scooter,SAN FRANCISCO
9572454,2023-05-26,5,12,5,possible injury,0,1,pedestrian right of way,vehicle/pedestrian,yes,no,no,1,0,0,0,0,0,Not Stated,SAN FRANCISCO
9572455,2023-05-26,5,9,5,possible injury,0,1,unsafe speed,overturned,no,no,no,0,0,0,0,0,0,Passenger Car/Station Wagon,SAN FRANCISCO
9572456,2023-05-24,5,14,3,possible injury,0,1,following too closely,rear end,no,no,no,0,0,0,0,0,0,Passenger Car/Station Wagon,SAN FRANCISCO
9572457,2023-05-24,5,10,3,minor injury,0,1,pedestrian violation,vehicle/pedestrian,yes,no,no,1,0,0,0,0,0,Pedestrian,SAN FRANCISCO
9572458,2023-05-25,5,15,4,minor injury,0,1,improper turning,broadside,no,yes,no,0,1,0,0,0,0,Passenger Car/Station Wagon,SAN FRANCISCO
9572459,2023-05-10,5,5,3,minor injury,0,1,other hazardous violation,vehicle/pedestrian,yes,no,no,1,0,0,0,0,0,Not Stated,SAN FRANCISCO
9572461,2023-05-09,5,7,2,possible injury,0,1,traffic signs,broadside,no,no,no,0,0,0,0,0,0,Passenger Car/Station Wagon,SAN FRANCISCO
9572462,2023-05-07,5,17,7,possible injury,0,1,pedestrian right of way,vehicle/pedestrian,yes,no,no,1,0,0,0,0,0,Passenger Car/Station Wagon,SAN FRANCISCO
9572463,2023-05-04,5,16,4,possible injury,0,1,improper turning,rear end,no,no,yes,0,0,1,0,0,0,Passenger Car/Station Wagon,SAN FRANCISCO
9572465,2023-05-07,5,16,7,minor injury,0,1,improper turning,broadside,no,yes,no,0,1,0,0,0,0,Not Stated,SAN FRANCISCO
9572467,2023-05-07,5,15,7,severe injury,0,2,improper turning,broadside,no,no,no,0,0,0,0,0,0,Passenger Car/Station Wagon,SAN FRANCISCO
9572468,2023-05-26,5,18,5,possible injury,0,1,traffic signs,broadside,no,yes,no,0,1,0,0,0,0,Passenger Car/Station Wagon,SAN FRANCISCO
9572469,2023-05-25,5,9,4,minor injury,0,1,unsafe speed,other,no,no,no,0,0,0,0,0,0,Passenger Car/Station Wagon,SAN FRANCISCO
9572470,2023-05-27,5,23,6,possible injury,0,1,unsafe speed,sideswipe,no,no,no,0,0,0,0,0,0,Passenger Car/Station Wagon,SAN FRANCISCO
9572471,2023-05-25,5,21,4,possible injury,0,1,traffic signs,broadside,no,no,no,0,0,0,0,0,0,Passenger Car/Station Wagon,SAN FRANCISCO
9572472,2023-05-26,5,15,5,minor injury,0,1,unsafe starting or backing,vehicle/pedestrian,yes,no,no,1,0,0,0,0,0,Passenger Car/Station Wagon,SAN FRANCISCO
9572474,2023-05-31,5,1,3,possible injury,0,1,unknown,broadside,no,no,no,0,0,0,0,0,0,Passenger Car/Station Wagon,SAN FRANCISCO
9572524,2023-05-27,5,12,6,minor injury,0,4,traffic signs,broadside,no,no,no,0,0,0,0,0,0,Passenger Car/Station Wagon,VENTURA
9572525,2023-05-25,5,15,4,possible injury,0,1,unsafe starting or backing,hit object,no,no,no,0,0,0,0,0,0,Passenger Car/Station Wagon,VENTURA
9572526,2023-05-27,5,20,6,possible injury,0,1,automobile right of way,broadside,no,no,no,0,0,0,0,0,0,Passenger Car/Station Wagon,VENTURA
9572527,2023-05-12,5,21,5,possible injury,0,1,pedestrian right of way,vehicle/pedestrian,yes,no,no,1,0,0,0,0,0,Passenger Car/Station Wagon,SAN FRANCISCO
9572531,2023-05-14,5,17,7,severe injury,0,1,unsafe speed,overturned,no,no,no,0,0,0,0,0,0,Other Vehicle,SAN FRANCISCO
9572537,2023-05-24,5,9,3,possible injury,0,1,automobile right of way,sideswipe,no,no,no,0,0,0,0,0,0,Passenger Car/Station Wagon,VENTURA
9572538,2023-05-29,5,15,1,minor injury,0,1,improper turning,rear end,no,yes,no,0,1,0,0,0,0,Passenger Car/Station Wagon,VENTURA
9572539,2023-05-29,5,14,1,minor injury,0,1,unsafe speed,sideswipe,no,yes,no,0,1,0,0,0,0,Bicycle,VENTURA
9572540,2023-05-01,5,19,1,minor injury,0,1,traffic signs,broadside,no,no,no,0,0,0,0,0,0,Passenger Car/Station Wagon,LOS ANGELES
9572541,2023-05-06,5,8,6,possible injury,0,2,DUI,rear end,no,no,no,0,0,0,0,0,0,Passenger Car/Station Wagon,LOS ANGELES
9572542,2023-05-07,5,23,7,possible injury,0,1,automobile right of way,broadside,no,no,no,0,0,0,0,0,0,Passenger Car/Station Wagon,LOS ANGELES
9572543,2023-05-29,5,16,1,severe injury,0,1,traffic signs,broadside,no,yes,no,0,1,0,0,0,0,Bicycle,LOS ANGELES
9572544,2023-05-31,5,6,3,minor injury,0,1,automobile right of way,broadside,no,no,no,0,0,0,0,0,0,Passenger Car/Station Wagon,LOS ANGELES
9572545,2023-05-03,5,12,3,possible injury,0,1,automobile right of way,broadside,no,no,no,0,0,0,0,0,0,Passenger Car/Station Wagon,LOS ANGELES
9572546,2023-05-25,5,9,4,possible injury,0,1,improper turning,hit object,no,no,no,0,0,0,0,0,0,Passenger Car/Station Wagon,LOS ANGELES
9572547,2023-05-15,5,8,1,possible injury,0,1,unknown,vehicle/pedestrian,no,no,no,0,0,0,0,0,0,Other Vehicle,LOS ANGELES
9572548,2023-05-19,5,12,5,minor injury,0,2,pedestrian violation,vehicle/pedestrian,yes,no,yes,1,0,1,0,0,0,Pedestrian,LOS ANGELES
9572549,2023-04-03,4,23,1,minor injury,0,1,automobile right of way,broadside,no,yes,no,0,1,0,0,0,0,Bicycle,SAN BERNARDINO
9572550,2023-04-02,4,13,7,minor injury,0,2,automobile right of way,broadside,no,no,no,0,0,0,0,0,0,Passenger Car/Station Wagon,SAN BERNARDINO
9572551,2023-04-14,4,19,5,possible injury,0,1,automobile right of way,broadside,no,no,no,0,0,0,0,0,0,Passenger Car/Station Wagon,SAN BERNARDINO
9572552,2023-04-05,4,13,3,possible injury,0,2,automobile right of way,broadside,no,no,no,0,0,0,0,0,0,Passenger Car/Station Wagon,SAN BERNARDINO
9572553,2023-04-08,4,20,6,possible injury,0,1,traffic signs,broadside,no,no,no,0,0,0,0,0,0,Passenger Car/Station Wagon,SAN BERNARDINO
9572555,2023-04-04,4,19,2,possible injury,0,1,automobile right of way,rear end,no,no,no,0,0,0,0,0,0,Passenger Car/Station Wagon,SAN BERNARDINO
9572556,2023-04-09,4,18,7,possible injury,0,1,improper turning,broadside,no,no,no,0,0,0,0,0,0,Passenger Car/Station Wagon,SAN BERNARDINO
9572557,2023-04-10,4,9,1,possible injury,0,2,automobile right of way,broadside,no,no,no,0,0,0,0,0,0,Passenger Car/Station Wagon,SAN BERNARDINO
9572558,2023-04-11,4,22,2,minor injury,0,1,improper turning,sideswipe,no,no,yes,0,0,1,0,0,0,Passenger Car/Station Wagon,SAN BERNARDINO
9572559,2023-04-08,4,14,6,minor injury,0,1,unknown,broadside,no,no,no,0,0,0,0,0,0,Not Stated,SAN BERNARDINO
9572560,2023-04-09,4,18,7,minor injury,0,1,wrong side of road,broadside,no,yes,no,0,1,0,0,0,0,Bicycle,SAN BERNARDINO
9572562,2023-04-08,4,20,6,minor injury,0,3,DUI,rear end,no,no,no,0,0,0,0,0,0,Passenger Car/Station Wagon,LOS ANGELES
9572563,2023-04-10,4,12,1,possible injury,0,1,following too closely,rear end,no,no,no,0,0,0,0,0,0,Not Stated,ALAMEDA
9572565,2023-04-13,4,1,4,possible injury,0,1,DUI,rear end,no,no,no,0,0,0,0,0,0,Not Stated,ALAMEDA
9572566,2023-04-13,4,11,4,minor injury,0,1,unsafe speed,vehicle/pedestrian,yes,no,no,1,0,0,0,0,0,Not Stated,ALAMEDA
9572567,2023-04-13,4,18,4,possible injury,0,1,traffic signs,sideswipe,no,yes,no,0,1,0,0,0,0,Bicycle,ALAMEDA
9572568,2023-04-15,4,10,6,possible injury,0,1,improper turning,broadside,no,no,no,0,0,0,0,0,0,Not Stated,ALAMEDA
9572570,2023-04-15,4,15,6,possible injury,0,1,improper turning,head-on,no,no,no,0,0,0,0,0,0,Not Stated,ALAMEDA
9572571,2023-04-07,4,5,5,possible injury,0,2,improper turning,rear end,no,no,no,0,0,0,0,0,0,Passenger Car/Station Wagon,CONTRA COSTA
9572572,2023-04-10,4,7,1,possible injury,0,1,improper turning,vehicle/pedestrian,yes,no,no,1,0,0,0,0,0,Not Stated,CONTRA COSTA
9572573,2023-04-14,4,16,5,minor injury,0,1,automobile right of way,broadside,no,no,no,0,0,0,0,0,0,Passenger Car/Station Wagon,MARIN
9572574,2023-04-16,4,21,7,possible injury,0,4,unsafe speed,rear end,no,no,no,0,0,0,0,0,0,Passenger Car/Station Wagon,MARIN
9572575,2023-04-12,4,16,3,possible injury,0,1,unknown,head-on,no,no,no,0,0,0,0,0,0,Passenger Car/Station Wagon,LOS ANGELES
9572576,2023-04-15,4,17,6,minor injury,0,2,wrong side of road,head-on,no,no,no,0,0,0,0,0,0,Passenger Car/Station Wagon,LOS ANGELES
9572577,2023-04-15,4,23,6,possible injury,0,1,traffic signs,broadside,no,no,no,0,0,0,0,0,0,Passenger Car/Station Wagon,PLACER
9572578,2023-04-13,4,22,4,minor injury,0,2,traffic signs,sideswipe,no,no,no,0,0,0,0,0,0,Passenger Car/Station Wagon,PLACER
9572579,2023-04-06,4,2,4,minor injury,0,1,unknown,overturned,no,no,yes,0,0,1,0,0,0,Not Stated,SAN DIEGO
9572580,2023-04-17,4,20,1,minor injury,0,1,other than driver or pedestrian,hit object,no,yes,no,0,1,0,0,0,0,Not Stated,SAN DIEGO
9572581,2023-04-17,4,13,1,possible injury,0,1,unsafe speed,rear end,no,no,no,0,0,0,0,0,0,Passenger Car/Station Wagon,SAN DIEGO
9572582,2023-04-06,4,15,4,possible injury,0,1,wrong side of road,broadside,no,no,yes,0,0,1,0,0,0,Not Stated,SAN DIEGO
9572583,2023-04-15,4,16,6,possible injury,0,1,automobile right of way,head-on,no,no,yes,0,0,1,0,0,0,Passenger Car/Station Wagon,SAN DIEGO
9572584,2023-04-02,4,22,7,possible injury,0,2,unsafe speed,rear end,no,no,no,0,0,0,0,0,0,Passenger Car/Station Wagon,SANTA BARBARA
9572585,2023-04-11,4,17,2,minor injury,0,2,unknown,rear end,no,yes,no,0,1,0,0,0,0,Not Stated,SAN DIEGO
9572586,2023-04-02,4,22,7,possible injury,0,1,improper turning,sideswipe,no,no,no,0,0,0,0,0,0,Other Bus,SAN DIEGO
9572587,2023-04-02,4,19,7,severe injury,0,1,unsafe speed,hit object,no,no,no,0,0,0,0,0,0,Passenger Car/Station Wagon,BUTTE
9572588,2023-04-10,4,17,1,minor injury,0,1,unsafe speed,head-on,no,no,yes,0,0,1,0,0,0,Motorcycle/Scooter,CONTRA COSTA
9572589,2023-04-01,4,19,6,possible injury,0,3,traffic signs,broadside,no,no,no,0,0,0,0,0,0,Passenger Car/Station Wagon,CONTRA COSTA
9572590,2023-04-09,4,19,7,possible injury,0,1,DUI,hit object,no,no,no,0,0,0,0,0,0,Passenger Car/Station Wagon,CONTRA COSTA
9572591,2023-04-03,4,12,1,possible injury,0,1,improper turning,rear end,no,no,no,0,0,0,0,0,0,Passenger Car/Station Wagon,PLACER
9572592,2023-04-04,4,12,2,possible injury,0,1,automobile right of way,broadside,no,no,no,0,0,0,0,0,0,Passenger Car/Station Wagon,PLACER
9572593,2023-04-06,4,6,4,possible injury,0,1,automobile right of way,broadside,no,no,no,0,0,0,0,0,0,Passenger Car/Station Wagon,LOS ANGELES
9572594,2023-04-06,4,7,4,possible injury,0,1,improper turning,sideswipe,no,no,no,0,0,0,0,0,0,Not Stated,LOS ANGELES
9572595,2023-04-05,4,20,3,possible injury,0,1,DUI,broadside,no,no,no,0,0,0,0,0,0,Passenger Car/Station Wagon,LOS ANGELES
9572596,2023-04-04,4,2,2,possible injury,0,2,improper turning,broadside,no,no,no,0,0,0,0,0,0,Passenger Car/Station Wagon,LOS ANGELES
9572597,2023-04-01,4,20,6,possible injury,0,2,traffic signs,broadside,no,no,no,0,0,0,0,0,0,Passenger Car/Station Wagon,SANTA CLARA
9572598,2023-04-07,4,6,5,possible injury,0,1,pedestrian right of way,vehicle/pedestrian,yes,no,no,1,0,0,0,0,0,Pickup or Panel Truck,SANTA CLARA
9572599,2023-04-07,4,16,5,severe injury,0,1,unsafe speed,sideswipe,no,no,yes,0,0,1,0,0,0,Motorcycle/Scooter,SANTA CLARA
9572600,2023-04-06,4,5,4,possible injury,0,1,unsafe speed,rear end,no,no,no,0,0,0,0,0,0,Not Stated,SANTA CLARA
9572601,2023-04-03,4,13,1,minor injury,0,1,pedestrian right of way,vehicle/pedestrian,yes,no,no,1,0,0,0,0,0,Not Stated,SANTA CLARA
9572603,2023-04-12,4,8,3,possible injury,0,1,unsafe speed,rear end,no,no,no,0,0,0,0,0,0,Passenger Car/Station Wagon,LOS ANGELES
9572604,2023-04-11,4,4,2,severe injury,0,1,improper turning,vehicle/pedestrian,yes,no,no,1,0,0,0,0,0,Not Stated,LOS ANGELES
9572605,2023-04-11,4,8,2,severe injury,0,1,improper passing,unknown,no,yes,no,0,1,0,0,0,0,Not Stated,LOS ANGELES
9572606,2023-04-10,4,20,1,minor injury,0,1,traffic signs,broadside,no,no,no,0,0,0,0,0,0,Not Stated,LOS ANGELES
9572607,2023-04-10,4,2,1,minor injury,0,2,DUI,rear end,no,no,no,0,0,0,0,0,0,Passenger Car/Station Wagon,LOS ANGELES
9572608,2023-04-10,4,0,1,severe injury,0,1,pedestrian right of way,vehicle/pedestrian,yes,no,no,1,0,0,0,0,0,Not Stated,LOS ANGELES
9572609,2023-04-08,4,19,6,minor injury,0,1,pedestrian violation,vehicle/pedestrian,yes,no,no,1,0,0,0,0,0,Pedestrian,LOS ANGELES
9572610,2023-04-07,4,21,5,possible injury,0,1,unsafe speed,sideswipe,no,no,no,0,0,0,0,0,0,Not Stated,LOS ANGELES
9572611,2023-04-05,4,17,3,possible injury,0,1,improper turning,sideswipe,no,no,no,0,0,0,0,0,0,Not Stated,SANTA CLARA
9572612,2023-04-04,4,13,2,possible injury,0,1,automobile right of way,broadside,no,no,no,0,0,0,0,0,0,Not Stated,SANTA CLARA
9572613,2023-04-04,4,11,2,minor injury,0,1,automobile right of way,sideswipe,no,no,no,0,0,0,0,0,0,Not Stated,SANTA CLARA
9572614,2023-04-04,4,11,2,possible injury,0,1,automobile right of way,broadside,no,no,no,0,0,0,0,0,0,Not Stated,SANTA CLARA
9572615,2023-04-03,4,17,1,minor injury,0,2,DUI,rear end,no,no,no,0,0,0,0,0,0,Not Stated,SANTA CLARA
9572617,2023-04-01,4,15,6,possible injury,0,1,automobile right of way,broadside,no,no,no,0,0,0,0,0,0,Not Stated,SANTA CLARA
9572618,2023-04-01,4,12,6,possible injury,0,3,unsafe speed,rear end,no,no,no,0,0,0,0,0,0,Not Stated,SANTA CLARA
9572619,2023-04-01,4,11,6,possible injury,0,2,automobile right of way,broadside,no,no,no,0,0,0,0,0,0,Passenger Car/Station Wagon,SANTA CLARA
9572620,2023-04-11,4,8,2,possible injury,0,1,traffic signs,broadside,no,no,no,0,0,0,0,0,0,Not Stated,SANTA CLARA
9572621,2023-04-23,4,19,7,minor injury,0,1,pedestrian right of way,vehicle/pedestrian,no,yes,no,0,1,0,0,0,0,Passenger Car/Station Wagon,VENTURA
9572622,2023-04-20,4,17,4,minor injury,0,1,automobile right of way,broadside,no,no,no,0,0,0,0,0,0,Passenger Car/Station Wagon,VENTURA
9572623,2023-04-16,4,11,7,minor injury,0,3,following too closely,broadside,no,no,no,0,0,0,0,0,0,Passenger Car/Station Wagon,VENTURA
9572624,2023-04-10,4,12,1,possible injury,0,1,unsafe speed,rear end,no,no,no,0,0,0,0,0,0,Passenger Car/Station Wagon,ORANGE
9572625,2023-04-19,4,16,3,possible injury,0,1,traffic signs,broadside,no,no,no,0,0,0,0,0,0,Passenger Car/Station Wagon,VENTURA
9572626,2023-04-15,4,13,6,possible injury,0,2,unsafe speed,rear end,no,no,no,0,0,0,0,0,0,Passenger Car/Station Wagon,VENTURA
9572627,2023-04-13,4,10,4,possible injury,0,2,unsafe speed,rear end,no,no,no,0,0,0,0,0,0,Passenger Car/Station Wagon,LOS ANGELES
9572628,2023-04-17,4,9,1,minor injury,0,1,traffic signs,broadside,no,no,no,0,0,0,0,0,0,Passenger Car/Station Wagon,LOS ANGELES
9572629,2023-04-20,4,19,4,severe injury,0,1,pedestrian right of way,vehicle/pedestrian,yes,no,no,1,0,0,0,0,0,Passenger Car/Station Wagon,LOS ANGELES
9572630,2023-04-11,4,18,2,possible injury,0,1,automobile right of way,head-on,yes,no,no,1,0,0,0,0,0,Passenger Car/Station Wagon,SANTA CLARA
9572631,2023-04-08,4,13,6,possible injury,0,2,automobile right of way,broadside,no,no,no,0,0,0,0,0,0,Not Stated,SANTA CLARA
9572632,2023-04-07,4,22,5,possible injury,0,1,traffic signs,broadside,no,no,no,0,0,0,0,0,0,Passenger Car/Station Wagon,SANTA CLARA
9572633,2023-04-07,4,21,5,possible injury,0,1,unsafe speed,rear end,no,no,no,0,0,0,0,0,0,Not Stated,SANTA CLARA
9572634,2023-04-06,4,7,4,possible injury,0,1,unsafe speed,rear end,no,no,no,0,0,0,0,0,0,Not Stated,SANTA CLARA
9572635,2023-04-05,4,15,3,possible injury,0,2,automobile right of way,broadside,no,no,no,0,0,0,0,0,0,Not Stated,SANTA CLARA
9572636,2023-04-05,4,7,3,possible injury,0,1,unsafe speed,vehicle/pedestrian,yes,no,no,1,0,0,0,0,0,Not Stated,SANTA CLARA
9572637,2023-04-05,4,7,3,possible injury,0,2,unsafe speed,unknown,no,no,no,0,0,0,0,0,0,Not Stated,SANTA CLARA
9572638,2023-04-14,4,20,5,possible injury,0,1,unknown,broadside,no,no,no,0,0,0,0,0,0,Not Stated,LOS ANGELES
9572639,2023-04-15,4,9,6,minor injury,0,1,automobile right of way,broadside,no,yes,no,0,1,0,0,0,0,Passenger Car/Station Wagon,LOS ANGELES
9572640,2023-04-09,4,11,7,minor injury,0,1,automobile right of way,broadside,no,no,no,0,0,0,0,0,0,Passenger Car/Station Wagon,LOS ANGELES
9572799,2023-04-09,4,13,7,minor injury,0,1,improper turning,hit object,no,no,no,0,0,0,0,0,0,Passenger Car/Station Wagon,LOS ANGELES
9572801,2023-03-15,3,17,3,possible injury,0,1,unsafe speed,rear end,no,no,no,0,0,0,0,0,0,Passenger Car/Station Wagon,SAN BERNARDINO
9572821,2023-04-01,4,1,6,severe injury,0,1,following too closely,broadside,no,no,no,0,0,0,0,0,0,Not Stated,LOS ANGELES
9572822,2023-04-20,4,21,4,severe injury,0,1,pedestrian right of way,vehicle/pedestrian,yes,no,no,1,0,0,0,0,0,Passenger Car/Station Wagon,LOS ANGELES
9572823,2023-04-04,4,16,2,minor injury,0,1,pedestrian right of way,vehicle/pedestrian,no,no,yes,0,0,1,0,0,0,Not Stated,LOS ANGELES
9572824,2023-04-03,4,12,1,minor injury,0,1,unsafe speed,rear end,no,no,no,0,0,0,0,0,0,Passenger Car/Station Wagon,LOS ANGELES
9572825,2023-04-15,4,3,6,minor injury,0,1,improper turning,broadside,no,no,yes,0,0,1,0,0,0,Not Stated,LOS ANGELES
9572826,2023-04-07,4,12,5,minor injury,0,1,unsafe starting or backing,broadside,no,no,no,0,0,0,0,0,0,Passenger Car/Station Wagon,LOS ANGELES
9572827,2023-04-06,4,4,4,minor injury,0,1,automobile right of way,broadside,no,no,no,0,0,0,0,0,0,Not Stated,LOS ANGELES
9572828,2023-04-02,4,7,7,severe injury,0,1,pedestrian violation,vehicle/pedestrian,yes,no,no,1,0,0,0,0,0,Pedestrian,LOS ANGELES
9572829,2023-04-17,4,19,1,minor injury,0,1,pedestrian right of way,vehicle/pedestrian,yes,no,no,1,0,0,0,0,0,Not Stated,LOS ANGELES
9572830,2023-04-17,4,14,1,minor injury,0,2,traffic signs,broadside,no,no,no,0,0,0,0,0,0,Passenger Car/Station Wagon,LOS ANGELES
9572831,2023-04-17,4,15,1,severe injury,0,1,improper passing,broadside,no,no,yes,0,0,1,0,0,0,Motorcycle/Scooter,LOS ANGELES
9572832,2023-04-16,4,23,7,minor injury,0,1,unsafe speed,sideswipe,no,no,no,0,0,0,0,0,0,Passenger Car/Station Wagon,LOS ANGELES
9572833,2023-04-16,4,1,7,severe injury,0,2,DUI,sideswipe,no,no,no,0,0,0,0,0,0,Passenger Car/Station Wagon,LOS ANGELES
9572834,2023-04-16,4,14,7,possible injury,0,6,unsafe speed,rear end,no,no,no,0,0,0,0,0,0,Passenger Car/Station Wagon,LOS ANGELES
9572835,2023-04-16,4,16,7,minor injury,0,1,unsafe speed,sideswipe,yes,no,no,1,0,0,0,0,0,Passenger Car/Station Wagon,LOS ANGELES
9572836,2023-04-15,4,21,6,possible injury,0,1,automobile right of way,head-on,no,no,no,0,0,0,0,0,0,Passenger Car/Station Wagon,LOS ANGELES
9572837,2023-04-14,4,11,5,minor injury,0,1,unsafe lane change,sideswipe,no,no,no,0,0,0,0,0,0,Passenger Car/Station Wagon,LOS ANGELES
9572838,2023-04-10,4,15,1,possible injury,0,1,wrong side of road,sideswipe,no,no,no,0,0,0,0,0,0,Not Stated,LOS ANGELES
9572839,2023-04-28,4,0,5,minor injury,0,1,unsafe speed,sideswipe,no,no,no,0,0,0,0,0,0,Passenger Car/Station Wagon,SAN DIEGO
9572840,2023-04-27,4,14,4,possible injury,0,1,unsafe speed,rear end,no,no,no,0,0,0,0,0,0,Passenger Car/Station Wagon,SAN DIEGO
9572841,2023-04-27,4,9,4,possible injury,0,1,unknown,sideswipe,no,no,no,0,0,0,0,0,0,Not Stated,SAN DIEGO
9572842,2023-04-26,4,11,3,possible injury,0,1,unsafe speed,rear end,no,yes,no,0,1,0,0,0,0,Passenger Car/Station Wagon,SAN DIEGO
9572843,2023-04-25,4,16,2,possible injury,0,1,automobile right of way,broadside,no,no,no,0,0,0,0,0,0,Passenger Car/Station Wagon,SAN DIEGO
9572844,2023-04-24,4,11,1,possible injury,0,2,traffic signs,broadside,no,no,no,0,0,0,0,0,0,Passenger Car/Station Wagon,SAN DIEGO
9572845,2023-04-20,4,17,4,possible injury,0,1,traffic signs,broadside,no,no,no,0,0,0,0,0,0,Passenger Car/Station Wagon,SAN DIEGO
9572846,2023-04-19,4,15,3,minor injury,0,1,pedestrian violation,broadside,no,yes,no,0,1,0,0,0,0,Bicycle,SAN DIEGO
9572847,2023-04-18,4,20,2,possible injury,0,1,automobile right of way,head-on,no,no,no,0,0,0,0,0,0,Passenger Car/Station Wagon,SAN DIEGO
9572848,2023-04-07,4,17,5,severe injury,0,2,improper turning,vehicle/pedestrian,yes,no,no,2,0,0,0,0,0,Not Stated,SAN DIEGO
9572849,2023-04-27,4,18,4,possible injury,0,1,automobile right of way,broadside,no,no,no,0,0,0,0,0,0,Passenger Car/Station Wagon,SAN DIEGO
9572850,2023-04-10,4,11,1,possible injury,0,2,automobile right of way,broadside,no,no,no,0,0,0,0,0,0,Passenger Car/Station Wagon,PLACER
9572851,2023-04-19,4,12,3,possible injury,0,1,unknown,vehicle/pedestrian,yes,no,no,1,0,0,0,0,0,Not Stated,PLACER
9572852,2023-04-22,4,8,6,possible injury,0,1,automobile right of way,head-on,no,no,no,0,0,0,0,0,0,Passenger Car/Station Wagon,LOS ANGELES
9572853,2023-04-24,4,15,1,possible injury,0,2,automobile right of way,broadside,no,no,no,0,0,0,0,0,0,Passenger Car/Station Wagon,LOS ANGELES
9572854,2023-04-24,4,17,1,possible injury,0,1,wrong side of road,broadside,no,yes,no,0,1,0,0,0,0,Bicycle,LOS ANGELES
9572855,2023-04-04,4,16,2,possible injury,0,1,pedestrian violation,vehicle/pedestrian,yes,no,no,1,0,0,0,0,0,Pedestrian,SAN BERNARDINO
9572856,2023-04-03,4,15,1,minor injury,0,2,automobile right of way,broadside,no,no,no,0,0,0,0,0,0,Passenger Car/Station Wagon,SAN BERNARDINO
9572857,2023-04-24,4,18,1,possible injury,0,1,improper turning,broadside,no,no,yes,0,0,1,0,0,0,Passenger Car/Station Wagon,ORANGE
9572858,2023-04-11,4,13,2,possible injury,0,1,automobile right of way,broadside,no,no,no,0,0,0,0,0,0,Passenger Car/Station Wagon,ORANGE