CASE_ID,COLLISION_DATE,MONTH,HOUR,DAY_OF_WEEK,COLLISION_SEVERITY,NUMBER_KILLED,NUMBER_INJURED,PCF_VIOL_CATEGORY,TYPE_OF_COLLISION,PEDESTRIAN_ACCIDENT,BICYCLE_ACCIDENT,MOTORCYCLE_ACCIDENT,COUNT_PED_INJURED,COUNT_BICYCLIST_INJURED,COUNT_MC_INJURED,COUNT_PED_KILLED,COUNT_BICYCLIST_KILLED,COUNT_MC_KILLED,STWD_VEHTYPE_AT_FAULT,COUNTY
9574244,2023-03-30,3,8,4,possible injury,0,1,improper turning,sideswipe,yes,no,no,1,0,0,0,0,0,Passenger Car/Station Wagon,ALAMEDA
9574245,2023-03-21,3,17,2,possible injury,0,1,automobile right of way,broadside,no,no,no,0,0,0,0,0,0,Passenger Car/Station Wagon,ALAMEDA
9574246,2023-03-26,3,4,7,minor injury,0,1,DUI,hit object,no,no,no,0,0,0,0,0,0,Passenger Car/Station Wagon,ALAMEDA
9574247,2023-03-21,3,11,2,minor injury,0,2,automobile right of way,broadside,no,no,no,0,0,0,0,0,0,Passenger Car/Station Wagon,ALAMEDA
9574248,2023-03-21,3,15,2,severe injury,0,1,traffic signs,broadside,no,yes,no,0,1,0,0,0,0,Bicycle,ALAMEDA
9574249,2023-03-18,3,19,6,minor injury,0,2,unsafe speed,rear end,no,no,no,0,0,0,0,0,0,Passenger Car/Station Wagon,ALAMEDA
9574250,2023-03-20,3,9,1,minor injury,0,1,wrong side of road,sideswipe,no,no,no,0,0,0,0,0,0,Other Vehicle,ALAMEDA
9574251,2023-03-16,3,7,4,possible injury,0,1,pedestrian right of way,vehicle/pedestrian,yes,no,no,1,0,0,0,0,0,Passenger Car/Station Wagon,ALAMEDA
9574252,2023-03-17,3,8,5,minor injury,0,1,pedestrian right of way,vehicle/pedestrian,yes,no,no,1,0,0,0,0,0,Passenger Car/Station Wagon,ALAMEDA
9574253,2023-03-09,3,19,4,severe injury,0,1,automobile right of way,head-on,no,no,no,0,0,0,0,0,0,Passenger Car/Station Wagon,ALAMEDA
9574254,2023-03-10,3,10,5,minor injury,0,1,traffic signs,broadside,no,yes,no,0,1,0,0,0,0,Passenger Car/Station Wagon,ALAMEDA
9574255,2023-03-08,3,19,3,minor injury,0,1,unsafe speed,rear end,no,no,no,0,0,0,0,0,0,Passenger Car/Station Wagon,ALAMEDA
9574256,2023-03-09,3,2,4,minor injury,0,2,DUI,hit object,no,no,no,0,0,0,0,0,0,Passenger Car/Station Wagon,ALAMEDA
9574257,2023-03-06,3,22,1,minor injury,0,1,pedestrian right of way,vehicle/pedestrian,yes,no,no,1,0,0,0,0,0,Passenger Car/Station Wagon,ALAMEDA
9574258,2023-03-08,3,17,3,minor injury,0,2,traffic signs,broadside,no,no,no,0,0,0,0,0,0,Passenger Car/Station Wagon,ALAMEDA
9574259,2023-03-04,3,9,6,minor injury,0,1,unsafe speed,overturned,no,no,yes,0,0,1,0,0,0,Motorcycle/Scooter,ALAMEDA
9574260,2023-03-05,3,19,7,minor injury,0,1,other hazardous violation,broadside,no,yes,no,0,1,0,0,0,0,Passenger Car/Station Wagon,ALAMEDA
9574261,2023-04-13,4,17,4,possible injury,0,1,automobile right of way,broadside,no,no,no,0,0,0,0,0,0,Passenger Car/Station Wagon,SAN DIEGO
9574262,2023-04-13,4,11,4,possible injury,0,1,improper passing,rear end,no,no,no,0,0,0,0,0,0,Not Stated,SAN DIEGO
9574264,2023-04-09,4,19,7,possible injury,0,2,traffic signs,broadside,no,no,no,0,0,0,0,0,0,Passenger Car/Station Wagon,PLACER
9574266,2023-04-07,4,10,5,possible injury,0,1,automobile right of way,sideswipe,no,no,yes,0,0,1,0,0,0,Passenger Car/Station Wagon,LOS ANGELES
9574267,2023-04-08,4,16,6,possible injury,0,1,traffic signs,broadside,no,no,no,0,0,0,0,0,0,Passenger Car/Station Wagon,SAN DIEGO
9574269,2023-04-03,4,12,1,minor injury,0,1,automobile right of way,broadside,no,no,no,0,0,0,0,0,0,Passenger Car/Station Wagon,LOS ANGELES
9574270,2023-04-04,4,19,2,severe injury,0,1,unsafe speed,rear end,no,no,yes,0,0,1,0,0,0,Passenger Car/Station Wagon,SAN DIEGO
9574272,2023-04-13,4,8,4,minor injury,0,1,automobile right of way,broadside,no,no,no,0,0,0,0,0,0,Passenger Car/Station Wagon,LOS ANGELES
9574273,2023-04-02,4,17,7,severe injury,0,3,improper passing,head-on,no,no,no,0,0,0,0,0,0,Passenger Car/Station Wagon,MADERA
9574274,2023-04-07,4,14,5,possible injury,0,2,DUI,head-on,no,no,no,0,0,0,0,0,0,Passenger Car/Station Wagon,FRESNO
9574275,2023-04-01,4,0,6,possible injury,0,1,DUI,rear end,no,no,no,0,0,0,0,0,0,Passenger Car/Station Wagon,LOS ANGELES
9574276,2023-04-04,4,8,2,minor injury,0,1,automobile right of way,broadside,no,yes,no,0,1,0,0,0,0,Passenger Car/Station Wagon,ORANGE
9574278,2023-04-02,4,16,7,minor injury,0,1,wrong side of road,broadside,no,no,no,0,0,0,0,0,0,Not Stated,LOS ANGELES
9574279,2023-04-02,4,19,7,minor injury,0,1,unsafe speed,other,no,yes,no,0,1,0,0,0,0,Bicycle,SANTA CRUZ
9574281,2023-03-24,3,19,5,possible injury,0,1,DUI,hit object,no,no,no,0,0,0,0,0,0,Passenger Car/Station Wagon,PLACER
9574282,2023-03-27,3,0,1,severe injury,0,1,wrong side of road,head-on,no,no,no,0,0,0,0,0,0,Passenger Car/Station Wagon,MERCED
9574283,2023-03-30,3,8,4,minor injury,0,2,traffic signs,head-on,no,no,no,0,0,0,0,0,0,Passenger Car/Station Wagon,PLACER
9574284,2023-03-15,3,13,3,minor injury,0,2,improper turning,broadside,no,no,no,0,0,0,0,0,0,Passenger Car/Station Wagon,SUTTER
9574285,2023-03-09,3,5,4,minor injury,0,1,pedestrian violation,head-on,yes,no,no,1,0,0,0,0,0,Pedestrian,SAN FRANCISCO
9574286,2023-03-15,3,15,3,minor injury,0,2,unsafe lane change,rear end,no,no,no,0,0,0,0,0,0,Passenger Car/Station Wagon,PLACER
9574287,2023-03-06,3,19,1,minor injury,0,3,improper turning,head-on,no,no,no,0,0,0,0,0,0,Passenger Car/Station Wagon,SUTTER
9574288,2023-03-18,3,20,6,minor injury,0,1,DUI,head-on,no,no,no,0,0,0,0,0,0,Passenger Car/Station Wagon,SUTTER
9574289,2023-03-24,3,16,5,minor injury,0,2,automobile right of way,broadside,no,no,no,0,0,0,0,0,0,Passenger Car/Station Wagon,BUTTE
9574290,2023-03-07,3,8,2,minor injury,0,1,improper turning,head-on,no,no,no,0,0,0,0,0,0,Passenger Car/Station Wagon,SUTTER
9574291,2023-03-09,3,19,4,possible injury,0,1,automobile right of way,broadside,no,no,no,0,0,0,0,0,0,Passenger Car/Station Wagon,BUTTE
9574292,2023-03-21,3,15,2,minor injury,0,3,traffic signs,broadside,yes,no,no,1,0,0,0,0,0,Passenger Car/Station Wagon,BUTTE
9574293,2023-03-12,3,7,7,minor injury,0,2,unsafe speed,rear end,no,no,no,0,0,0,0,0,0,Passenger Car/Station Wagon,MERCED
9574294,2023-03-09,3,16,4,possible injury,0,2,traffic signs,broadside,no,no,no,0,0,0,0,0,0,Passenger Car/Station Wagon,SUTTER
9574295,2023-03-03,3,6,5,minor injury,0,2,other hazardous violation,head-on,no,no,no,0,0,0,0,0,0,Passenger Car/Station Wagon,MERCED
9574296,2023-03-01,3,18,3,severe injury,0,2,pedestrian violation,vehicle/pedestrian,yes,no,no,2,0,0,0,0,0,Pedestrian,MERCED
9574297,2023-03-28,3,11,2,minor injury,0,1,unsafe starting or backing,rear end,no,no,no,0,0,0,0,0,0,Passenger Car/Station Wagon,MERCED
9574298,2023-03-10,3,23,5,minor injury,0,2,other hazardous violation,broadside,no,no,no,0,0,0,0,0,0,Passenger Car/Station Wagon,MERCED
9574321,2023-02-02,2,16,4,minor injury,0,1,automobile right of way,head-on,no,yes,no,0,1,0,0,0,0,Bicycle,LOS ANGELES
9574322,2023-02-01,2,8,3,minor injury,0,2,pedestrian right of way,vehicle/pedestrian,yes,no,no,2,0,0,0,0,0,Not Stated,LOS ANGELES
9574323,2023-02-04,2,14,6,minor injury,0,2,traffic signs,broadside,no,no,no,0,0,0,0,0,0,Passenger Car/Station Wagon,LOS ANGELES
9574324,2023-02-03,2,5,5,severe injury,0,1,automobile right of way,broadside,no,no,yes,0,0,1,0,0,0,Not Stated,LOS ANGELES
9574325,2023-02-06,2,9,1,possible injury,0,1,traffic signs,broadside,no,no,no,0,0,0,0,0,0,Passenger Car/Station Wagon,LOS ANGELES
9574326,2023-02-05,2,18,7,possible injury,0,2,unsafe speed,rear end,no,no,no,0,0,0,0,0,0,Passenger Car/Station Wagon,LOS ANGELES
9574327,2023-02-24,2,19,5,possible injury,0,2,wrong side of road,head-on,no,no,no,0,0,0,0,0,0,Passenger Car/Station Wagon,LOS ANGELES
9574328,2023-02-17,2,5,5,possible injury,0,1,automobile right of way,broadside,no,no,no,0,0,0,0,0,0,Passenger Car/Station Wagon,LOS ANGELES
9574329,2023-02-28,2,10,2,minor injury,0,2,automobile right of way,broadside,no,no,no,0,0,0,0,0,0,Passenger Car/Station Wagon,MONTEREY
9574330,2023-02-27,2,19,1,possible injury,0,1,automobile right of way,head-on,no,no,no,0,0,0,0,0,0,Passenger Car/Station Wagon,LOS ANGELES
9574331,2023-02-18,2,22,6,possible injury,0,1,traffic signs,broadside,no,no,no,0,0,0,0,0,0,Passenger Car/Station Wagon,SAN DIEGO
9574332,2023-02-06,2,10,1,possible injury,0,1,improper turning,broadside,no,no,no,0,0,0,0,0,0,Passenger Car/Station Wagon,LOS ANGELES
9574333,2023-02-16,2,8,4,minor injury,0,1,traffic signs,broadside,no,no,no,0,0,0,0,0,0,Passenger Car/Station Wagon,LOS ANGELES
9574334,2023-02-28,2,14,2,possible injury,0,1,improper turning,broadside,no,no,no,0,0,0,0,0,0,Passenger Car/Station Wagon,SUTTER
9574335,2023-02-26,2,0,7,minor injury,0,2,unknown,rear end,no,no,no,0,0,0,0,0,0,Passenger Car/Station Wagon,LOS ANGELES
9574336,2023-02-22,2,12,3,minor injury,0,1,unsafe speed,sideswipe,yes,no,no,1,0,0,0,0,0,Not Stated,LOS ANGELES
9574337,2023-02-17,2,11,5,possible injury,0,1,traffic signs,other,no,no,no,0,0,0,0,0,0,Not Stated,LOS ANGELES
9574338,2023-02-23,2,16,4,possible injury,0,1,unsafe speed,rear end,no,no,no,0,0,0,0,0,0,Not Stated,LOS ANGELES
9574339,2023-02-28,2,19,2,severe injury,0,1,unsafe speed,vehicle/pedestrian,yes,no,no,1,0,0,0,0,0,Not Stated,LOS ANGELES
9574340,2023-02-10,2,23,5,minor injury,0,1,traffic signs,broadside,no,no,no,0,0,0,0,0,0,Passenger Car/Station Wagon,LOS ANGELES
9574341,2023-03-29,3,15,3,possible injury,0,1,unsafe speed,rear end,no,no,no,0,0,0,0,0,0,Not Stated,LOS ANGELES
9574342,2023-03-20,3,15,1,minor injury,0,1,pedestrian violation,vehicle/pedestrian,yes,no,no,1,0,0,0,0,0,Pedestrian,LOS ANGELES
9574343,2023-03-27,3,20,1,severe injury,0,1,unsafe speed,rear end,no,no,yes,0,0,1,0,0,0,Motorcycle/Scooter,LOS ANGELES
9574344,2023-03-27,3,16,1,severe injury,0,1,automobile right of way,broadside,no,no,yes,0,0,1,0,0,0,Passenger Car/Station Wagon,LOS ANGELES
9574345,2023-03-21,3,13,2,possible injury,0,1,unsafe speed,rear end,no,no,no,0,0,0,0,0,0,Not Stated,LOS ANGELES
9574346,2023-03-23,3,10,4,possible injury,0,1,pedestrian right of way,vehicle/pedestrian,yes,no,no,1,0,0,0,0,0,Not Stated,LOS ANGELES
9574347,2023-03-20,3,15,1,possible injury,0,1,pedestrian right of way,other,yes,no,no,1,0,0,0,0,0,Not Stated,LOS ANGELES
9574348,2023-03-20,3,21,1,minor injury,0,1,following too closely,rear end,no,no,no,0,0,0,0,0,0,Not Stated,LOS ANGELES
9574349,2023-03-18,3,1,6,minor injury,0,1,pedestrian violation,vehicle/pedestrian,yes,no,no,1,0,0,0,0,0,Pedestrian,LOS ANGELES
9574350,2023-03-19,3,12,7,minor injury,0,1,pedestrian right of way,vehicle/pedestrian,yes,no,no,1,0,0,0,0,0,Not Stated,LOS ANGELES
9574351,2023-03-14,3,21,2,minor injury,0,1,unsafe speed,vehicle/pedestrian,yes,no,no,1,0,0,0,0,0,Not Stated,LOS ANGELES
9574352,2023-03-17,3,15,5,possible injury,0,1,automobile right of way,broadside,no,no,no,0,0,0,0,0,0,Passenger Car/Station Wagon,LOS ANGELES
9574353,2023-03-06,3,15,1,possible injury,0,1,unsafe speed,rear end,no,no,no,0,0,0,0,0,0,Not Stated,LOS ANGELES
9574354,2023-03-06,3,10,1,possible injury,0,1,unsafe speed,hit object,no,no,no,0,0,0,0,0,0,Passenger Car/Station Wagon,LOS ANGELES
9574355,2023-03-04,3,1,6,possible injury,0,1,traffic signs,broadside,no,no,no,0,0,0,0,0,0,Not Stated,LOS ANGELES
9574356,2023-03-05,3,15,7,minor injury,0,1,pedestrian violation,vehicle/pedestrian,yes,no,no,1,0,0,0,0,0,Not Stated,LOS ANGELES
9574357,2023-03-06,3,6,1,severe injury,0,1,unknown,sideswipe,no,no,yes,0,0,1,0,0,0,Motorcycle/Scooter,LOS ANGELES
9574359,2023-03-02,3,1,4,severe injury,0,1,unsafe speed,hit object,no,no,yes,0,0,1,0,0,0,Motorcycle/Scooter,LOS ANGELES
9574360,2023-03-04,3,18,6,minor injury,0,1,improper turning,sideswipe,no,no,no,0,0,0,0,0,0,Not Stated,LOS ANGELES
9574402,2023-03-03,3,16,5,possible injury,0,2,unsafe speed,overturned,no,no,no,0,0,0,0,0,0,Passenger Car/Station Wagon,SAN BERNARDINO
9574403,2023-03-02,3,10,4,minor injury,0,2,unsafe speed,head-on,no,no,no,0,0,0,0,0,0,Pickup or Panel Truck,SAN BERNARDINO
9574404,2023-03-04,3,10,6,minor injury,0,1,unsafe speed,overturned,no,no,no,0,0,0,0,0,0,Pickup or Panel Truck,MARIN
9574408,2023-04-02,4,23,7,minor injury,0,1,traffic signs,broadside,no,no,no,0,0,0,0,0,0,Not Stated,ORANGE
9574413,2023-04-07,4,15,5,fatal injury,1,0,DUI,vehicle/pedestrian,yes,no,no,0,0,0,1,0,0,Pickup or Panel Truck,LOS ANGELES
9574414,2023-02-16,2,10,4,possible injury,0,1,traffic signs,broadside,no,no,no,0,0,0,0,0,0,Passenger Car/Station Wagon,VENTURA
9574415,2023-03-03,3,20,5,possible injury,0,1,automobile right of way,head-on,no,no,no,0,0,0,0,0,0,Pickup or Panel Truck,SAN BERNARDINO
9574416,2023-04-11,4,8,2,possible injury,0,1,unsafe speed,rear end,no,no,no,0,0,0,0,0,0,Pickup or Panel Truck,ORANGE
9574418,2023-02-17,2,22,5,minor injury,0,1,DUI,sideswipe,no,no,no,0,0,0,0,0,0,Pickup or Panel Truck,VENTURA
9574426,2023-02-24,2,3,5,possible injury,0,1,unknown,sideswipe,no,no,no,0,0,0,0,0,0,Not Stated,SAN MATEO
9574427,2023-02-18,2,22,6,severe injury,0,1,traffic signs,sideswipe,no,no,no,0,0,0,0,0,0,Passenger Car/Station Wagon,VENTURA
9574429,2023-02-20,2,6,1,possible injury,0,3,automobile right of way,broadside,no,no,no,0,0,0,0,0,0,Passenger Car/Station Wagon,VENTURA
9574430,2023-03-11,3,22,6,possible injury,0,3,following too closely,rear end,no,no,no,0,0,0,0,0,0,Not Stated,SAN MATEO
9574433,2023-02-19,2,18,7,possible injury,0,2,automobile right of way,broadside,no,no,no,0,0,0,0,0,0,Passenger Car/Station Wagon,VENTURA
9574434,2023-03-08,3,7,3,severe injury,0,2,unsafe speed,rear end,no,no,no,0,0,0,0,0,0,Passenger Car/Station Wagon,SAN BERNARDINO
9574435,2023-03-29,3,14,3,minor injury,0,1,unknown,broadside,no,yes,no,0,1,0,0,0,0,Not Stated,LOS ANGELES
9574436,2023-03-24,3,2,5,possible injury,0,1,DUI,overturned,no,no,no,0,0,0,0,0,0,Pickup or Panel Truck,FRESNO
9574438,2023-03-09,3,13,4,minor injury,0,1,traffic signs,broadside,no,no,no,0,0,0,0,0,0,Passenger Car/Station Wagon,SAN BERNARDINO
9574441,2023-01-07,1,15,6,minor injury,0,1,unknown,other,no,no,yes,0,0,1,0,0,0,Not Stated,LOS ANGELES
9574443,2023-03-29,3,5,3,minor injury,0,1,unsafe speed,rear end,no,no,no,0,0,0,0,0,0,Passenger Car/Station Wagon,LOS ANGELES
9574444,2023-04-01,4,15,6,possible injury,0,3,automobile right of way,head-on,no,no,no,0,0,0,0,0,0,Passenger Car/Station Wagon,ORANGE
9574445,2023-02-19,2,19,7,possible injury,0,3,DUI,rear end,no,no,no,0,0,0,0,0,0,Pickup or Panel Truck,VENTURA
9574446,2023-03-10,3,7,5,possible injury,0,1,improper turning,sideswipe,no,no,no,0,0,0,0,0,0,Truck or Truck Tractor with Trailer,SAN BERNARDINO
9574447,2023-03-30,3,15,4,minor injury,0,1,improper turning,hit object,no,no,no,0,0,0,0,0,0,Pickup or Panel Truck,LOS ANGELES
9574449,2023-02-20,2,13,1,possible injury,0,1,unknown,head-on,no,no,no,0,0,0,0,0,0,Not Stated,VENTURA
9574450,2023-03-10,3,12,5,possible injury,0,2,unsafe speed,rear end,no,no,no,0,0,0,0,0,0,Pickup or Panel Truck,SAN BERNARDINO
9574454,2023-04-01,4,20,6,possible injury,0,1,automobile right of way,broadside,no,no,yes,0,0,1,0,0,0,Not Stated,SAN BERNARDINO
9574455,2023-03-18,3,9,6,severe injury,0,1,automobile right of way,head-on,no,no,no,0,0,0,0,0,0,Passenger Car/Station Wagon,SOLANO
9574459,2023-03-31,3,16,5,minor injury,0,1,unsafe speed,sideswipe,no,no,no,0,0,0,0,0,0,Other Bus,MARIN
9574463,2023-03-30,3,22,4,minor injury,0,1,DUI,rear end,no,no,no,0,0,0,0,0,0,Passenger Car/Station Wagon,ALAMEDA
9574465,2023-02-15,2,15,3,possible injury,0,1,wrong side of road,head-on,no,yes,no,0,1,0,0,0,0,Bicycle,VENTURA
9574466,2023-03-06,3,4,1,possible injury,0,1,unsafe lane change,sideswipe,no,no,no,0,0,0,0,0,0,Not Stated,SAN BERNARDINO
9574467,2023-04-03,4,9,1,possible injury,0,1,automobile right of way,broadside,no,no,no,0,0,0,0,0,0,Passenger Car/Station Wagon,ALAMEDA
9574469,2023-02-11,2,21,6,possible injury,0,1,DUI,broadside,no,no,no,0,0,0,0,0,0,Passenger Car/Station Wagon,VENTURA
9574470,2023-03-06,3,21,1,possible injury,0,4,improper turning,head-on,no,no,no,0,0,0,0,0,0,Passenger Car/Station Wagon,SAN BERNARDINO
9574471,2023-03-28,3,15,2,possible injury,0,1,traffic signs,broadside,no,no,no,0,0,0,0,0,0,Truck or Truck Tractor,KINGS
9574473,2023-02-18,2,15,6,possible injury,0,1,traffic signs,broadside,no,no,no,0,0,0,0,0,0,Truck or Truck Tractor,VENTURA
9574474,2023-03-07,3,3,2,minor injury,0,1,automobile right of way,broadside,no,no,no,0,0,0,0,0,0,Passenger Car/Station Wagon,SAN BERNARDINO
9574475,2023-02-25,2,22,6,minor injury,0,1,unknown,rear end,no,no,no,0,0,0,0,0,0,Passenger Car/Station Wagon,LOS ANGELES
9574477,2023-02-19,2,19,7,possible injury,0,2,automobile right of way,broadside,no,no,no,0,0,0,0,0,0,Passenger Car/Station Wagon,VENTURA
9574481,2023-02-12,2,2,7,minor injury,0,1,DUI,hit object,no,no,no,0,0,0,0,0,0,Passenger Car/Station Wagon,VENTURA
9574482,2023-02-12,2,14,7,possible injury,0,4,traffic signs,broadside,no,no,no,0,0,0,0,0,0,Passenger Car/Station Wagon,VENTURA
9574483,2023-02-11,2,21,6,possible injury,0,3,following too closely,rear end,no,no,no,0,0,0,0,0,0,Passenger Car/Station Wagon,VENTURA
9574484,2023-02-12,2,23,7,minor injury,0,1,improper turning,rear end,no,no,no,0,0,0,0,0,0,Not Stated,VENTURA
9574485,2023-02-15,2,8,3,minor injury,0,3,traffic signs,broadside,no,no,no,0,0,0,0,0,0,Not Stated,VENTURA
9574486,2023-02-15,2,22,3,possible injury,0,1,traffic signs,broadside,no,no,no,0,0,0,0,0,0,Passenger Car/Station Wagon,VENTURA
9574487,2023-02-14,2,10,2,possible injury,0,1,automobile right of way,broadside,no,no,no,0,0,0,0,0,0,Passenger Car/Station Wagon,VENTURA
9574488,2023-02-15,2,7,3,minor injury,0,1,other than driver or pedestrian,sideswipe,no,no,no,0,0,0,0,0,0,Not Stated,VENTURA
9574489,2023-02-13,2,10,1,possible injury,0,2,improper turning,rear end,no,no,no,0,0,0,0,0,0,Passenger Car/Station Wagon,VENTURA
9574490,2023-02-13,2,16,1,possible injury,0,1,unsafe speed,rear end,no,no,no,0,0,0,0,0,0,Passenger Car/Station Wagon,VENTURA
9574491,2023-02-20,2,15,1,possible injury,0,1,following too closely,rear end,no,no,no,0,0,0,0,0,0,Passenger Car/Station Wagon,VENTURA
9574492,2023-02-20,2,16,1,possible injury,0,1,traffic signs,broadside,no,no,no,0,0,0,0,0,0,Passenger Car/Station Wagon,VENTURA
9574493,2023-02-19,2,8,7,minor injury,0,2,unsafe speed,rear end,no,no,no,0,0,0,0,0,0,Passenger Car/Station Wagon,VENTURA
9574494,2023-02-19,2,12,7,minor injury,0,1,unknown,rear end,no,yes,no,0,1,0,0,0,0,Passenger Car/Station Wagon,VENTURA
9574495,2023-02-16,2,16,4,minor injury,0,1,automobile right of way,broadside,no,no,no,0,0,0,0,0,0,Passenger Car/Station Wagon,VENTURA
9574496,2023-02-18,2,17,6,possible injury,0,1,following too closely,rear end,no,no,no,0,0,0,0,0,0,Passenger Car/Station Wagon,VENTURA
9574497,2023-02-04,2,23,6,minor injury,0,1,unsafe speed,vehicle/pedestrian,yes,no,no,1,0,0,0,0,0,Passenger Car/Station Wagon,LOS ANGELES
9574498,2023-02-07,2,16,2,minor injury,0,1,unknown,head-on,no,no,no,0,0,0,0,0,0,Passenger Car/Station Wagon,LOS ANGELES
9574499,2023-03-11,3,12,6,minor injury,0,2,traffic signs,head-on,no,no,yes,0,0,1,0,0,0,Motorcycle/Scooter,LOS ANGELES
9574500,2023-02-19,2,20,7,minor injury,0,2,DUI,sideswipe,no,no,no,0,0,0,0,0,0,Passenger Car/Station Wagon,LOS ANGELES
9574541,2023-03-10,3,8,5,minor injury,0,2,automobile right of way,broadside,no,no,no,0,0,0,0,0,0,Passenger Car/Station Wagon,SAN BERNARDINO
9574542,2023-03-30,3,19,4,possible injury,0,1,unknown,hit object,no,no,no,0,0,0,0,0,0,Passenger Car/Station Wagon,SAN BERNARDINO
9574543,2023-03-10,3,17,5,minor injury,0,2,unsafe speed,head-on,no,no,no,0,0,0,0,0,0,Passenger Car/Station Wagon,SAN BERNARDINO
9574544,2023-03-10,3,16,5,severe injury,0,3,traffic signs,broadside,no,no,no,0,0,0,0,0,0,Passenger Car/Station Wagon,SAN BERNARDINO
9574545,2023-03-09,3,15,4,minor injury,0,1,pedestrian right of way,vehicle/pedestrian,yes,no,no,1,0,0,0,0,0,Not Stated,SAN BERNARDINO
9574546,2023-03-10,3,17,5,possible injury,0,1,unsafe speed,rear end,no,no,no,0,0,0,0,0,0,Passenger Car/Station Wagon,SAN BERNARDINO
9574548,2023-03-09,3,21,4,severe injury,0,2,traffic signs,broadside,no,no,no,0,0,0,0,0,0,Passenger Car/Station Wagon,SAN BERNARDINO
9574549,2023-03-08,3,9,3,possible injury,0,2,traffic signs,head-on,no,no,no,0,0,0,0,0,0,Passenger Car/Station Wagon,SAN BERNARDINO
9574550,2023-03-08,3,8,3,minor injury,0,3,unsafe speed,rear end,no,no,no,0,0,0,0,0,0,Passenger Car/Station Wagon,SAN BERNARDINO
9574552,2023-03-08,3,23,3,possible injury,0,1,unknown,head-on,no,no,no,0,0,0,0,0,0,Not Stated,SAN BERNARDINO
9574553,2023-03-04,3,11,6,possible injury,0,2,improper turning,broadside,no,no,no,0,0,0,0,0,0,Passenger Car/Station Wagon,SAN BERNARDINO
9574554,2023-03-06,3,13,1,possible injury,0,1,automobile right of way,broadside,no,no,no,0,0,0,0,0,0,Passenger Car/Station Wagon,SAN BERNARDINO
9574557,2023-03-03,3,20,5,possible injury,0,1,automobile right of way,sideswipe,no,yes,no,0,1,0,0,0,0,Not Stated,SAN BERNARDINO
9574559,2023-03-02,3,17,4,possible injury,0,2,improper turning,head-on,no,no,no,0,0,0,0,0,0,Passenger Car/Station Wagon,SAN BERNARDINO
9574566,2023-02-11,2,7,6,possible injury,0,1,unsafe speed,rear end,no,no,no,0,0,0,0,0,0,Passenger Car/Station Wagon,VENTURA
9574641,2023-04-09,4,17,7,minor injury,0,1,automobile right of way,head-on,no,no,no,0,0,0,0,0,0,Passenger Car/Station Wagon,ORANGE
9574642,2023-04-09,4,22,7,possible injury,0,1,automobile right of way,broadside,no,no,no,0,0,0,0,0,0,Passenger Car/Station Wagon,ORANGE
9574643,2023-04-07,4,20,5,minor injury,0,2,unsafe speed,rear end,no,no,no,0,0,0,0,0,0,Passenger Car/Station Wagon,ORANGE
9574644,2023-04-08,4,17,6,possible injury,0,2,traffic signs,broadside,no,no,no,0,0,0,0,0,0,Passenger Car/Station Wagon,ORANGE
9574645,2023-04-06,4,21,4,possible injury,0,2,unsafe speed,rear end,no,no,no,0,0,0,0,0,0,Passenger Car/Station Wagon,ORANGE
9574646,2023-04-06,4,13,4,possible injury,0,1,automobile right of way,broadside,no,no,no,0,0,0,0,0,0,Passenger Car/Station Wagon,ORANGE
9574647,2023-04-05,4,14,3,minor injury,0,1,improper turning,rear end,no,yes,no,0,1,0,0,0,0,Bicycle,ORANGE
9574648,2023-04-05,4,19,3,possible injury,0,1,traffic signs,broadside,no,no,no,0,0,0,0,0,0,Passenger Car/Station Wagon,ORANGE
9574649,2023-04-03,4,13,1,possible injury,0,1,automobile right of way,broadside,no,no,no,0,0,0,0,0,0,Passenger Car/Station Wagon,ORANGE
9574650,2023-04-04,4,20,2,possible injury,0,1,unknown,rear end,no,no,no,0,0,0,0,0,0,Passenger Car/Station Wagon,ORANGE
9574655,2023-04-13,4,22,4,minor injury,0,1,wrong side of road,broadside,no,no,yes,0,0,1,0,0,0,Motorcycle/Scooter,SOLANO
9574657,2023-04-02,4,17,7,minor injury,0,2,traffic signs,sideswipe,no,no,no,0,0,0,0,0,0,Passenger Car/Station Wagon,ALAMEDA
9574658,2023-04-19,4,16,3,possible injury,0,1,improper turning,rear end,no,no,no,0,0,0,0,0,0,Passenger Car/Station Wagon,SOLANO
9574659,2023-04-04,4,17,2,possible injury,0,1,improper turning,sideswipe,no,no,no,0,0,0,0,0,0,Passenger Car/Station Wagon,SAN MATEO
9574660,2023-04-09,4,13,7,severe injury,0,1,unsafe speed,other,no,no,yes,0,0,1,0,0,0,Motorcycle/Scooter,CONTRA COSTA
9574707,2023-03-14,3,7,2,possible injury,0,1,traffic signs,broadside,no,no,no,0,0,0,0,0,0,Passenger Car/Station Wagon,KINGS
9574717,2023-03-25,3,16,6,possible injury,0,1,unsafe speed,rear end,no,no,no,0,0,0,0,0,0,Passenger Car/Station Wagon,FRESNO
9574718,2023-03-25,3,11,6,possible injury,0,1,traffic signs,broadside,no,no,no,0,0,0,0,0,0,Passenger Car/Station Wagon,FRESNO
9574719,2023-03-23,3,8,4,possible injury,0,1,traffic signs,broadside,no,no,no,0,0,0,0,0,0,Passenger Car/Station Wagon,FRESNO
9574720,2023-03-24,3,21,5,minor injury,0,1,DUI,rear end,no,no,no,0,0,0,0,0,0,Passenger Car/Station Wagon,FRESNO
9574721,2023-03-21,3,22,2,possible injury,0,1,improper turning,head-on,no,no,no,0,0,0,0,0,0,Passenger Car/Station Wagon,FRESNO