CASE_ID,COLLISION_DATE,MONTH,HOUR,DAY_OF_WEEK,COLLISION_SEVERITY,NUMBER_KILLED,NUMBER_INJURED,PCF_VIOL_CATEGORY,TYPE_OF_COLLISION,PEDESTRIAN_ACCIDENT,BICYCLE_ACCIDENT,MOTORCYCLE_ACCIDENT,COUNT_PED_INJURED,COUNT_BICYCLIST_INJURED,COUNT_MC_INJURED,COUNT_PED_KILLED,COUNT_BICYCLIST_KILLED,COUNT_MC_KILLED,STWD_VEHTYPE_AT_FAULT,COUNTY
9576531,2023-04-05,4,18,3,possible injury,0,1,wrong side of road,other,no,yes,no,0,1,0,0,0,0,Bicycle,IMPERIAL
9576532,2023-04-20,4,18,4,possible injury,0,1,unsafe speed,rear end,no,no,no,0,0,0,0,0,0,Pickup or Panel Truck,KERN
9576534,2023-03-30,3,15,4,possible injury,0,2,traffic signs,broadside,no,no,no,0,0,0,0,0,0,Pickup or Panel Truck,SAN DIEGO
9576536,2023-04-05,4,7,3,possible injury,0,1,pedestrian right of way,head-on,yes,no,no,1,0,0,0,0,0,Other Bus,SAN FRANCISCO
9576537,2023-04-21,4,13,5,minor injury,0,1,improper turning,sideswipe,no,no,no,0,0,0,0,0,0,Pickup or Panel Truck,LOS ANGELES
9576538,2023-03-23,3,11,4,possible injury,0,2,automobile right of way,broadside,no,no,no,0,0,0,0,0,0,Pickup or Panel Truck,SAN DIEGO
9576540,2023-04-22,4,11,6,possible injury,0,1,other hazardous violation,sideswipe,no,no,no,0,0,0,0,0,0,Passenger Car/Station Wagon,SAN FRANCISCO
9576544,2023-04-15,4,18,6,possible injury,0,1,improper turning,sideswipe,no,no,no,0,0,0,0,0,0,Not Stated,SAN FRANCISCO
9576546,2023-02-13,2,12,1,possible injury,0,1,improper turning,broadside,no,no,no,0,0,0,0,0,0,Pickup or Panel Truck,ALAMEDA
9576547,2023-04-17,4,15,1,possible injury,0,1,unsafe speed,rear end,no,no,no,0,0,0,0,0,0,Pickup or Panel Truck,LOS ANGELES
9576548,2023-03-08,3,11,3,severe injury,0,1,pedestrian right of way,vehicle/pedestrian,yes,no,no,1,0,0,0,0,0,Truck or Truck Tractor,SAN FRANCISCO
9576549,2023-03-22,3,11,3,minor injury,0,1,traffic signs,broadside,no,no,no,0,0,0,0,0,0,Passenger Car/Station Wagon,LOS ANGELES
9576550,2023-03-29,3,12,3,possible injury,0,2,automobile right of way,sideswipe,no,no,no,0,0,0,0,0,0,Passenger Car/Station Wagon,ALAMEDA
9576551,2023-04-30,4,3,7,possible injury,0,1,traffic signs,rear end,no,no,no,0,0,0,0,0,0,Pickup or Panel Truck,LOS ANGELES
9576553,2023-04-21,4,13,5,possible injury,0,1,unknown,vehicle/pedestrian,yes,no,no,1,0,0,0,0,0,Not Stated,MONTEREY
9576556,2023-03-10,3,19,5,minor injury,0,1,DUI,rear end,yes,no,no,1,0,0,0,0,0,Pickup or Panel Truck,MONTEREY
9576558,2023-04-17,4,10,1,possible injury,0,1,traffic signs,broadside,no,no,no,0,0,0,0,0,0,Passenger Car/Station Wagon,ALAMEDA
9576559,2023-02-21,2,8,2,possible injury,0,1,improper turning,hit object,no,no,no,0,0,0,0,0,0,Pickup or Panel Truck,CONTRA COSTA
9576567,2023-07-15,7,13,6,possible injury,0,1,improper turning,sideswipe,no,no,no,0,0,0,0,0,0,Passenger Car/Station Wagon,ORANGE
9576572,2023-07-15,7,16,6,minor injury,0,1,automobile right of way,overturned,no,no,yes,0,0,1,0,0,0,Passenger Car/Station Wagon,ORANGE
9576573,2023-06-08,6,10,4,possible injury,0,2,other improper driving,broadside,no,no,no,0,0,0,0,0,0,Emergency Vehicle,LOS ANGELES
9576574,2023-07-17,7,8,1,possible injury,0,1,pedestrian right of way,broadside,yes,no,no,1,0,0,0,0,0,Passenger Car/Station Wagon,LOS ANGELES
9576576,2023-07-20,7,7,4,possible injury,0,2,pedestrian right of way,vehicle/pedestrian,yes,no,no,2,0,0,0,0,0,Passenger Car/Station Wagon,SAN DIEGO
9576578,2023-07-19,7,18,3,minor injury,0,2,automobile right of way,broadside,no,no,no,0,0,0,0,0,0,Passenger Car/Station Wagon,LOS ANGELES
9576580,2023-07-12,7,11,3,minor injury,0,2,traffic signs,broadside,no,no,no,0,0,0,0,0,0,Passenger Car/Station Wagon,SANTA BARBARA
9576582,2023-07-03,7,22,1,possible injury,0,2,DUI,broadside,no,no,no,0,0,0,0,0,0,Passenger Car/Station Wagon,SAN DIEGO
9576584,2023-07-16,7,13,7,possible injury,0,1,automobile right of way,sideswipe,no,no,yes,0,0,1,0,0,0,Not Stated,ALAMEDA
9576586,2023-07-24,7,11,1,minor injury,0,1,unsafe speed,rear end,no,no,yes,0,0,1,0,0,0,Motorcycle/Scooter,SAN LUIS OBISPO
9576594,2023-04-20,4,20,4,possible injury,0,3,unsafe starting or backing,sideswipe,no,no,no,0,0,0,0,0,0,Passenger Car/Station Wagon,LOS ANGELES
9576595,2023-07-08,7,21,6,possible injury,0,1,unsafe speed,rear end,no,no,no,0,0,0,0,0,0,Passenger Car/Station Wagon,FRESNO
9576596,2023-07-09,7,12,7,possible injury,0,2,automobile right of way,broadside,no,no,no,0,0,0,0,0,0,Passenger Car/Station Wagon,KERN
9576608,2023-07-02,7,9,7,severe injury,0,1,improper turning,sideswipe,no,yes,no,0,1,0,0,0,0,Passenger Car/Station Wagon,SANTA CLARA
9576612,2023-07-16,7,13,7,minor injury,0,1,wrong side of road,broadside,no,yes,no,0,1,0,0,0,0,Bicycle,SANTA CLARA
9576636,2023-05-02,5,20,2,possible injury,0,1,unsafe speed,broadside,no,no,no,0,0,0,0,0,0,Passenger Car/Station Wagon,SAN DIEGO
9576640,2023-05-13,5,20,6,possible injury,0,1,following too closely,rear end,no,no,no,0,0,0,0,0,0,Passenger Car/Station Wagon,SAN DIEGO
9576647,2023-04-23,4,4,7,minor injury,0,1,DUI,sideswipe,no,no,no,0,0,0,0,0,0,Passenger Car/Station Wagon,SAN FRANCISCO
9576670,2023-04-11,4,23,2,minor injury,0,1,automobile right of way,rear end,no,no,no,0,0,0,0,0,0,Passenger Car/Station Wagon,SAN BERNARDINO
9576671,2023-04-05,4,18,3,minor injury,0,1,traffic signs,broadside,no,no,no,0,0,0,0,0,0,Passenger Car/Station Wagon,SAN BERNARDINO
9576672,2023-04-06,4,19,4,minor injury,0,1,DUI,hit object,no,no,no,0,0,0,0,0,0,Passenger Car/Station Wagon,SAN BERNARDINO
9576673,2023-04-19,4,13,3,possible injury,0,2,automobile right of way,broadside,no,no,no,0,0,0,0,0,0,Passenger Car/Station Wagon,SAN BERNARDINO
9576674,2023-04-14,4,17,5,minor injury,0,1,automobile right of way,broadside,no,no,no,0,0,0,0,0,0,Passenger Car/Station Wagon,SAN MATEO
9576675,2023-04-20,4,10,4,minor injury,0,1,unsafe starting or backing,vehicle/pedestrian,yes,no,no,1,0,0,0,0,0,Passenger Car/Station Wagon,STANISLAUS
9576676,2023-04-08,4,19,6,possible injury,0,1,unknown,broadside,no,no,no,0,0,0,0,0,0,Not Stated,SAN FRANCISCO
9576677,2023-04-25,4,20,2,possible injury,0,2,automobile right of way,other,no,no,no,0,0,0,0,0,0,Passenger Car/Station Wagon,SAN FRANCISCO
9576678,2023-04-26,4,17,3,possible injury,0,1,unsafe speed,broadside,no,no,no,0,0,0,0,0,0,Not Stated,SAN FRANCISCO
9576679,2023-04-27,4,8,4,minor injury,0,1,unsafe speed,rear end,no,no,no,0,0,0,0,0,0,Passenger Car/Station Wagon,SAN FRANCISCO
9576680,2023-04-26,4,9,3,possible injury,0,3,improper turning,sideswipe,no,no,no,0,0,0,0,0,0,Passenger Car/Station Wagon,SAN FRANCISCO
9576681,2023-04-23,4,14,7,minor injury,0,1,automobile right of way,broadside,no,no,yes,0,0,1,0,0,0,Motorcycle/Scooter,SAN FRANCISCO
9576682,2023-04-28,4,13,5,minor injury,0,3,traffic signs,broadside,yes,no,no,3,0,0,0,0,0,Pedestrian,SAN FRANCISCO
9576683,2023-04-25,4,9,2,possible injury,0,1,improper turning,rear end,no,no,no,0,0,0,0,0,0,Passenger Car/Station Wagon,SAN FRANCISCO
9576684,2023-04-26,4,8,3,minor injury,0,1,other than driver or pedestrian,rear end,no,no,no,0,0,0,0,0,0,Not Stated,SAN FRANCISCO
9576685,2023-04-22,4,19,6,possible injury,0,1,following too closely,rear end,no,no,no,0,0,0,0,0,0,Passenger Car/Station Wagon,SAN FRANCISCO
9576686,2023-04-21,4,7,5,possible injury,0,1,improper turning,sideswipe,no,no,no,0,0,0,0,0,0,Not Stated,SAN FRANCISCO
9576687,2023-04-27,4,6,4,possible injury,0,1,other hazardous violation,sideswipe,no,yes,no,0,1,0,0,0,0,Not Stated,SAN FRANCISCO
9576688,2023-04-28,4,18,5,minor injury,0,3,automobile right of way,head-on,no,no,no,0,0,0,0,0,0,Passenger Car/Station Wagon,SAN FRANCISCO
9576689,2023-03-30,3,15,4,possible injury,0,1,improper passing,broadside,no,no,no,0,0,0,0,0,0,Not Stated,SAN FRANCISCO
9576690,2023-03-31,3,21,5,severe injury,0,1,improper turning,sideswipe,no,no,yes,0,0,1,0,0,0,Passenger Car/Station Wagon,SAN FRANCISCO
9576691,2023-03-31,3,23,5,possible injury,0,1,pedestrian right of way,vehicle/pedestrian,yes,no,no,1,0,0,0,0,0,Passenger Car/Station Wagon,SAN FRANCISCO
9576692,2023-03-30,3,23,4,possible injury,0,2,unsafe speed,vehicle/pedestrian,yes,no,no,2,0,0,0,0,0,Passenger Car/Station Wagon,SAN FRANCISCO
9576694,2023-03-24,3,14,5,minor injury,0,1,improper turning,broadside,no,no,yes,0,0,1,0,0,0,Passenger Car/Station Wagon,SAN FRANCISCO
9576695,2023-03-30,3,19,4,minor injury,0,1,automobile right of way,broadside,no,no,yes,0,0,1,0,0,0,Passenger Car/Station Wagon,SAN FRANCISCO
9576696,2023-03-28,3,19,2,possible injury,0,1,traffic signs,broadside,no,no,yes,0,0,1,0,0,0,Passenger Car/Station Wagon,SAN FRANCISCO
9576697,2023-03-31,3,9,5,possible injury,0,1,improper turning,broadside,yes,no,no,1,0,0,0,0,0,Passenger Car/Station Wagon,SAN FRANCISCO
9576698,2023-03-31,3,14,5,possible injury,0,1,automobile right of way,broadside,no,no,yes,0,0,1,0,0,0,Passenger Car/Station Wagon,SAN FRANCISCO
9576699,2023-03-25,3,12,6,possible injury,0,1,automobile right of way,broadside,no,yes,no,0,1,0,0,0,0,Passenger Car/Station Wagon,SAN FRANCISCO
9576700,2023-03-18,3,14,6,minor injury,0,1,pedestrian violation,vehicle/pedestrian,yes,no,no,1,0,0,0,0,0,Pedestrian,SAN FRANCISCO
9576722,2023-03-11,3,17,6,possible injury,0,1,unsafe speed,rear end,no,no,no,0,0,0,0,0,0,Passenger Car/Station Wagon,VENTURA
9576723,2023-04-15,4,10,6,minor injury,0,2,automobile right of way,broadside,no,no,no,0,0,0,0,0,0,Passenger Car/Station Wagon,LOS ANGELES
9576724,2023-05-05,5,17,5,possible injury,0,3,unsafe speed,rear end,no,no,no,0,0,0,0,0,0,Pickup or Panel Truck,LOS ANGELES
9576725,2023-04-21,4,7,5,possible injury,0,1,improper turning,other,no,yes,no,0,1,0,0,0,0,Pickup or Panel Truck,ORANGE
9576726,2023-04-06,4,10,4,minor injury,0,1,pedestrian right of way,vehicle/pedestrian,yes,no,no,1,0,0,0,0,0,Other Bus,VENTURA
9576729,2023-04-27,4,14,4,minor injury,0,1,wrong side of road,head-on,no,yes,no,0,1,0,0,0,0,Bicycle,ORANGE
9576730,2023-04-10,4,17,1,possible injury,0,2,automobile right of way,broadside,no,no,no,0,0,0,0,0,0,Pickup or Panel Truck,VENTURA
9576733,2023-04-22,4,6,6,minor injury,0,1,DUI,broadside,no,no,no,0,0,0,0,0,0,Passenger Car/Station Wagon,ORANGE
9576734,2023-04-11,4,7,2,minor injury,0,1,improper turning,sideswipe,no,no,no,0,0,0,0,0,0,Not Stated,VENTURA
9576737,2023-05-02,5,14,2,minor injury,0,1,improper turning,sideswipe,no,no,no,0,0,0,0,0,0,Passenger Car/Station Wagon,ORANGE
9576739,2023-03-25,3,14,6,minor injury,0,2,improper turning,sideswipe,no,no,no,0,0,0,0,0,0,Passenger Car/Station Wagon,LOS ANGELES
9576743,2023-03-10,3,8,5,possible injury,0,1,automobile right of way,head-on,no,no,no,0,0,0,0,0,0,Passenger Car/Station Wagon,LOS ANGELES
9576744,2023-05-06,5,12,6,possible injury,0,2,DUI,sideswipe,no,no,no,0,0,0,0,0,0,Pickup or Panel Truck,SAN DIEGO
9576745,2023-04-12,4,14,3,severe injury,0,1,unknown,broadside,no,yes,no,0,1,0,0,0,0,Not Stated,LOS ANGELES
9576748,2023-03-21,3,19,2,minor injury,0,1,DUI,rear end,no,no,no,0,0,0,0,0,0,Pickup or Panel Truck,LOS ANGELES
9576752,2023-05-01,5,23,1,minor injury,0,1,unsafe lane change,sideswipe,no,no,no,0,0,0,0,0,0,Passenger Car/Station Wagon,LOS ANGELES
9576756,2023-03-27,3,20,1,minor injury,0,1,unsafe speed,rear end,no,no,no,0,0,0,0,0,0,Passenger Car/Station Wagon,LOS ANGELES
9576760,2023-05-01,5,17,1,minor injury,0,1,automobile right of way,sideswipe,no,no,no,0,0,0,0,0,0,Passenger Car/Station Wagon,LOS ANGELES
9576761,2023-04-27,4,11,4,severe injury,0,1,traffic signs,broadside,no,yes,no,0,1,0,0,0,0,Truck or Truck Tractor,SAN BERNARDINO
9576763,2023-04-20,4,9,4,minor injury,0,1,wrong side of road,sideswipe,no,yes,no,0,1,0,0,0,0,Bicycle,LOS ANGELES
9576764,2023-05-02,5,11,2,possible injury,0,1,traffic signs,broadside,no,no,no,0,0,0,0,0,0,Truck or Truck Tractor with Trailer,LOS ANGELES
9576765,2023-04-23,4,16,7,possible injury,0,1,unsafe speed,rear end,no,no,no,0,0,0,0,0,0,Truck or Truck Tractor with Trailer,SAN BERNARDINO
9576767,2023-05-02,5,9,2,severe injury,0,1,automobile right of way,broadside,no,yes,no,0,1,0,0,0,0,Truck or Truck Tractor,LOS ANGELES
9576770,2023-02-25,2,7,6,possible injury,0,1,traffic signs,broadside,no,no,no,0,0,0,0,0,0,Not Stated,ALAMEDA
9576776,2023-04-28,4,18,5,minor injury,0,2,unsafe speed,rear end,no,no,no,0,0,0,0,0,0,Pickup or Panel Truck,SAN BERNARDINO
9576785,2023-02-10,2,16,5,minor injury,0,2,DUI,rear end,no,no,no,0,0,0,0,0,0,Passenger Car/Station Wagon,VENTURA
9576791,2023-02-03,2,7,5,possible injury,0,2,traffic signs,broadside,no,no,no,0,0,0,0,0,0,Pickup or Panel Truck,LOS ANGELES
9576792,2023-04-30,4,18,7,possible injury,0,1,traffic signs,broadside,no,no,no,0,0,0,0,0,0,Pickup or Panel Truck,SAN BERNARDINO
9576793,2023-04-16,4,10,7,possible injury,0,1,unsafe speed,rear end,no,no,no,0,0,0,0,0,0,Passenger Car/Station Wagon,VENTURA
9576795,2023-05-05,5,0,5,possible injury,0,1,following too closely,overturned,no,no,no,0,0,0,0,0,0,Passenger Car/Station Wagon,SAN DIEGO
9576797,2023-04-08,4,22,6,possible injury,0,2,DUI,head-on,no,no,no,0,0,0,0,0,0,Passenger Car/Station Wagon,VENTURA
9576799,2023-05-06,5,14,6,minor injury,0,2,improper turning,sideswipe,no,no,no,0,0,0,0,0,0,Pickup or Panel Truck,SAN DIEGO
9576801,2023-04-25,4,10,2,minor injury,0,1,improper turning,sideswipe,no,no,no,0,0,0,0,0,0,Passenger Car/Station Wagon,LOS ANGELES
9576802,2023-04-16,4,22,7,possible injury,0,1,automobile right of way,broadside,no,no,no,0,0,0,0,0,0,Truck or Truck Tractor,LOS ANGELES
9576804,2023-04-26,4,15,3,minor injury,0,1,improper turning,broadside,no,yes,no,0,1,0,0,0,0,Bicycle,LOS ANGELES
9576805,2023-04-25,4,9,2,minor injury,0,2,improper turning,head-on,no,no,no,0,0,0,0,0,0,Pickup or Panel Truck,LOS ANGELES
9576806,2023-04-27,4,5,4,possible injury,0,3,traffic signs,broadside,no,no,no,0,0,0,0,0,0,Pickup or Panel Truck,LOS ANGELES
9576810,2023-04-12,4,6,3,minor injury,0,1,traffic signs,broadside,no,no,no,0,0,0,0,0,0,Pickup or Panel Truck,LOS ANGELES
9576814,2023-04-27,4,6,4,severe injury,0,1,automobile right of way,broadside,no,no,yes,0,0,1,0,0,0,Motorcycle/Scooter,LOS ANGELES
9576824,2023-05-01,5,7,1,possible injury,0,1,improper turning,hit object,no,no,no,0,0,0,0,0,0,Pickup or Panel Truck,SAN DIEGO
9576828,2023-04-23,4,2,7,minor injury,0,1,DUI,rear end,no,no,no,0,0,0,0,0,0,Pickup or Panel Truck,SANTA BARBARA
9576831,2023-03-29,3,10,3,possible injury,0,2,improper turning,broadside,no,no,no,0,0,0,0,0,0,Passenger Car/Station Wagon,SAN MATEO
9576835,2023-04-25,4,12,2,minor injury,0,1,unsafe speed,rear end,no,no,no,0,0,0,0,0,0,Passenger Car/Station Wagon,SAN JOAQUIN
9576838,2023-03-09,3,14,4,minor injury,0,3,DUI,rear end,no,no,no,0,0,0,0,0,0,Passenger Car/Station Wagon,LOS ANGELES
9576845,2023-04-07,4,18,5,possible injury,0,1,unsafe speed,rear end,no,no,no,0,0,0,0,0,0,Passenger Car/Station Wagon,SAN BERNARDINO
9576849,2023-04-14,4,13,5,possible injury,0,1,unsafe speed,rear end,no,no,no,0,0,0,0,0,0,Passenger Car/Station Wagon,SAN BERNARDINO
9576851,2023-03-09,3,15,4,possible injury,0,1,traffic signs,broadside,no,no,no,0,0,0,0,0,0,Passenger Car/Station Wagon,IMPERIAL
9576852,2023-04-22,4,21,6,possible injury,0,1,wrong side of road,sideswipe,no,no,no,0,0,0,0,0,0,Pickup or Panel Truck,SAN DIEGO
9576853,2023-04-24,4,12,1,possible injury,0,2,automobile right of way,broadside,no,no,no,0,0,0,0,0,0,Passenger Car/Station Wagon,YOLO
9576854,2023-04-25,4,5,2,possible injury,0,1,unknown,broadside,no,no,no,0,0,0,0,0,0,Not Stated,SAN BERNARDINO
9576860,2023-03-30,3,17,4,possible injury,0,1,unsafe speed,rear end,no,no,no,0,0,0,0,0,0,Not Stated,SAN DIEGO
9576870,2023-02-21,2,19,2,minor injury,0,6,automobile right of way,rear end,no,no,no,0,0,0,0,0,0,Passenger Car/Station Wagon,IMPERIAL
9576873,2023-03-07,3,4,2,minor injury,0,1,unknown,sideswipe,no,yes,no,0,1,0,0,0,0,Truck or Truck Tractor with Trailer,LOS ANGELES
9576920,2023-04-15,4,1,6,minor injury,0,1,improper turning,unknown,no,no,no,0,0,0,0,0,0,Passenger Car/Station Wagon,LOS ANGELES
9576942,2023-04-13,4,7,4,possible injury,0,4,unsafe speed,rear end,no,no,no,0,0,0,0,0,0,Passenger Car/Station Wagon,LOS ANGELES
9576990,2023-04-15,4,22,6,possible injury,0,1,improper turning,head-on,no,no,no,0,0,0,0,0,0,Pickup or Panel Truck,TULARE
9577052,2023-04-26,4,22,3,possible injury,0,1,unsafe starting or backing,other,no,no,no,0,0,0,0,0,0,Passenger Car/Station Wagon,MADERA
9577053,2023-04-26,4,22,3,possible injury,0,1,wrong side of road,head-on,no,no,no,0,0,0,0,0,0,Passenger Car/Station Wagon,MADERA
9577060,2023-04-23,4,16,7,minor injury,0,1,unsafe speed,rear end,no,no,no,0,0,0,0,0,0,Passenger Car/Station Wagon,CONTRA COSTA
9577081,2023-04-25,4,22,2,possible injury,0,1,automobile right of way,broadside,no,no,no,0,0,0,0,0,0,Passenger Car/Station Wagon,MADERA
9577082,2023-04-19,4,0,3,minor injury,0,1,unsafe speed,hit object,no,no,no,0,0,0,0,0,0,Passenger Car/Station Wagon,NAPA
9577083,2023-04-24,4,15,1,possible injury,0,1,unsafe speed,rear end,no,no,no,0,0,0,0,0,0,Passenger Car/Station Wagon,NAPA
9577084,2023-04-11,4,11,2,possible injury,0,3,improper turning,broadside,no,no,no,0,0,0,0,0,0,Passenger Car/Station Wagon,NAPA
9577085,2023-04-22,4,7,6,possible injury,0,2,wrong side of road,hit object,no,no,no,0,0,0,0,0,0,Passenger Car/Station Wagon,SAN BERNARDINO
9577086,2023-04-23,4,10,7,possible injury,0,1,unsafe speed,rear end,no,no,no,0,0,0,0,0,0,Passenger Car/Station Wagon,SAN BERNARDINO
9577087,2023-04-26,4,7,3,possible injury,0,1,unknown,broadside,no,no,no,0,0,0,0,0,0,Not Stated,SAN BERNARDINO
9577088,2023-04-16,4,21,7,minor injury,0,1,unsafe starting or backing,other,no,yes,no,0,1,0,0,0,0,Passenger Car/Station Wagon,ORANGE
9577089,2023-04-08,4,2,6,minor injury,0,1,DUI,broadside,no,no,no,0,0,0,0,0,0,Passenger Car/Station Wagon,ORANGE
9577090,2023-04-17,4,15,1,minor injury,0,1,automobile right of way,broadside,no,yes,no,0,1,0,0,0,0,Bicycle,ORANGE
9577091,2023-04-18,4,8,2,minor injury,0,1,automobile right of way,sideswipe,no,yes,no,0,1,0,0,0,0,Bicycle,ORANGE
9577092,2023-04-19,4,18,3,minor injury,0,1,pedestrian violation,vehicle/pedestrian,yes,no,no,1,0,0,0,0,0,Pedestrian,ORANGE
9577093,2023-04-20,4,5,4,possible injury,0,2,unsafe speed,rear end,no,no,no,0,0,0,0,0,0,Passenger Car/Station Wagon,ORANGE
9577094,2023-04-08,4,21,6,minor injury,0,1,unsafe speed,sideswipe,no,no,no,0,0,0,0,0,0,Passenger Car/Station Wagon,ORANGE
9577095,2023-04-24,4,0,1,possible injury,0,1,pedestrian violation,vehicle/pedestrian,yes,no,no,1,0,0,0,0,0,Pedestrian,RIVERSIDE
9577096,2023-04-09,4,2,7,possible injury,0,1,improper turning,hit object,no,no,no,0,0,0,0,0,0,Passenger Car/Station Wagon,RIVERSIDE
9577097,2023-04-02,4,17,7,minor injury,0,1,following too closely,rear end,no,no,yes,0,0,1,0,0,0,Passenger Car/Station Wagon,RIVERSIDE
9577098,2023-04-13,4,16,4,minor injury,0,1,unsafe speed,rear end,no,no,no,0,0,0,0,0,0,Passenger Car/Station Wagon,RIVERSIDE
9577099,2023-04-13,4,15,4,minor injury,0,1,wrong side of road,hit object,no,no,no,0,0,0,0,0,0,Passenger Car/Station Wagon,SANTA CLARA
9577100,2023-04-25,4,20,2,severe injury,0,1,improper turning,vehicle/pedestrian,yes,no,no,1,0,0,0,0,0,Passenger Car/Station Wagon,SANTA CLARA
9577101,2023-04-19,4,17,3,minor injury,0,1,improper turning,broadside,no,yes,no,0,1,0,0,0,0,Passenger Car/Station Wagon,SANTA CLARA
9577102,2023-04-15,4,12,6,minor injury,0,1,wrong side of road,sideswipe,no,no,no,0,0,0,0,0,0,Passenger Car/Station Wagon,SANTA CLARA
9577103,2023-04-29,4,18,6,minor injury,0,1,automobile right of way,head-on,no,no,no,0,0,0,0,0,0,Passenger Car/Station Wagon,SANTA CLARA
9577104,2023-04-21,4,17,5,minor injury,0,3,improper turning,broadside,no,no,no,0,0,0,0,0,0,Passenger Car/Station Wagon,SANTA CLARA
9577106,2023-04-22,4,21,6,possible injury,0,1,traffic signs,broadside,no,no,no,0,0,0,0,0,0,Passenger Car/Station Wagon,ORANGE
9577107,2023-04-21,4,14,5,minor injury,0,1,unsafe speed,rear end,no,no,yes,0,0,1,0,0,0,Motorcycle/Scooter,ORANGE
9577108,2023-04-26,4,19,3,possible injury,0,1,DUI,rear end,no,no,no,0,0,0,0,0,0,Passenger Car/Station Wagon,ORANGE
9577109,2023-04-22,4,15,6,minor injury,0,2,DUI,rear end,no,no,no,0,0,0,0,0,0,Passenger Car/Station Wagon,ORANGE
9577110,2023-04-12,4,9,3,minor injury,0,2,traffic signs,broadside,no,no,no,0,0,0,0,0,0,Passenger Car/Station Wagon,CONTRA COSTA
9577111,2023-04-26,4,9,3,minor injury,0,2,automobile right of way,broadside,no,no,no,0,0,0,0,0,0,Passenger Car/Station Wagon,CONTRA COSTA
9577112,2023-04-17,4,17,1,possible injury,0,1,improper turning,broadside,no,no,no,0,0,0,0,0,0,Passenger Car/Station Wagon,RIVERSIDE
9577113,2023-04-20,4,15,4,possible injury,0,2,unknown,broadside,no,no,no,0,0,0,0,0,0,Passenger Car/Station Wagon,RIVERSIDE
9577114,2023-04-18,4,20,2,possible injury,0,1,automobile right of way,broadside,no,no,no,0,0,0,0,0,0,Passenger Car/Station Wagon,RIVERSIDE
9577115,2023-04-17,4,12,1,possible injury,0,2,unsafe speed,rear end,no,no,no,0,0,0,0,0,0,Passenger Car/Station Wagon,RIVERSIDE
9577116,2023-04-12,4,14,3,possible injury,0,1,traffic signs,broadside,no,no,no,0,0,0,0,0,0,Passenger Car/Station Wagon,RIVERSIDE
9577117,2023-04-06,4,17,4,minor injury,0,1,improper turning,sideswipe,no,no,yes,0,0,1,0,0,0,Motorcycle/Scooter,RIVERSIDE
9577118,2023-04-29,4,18,6,minor injury,0,4,automobile right of way,broadside,no,no,no,0,0,0,0,0,0,Passenger Car/Station Wagon,ORANGE
9577119,2023-04-27,4,22,4,possible injury,0,1,DUI,broadside,no,no,no,0,0,0,0,0,0,Passenger Car/Station Wagon,ORANGE
9577120,2023-04-26,4,12,3,possible injury,0,1,wrong side of road,broadside,no,yes,no,0,1,0,0,0,0,Bicycle,ORANGE
9577121,2023-04-26,4,10,3,possible injury,0,1,unsafe speed,vehicle/pedestrian,yes,no,no,1,0,0,0,0,0,Passenger Car/Station Wagon,ORANGE
9577122,2023-04-26,4,17,3,possible injury,0,2,automobile right of way,broadside,no,no,no,0,0,0,0,0,0,Passenger Car/Station Wagon,ORANGE
9577123,2023-04-24,4,8,1,possible injury,0,2,automobile right of way,rear end,no,no,no,0,0,0,0,0,0,Passenger Car/Station Wagon,ORANGE
9577125,2023-04-24,4,14,1,minor injury,0,2,traffic signs,vehicle/pedestrian,yes,no,no,2,0,0,0,0,0,Passenger Car/Station Wagon,ORANGE
9577126,2023-04-23,4,22,7,possible injury,0,1,traffic signs,vehicle/pedestrian,no,yes,no,0,1,0,0,0,0,Bicycle,ORANGE
9577127,2023-04-21,4,16,5,possible injury,0,1,other than driver or pedestrian,vehicle/pedestrian,yes,no,no,1,0,0,0,0,0,Not Stated,ORANGE
9577128,2023-04-20,4,15,4,possible injury,0,1,pedestrian right of way,vehicle/pedestrian,yes,no,no,1,0,0,0,0,0,Passenger Car/Station Wagon,ORANGE
9577129,2023-04-08,4,15,6,possible injury,0,1,improper turning,broadside,no,no,no,0,0,0,0,0,0,Passenger Car/Station Wagon,ORANGE
9577130,2023-04-21,4,1,5,minor injury,0,1,automobile right of way,broadside,no,no,no,0,0,0,0,0,0,Passenger Car/Station Wagon,LOS ANGELES
9577131,2023-04-12,4,8,3,severe injury,0,1,unknown,broadside,no,no,no,0,0,0,0,0,0,Not Stated,LOS ANGELES
9577132,2023-04-15,4,19,6,minor injury,0,1,automobile right of way,broadside,no,no,no,0,0,0,0,0,0,Passenger Car/Station Wagon,LOS ANGELES
9577133,2023-04-21,4,13,5,severe injury,0,1,automobile right of way,broadside,no,no,yes,0,0,1,0,0,0,Passenger Car/Station Wagon,LOS ANGELES
9577135,2023-04-14,4,14,5,possible injury,0,2,traffic signs,broadside,no,no,no,0,0,0,0,0,0,Passenger Car/Station Wagon,LOS ANGELES
9577136,2023-04-18,4,20,2,possible injury,0,1,pedestrian violation,vehicle/pedestrian,yes,no,no,1,0,0,0,0,0,Pedestrian,SANTA CRUZ
9577137,2023-04-02,4,13,7,minor injury,0,1,pedestrian right of way,vehicle/pedestrian,yes,no,no,1,0,0,0,0,0,Passenger Car/Station Wagon,SAN LUIS OBISPO
9577138,2023-04-17,4,18,1,minor injury,0,1,unknown,head-on,yes,no,no,1,0,0,0,0,0,Pedestrian,SAN LUIS OBISPO