CASE_ID,COLLISION_DATE,MONTH,HOUR,DAY_OF_WEEK,COLLISION_SEVERITY,NUMBER_KILLED,NUMBER_INJURED,PCF_VIOL_CATEGORY,TYPE_OF_COLLISION,PEDESTRIAN_ACCIDENT,BICYCLE_ACCIDENT,MOTORCYCLE_ACCIDENT,COUNT_PED_INJURED,COUNT_BICYCLIST_INJURED,COUNT_MC_INJURED,COUNT_PED_KILLED,COUNT_BICYCLIST_KILLED,COUNT_MC_KILLED,STWD_VEHTYPE_AT_FAULT,COUNTY
9583071,2023-05-03,5,17,3,minor injury,0,2,unsafe speed,rear end,no,no,no,0,0,0,0,0,0,Passenger Car/Station Wagon,RIVERSIDE
9583072,2023-04-18,4,22,2,minor injury,0,1,unknown,unknown,no,no,no,0,0,0,0,0,0,Not Stated,LOS ANGELES
9583079,2023-05-16,5,10,2,possible injury,0,1,improper passing,sideswipe,no,no,no,0,0,0,0,0,0,Passenger Car/Station Wagon,LOS ANGELES
9583083,2023-05-07,5,12,7,possible injury,0,1,unknown,broadside,no,yes,no,0,1,0,0,0,0,Not Stated,ALAMEDA
9583085,2023-04-26,4,6,3,possible injury,0,1,unsafe speed,rear end,no,no,no,0,0,0,0,0,0,Pickup or Panel Truck,SANTA BARBARA
9583089,2023-04-20,4,18,4,minor injury,0,1,improper turning,sideswipe,no,no,no,0,0,0,0,0,0,Passenger Car/Station Wagon,SANTA BARBARA
9583092,2023-04-21,4,20,5,possible injury,0,2,DUI,head-on,no,no,no,0,0,0,0,0,0,Pickup or Panel Truck,LOS ANGELES
9583093,2023-04-24,4,13,1,minor injury,0,1,automobile right of way,head-on,no,yes,no,0,1,0,0,0,0,Pickup or Panel Truck,SANTA BARBARA
9583097,2023-05-15,5,14,1,possible injury,0,1,improper turning,sideswipe,no,no,no,0,0,0,0,0,0,Passenger Car/Station Wagon,YOLO
9583101,2023-05-28,5,8,7,possible injury,0,2,unsafe speed,rear end,no,no,no,0,0,0,0,0,0,Pickup or Panel Truck,LOS ANGELES
9583105,2023-05-24,5,10,3,possible injury,0,2,automobile right of way,head-on,no,no,no,0,0,0,0,0,0,Pickup or Panel Truck,ORANGE
9583106,2023-05-09,5,17,2,severe injury,0,1,DUI,rear end,no,no,no,0,0,0,0,0,0,Passenger Car/Station Wagon,ALAMEDA
9583109,2023-05-13,5,14,6,possible injury,0,1,traffic signs,broadside,no,no,no,0,0,0,0,0,0,Passenger Car/Station Wagon,LOS ANGELES
9583116,2023-03-18,3,7,6,severe injury,0,1,automobile right of way,broadside,no,no,yes,0,0,1,0,0,0,Pickup or Panel Truck,LOS ANGELES
9583118,2023-02-12,2,12,7,possible injury,0,1,automobile right of way,broadside,no,no,no,0,0,0,0,0,0,Passenger Car/Station Wagon,ALAMEDA
9583121,2023-06-04,6,18,7,possible injury,0,2,other equipment,broadside,no,no,no,0,0,0,0,0,0,Passenger Car/Station Wagon,LOS ANGELES
9583122,2023-06-07,6,22,3,possible injury,0,2,automobile right of way,broadside,no,no,no,0,0,0,0,0,0,Passenger Car/Station Wagon,LOS ANGELES
9583123,2023-06-07,6,17,3,minor injury,0,1,automobile right of way,sideswipe,no,no,no,0,0,0,0,0,0,Passenger Car/Station Wagon,LOS ANGELES
9583124,2023-06-09,6,15,5,minor injury,0,1,following too closely,rear end,no,no,yes,0,0,1,0,0,0,Motorcycle/Scooter,TEHAMA
9583125,2023-06-18,6,10,7,minor injury,0,1,traffic signs,other,no,yes,no,0,1,0,0,0,0,Bicycle,SAN DIEGO
9583126,2023-06-12,6,15,1,minor injury,0,1,unsafe speed,other,no,yes,no,0,1,0,0,0,0,Bicycle,SAN DIEGO
9583127,2023-06-03,6,10,6,possible injury,0,1,automobile right of way,broadside,no,no,no,0,0,0,0,0,0,Passenger Car/Station Wagon,SAN BERNARDINO
9583128,2023-06-01,6,18,4,possible injury,0,1,automobile right of way,head-on,no,no,no,0,0,0,0,0,0,Passenger Car/Station Wagon,SAN BERNARDINO
9583129,2023-06-05,6,11,1,possible injury,0,1,improper turning,rear end,no,no,no,0,0,0,0,0,0,Passenger Car/Station Wagon,SAN BERNARDINO
9583130,2023-06-02,6,5,5,minor injury,0,1,DUI,hit object,no,no,no,0,0,0,0,0,0,Passenger Car/Station Wagon,SAN BERNARDINO
9583131,2023-06-02,6,10,5,possible injury,0,1,improper passing,broadside,no,no,no,0,0,0,0,0,0,Passenger Car/Station Wagon,SAN BERNARDINO
9583132,2023-06-09,6,22,5,possible injury,0,1,DUI,sideswipe,no,no,no,0,0,0,0,0,0,Passenger Car/Station Wagon,SAN DIEGO
9583133,2023-06-12,6,18,1,minor injury,0,3,automobile right of way,broadside,no,no,no,0,0,0,0,0,0,Passenger Car/Station Wagon,SAN BERNARDINO
9583134,2023-06-05,6,2,1,possible injury,0,1,unsafe speed,hit object,no,no,no,0,0,0,0,0,0,Passenger Car/Station Wagon,SAN BERNARDINO
9583135,2023-06-07,6,7,3,possible injury,0,1,traffic signs,broadside,no,yes,no,0,1,0,0,0,0,Passenger Car/Station Wagon,SAN DIEGO
9583136,2023-06-03,6,14,6,possible injury,0,1,automobile right of way,broadside,no,no,no,0,0,0,0,0,0,Passenger Car/Station Wagon,SAN DIEGO
9583137,2023-06-03,6,3,6,possible injury,0,1,DUI,overturned,no,no,no,0,0,0,0,0,0,Passenger Car/Station Wagon,SAN DIEGO
9583138,2023-06-11,6,17,7,possible injury,0,1,automobile right of way,broadside,no,no,no,0,0,0,0,0,0,Passenger Car/Station Wagon,SAN DIEGO
9583139,2023-06-07,6,20,3,possible injury,0,1,traffic signs,broadside,no,no,no,0,0,0,0,0,0,Passenger Car/Station Wagon,SAN DIEGO
9583140,2023-06-06,6,8,2,possible injury,0,1,improper turning,sideswipe,no,no,no,0,0,0,0,0,0,Passenger Car/Station Wagon,SAN DIEGO
9583141,2023-06-06,6,15,2,minor injury,0,1,unsafe speed,broadside,no,no,no,0,0,0,0,0,0,Passenger Car/Station Wagon,LOS ANGELES
9583142,2023-06-15,6,16,4,possible injury,0,2,traffic signs,broadside,no,no,no,0,0,0,0,0,0,Passenger Car/Station Wagon,LOS ANGELES
9583144,2023-06-16,6,16,5,possible injury,0,1,unsafe speed,sideswipe,no,no,no,0,0,0,0,0,0,Passenger Car/Station Wagon,LOS ANGELES
9583145,2023-06-03,6,3,6,possible injury,0,1,automobile right of way,vehicle/pedestrian,no,yes,no,0,1,0,0,0,0,Passenger Car/Station Wagon,ORANGE
9583146,2023-06-03,6,14,6,possible injury,0,1,automobile right of way,broadside,no,no,no,0,0,0,0,0,0,Passenger Car/Station Wagon,ORANGE
9583147,2023-06-14,6,17,3,minor injury,0,2,traffic signs,head-on,no,no,no,0,0,0,0,0,0,Passenger Car/Station Wagon,ORANGE
9583148,2023-06-09,6,23,5,possible injury,0,1,DUI,sideswipe,no,no,no,0,0,0,0,0,0,Passenger Car/Station Wagon,ORANGE
9583152,2023-06-10,6,16,6,possible injury,0,1,improper turning,hit object,no,no,no,0,0,0,0,0,0,Passenger Car/Station Wagon,LOS ANGELES
9583153,2023-06-06,6,9,2,possible injury,0,1,traffic signs,broadside,no,no,no,0,0,0,0,0,0,Passenger Car/Station Wagon,LOS ANGELES
9583154,2023-06-10,6,16,6,possible injury,0,1,other hazardous violation,hit object,no,no,yes,0,0,1,0,0,0,Motorcycle/Scooter,LOS ANGELES
9583156,2023-05-01,5,9,1,minor injury,0,1,improper turning,sideswipe,yes,no,no,1,0,0,0,0,0,Passenger Car/Station Wagon,LOS ANGELES
9583157,2023-05-09,5,21,2,possible injury,0,1,traffic signs,broadside,no,no,no,0,0,0,0,0,0,Passenger Car/Station Wagon,LOS ANGELES
9583158,2023-05-05,5,18,5,possible injury,0,3,following too closely,rear end,no,no,no,0,0,0,0,0,0,Not Stated,LOS ANGELES
9583159,2023-05-18,5,21,4,minor injury,0,1,following too closely,sideswipe,no,no,yes,0,0,1,0,0,0,Motorcycle/Scooter,LOS ANGELES
9583160,2023-05-18,5,18,4,minor injury,0,5,unsafe speed,rear end,no,no,no,0,0,0,0,0,0,Passenger Car/Station Wagon,LOS ANGELES
9583161,2023-05-04,5,14,4,minor injury,0,3,traffic signs,head-on,no,no,no,0,0,0,0,0,0,Passenger Car/Station Wagon,LOS ANGELES
9583162,2023-05-27,5,15,6,severe injury,0,1,unsafe speed,unknown,no,no,yes,0,0,1,0,0,0,Motorcycle/Scooter,LOS ANGELES
9583163,2023-05-27,5,19,6,possible injury,0,1,traffic signs,unknown,no,no,no,0,0,0,0,0,0,Passenger Car/Station Wagon,LOS ANGELES
9583164,2023-05-27,5,22,6,severe injury,0,1,pedestrian right of way,vehicle/pedestrian,yes,no,no,1,0,0,0,0,0,Passenger Car/Station Wagon,LOS ANGELES
9583165,2023-05-26,5,19,5,possible injury,0,3,unsafe lane change,broadside,no,no,no,0,0,0,0,0,0,Passenger Car/Station Wagon,LOS ANGELES
9583166,2023-05-04,5,15,4,possible injury,0,1,traffic signs,broadside,no,no,no,0,0,0,0,0,0,Passenger Car/Station Wagon,LOS ANGELES
9583167,2023-05-12,5,18,5,minor injury,0,1,automobile right of way,broadside,no,no,no,0,0,0,0,0,0,Not Stated,LOS ANGELES
9583168,2023-05-10,5,10,3,possible injury,0,1,automobile right of way,broadside,no,no,no,0,0,0,0,0,0,Passenger Car/Station Wagon,LOS ANGELES
9583169,2023-05-09,5,20,2,possible injury,0,2,traffic signs,broadside,no,no,no,0,0,0,0,0,0,Passenger Car/Station Wagon,LOS ANGELES
9583170,2023-05-17,5,18,3,severe injury,0,2,unsafe speed,broadside,no,yes,no,0,2,0,0,0,0,Not Stated,SANTA CRUZ
9583171,2023-05-27,5,21,6,severe injury,0,1,unknown,hit object,no,no,no,0,0,0,0,0,0,Not Stated,SANTA BARBARA
9583172,2023-05-27,5,12,6,possible injury,0,2,unsafe speed,rear end,no,no,no,0,0,0,0,0,0,Passenger Car/Station Wagon,ALAMEDA
9583173,2023-05-27,5,3,6,minor injury,0,1,DUI,sideswipe,no,no,no,0,0,0,0,0,0,Passenger Car/Station Wagon,KERN
9583174,2023-05-20,5,13,6,minor injury,0,3,unsafe speed,overturned,no,no,no,0,0,0,0,0,0,Passenger Car/Station Wagon,KERN
9583201,2023-06-01,6,13,4,severe injury,0,1,unsafe speed,rear end,no,no,no,0,0,0,0,0,0,Passenger Car/Station Wagon,CONTRA COSTA
9583202,2023-06-13,6,13,2,possible injury,0,1,improper turning,other,no,yes,no,0,1,0,0,0,0,Passenger Car/Station Wagon,CONTRA COSTA
9583203,2023-06-07,6,17,3,severe injury,0,1,automobile right of way,broadside,no,no,no,0,0,0,0,0,0,Passenger Car/Station Wagon,CONTRA COSTA
9583204,2023-06-06,6,7,2,possible injury,0,1,improper turning,other,no,yes,no,0,1,0,0,0,0,Passenger Car/Station Wagon,CONTRA COSTA
9583205,2023-06-22,6,10,4,possible injury,0,1,improper turning,broadside,no,no,no,0,0,0,0,0,0,Passenger Car/Station Wagon,SAN DIEGO
9583206,2023-06-22,6,23,4,possible injury,0,1,unsafe speed,rear end,no,no,no,0,0,0,0,0,0,Passenger Car/Station Wagon,SAN DIEGO
9583207,2023-06-22,6,17,4,minor injury,0,1,automobile right of way,broadside,no,no,no,0,0,0,0,0,0,Passenger Car/Station Wagon,SAN DIEGO
9583208,2023-06-22,6,14,4,minor injury,0,1,traffic signs,overturned,no,no,no,0,0,0,0,0,0,Passenger Car/Station Wagon,SAN DIEGO
9583210,2023-06-22,6,4,4,possible injury,0,1,improper turning,hit object,no,no,no,0,0,0,0,0,0,Passenger Car/Station Wagon,SAN DIEGO
9583211,2023-06-21,6,23,3,possible injury,0,1,improper turning,rear end,no,no,no,0,0,0,0,0,0,Not Stated,SAN DIEGO
9583212,2023-06-21,6,21,3,minor injury,0,1,pedestrian violation,vehicle/pedestrian,yes,no,no,1,0,0,0,0,0,Pedestrian,SAN DIEGO
9583213,2023-06-21,6,10,3,possible injury,0,2,unsafe lane change,broadside,no,no,no,0,0,0,0,0,0,Passenger Car/Station Wagon,SAN DIEGO
9583214,2023-05-23,5,4,2,severe injury,0,1,unknown,rear end,no,yes,no,0,1,0,0,0,0,Not Stated,CONTRA COSTA
9583215,2023-05-24,5,17,3,minor injury,0,3,automobile right of way,broadside,no,no,no,0,0,0,0,0,0,Passenger Car/Station Wagon,CONTRA COSTA
9583216,2023-05-24,5,13,3,minor injury,0,1,unsafe speed,rear end,no,no,no,0,0,0,0,0,0,Passenger Car/Station Wagon,CONTRA COSTA
9583217,2023-05-26,5,8,5,minor injury,0,1,improper turning,broadside,no,yes,no,0,1,0,0,0,0,Passenger Car/Station Wagon,CONTRA COSTA
9583218,2023-05-18,5,14,4,possible injury,0,1,automobile right of way,sideswipe,no,no,no,0,0,0,0,0,0,Passenger Car/Station Wagon,CONTRA COSTA
9583219,2023-05-30,5,7,2,minor injury,0,2,unsafe speed,sideswipe,no,no,no,0,0,0,0,0,0,Passenger Car/Station Wagon,CONTRA COSTA
9583220,2023-05-21,5,2,7,minor injury,0,1,unsafe speed,hit object,no,no,no,0,0,0,0,0,0,Passenger Car/Station Wagon,CONTRA COSTA
9583221,2023-05-25,5,14,4,minor injury,0,2,unsafe speed,rear end,no,no,no,0,0,0,0,0,0,Pickup or Panel Truck,CONTRA COSTA
9583222,2023-05-13,5,14,6,possible injury,0,1,unknown,sideswipe,no,no,no,0,0,0,0,0,0,Not Stated,LOS ANGELES
9583223,2023-05-08,5,15,1,minor injury,0,2,automobile right of way,broadside,no,no,no,0,0,0,0,0,0,Passenger Car/Station Wagon,LOS ANGELES
9583224,2023-05-25,5,1,4,possible injury,0,2,wrong side of road,overturned,no,no,no,0,0,0,0,0,0,Passenger Car/Station Wagon,SAN BERNARDINO
9583225,2023-05-23,5,22,2,possible injury,0,2,wrong side of road,hit object,no,no,no,0,0,0,0,0,0,Passenger Car/Station Wagon,SAN BERNARDINO
9583226,2023-05-21,5,23,7,possible injury,0,1,wrong side of road,other,no,no,no,0,0,0,0,0,0,Passenger Car/Station Wagon,SAN BERNARDINO
9583227,2023-05-15,5,19,1,possible injury,0,2,traffic signs,broadside,no,no,no,0,0,0,0,0,0,Passenger Car/Station Wagon,ORANGE
9583228,2023-05-26,5,14,5,possible injury,0,1,unsafe speed,rear end,no,no,no,0,0,0,0,0,0,Passenger Car/Station Wagon,ORANGE
9583229,2023-05-17,5,19,3,possible injury,0,1,traffic signs,broadside,no,no,no,0,0,0,0,0,0,Passenger Car/Station Wagon,ORANGE
9583230,2023-05-23,5,19,2,minor injury,0,1,unsafe speed,other,no,no,yes,0,0,1,0,0,0,Motorcycle/Scooter,SAN BERNARDINO
9583232,2023-05-18,5,18,4,possible injury,0,1,DUI,sideswipe,no,no,no,0,0,0,0,0,0,Passenger Car/Station Wagon,SAN DIEGO
9583233,2023-05-15,5,17,1,possible injury,0,2,other hazardous violation,broadside,no,no,no,0,0,0,0,0,0,Passenger Car/Station Wagon,SAN DIEGO
9583234,2023-05-28,5,10,7,possible injury,0,1,unsafe speed,hit object,no,no,yes,0,0,1,0,0,0,Motorcycle/Scooter,SAN DIEGO
9583235,2023-05-30,5,23,2,possible injury,0,3,automobile right of way,broadside,no,no,no,0,0,0,0,0,0,Passenger Car/Station Wagon,SAN DIEGO
9583236,2023-05-03,5,8,3,possible injury,0,1,unknown,broadside,no,no,no,0,0,0,0,0,0,Not Stated,SAN DIEGO
9583237,2023-05-22,5,22,1,minor injury,0,1,unsafe speed,rear end,no,no,no,0,0,0,0,0,0,Passenger Car/Station Wagon,SAN BERNARDINO
9583238,2023-05-24,5,18,3,minor injury,0,3,unsafe speed,rear end,no,no,no,0,0,0,0,0,0,Passenger Car/Station Wagon,SAN BERNARDINO
9583239,2023-05-31,5,12,3,minor injury,0,1,automobile right of way,broadside,no,no,no,0,0,0,0,0,0,Passenger Car/Station Wagon,SAN BERNARDINO
9583240,2023-05-16,5,21,2,minor injury,0,1,unknown,vehicle/pedestrian,yes,no,no,1,0,0,0,0,0,Passenger Car/Station Wagon,SAN BERNARDINO
9583241,2023-05-29,5,21,1,possible injury,0,2,DUI,broadside,no,no,no,0,0,0,0,0,0,Passenger Car/Station Wagon,SAN BERNARDINO
9583242,2023-05-29,5,19,1,minor injury,0,1,DUI,overturned,no,no,no,0,0,0,0,0,0,Passenger Car/Station Wagon,SAN BERNARDINO
9583244,2023-05-21,5,22,7,possible injury,0,2,traffic signs,broadside,no,no,no,0,0,0,0,0,0,Passenger Car/Station Wagon,SAN BERNARDINO
9583245,2023-05-08,5,15,1,minor injury,0,2,improper turning,broadside,no,no,no,0,0,0,0,0,0,Passenger Car/Station Wagon,CONTRA COSTA
9583246,2023-05-09,5,14,2,possible injury,0,1,traffic signs,other,no,no,no,0,0,0,0,0,0,Passenger Car/Station Wagon,CONTRA COSTA
9583261,2023-06-12,6,7,1,minor injury,0,1,other hazardous violation,broadside,no,no,yes,0,0,1,0,0,0,Motorcycle/Scooter,CONTRA COSTA
9583262,2023-06-22,6,17,4,possible injury,0,1,automobile right of way,broadside,no,no,no,0,0,0,0,0,0,Passenger Car/Station Wagon,LOS ANGELES
9583263,2023-06-21,6,22,3,possible injury,0,2,improper turning,broadside,no,no,no,0,0,0,0,0,0,Passenger Car/Station Wagon,LOS ANGELES
9583264,2023-06-20,6,7,2,possible injury,0,3,traffic signs,broadside,no,no,no,0,0,0,0,0,0,Passenger Car/Station Wagon,LOS ANGELES
9583265,2023-06-09,6,18,5,possible injury,0,1,unknown,rear end,no,no,no,0,0,0,0,0,0,Not Stated,LOS ANGELES
9583266,2023-06-07,6,10,3,possible injury,0,2,unknown,broadside,no,no,no,0,0,0,0,0,0,Passenger Car/Station Wagon,LOS ANGELES
9583267,2023-06-05,6,16,1,possible injury,0,1,wrong side of road,broadside,no,yes,no,0,1,0,0,0,0,Bicycle,FRESNO
9583268,2023-06-05,6,20,1,possible injury,0,1,unsafe speed,rear end,no,no,no,0,0,0,0,0,0,Passenger Car/Station Wagon,FRESNO
9583269,2023-06-22,6,16,4,minor injury,0,1,unsafe speed,broadside,no,no,no,0,0,0,0,0,0,Passenger Car/Station Wagon,ORANGE
9583270,2023-06-17,6,16,6,possible injury,0,1,automobile right of way,broadside,no,no,no,0,0,0,0,0,0,Passenger Car/Station Wagon,LOS ANGELES
9583271,2023-06-22,6,11,4,possible injury,0,2,unsafe speed,rear end,no,no,no,0,0,0,0,0,0,Passenger Car/Station Wagon,LOS ANGELES
9583272,2023-06-10,6,3,6,minor injury,0,1,unknown,hit object,no,no,no,0,0,0,0,0,0,Not Stated,LOS ANGELES
9583273,2023-06-21,6,0,3,possible injury,0,1,unsafe starting or backing,rear end,no,no,no,0,0,0,0,0,0,Passenger Car/Station Wagon,LOS ANGELES
9583274,2023-06-09,6,21,5,possible injury,0,1,unknown,rear end,no,no,no,0,0,0,0,0,0,Not Stated,LOS ANGELES
9583275,2023-06-10,6,17,6,minor injury,0,1,unknown,rear end,no,no,no,0,0,0,0,0,0,Not Stated,LOS ANGELES
9583276,2023-06-25,6,10,7,possible injury,0,4,unsafe speed,rear end,yes,no,no,1,0,0,0,0,0,Passenger Car/Station Wagon,LOS ANGELES
9583278,2023-06-20,6,12,2,minor injury,0,1,improper turning,head-on,no,no,no,0,0,0,0,0,0,Passenger Car/Station Wagon,CONTRA COSTA
9583279,2023-06-13,6,21,2,minor injury,0,1,unsafe speed,rear end,no,no,no,0,0,0,0,0,0,Passenger Car/Station Wagon,CONTRA COSTA
9583280,2023-06-12,6,21,1,severe injury,0,2,unsafe speed,head-on,yes,yes,no,1,1,0,0,0,0,Bicycle,CONTRA COSTA
9583281,2023-06-04,6,13,7,possible injury,0,1,automobile right of way,broadside,no,no,no,0,0,0,0,0,0,Passenger Car/Station Wagon,FRESNO
9583282,2023-06-03,6,23,6,possible injury,0,2,traffic signs,broadside,no,no,no,0,0,0,0,0,0,Passenger Car/Station Wagon,FRESNO
9583283,2023-06-13,6,13,2,possible injury,0,1,unsafe speed,rear end,no,no,no,0,0,0,0,0,0,Passenger Car/Station Wagon,FRESNO
9583284,2023-06-15,6,12,4,minor injury,0,1,pedestrian right of way,vehicle/pedestrian,yes,no,no,1,0,0,0,0,0,Passenger Car/Station Wagon,LOS ANGELES
9583285,2023-06-16,6,10,5,minor injury,0,1,traffic signs,unknown,no,no,no,0,0,0,0,0,0,Not Stated,LOS ANGELES
9583287,2023-06-07,6,23,3,possible injury,0,1,unsafe speed,rear end,no,no,no,0,0,0,0,0,0,Passenger Car/Station Wagon,LOS ANGELES
9583288,2023-06-21,6,21,3,minor injury,0,1,unsafe speed,broadside,no,no,no,0,0,0,0,0,0,Passenger Car/Station Wagon,LOS ANGELES
9583289,2023-06-28,6,8,3,possible injury,0,1,following too closely,rear end,no,no,no,0,0,0,0,0,0,Passenger Car/Station Wagon,SAN DIEGO
9583290,2023-06-29,6,12,4,possible injury,0,1,following too closely,rear end,no,no,no,0,0,0,0,0,0,Passenger Car/Station Wagon,SAN DIEGO
9583291,2023-06-25,6,12,7,possible injury,0,3,traffic signs,broadside,no,no,no,0,0,0,0,0,0,Passenger Car/Station Wagon,SAN DIEGO
9583292,2023-06-23,6,19,5,possible injury,0,1,pedestrian violation,vehicle/pedestrian,yes,no,no,1,0,0,0,0,0,Pedestrian,SAN DIEGO
9583293,2023-06-29,6,14,4,possible injury,0,1,improper turning,sideswipe,no,no,no,0,0,0,0,0,0,Passenger Car/Station Wagon,SAN DIEGO
9583294,2023-06-26,6,14,1,minor injury,0,1,automobile right of way,sideswipe,no,yes,no,0,1,0,0,0,0,Not Stated,SAN DIEGO
9583295,2023-06-21,6,19,3,possible injury,0,1,improper turning,sideswipe,no,no,no,0,0,0,0,0,0,Passenger Car/Station Wagon,SAN DIEGO
9583296,2023-06-09,6,10,5,minor injury,0,2,improper turning,head-on,no,no,no,0,0,0,0,0,0,Not Stated,SAN DIEGO
9583297,2023-06-26,6,20,1,severe injury,0,1,unsafe lane change,sideswipe,no,yes,no,0,1,0,0,0,0,Not Stated,SAN DIEGO
9583298,2023-06-29,6,16,4,possible injury,0,1,unsafe speed,sideswipe,no,no,no,0,0,0,0,0,0,Passenger Car/Station Wagon,SAN DIEGO
9583299,2023-06-30,6,10,5,minor injury,0,1,unsafe lane change,rear end,no,yes,no,0,1,0,0,0,0,Bicycle,SAN DIEGO
9583300,2023-06-29,6,20,4,possible injury,0,1,unsafe speed,rear end,no,no,no,0,0,0,0,0,0,Not Stated,SAN DIEGO
9583301,2023-06-13,6,9,2,possible injury,0,2,improper turning,sideswipe,no,no,no,0,0,0,0,0,0,Passenger Car/Station Wagon,LOS ANGELES
9583302,2023-06-15,6,8,4,possible injury,0,1,automobile right of way,broadside,no,no,no,0,0,0,0,0,0,Passenger Car/Station Wagon,LOS ANGELES
9583303,2023-06-16,6,21,5,possible injury,0,1,unsafe lane change,sideswipe,no,yes,no,0,1,0,0,0,0,Passenger Car/Station Wagon,LOS ANGELES
9583304,2023-06-09,6,20,5,possible injury,0,2,unknown,rear end,no,no,no,0,0,0,0,0,0,Not Stated,LOS ANGELES
9583305,2023-06-21,6,18,3,possible injury,0,1,automobile right of way,broadside,no,no,no,0,0,0,0,0,0,Passenger Car/Station Wagon,SAN BERNARDINO
9583306,2023-06-19,6,23,1,minor injury,0,1,DUI,hit object,no,no,no,0,0,0,0,0,0,Passenger Car/Station Wagon,MONTEREY
9583307,2023-06-06,6,19,2,possible injury,0,1,unsafe speed,broadside,no,no,no,0,0,0,0,0,0,Passenger Car/Station Wagon,MONTEREY
9583308,2023-06-21,6,14,3,minor injury,0,2,automobile right of way,broadside,no,no,no,0,0,0,0,0,0,Passenger Car/Station Wagon,MERCED
9583309,2023-06-14,6,22,3,minor injury,0,1,improper turning,head-on,no,no,no,0,0,0,0,0,0,Passenger Car/Station Wagon,MERCED
9583310,2023-06-03,6,12,6,minor injury,0,1,improper turning,vehicle/pedestrian,no,no,no,0,0,0,0,0,0,Passenger Car/Station Wagon,LOS ANGELES
9583311,2023-06-18,6,15,7,possible injury,0,1,unsafe speed,rear end,no,no,no,0,0,0,0,0,0,Passenger Car/Station Wagon,ORANGE
9583312,2023-06-02,6,13,5,minor injury,0,1,automobile right of way,broadside,no,yes,no,0,1,0,0,0,0,Bicycle,ORANGE
9583313,2023-06-11,6,22,7,minor injury,0,1,unsafe speed,rear end,no,no,no,0,0,0,0,0,0,Passenger Car/Station Wagon,ORANGE
9583314,2023-06-29,6,18,4,minor injury,0,1,pedestrian violation,vehicle/pedestrian,yes,no,no,1,0,0,0,0,0,Pedestrian,SAN DIEGO
9583315,2023-06-30,6,17,5,possible injury,0,1,following too closely,rear end,no,no,no,0,0,0,0,0,0,Not Stated,SAN DIEGO
9583316,2023-06-30,6,15,5,minor injury,0,1,unsafe starting or backing,hit object,no,no,no,0,0,0,0,0,0,Passenger Car/Station Wagon,SAN DIEGO
9583317,2023-06-30,6,15,5,possible injury,0,1,unknown,broadside,no,no,no,0,0,0,0,0,0,Not Stated,SAN DIEGO
9583318,2023-06-30,6,18,5,possible injury,0,1,pedestrian right of way,vehicle/pedestrian,yes,no,no,1,0,0,0,0,0,Passenger Car/Station Wagon,SAN DIEGO
9583319,2023-06-30,6,9,5,possible injury,0,1,traffic signs,broadside,no,no,no,0,0,0,0,0,0,Passenger Car/Station Wagon,SAN DIEGO
9583324,2023-05-07,5,5,7,possible injury,0,1,unsafe speed,hit object,no,no,no,0,0,0,0,0,0,Passenger Car/Station Wagon,CONTRA COSTA
9583332,2023-05-23,5,6,2,possible injury,0,3,traffic signs,broadside,no,no,no,0,0,0,0,0,0,Passenger Car/Station Wagon,STANISLAUS
9583398,2023-06-20,6,22,2,minor injury,0,1,unknown,broadside,no,no,no,0,0,0,0,0,0,Not Stated,SAN DIEGO
9583399,2023-06-30,6,20,5,possible injury,0,1,automobile right of way,broadside,no,no,no,0,0,0,0,0,0,Passenger Car/Station Wagon,SAN DIEGO
9583400,2023-06-19,6,9,1,possible injury,0,1,unsafe starting or backing,vehicle/pedestrian,yes,no,no,1,0,0,0,0,0,Passenger Car/Station Wagon,LOS ANGELES
9583401,2023-06-27,6,9,2,minor injury,0,1,unsafe speed,hit object,no,no,no,0,0,0,0,0,0,Passenger Car/Station Wagon,SAN LUIS OBISPO
9583402,2023-06-07,6,7,3,minor injury,0,1,automobile right of way,broadside,no,no,no,0,0,0,0,0,0,Passenger Car/Station Wagon,LOS ANGELES
9583403,2023-06-02,6,21,5,minor injury,0,2,pedestrian right of way,vehicle/pedestrian,yes,no,no,2,0,0,0,0,0,Passenger Car/Station Wagon,LOS ANGELES
9583404,2023-06-02,6,20,5,possible injury,0,1,unsafe speed,sideswipe,no,no,no,0,0,0,0,0,0,Passenger Car/Station Wagon,LOS ANGELES
9583405,2023-06-02,6,19,5,minor injury,0,3,traffic signs,broadside,no,no,no,0,0,0,0,0,0,Not Stated,LOS ANGELES
9583406,2023-06-18,6,17,7,minor injury,0,2,automobile right of way,broadside,no,no,no,0,0,0,0,0,0,Passenger Car/Station Wagon,LOS ANGELES
9583407,2023-06-14,6,3,3,minor injury,0,1,improper turning,hit object,no,no,no,0,0,0,0,0,0,Passenger Car/Station Wagon,LOS ANGELES
9583408,2023-06-16,6,16,5,minor injury,0,1,unknown,broadside,no,no,no,0,0,0,0,0,0,Not Stated,LOS ANGELES
9583409,2023-06-12,6,11,1,minor injury,0,1,unsafe speed,rear end,no,no,no,0,0,0,0,0,0,Passenger Car/Station Wagon,LOS ANGELES
9583411,2023-06-19,6,6,1,minor injury,0,1,improper turning,hit object,no,no,no,0,0,0,0,0,0,Passenger Car/Station Wagon,LOS ANGELES
9583412,2023-06-21,6,11,3,severe injury,0,1,automobile right of way,broadside,no,yes,no,0,1,0,0,0,0,Bicycle,ORANGE
9583413,2023-06-02,6,12,5,possible injury,0,4,automobile right of way,broadside,no,no,no,0,0,0,0,0,0,Passenger Car/Station Wagon,SAN BERNARDINO