CASE_ID,COLLISION_DATE,MONTH,HOUR,DAY_OF_WEEK,COLLISION_SEVERITY,NUMBER_KILLED,NUMBER_INJURED,PCF_VIOL_CATEGORY,TYPE_OF_COLLISION,PEDESTRIAN_ACCIDENT,BICYCLE_ACCIDENT,MOTORCYCLE_ACCIDENT,COUNT_PED_INJURED,COUNT_BICYCLIST_INJURED,COUNT_MC_INJURED,COUNT_PED_KILLED,COUNT_BICYCLIST_KILLED,COUNT_MC_KILLED,STWD_VEHTYPE_AT_FAULT,COUNTY
9583799,2023-07-13,7,16,4,possible injury,0,1,unsafe speed,hit object,no,no,yes,0,0,1,0,0,0,Motorcycle/Scooter,ORANGE
9583801,2023-06-26,6,17,1,possible injury,0,1,unsafe speed,rear end,no,no,no,0,0,0,0,0,0,Passenger Car/Station Wagon,SANTA BARBARA
9583803,2023-07-16,7,22,7,possible injury,0,2,unsafe speed,rear end,no,no,no,0,0,0,0,0,0,Not Stated,SAN BERNARDINO
9583805,2023-06-18,6,15,7,minor injury,0,1,unsafe speed,rear end,no,no,no,0,0,0,0,0,0,Passenger Car/Station Wagon,SAN MATEO
9583807,2023-07-18,7,11,2,possible injury,0,1,traffic signs,broadside,no,no,no,0,0,0,0,0,0,Passenger Car/Station Wagon,SANTA CRUZ
9583809,2023-07-12,7,7,3,possible injury,0,1,unknown,rear end,no,no,no,0,0,0,0,0,0,Passenger Car/Station Wagon,SAN DIEGO
9583811,2023-07-04,7,21,2,severe injury,0,1,unsafe speed,overturned,no,no,yes,0,0,1,0,0,0,Motorcycle/Scooter,SAN DIEGO
9583813,2023-07-08,7,12,6,minor injury,0,3,following too closely,rear end,no,no,no,0,0,0,0,0,0,Passenger Car/Station Wagon,SAN DIEGO
9583815,2023-07-13,7,22,4,possible injury,0,2,improper turning,sideswipe,no,no,no,0,0,0,0,0,0,Passenger Car/Station Wagon,LOS ANGELES
9583817,2023-07-09,7,19,7,minor injury,0,1,automobile right of way,broadside,no,no,no,0,0,0,0,0,0,Passenger Car/Station Wagon,LOS ANGELES
9583819,2023-07-10,7,10,1,possible injury,0,1,improper turning,sideswipe,no,no,yes,0,0,1,0,0,0,Passenger Car/Station Wagon,ORANGE
9583821,2023-07-11,7,8,2,possible injury,0,1,traffic signs,head-on,no,no,no,0,0,0,0,0,0,Not Stated,LOS ANGELES
9583823,2023-07-10,7,16,1,minor injury,0,4,traffic signs,broadside,no,no,no,0,0,0,0,0,0,Passenger Car/Station Wagon,ORANGE
9583825,2023-07-03,7,16,1,possible injury,0,1,following too closely,rear end,no,no,no,0,0,0,0,0,0,Not Stated,SAN BERNARDINO
9583826,2023-07-03,7,6,1,possible injury,0,2,automobile right of way,broadside,no,no,no,0,0,0,0,0,0,Passenger Car/Station Wagon,LOS ANGELES
9583828,2023-07-19,7,17,3,possible injury,0,1,unsafe speed,rear end,no,no,no,0,0,0,0,0,0,Passenger Car/Station Wagon,MARIN
9583829,2023-07-16,7,9,7,minor injury,0,1,unknown,broadside,no,no,no,0,0,0,0,0,0,Not Stated,SAN DIEGO
9583833,2023-07-16,7,18,7,possible injury,0,1,other improper driving,rear end,no,no,no,0,0,0,0,0,0,Passenger Car/Station Wagon,SAN DIEGO
9583835,2023-06-03,6,17,6,possible injury,0,1,automobile right of way,broadside,no,no,no,0,0,0,0,0,0,Passenger Car/Station Wagon,LOS ANGELES
9583839,2023-06-23,6,18,5,minor injury,0,3,following too closely,rear end,no,no,no,0,0,0,0,0,0,Passenger Car/Station Wagon,LOS ANGELES
9583841,2023-07-22,7,9,6,minor injury,0,3,traffic signs,head-on,no,no,no,0,0,0,0,0,0,Pickup or Panel Truck,VENTURA
9583842,2023-07-22,7,9,6,possible injury,0,2,following too closely,rear end,no,no,no,0,0,0,0,0,0,Passenger Car/Station Wagon,VENTURA
9583843,2023-07-20,7,14,4,possible injury,0,1,following too closely,rear end,no,no,no,0,0,0,0,0,0,Pickup or Panel Truck,VENTURA
9583844,2023-07-14,7,23,5,possible injury,0,1,DUI,overturned,no,no,no,0,0,0,0,0,0,Passenger Car/Station Wagon,VENTURA
9583848,2023-07-05,7,10,3,severe injury,0,2,unsafe speed,rear end,no,no,no,0,0,0,0,0,0,Passenger Car/Station Wagon,SUTTER
9583853,2023-06-30,6,12,5,minor injury,0,1,unsafe speed,rear end,no,no,no,0,0,0,0,0,0,Pickup or Panel Truck,CONTRA COSTA
9583856,2023-06-23,6,11,5,minor injury,0,1,automobile right of way,broadside,no,yes,no,0,1,0,0,0,0,Pickup or Panel Truck,SUTTER
9583857,2023-06-04,6,12,7,minor injury,0,3,traffic signs,broadside,no,no,no,0,0,0,0,0,0,Passenger Car/Station Wagon,ALAMEDA
9583859,2023-06-23,6,1,5,minor injury,0,5,DUI,broadside,no,no,no,0,0,0,0,0,0,Passenger Car/Station Wagon,LOS ANGELES
9583863,2023-06-02,6,16,5,possible injury,0,1,automobile right of way,broadside,no,no,no,0,0,0,0,0,0,Passenger Car/Station Wagon,SAN BERNARDINO
9583865,2023-04-22,4,22,6,minor injury,0,1,traffic signs,broadside,no,no,no,0,0,0,0,0,0,Pickup or Panel Truck,SAN BERNARDINO
9583872,2023-06-09,6,8,5,minor injury,0,1,unsafe speed,rear end,no,no,no,0,0,0,0,0,0,Passenger Car/Station Wagon,LOS ANGELES
9583873,2023-06-12,6,15,1,possible injury,0,1,unsafe starting or backing,rear end,no,no,no,0,0,0,0,0,0,Passenger Car/Station Wagon,LOS ANGELES
9583874,2023-06-16,6,13,5,minor injury,0,1,pedestrian right of way,broadside,no,yes,no,0,1,0,0,0,0,Pickup or Panel Truck,LOS ANGELES
9583875,2023-06-18,6,3,7,possible injury,0,1,unsafe speed,rear end,no,no,no,0,0,0,0,0,0,Passenger Car/Station Wagon,LOS ANGELES
9583878,2023-06-24,6,9,6,possible injury,0,1,improper passing,sideswipe,no,no,no,0,0,0,0,0,0,Passenger Car/Station Wagon,ALAMEDA
9583879,2023-06-21,6,17,3,minor injury,0,1,unsafe speed,rear end,no,no,no,0,0,0,0,0,0,Pickup or Panel Truck,ALAMEDA
9583881,2023-06-15,6,11,4,minor injury,0,1,unsafe speed,rear end,no,no,no,0,0,0,0,0,0,Passenger Car/Station Wagon,ALAMEDA
9583882,2023-06-14,6,9,3,possible injury,0,1,automobile right of way,sideswipe,no,no,no,0,0,0,0,0,0,Pickup or Panel Truck,ALAMEDA
9583886,2023-06-08,6,4,4,minor injury,0,1,pedestrian violation,vehicle/pedestrian,yes,no,no,1,0,0,0,0,0,Pedestrian,ALAMEDA
9583887,2023-06-06,6,14,2,minor injury,0,1,improper turning,sideswipe,no,no,no,0,0,0,0,0,0,Passenger Car/Station Wagon,ALAMEDA
9583889,2023-07-19,7,20,3,minor injury,0,1,unsafe lane change,sideswipe,no,no,no,0,0,0,0,0,0,Passenger Car/Station Wagon,LOS ANGELES
9583890,2023-07-19,7,7,3,possible injury,0,1,DUI,rear end,no,no,no,0,0,0,0,0,0,Truck or Truck Tractor,LOS ANGELES
9583893,2023-07-23,7,15,7,possible injury,0,2,traffic signs,broadside,no,no,no,0,0,0,0,0,0,Pickup or Panel Truck,LOS ANGELES
9583894,2023-07-15,7,21,6,possible injury,0,1,DUI,rear end,no,no,no,0,0,0,0,0,0,Passenger Car/Station Wagon,LOS ANGELES
9583897,2023-06-06,6,15,2,possible injury,0,1,improper turning,sideswipe,no,no,no,0,0,0,0,0,0,Passenger Car/Station Wagon,LOS ANGELES
9583899,2023-06-13,6,11,2,possible injury,0,3,unsafe speed,rear end,no,no,no,0,0,0,0,0,0,Truck or Truck Tractor,LOS ANGELES
9583900,2023-06-26,6,6,1,possible injury,0,2,unsafe speed,rear end,no,no,no,0,0,0,0,0,0,Truck or Truck Tractor,LOS ANGELES
9583901,2023-07-30,7,18,7,possible injury,0,1,DUI,broadside,no,no,no,0,0,0,0,0,0,Pickup or Panel Truck,SANTA BARBARA
9583904,2023-07-18,7,9,2,possible injury,0,2,unsafe speed,rear end,no,no,no,0,0,0,0,0,0,Passenger Car/Station Wagon,ORANGE
9583905,2023-07-21,7,20,5,possible injury,0,1,automobile right of way,broadside,no,no,no,0,0,0,0,0,0,Passenger Car/Station Wagon,ORANGE
9583906,2023-07-26,7,18,3,minor injury,0,2,automobile right of way,broadside,no,no,no,0,0,0,0,0,0,Passenger Car/Station Wagon,ORANGE
9583908,2023-08-02,8,16,3,possible injury,0,1,following too closely,rear end,no,no,no,0,0,0,0,0,0,Truck or Truck Tractor,SAN DIEGO
9583909,2023-08-01,8,17,2,possible injury,0,1,brakes,rear end,no,no,no,0,0,0,0,0,0,Truck or Truck Tractor,SAN DIEGO
9583910,2023-07-25,7,17,2,severe injury,0,1,unsafe speed,rear end,no,yes,no,0,1,0,0,0,0,Bicycle,SAN DIEGO
9583913,2023-07-27,7,20,4,minor injury,0,1,automobile right of way,broadside,no,no,no,0,0,0,0,0,0,Passenger Car/Station Wagon,SAN BERNARDINO
9583915,2023-07-07,7,21,5,possible injury,0,1,unsafe speed,rear end,no,no,no,0,0,0,0,0,0,Not Stated,SAN BERNARDINO
9583916,2023-07-28,7,12,5,possible injury,0,1,automobile right of way,broadside,no,no,no,0,0,0,0,0,0,Pickup or Panel Truck,SANTA CRUZ
9583918,2023-07-25,7,20,2,possible injury,0,2,automobile right of way,head-on,no,no,no,0,0,0,0,0,0,Pickup or Panel Truck,SAN BERNARDINO
9583920,2023-07-31,7,17,1,minor injury,0,1,improper turning,unknown,no,no,yes,0,0,1,0,0,0,Pickup or Panel Truck,SAN BERNARDINO
9583921,2023-06-23,6,6,5,possible injury,0,4,traffic signs,broadside,no,no,no,0,0,0,0,0,0,Passenger Car/Station Wagon,LOS ANGELES
9583922,2023-06-21,6,7,3,possible injury,0,1,automobile right of way,broadside,no,no,no,0,0,0,0,0,0,Passenger Car/Station Wagon,LOS ANGELES
9583923,2023-06-19,6,15,1,possible injury,0,1,unsafe starting or backing,broadside,no,no,no,0,0,0,0,0,0,Passenger Car/Station Wagon,LOS ANGELES
9583924,2023-06-30,6,20,5,possible injury,0,1,automobile right of way,unknown,no,no,no,0,0,0,0,0,0,Passenger Car/Station Wagon,LOS ANGELES
9583925,2023-06-28,6,17,3,possible injury,0,1,unsafe speed,broadside,no,no,no,0,0,0,0,0,0,Passenger Car/Station Wagon,LOS ANGELES
9583926,2023-06-22,6,23,4,possible injury,0,1,unknown,vehicle/pedestrian,yes,no,no,1,0,0,0,0,0,Passenger Car/Station Wagon,LOS ANGELES
9583927,2023-06-23,6,15,5,minor injury,0,1,unsafe starting or backing,sideswipe,no,no,yes,0,0,1,0,0,0,Passenger Car/Station Wagon,LOS ANGELES
9583928,2023-06-24,6,16,6,possible injury,0,1,automobile right of way,sideswipe,no,yes,no,0,1,0,0,0,0,Passenger Car/Station Wagon,LOS ANGELES
9583929,2023-06-28,6,8,3,possible injury,0,1,automobile right of way,broadside,no,no,no,0,0,0,0,0,0,Passenger Car/Station Wagon,LOS ANGELES
9583930,2023-06-21,6,11,3,minor injury,0,1,traffic signs,broadside,no,no,no,0,0,0,0,0,0,Not Stated,LOS ANGELES
9583931,2023-06-19,6,11,1,possible injury,0,1,traffic signs,broadside,no,no,no,0,0,0,0,0,0,Passenger Car/Station Wagon,LOS ANGELES
9583933,2023-06-15,6,20,4,minor injury,0,1,improper turning,hit object,no,no,no,0,0,0,0,0,0,Passenger Car/Station Wagon,LOS ANGELES
9583934,2023-06-28,6,8,3,minor injury,0,2,traffic signs,broadside,no,no,no,0,0,0,0,0,0,Passenger Car/Station Wagon,LOS ANGELES
9583935,2023-06-28,6,12,3,possible injury,0,1,improper turning,vehicle/pedestrian,yes,no,no,1,0,0,0,0,0,Passenger Car/Station Wagon,LOS ANGELES
9583936,2023-06-28,6,14,3,possible injury,0,2,improper turning,head-on,no,no,no,0,0,0,0,0,0,Passenger Car/Station Wagon,LOS ANGELES
9583937,2023-06-29,6,13,4,possible injury,0,1,traffic signs,broadside,no,no,no,0,0,0,0,0,0,Passenger Car/Station Wagon,LOS ANGELES
9583938,2023-06-07,6,16,3,minor injury,0,1,improper turning,broadside,no,no,yes,0,0,1,0,0,0,Passenger Car/Station Wagon,LOS ANGELES
9583939,2023-06-09,6,9,5,minor injury,0,1,traffic signs,broadside,no,yes,no,0,1,0,0,0,0,Bicycle,LOS ANGELES
9583940,2023-06-06,6,12,2,minor injury,0,3,traffic signs,broadside,no,no,no,0,0,0,0,0,0,Passenger Car/Station Wagon,LOS ANGELES
9583941,2023-07-18,7,13,2,minor injury,0,1,automobile right of way,broadside,no,no,no,0,0,0,0,0,0,Passenger Car/Station Wagon,SAN DIEGO
9583942,2023-07-19,7,20,3,possible injury,0,1,unsafe lane change,broadside,no,no,no,0,0,0,0,0,0,Passenger Car/Station Wagon,SAN DIEGO
9583943,2023-07-19,7,9,3,minor injury,0,1,pedestrian right of way,vehicle/pedestrian,yes,no,no,1,0,0,0,0,0,Passenger Car/Station Wagon,SAN DIEGO
9583944,2023-07-19,7,22,3,minor injury,0,4,traffic signs,broadside,no,no,no,0,0,0,0,0,0,Passenger Car/Station Wagon,SAN DIEGO
9583945,2023-07-19,7,22,3,possible injury,0,1,automobile right of way,broadside,no,no,no,0,0,0,0,0,0,Passenger Car/Station Wagon,SAN DIEGO
9583946,2023-07-19,7,21,3,possible injury,0,2,improper turning,sideswipe,no,no,no,0,0,0,0,0,0,Passenger Car/Station Wagon,SAN DIEGO
9583947,2023-07-16,7,20,7,severe injury,0,1,improper turning,hit object,no,no,no,0,0,0,0,0,0,Passenger Car/Station Wagon,LOS ANGELES
9583948,2023-07-04,7,14,2,minor injury,0,1,automobile right of way,vehicle/pedestrian,yes,no,no,1,0,0,0,0,0,Pedestrian,SAN DIEGO
9583949,2023-07-19,7,8,3,minor injury,0,1,automobile right of way,broadside,no,no,no,0,0,0,0,0,0,Passenger Car/Station Wagon,SAN DIEGO
9583950,2023-07-12,7,17,3,minor injury,0,2,traffic signs,broadside,no,no,no,0,0,0,0,0,0,Not Stated,SAN DIEGO
9583951,2023-07-15,7,23,6,minor injury,0,3,automobile right of way,broadside,no,no,no,0,0,0,0,0,0,Not Stated,LOS ANGELES
9583952,2023-07-15,7,16,6,possible injury,0,1,following too closely,rear end,no,no,no,0,0,0,0,0,0,Not Stated,LOS ANGELES
9583953,2023-07-14,7,18,5,minor injury,0,1,unsafe speed,broadside,no,no,no,0,0,0,0,0,0,Not Stated,LOS ANGELES
9583954,2023-07-13,7,12,4,possible injury,0,1,automobile right of way,broadside,no,yes,no,0,1,0,0,0,0,Not Stated,LOS ANGELES
9583955,2023-07-13,7,7,4,possible injury,0,2,automobile right of way,head-on,no,no,no,0,0,0,0,0,0,Passenger Car/Station Wagon,LOS ANGELES
9583956,2023-07-12,7,20,3,minor injury,0,1,automobile right of way,head-on,no,no,yes,0,0,1,0,0,0,Passenger Car/Station Wagon,LOS ANGELES
9583957,2023-07-07,7,17,5,severe injury,0,1,unsafe speed,rear end,no,yes,no,0,1,0,0,0,0,Bicycle,LOS ANGELES
9583958,2023-07-04,7,21,2,possible injury,0,2,automobile right of way,broadside,no,no,no,0,0,0,0,0,0,Passenger Car/Station Wagon,LOS ANGELES
9583959,2023-07-02,7,19,7,possible injury,0,1,DUI,rear end,no,no,no,0,0,0,0,0,0,Passenger Car/Station Wagon,LOS ANGELES
9583961,2023-07-01,7,11,6,possible injury,0,1,DUI,hit object,no,no,no,0,0,0,0,0,0,Passenger Car/Station Wagon,ORANGE
9583962,2023-07-04,7,13,2,possible injury,0,1,improper turning,head-on,no,no,no,0,0,0,0,0,0,Passenger Car/Station Wagon,LOS ANGELES
9583963,2023-07-11,7,7,2,minor injury,0,1,unsafe speed,rear end,no,no,yes,0,0,1,0,0,0,Motorcycle/Scooter,PLACER
9583964,2023-07-05,7,2,3,minor injury,0,1,DUI,other,no,no,yes,0,0,1,0,0,0,Motorcycle/Scooter,PLACER
9583965,2023-07-03,7,14,1,possible injury,0,1,traffic signs,broadside,no,no,no,0,0,0,0,0,0,Passenger Car/Station Wagon,LOS ANGELES
9583966,2023-07-09,7,18,7,minor injury,0,2,automobile right of way,broadside,no,no,no,0,0,0,0,0,0,Passenger Car/Station Wagon,LOS ANGELES
9583967,2023-07-02,7,12,7,minor injury,0,4,traffic signs,broadside,no,no,no,0,0,0,0,0,0,Passenger Car/Station Wagon,LOS ANGELES
9583968,2023-07-15,7,2,6,possible injury,0,1,improper turning,hit object,no,no,no,0,0,0,0,0,0,Passenger Car/Station Wagon,SAN DIEGO
9583969,2023-07-15,7,8,6,minor injury,0,1,other than driver or pedestrian,vehicle/pedestrian,yes,no,no,1,0,0,0,0,0,Not Stated,SAN DIEGO
9583970,2023-07-16,7,15,7,possible injury,0,1,following too closely,rear end,no,no,no,0,0,0,0,0,0,Not Stated,SAN DIEGO
9583971,2023-07-13,7,5,4,possible injury,0,1,unsafe speed,rear end,no,no,no,0,0,0,0,0,0,Not Stated,SAN DIEGO
9583972,2023-07-03,7,17,1,minor injury,0,1,unsafe speed,broadside,no,no,yes,0,0,1,0,0,0,Motorcycle/Scooter,LOS ANGELES
9583973,2023-07-13,7,16,4,possible injury,0,2,unsafe starting or backing,broadside,no,no,no,0,0,0,0,0,0,Passenger Car/Station Wagon,SAN DIEGO
9583974,2023-07-17,7,19,1,possible injury,0,1,traffic signs,broadside,no,no,no,0,0,0,0,0,0,Passenger Car/Station Wagon,SAN DIEGO
9583975,2023-07-14,7,1,5,severe injury,0,1,pedestrian violation,vehicle/pedestrian,yes,no,no,1,0,0,0,0,0,Pedestrian,SAN DIEGO
9583976,2023-07-18,7,15,2,minor injury,0,1,following too closely,rear end,no,no,no,0,0,0,0,0,0,Passenger Car/Station Wagon,SAN DIEGO
9583977,2023-07-19,7,16,3,minor injury,0,1,unsafe speed,rear end,no,no,no,0,0,0,0,0,0,Passenger Car/Station Wagon,SAN DIEGO
9583978,2023-07-19,7,7,3,possible injury,0,2,wrong side of road,broadside,no,no,no,0,0,0,0,0,0,Passenger Car/Station Wagon,SAN DIEGO
9583979,2023-07-02,7,23,7,severe injury,0,3,unsafe speed,head-on,no,no,no,0,0,0,0,0,0,Not Stated,CONTRA COSTA
9583980,2023-07-07,7,16,5,possible injury,0,1,unsafe speed,rear end,no,no,no,0,0,0,0,0,0,Passenger Car/Station Wagon,LOS ANGELES
9583981,2023-05-14,5,18,7,possible injury,0,5,automobile right of way,head-on,no,no,no,0,0,0,0,0,0,Passenger Car/Station Wagon,LOS ANGELES
9583982,2023-05-08,5,14,1,possible injury,0,2,unsafe speed,rear end,no,no,no,0,0,0,0,0,0,Passenger Car/Station Wagon,LOS ANGELES
9583983,2023-05-04,5,23,4,possible injury,0,1,DUI,hit object,no,no,no,0,0,0,0,0,0,Passenger Car/Station Wagon,LOS ANGELES
9583984,2023-05-02,5,7,2,possible injury,0,1,unsafe speed,broadside,no,yes,no,0,1,0,0,0,0,Bicycle,LOS ANGELES
9583985,2023-05-02,5,4,2,possible injury,0,1,unsafe speed,vehicle/pedestrian,yes,no,no,1,0,0,0,0,0,Passenger Car/Station Wagon,LOS ANGELES
9583986,2023-05-27,5,12,6,possible injury,0,1,traffic signs,broadside,no,no,no,0,0,0,0,0,0,Passenger Car/Station Wagon,ORANGE
9583987,2023-05-29,5,17,1,possible injury,0,1,improper turning,hit object,no,yes,no,0,1,0,0,0,0,Bicycle,ORANGE
9583988,2023-05-27,5,12,6,minor injury,0,1,improper turning,rear end,no,yes,no,0,1,0,0,0,0,Bicycle,ORANGE
9583989,2023-05-31,5,16,3,minor injury,0,1,pedestrian violation,vehicle/pedestrian,yes,no,no,1,0,0,0,0,0,Passenger Car/Station Wagon,SACRAMENTO
9583990,2023-05-20,5,17,6,possible injury,0,2,unsafe lane change,head-on,no,no,no,0,0,0,0,0,0,Passenger Car/Station Wagon,LOS ANGELES
9583992,2023-05-27,5,2,6,possible injury,0,1,unsafe speed,rear end,no,no,no,0,0,0,0,0,0,Passenger Car/Station Wagon,LOS ANGELES
9583993,2023-05-26,5,15,5,possible injury,0,1,unsafe starting or backing,other,no,no,no,0,0,0,0,0,0,Passenger Car/Station Wagon,LOS ANGELES
9583994,2023-05-12,5,23,5,possible injury,0,2,traffic signs,broadside,no,no,yes,0,0,1,0,0,0,Passenger Car/Station Wagon,LOS ANGELES
9583995,2023-05-17,5,8,3,possible injury,0,1,unsafe speed,vehicle/pedestrian,yes,no,no,1,0,0,0,0,0,Passenger Car/Station Wagon,RIVERSIDE
9583996,2023-05-22,5,20,1,possible injury,0,2,automobile right of way,broadside,no,no,no,0,0,0,0,0,0,Passenger Car/Station Wagon,LOS ANGELES
9583997,2023-05-31,5,19,3,possible injury,0,3,unknown,head-on,no,no,no,0,0,0,0,0,0,Not Stated,SAN BERNARDINO
9583998,2023-06-14,6,13,3,severe injury,0,1,automobile right of way,broadside,no,no,no,0,0,0,0,0,0,Other Vehicle,LOS ANGELES
9583999,2023-06-08,6,18,4,severe injury,0,1,traffic signs,broadside,no,yes,no,0,1,0,0,0,0,Not Stated,LOS ANGELES
9584000,2023-06-21,6,11,3,possible injury,0,1,other hazardous violation,broadside,no,no,no,0,0,0,0,0,0,Passenger Car/Station Wagon,LOS ANGELES
9584002,2023-01-31,1,18,2,possible injury,0,1,automobile right of way,head-on,no,no,no,0,0,0,0,0,0,Passenger Car with Trailer,VENTURA
9584003,2023-01-23,1,11,1,possible injury,0,1,traffic signs,unknown,no,no,no,0,0,0,0,0,0,Not Stated,SANTA CLARA
9584004,2023-01-15,1,18,7,possible injury,0,1,unsafe speed,sideswipe,no,no,no,0,0,0,0,0,0,Passenger Car/Station Wagon,SANTA CLARA
9584005,2023-01-10,1,11,2,possible injury,0,1,automobile right of way,broadside,no,no,no,0,0,0,0,0,0,Passenger Car/Station Wagon,SANTA CLARA
9584006,2023-01-30,1,17,1,minor injury,0,1,pedestrian right of way,vehicle/pedestrian,yes,no,no,1,0,0,0,0,0,Passenger Car/Station Wagon,SACRAMENTO
9584007,2023-01-29,1,10,7,severe injury,0,1,improper turning,other,no,no,yes,0,0,1,0,0,0,Motorcycle/Scooter,SACRAMENTO
9584008,2023-01-24,1,19,2,possible injury,0,1,unknown,rear end,no,no,yes,0,0,1,0,0,0,Passenger Car/Station Wagon,SAN MATEO
9584009,2023-01-31,1,16,2,severe injury,0,1,automobile right of way,head-on,no,no,yes,0,0,1,0,0,0,Passenger Car/Station Wagon,LOS ANGELES
9584010,2023-01-21,1,20,6,possible injury,0,1,unsafe speed,rear end,no,no,no,0,0,0,0,0,0,Passenger Car/Station Wagon,ALAMEDA
9584011,2023-01-10,1,16,2,severe injury,0,1,traffic signs,broadside,no,no,no,0,0,0,0,0,0,Not Stated,LOS ANGELES
9584012,2023-01-05,1,8,4,possible injury,0,2,traffic signs,broadside,no,no,no,0,0,0,0,0,0,Passenger Car/Station Wagon,ALAMEDA
9584013,2023-01-25,1,6,3,severe injury,0,1,pedestrian violation,vehicle/pedestrian,yes,no,no,1,0,0,0,0,0,Pedestrian,ALAMEDA
9584014,2023-01-20,1,16,5,minor injury,0,2,unsafe speed,rear end,no,no,no,0,0,0,0,0,0,Passenger Car/Station Wagon,ALAMEDA
9584015,2023-01-30,1,14,1,possible injury,0,1,automobile right of way,head-on,no,no,no,0,0,0,0,0,0,Passenger Car/Station Wagon,ALAMEDA
9584017,2023-01-13,1,18,5,possible injury,0,1,unsafe speed,rear end,no,no,no,0,0,0,0,0,0,Passenger Car/Station Wagon,LOS ANGELES
9584018,2023-01-22,1,14,7,possible injury,0,4,automobile right of way,head-on,no,no,no,0,0,0,0,0,0,Passenger Car/Station Wagon,LOS ANGELES
9584019,2023-01-14,1,15,6,minor injury,0,1,unknown,vehicle/pedestrian,yes,no,no,1,0,0,0,0,0,Pedestrian,ORANGE
9584020,2023-01-25,1,9,3,possible injury,0,1,improper turning,broadside,no,yes,no,0,1,0,0,0,0,Passenger Car/Station Wagon,SAN FRANCISCO
9584061,2023-02-26,2,13,7,possible injury,0,1,traffic signs,broadside,no,no,no,0,0,0,0,0,0,Passenger Car/Station Wagon,LOS ANGELES
9584062,2023-02-27,2,22,1,possible injury,0,1,wrong side of road,sideswipe,no,no,no,0,0,0,0,0,0,Not Stated,ALAMEDA
9584063,2023-02-10,2,17,5,possible injury,0,2,automobile right of way,broadside,no,no,no,0,0,0,0,0,0,Passenger Car/Station Wagon,VENTURA
9584064,2023-02-10,2,11,5,possible injury,0,2,improper turning,rear end,no,no,no,0,0,0,0,0,0,Not Stated,VENTURA
9584065,2023-02-09,2,13,4,possible injury,0,2,traffic signs,broadside,no,no,no,0,0,0,0,0,0,Passenger Car/Station Wagon,VENTURA
9584066,2023-02-08,2,19,3,minor injury,0,1,wrong side of road,vehicle/pedestrian,no,yes,no,0,1,0,0,0,0,Bicycle,VENTURA
9584067,2023-02-08,2,14,3,possible injury,0,2,improper turning,rear end,no,no,no,0,0,0,0,0,0,Passenger Car/Station Wagon,VENTURA
9584068,2023-02-07,2,5,2,severe injury,0,1,pedestrian violation,vehicle/pedestrian,yes,no,no,1,0,0,0,0,0,Pedestrian,VENTURA
9584069,2023-02-05,2,11,7,possible injury,0,1,automobile right of way,vehicle/pedestrian,no,yes,no,0,1,0,0,0,0,Bicycle,VENTURA
9584070,2023-02-04,2,18,6,possible injury,0,1,unsafe speed,rear end,no,no,no,0,0,0,0,0,0,Passenger Car/Station Wagon,VENTURA
9584071,2023-02-22,2,7,3,possible injury,0,2,unsafe lane change,broadside,no,no,no,0,0,0,0,0,0,Passenger Car/Station Wagon,LOS ANGELES
9584073,2023-02-17,2,14,5,possible injury,0,1,unsafe speed,rear end,no,no,no,0,0,0,0,0,0,Passenger Car/Station Wagon,LOS ANGELES
9584074,2023-02-25,2,11,6,possible injury,0,1,traffic signs,broadside,no,no,no,0,0,0,0,0,0,Passenger Car/Station Wagon,LOS ANGELES
9584075,2023-02-23,2,0,4,minor injury,0,1,unsafe speed,rear end,no,no,no,0,0,0,0,0,0,Passenger Car/Station Wagon,LOS ANGELES
9584076,2023-02-20,2,8,1,minor injury,0,2,automobile right of way,head-on,no,no,no,0,0,0,0,0,0,Passenger Car/Station Wagon,SAN MATEO
9584078,2023-02-08,2,17,3,minor injury,0,1,unknown,broadside,no,no,yes,0,0,1,0,0,0,Not Stated,LOS ANGELES
9584079,2023-02-04,2,9,6,possible injury,0,1,unsafe speed,rear end,no,no,no,0,0,0,0,0,0,Passenger Car/Station Wagon,MONTEREY
9584080,2023-02-03,2,7,5,minor injury,0,1,unsafe speed,sideswipe,yes,no,no,1,0,0,0,0,0,Passenger Car/Station Wagon,MONTEREY
9584082,2023-03-25,3,23,6,possible injury,0,1,unsafe speed,sideswipe,no,no,no,0,0,0,0,0,0,Passenger Car/Station Wagon,LOS ANGELES
9584161,2023-03-23,3,6,4,severe injury,0,1,unknown,vehicle/pedestrian,yes,no,no,1,0,0,0,0,0,Pedestrian,SAN FRANCISCO
9584163,2023-03-31,3,11,5,minor injury,0,1,automobile right of way,sideswipe,no,no,yes,0,0,1,0,0,0,Passenger Car/Station Wagon,SAN FRANCISCO
9584164,2023-03-24,3,13,5,possible injury,0,2,automobile right of way,broadside,no,no,no,0,0,0,0,0,0,Passenger Car/Station Wagon,SAN FRANCISCO
9584165,2023-03-19,3,19,7,minor injury,0,1,DUI,head-on,no,no,no,0,0,0,0,0,0,Passenger Car/Station Wagon,SAN FRANCISCO
9584166,2023-03-18,3,11,6,possible injury,0,1,traffic signs,rear end,no,no,no,0,0,0,0,0,0,Passenger Car/Station Wagon,SAN FRANCISCO
9584167,2023-03-19,3,23,7,possible injury,0,1,traffic signs,broadside,no,no,no,0,0,0,0,0,0,Passenger Car/Station Wagon,SAN FRANCISCO