CASE_ID,COLLISION_DATE,MONTH,HOUR,DAY_OF_WEEK,COLLISION_SEVERITY,NUMBER_KILLED,NUMBER_INJURED,PCF_VIOL_CATEGORY,TYPE_OF_COLLISION,PEDESTRIAN_ACCIDENT,BICYCLE_ACCIDENT,MOTORCYCLE_ACCIDENT,COUNT_PED_INJURED,COUNT_BICYCLIST_INJURED,COUNT_MC_INJURED,COUNT_PED_KILLED,COUNT_BICYCLIST_KILLED,COUNT_MC_KILLED,STWD_VEHTYPE_AT_FAULT,COUNTY
9591132,2023-05-28,5,18,7,possible injury,0,1,improper turning,hit object,no,no,no,0,0,0,0,0,0,Passenger Car/Station Wagon,SAN DIEGO
9591133,2023-05-28,5,17,7,possible injury,0,2,traffic signs,broadside,no,no,no,0,0,0,0,0,0,Passenger Car/Station Wagon,SAN DIEGO
9591134,2023-05-11,5,16,4,minor injury,0,1,automobile right of way,broadside,no,yes,no,0,1,0,0,0,0,Passenger Car/Station Wagon,ALAMEDA
9591135,2023-05-11,5,15,4,possible injury,0,2,automobile right of way,sideswipe,no,no,no,0,0,0,0,0,0,Passenger Car/Station Wagon,ALAMEDA
9591136,2023-05-28,5,11,7,possible injury,0,2,improper turning,rear end,no,no,no,0,0,0,0,0,0,Passenger Car/Station Wagon,ALAMEDA
9591137,2023-05-27,5,0,6,possible injury,0,1,improper turning,other,no,no,no,0,0,0,0,0,0,Passenger Car/Station Wagon,ALAMEDA
9591138,2023-05-26,5,1,5,possible injury,0,1,unsafe speed,vehicle/pedestrian,yes,no,no,1,0,0,0,0,0,Passenger Car/Station Wagon,ALAMEDA
9591139,2023-05-26,5,22,5,severe injury,0,1,automobile right of way,broadside,no,no,yes,0,0,1,0,0,0,Passenger Car/Station Wagon,ALAMEDA
9591140,2023-05-27,5,2,6,minor injury,0,1,unsafe speed,broadside,no,no,no,0,0,0,0,0,0,Passenger Car/Station Wagon,ALAMEDA
9591141,2023-05-28,5,20,7,possible injury,0,2,automobile right of way,broadside,no,no,no,0,0,0,0,0,0,Passenger Car/Station Wagon,ALAMEDA
9591142,2023-05-28,5,15,7,possible injury,0,2,automobile right of way,broadside,no,no,no,0,0,0,0,0,0,Passenger Car/Station Wagon,ALAMEDA
9591143,2023-05-08,5,2,1,possible injury,0,2,traffic signs,broadside,no,no,yes,0,0,2,0,0,0,Motorcycle/Scooter,SAN BERNARDINO
9591144,2023-05-07,5,8,7,minor injury,0,3,traffic signs,broadside,no,no,no,0,0,0,0,0,0,Passenger Car/Station Wagon,SAN BERNARDINO
9591145,2023-05-07,5,16,7,possible injury,0,2,automobile right of way,broadside,no,no,yes,0,0,1,0,0,0,Motorcycle/Scooter,SAN BERNARDINO
9591147,2023-05-05,5,10,5,possible injury,0,1,traffic signs,broadside,no,no,no,0,0,0,0,0,0,Passenger Car/Station Wagon,SAN BERNARDINO
9591148,2023-05-05,5,15,5,possible injury,0,1,wrong side of road,sideswipe,no,yes,no,0,1,0,0,0,0,Not Stated,SAN BERNARDINO
9591149,2023-05-05,5,16,5,minor injury,0,2,unknown,hit object,no,no,yes,0,0,2,0,0,0,Motorcycle/Scooter,SAN BERNARDINO
9591150,2023-05-06,5,0,6,minor injury,0,3,improper turning,broadside,no,no,no,0,0,0,0,0,0,Passenger Car/Station Wagon,SAN BERNARDINO
9591151,2023-05-05,5,2,5,severe injury,0,1,pedestrian violation,vehicle/pedestrian,yes,no,no,1,0,0,0,0,0,Pedestrian,SAN BERNARDINO
9591152,2023-05-03,5,15,3,severe injury,0,1,improper turning,sideswipe,no,no,yes,0,0,1,0,0,0,Passenger Car/Station Wagon,SAN BERNARDINO
9591154,2023-05-08,5,10,1,possible injury,0,1,following too closely,rear end,no,no,no,0,0,0,0,0,0,Passenger Car/Station Wagon,SAN BERNARDINO
9591155,2023-05-03,5,22,3,minor injury,0,1,pedestrian violation,vehicle/pedestrian,yes,no,no,1,0,0,0,0,0,Pedestrian,SAN BERNARDINO
9591156,2023-05-04,5,14,4,possible injury,0,1,improper turning,broadside,no,no,no,0,0,0,0,0,0,Passenger Car/Station Wagon,SAN BERNARDINO
9591157,2023-05-31,5,0,3,minor injury,0,1,unknown,rear end,no,no,no,0,0,0,0,0,0,Not Stated,SAN BERNARDINO
9591158,2023-05-27,5,15,6,minor injury,0,2,automobile right of way,head-on,no,no,no,0,0,0,0,0,0,Passenger Car/Station Wagon,SAN BERNARDINO
9591159,2023-05-25,5,11,4,possible injury,0,2,unsafe speed,head-on,no,no,no,0,0,0,0,0,0,Other Vehicle,SAN BERNARDINO
9591160,2023-05-24,5,14,3,possible injury,0,2,automobile right of way,broadside,no,no,no,0,0,0,0,0,0,Passenger Car/Station Wagon,SAN BERNARDINO
9591192,2023-05-23,5,15,2,possible injury,0,1,automobile right of way,broadside,no,no,no,0,0,0,0,0,0,Passenger Car/Station Wagon,SAN BERNARDINO
9591201,2023-05-24,5,13,3,minor injury,0,1,traffic signs,other,no,yes,no,0,1,0,0,0,0,Not Stated,BUTTE
9591202,2023-05-20,5,21,6,possible injury,0,2,automobile right of way,other,no,no,no,0,0,0,0,0,0,Passenger Car/Station Wagon,LOS ANGELES
9591203,2023-05-14,5,20,7,possible injury,0,2,automobile right of way,broadside,no,no,no,0,0,0,0,0,0,Passenger Car/Station Wagon,LOS ANGELES
9591204,2023-05-30,5,8,2,possible injury,0,1,improper turning,rear end,no,no,no,0,0,0,0,0,0,Passenger Car/Station Wagon,ALAMEDA
9591205,2023-05-31,5,9,3,minor injury,0,1,wrong side of road,broadside,no,yes,no,0,1,0,0,0,0,Bicycle,STANISLAUS
9591206,2023-05-31,5,7,3,possible injury,0,1,unsafe speed,rear end,no,no,no,0,0,0,0,0,0,Passenger Car/Station Wagon,LOS ANGELES
9591207,2023-05-30,5,8,2,minor injury,0,1,unknown,rear end,no,no,no,0,0,0,0,0,0,Passenger Car/Station Wagon,LOS ANGELES
9591208,2023-05-23,5,20,2,possible injury,0,1,unsafe speed,rear end,no,no,no,0,0,0,0,0,0,Passenger Car/Station Wagon,LOS ANGELES
9591209,2023-05-22,5,18,1,minor injury,0,3,unsafe speed,rear end,no,no,no,0,0,0,0,0,0,Passenger Car/Station Wagon,LOS ANGELES
9591210,2023-05-19,5,9,5,possible injury,0,1,automobile right of way,broadside,no,no,no,0,0,0,0,0,0,Passenger Car/Station Wagon,LOS ANGELES
9591211,2023-05-30,5,19,2,severe injury,0,1,unsafe speed,overturned,no,no,yes,0,0,1,0,0,0,Motorcycle/Scooter,LOS ANGELES
9591212,2023-05-18,5,16,4,minor injury,0,2,unsafe speed,rear end,no,no,no,0,0,0,0,0,0,Passenger Car/Station Wagon,LOS ANGELES
9591213,2023-05-27,5,22,6,severe injury,0,1,pedestrian right of way,vehicle/pedestrian,yes,no,no,1,0,0,0,0,0,Passenger Car/Station Wagon,LOS ANGELES
9591214,2023-05-28,5,22,7,severe injury,0,2,automobile right of way,broadside,no,no,no,0,0,0,0,0,0,Passenger Car/Station Wagon,LOS ANGELES
9591215,2023-05-27,5,2,6,severe injury,0,1,pedestrian violation,rear end,yes,no,no,1,0,0,0,0,0,Pedestrian,LOS ANGELES
9591216,2023-05-15,5,0,1,minor injury,0,1,unsafe speed,sideswipe,no,no,no,0,0,0,0,0,0,Not Stated,LOS ANGELES
9591217,2023-05-01,5,4,1,possible injury,0,1,unsafe speed,sideswipe,no,no,no,0,0,0,0,0,0,Passenger Car/Station Wagon,SAN BERNARDINO
9591218,2023-05-01,5,9,1,minor injury,0,1,automobile right of way,sideswipe,no,yes,no,0,1,0,0,0,0,Passenger Car/Station Wagon,SAN BERNARDINO
9591219,2023-05-01,5,1,1,minor injury,0,1,DUI,head-on,no,no,no,0,0,0,0,0,0,Passenger Car/Station Wagon,SAN BERNARDINO
9591220,2023-05-02,5,5,2,minor injury,0,1,pedestrian violation,vehicle/pedestrian,yes,no,no,1,0,0,0,0,0,Passenger Car/Station Wagon,SAN BERNARDINO
9591221,2023-05-01,5,20,1,minor injury,0,2,automobile right of way,head-on,no,no,no,0,0,0,0,0,0,Passenger Car/Station Wagon,SAN BERNARDINO
9591222,2023-05-19,5,16,5,severe injury,0,1,other hazardous violation,sideswipe,no,yes,no,0,1,0,0,0,0,Passenger Car/Station Wagon,SANTA BARBARA
9591223,2023-05-14,5,20,7,minor injury,0,1,traffic signs,broadside,no,no,no,0,0,0,0,0,0,Passenger Car/Station Wagon,SAN BERNARDINO
9591224,2023-05-30,5,11,2,severe injury,0,1,hazardous parking,vehicle/pedestrian,no,no,no,0,0,0,0,0,0,Passenger Car/Station Wagon,LOS ANGELES
9591225,2023-05-28,5,22,7,minor injury,0,1,other than driver or pedestrian,other,no,no,yes,0,0,1,0,0,0,Not Stated,SAN FRANCISCO
9591226,2023-05-10,5,8,3,minor injury,0,1,pedestrian right of way,head-on,yes,no,no,1,0,0,0,0,0,Passenger Car/Station Wagon,SAN FRANCISCO
9591228,2023-05-28,5,17,7,possible injury,0,1,unsafe starting or backing,other,yes,no,no,1,0,0,0,0,0,Passenger Car/Station Wagon,SAN FRANCISCO
9591229,2023-05-23,5,16,2,possible injury,0,1,unknown,sideswipe,no,no,no,0,0,0,0,0,0,Passenger Car with Trailer,SAN FRANCISCO
9591230,2023-05-19,5,18,5,possible injury,0,1,unsafe starting or backing,broadside,no,no,no,0,0,0,0,0,0,Passenger Car/Station Wagon,SAN FRANCISCO
9591231,2023-05-16,5,19,2,minor injury,0,1,traffic signs,broadside,no,no,yes,0,0,1,0,0,0,Passenger Car/Station Wagon,SAN FRANCISCO
9591232,2023-05-21,5,15,7,minor injury,0,1,unsafe speed,broadside,no,no,no,0,0,0,0,0,0,Passenger Car/Station Wagon,SAN FRANCISCO
9591233,2023-05-01,5,6,1,severe injury,0,2,unsafe speed,hit object,no,no,no,0,0,0,0,0,0,Passenger Car/Station Wagon,SAN FRANCISCO
9591234,2023-05-31,5,17,3,possible injury,0,1,wrong side of road,head-on,no,yes,no,0,1,0,0,0,0,Bicycle,SAN FRANCISCO
9591235,2023-05-08,5,8,1,possible injury,0,1,pedestrian violation,broadside,yes,no,no,1,0,0,0,0,0,Pedestrian,SAN FRANCISCO
9591236,2023-05-26,5,18,5,minor injury,0,1,improper turning,broadside,no,no,yes,0,0,1,0,0,0,Passenger Car/Station Wagon,SAN FRANCISCO
9591237,2023-05-22,5,20,1,possible injury,0,1,unsafe speed,other,yes,no,no,1,0,0,0,0,0,Not Stated,SAN FRANCISCO
9591238,2023-05-31,5,17,3,possible injury,0,1,improper turning,broadside,no,no,no,0,0,0,0,0,0,Passenger Car/Station Wagon,SAN FRANCISCO
9591240,2023-05-30,5,1,2,severe injury,0,1,DUI,head-on,no,no,no,0,0,0,0,0,0,Passenger Car/Station Wagon,SAN FRANCISCO
9591272,2023-06-25,6,13,7,minor injury,0,1,improper turning,broadside,no,no,no,0,0,0,0,0,0,Passenger Car/Station Wagon,KERN
9591305,2023-06-09,6,13,5,severe injury,0,2,traffic signs,broadside,no,no,no,0,0,0,0,0,0,Passenger Car/Station Wagon,CONTRA COSTA
9591332,2023-06-27,6,23,2,minor injury,0,1,automobile right of way,hit object,no,no,yes,0,0,1,0,0,0,Passenger Car/Station Wagon,LOS ANGELES
9591341,2023-07-01,7,10,6,possible injury,0,2,unknown,broadside,no,yes,no,0,1,0,0,0,0,Bicycle,VENTURA
9591342,2023-07-03,7,16,1,minor injury,0,2,automobile right of way,rear end,no,no,no,0,0,0,0,0,0,Passenger Car/Station Wagon,VENTURA
9591344,2023-07-06,7,20,4,minor injury,0,3,unsafe speed,rear end,no,no,no,0,0,0,0,0,0,Passenger Car/Station Wagon,VENTURA
9591345,2023-07-02,7,4,7,minor injury,0,1,other hazardous violation,hit object,no,yes,no,0,1,0,0,0,0,Passenger Car/Station Wagon,VENTURA
9591346,2023-07-06,7,17,4,minor injury,0,2,unsafe speed,sideswipe,no,yes,no,0,2,0,0,0,0,Bicycle,VENTURA
9591347,2023-07-01,7,2,6,possible injury,0,1,unsafe speed,rear end,no,no,no,0,0,0,0,0,0,Passenger Car/Station Wagon,PLACER
9591348,2023-07-02,7,22,7,possible injury,0,1,DUI,broadside,no,no,no,0,0,0,0,0,0,Passenger Car/Station Wagon,LOS ANGELES
9591349,2023-07-03,7,15,1,possible injury,0,1,automobile right of way,head-on,no,no,no,0,0,0,0,0,0,Passenger Car/Station Wagon,LOS ANGELES
9591350,2023-07-06,7,9,4,minor injury,0,1,wrong side of road,head-on,no,no,no,0,0,0,0,0,0,Passenger Car/Station Wagon,SAN BERNARDINO
9591351,2023-07-09,7,15,7,minor injury,0,1,traffic signs,broadside,no,no,no,0,0,0,0,0,0,Other Vehicle,SAN DIEGO
9591352,2023-07-09,7,11,7,minor injury,0,2,unknown,broadside,no,no,no,0,0,0,0,0,0,Not Stated,SAN DIEGO
9591353,2023-07-09,7,18,7,possible injury,0,1,pedestrian right of way,vehicle/pedestrian,yes,no,no,1,0,0,0,0,0,Pickup or Panel Truck,SAN DIEGO
9591354,2023-07-09,7,21,7,minor injury,0,1,DUI,broadside,no,no,no,0,0,0,0,0,0,Passenger Car/Station Wagon,SAN DIEGO
9591355,2023-07-08,7,16,6,possible injury,0,1,automobile right of way,sideswipe,no,no,yes,0,0,1,0,0,0,Passenger Car/Station Wagon,SAN DIEGO
9591356,2023-07-08,7,11,6,minor injury,0,1,unsafe speed,sideswipe,no,yes,no,0,1,0,0,0,0,Bicycle,SAN DIEGO
9591357,2023-07-07,7,6,5,possible injury,0,1,traffic signs,sideswipe,no,no,no,0,0,0,0,0,0,Passenger Car/Station Wagon,SAN DIEGO
9591358,2023-07-07,7,22,5,minor injury,0,1,improper turning,hit object,no,no,yes,0,0,1,0,0,0,Motorcycle/Scooter,SAN DIEGO
9591359,2023-07-07,7,18,5,minor injury,0,1,pedestrian right of way,vehicle/pedestrian,yes,no,no,1,0,0,0,0,0,Passenger Car/Station Wagon,SAN DIEGO
9591360,2023-07-07,7,6,5,possible injury,0,2,automobile right of way,broadside,no,no,no,0,0,0,0,0,0,Passenger Car/Station Wagon,SAN DIEGO
9591363,2023-06-28,6,19,3,possible injury,0,1,unsafe speed,broadside,no,no,no,0,0,0,0,0,0,Passenger Car/Station Wagon,LOS ANGELES
9591364,2023-04-07,4,16,5,possible injury,0,1,following too closely,rear end,no,no,no,0,0,0,0,0,0,Pickup or Panel Truck,SAN DIEGO
9591365,2023-06-22,6,11,4,possible injury,0,1,other than driver or pedestrian,sideswipe,no,no,no,0,0,0,0,0,0,Not Stated,SANTA BARBARA
9591369,2023-06-25,6,16,7,minor injury,0,3,improper turning,broadside,no,no,no,0,0,0,0,0,0,Passenger Car/Station Wagon,SANTA BARBARA
9591370,2023-06-28,6,11,3,minor injury,0,1,wrong side of road,other,no,yes,no,0,1,0,0,0,0,Bicycle,PLACER
9591372,2023-06-13,6,20,2,possible injury,0,1,following too closely,rear end,no,no,no,0,0,0,0,0,0,Passenger Car/Station Wagon,SAN DIEGO
9591377,2023-06-30,6,8,5,minor injury,0,2,impeding traffic,rear end,no,no,no,0,0,0,0,0,0,Passenger Car/Station Wagon,LOS ANGELES
9591380,2023-06-03,6,4,6,possible injury,0,1,traffic signs,broadside,no,no,no,0,0,0,0,0,0,Passenger Car/Station Wagon,KINGS
9591384,2023-06-12,6,12,1,minor injury,0,3,traffic signs,broadside,no,no,no,0,0,0,0,0,0,Passenger Car/Station Wagon,ALAMEDA
9591388,2023-05-14,5,14,7,possible injury,0,2,unsafe speed,broadside,no,no,no,0,0,0,0,0,0,Passenger Car/Station Wagon,ALAMEDA
9591390,2023-06-04,6,2,7,severe injury,0,1,unknown,other,no,yes,no,0,1,0,0,0,0,Not Stated,SANTA BARBARA
9591393,2023-06-27,6,8,2,possible injury,0,2,unsafe speed,rear end,no,no,no,0,0,0,0,0,0,Pickup or Panel Truck,LOS ANGELES
9591396,2023-05-10,5,10,3,possible injury,0,1,unsafe speed,sideswipe,no,no,no,0,0,0,0,0,0,Passenger Car/Station Wagon,ALAMEDA
9591402,2023-07-08,7,13,6,minor injury,0,2,improper turning,hit object,no,no,no,0,0,0,0,0,0,Pickup or Panel Truck,MERCED
9591412,2023-05-26,5,0,5,possible injury,0,1,unsafe speed,rear end,no,no,no,0,0,0,0,0,0,Passenger Car/Station Wagon,SANTA CRUZ
9591413,2023-05-31,5,10,3,possible injury,0,2,automobile right of way,broadside,no,no,no,0,0,0,0,0,0,Passenger Car/Station Wagon,LOS ANGELES
9591415,2023-04-28,4,21,5,minor injury,0,1,following too closely,sideswipe,no,yes,no,0,1,0,0,0,0,Pickup or Panel Truck with Trailer,LOS ANGELES
9591416,2023-03-25,3,20,6,severe injury,0,1,DUI,head-on,no,no,no,0,0,0,0,0,0,Pickup or Panel Truck,MONO
9591417,2023-06-21,6,11,3,possible injury,0,1,improper turning,rear end,no,yes,no,0,1,0,0,0,0,Bicycle,LOS ANGELES
9591418,2023-06-22,6,11,4,possible injury,0,3,automobile right of way,broadside,no,no,no,0,0,0,0,0,0,Passenger Car/Station Wagon,SAN BERNARDINO
9591423,2023-06-28,6,19,3,minor injury,0,1,traffic signs,broadside,no,no,no,0,0,0,0,0,0,Pickup or Panel Truck,SUTTER
9591424,2023-05-05,5,12,5,minor injury,0,1,automobile right of way,broadside,no,no,no,0,0,0,0,0,0,Passenger Car/Station Wagon,MONO
9591425,2023-07-06,7,20,4,possible injury,0,1,other than driver or pedestrian,rear end,no,no,no,0,0,0,0,0,0,Not Stated,LOS ANGELES
9591428,2023-07-01,7,20,6,minor injury,0,1,unsafe speed,rear end,no,no,no,0,0,0,0,0,0,Pickup or Panel Truck,MONO
9591431,2023-06-20,6,6,2,minor injury,0,1,automobile right of way,broadside,no,no,no,0,0,0,0,0,0,Pickup or Panel Truck,SUTTER
9591439,2023-06-19,6,13,1,possible injury,0,1,unsafe speed,rear end,no,no,no,0,0,0,0,0,0,Truck or Truck Tractor,SUTTER
9591440,2023-07-06,7,16,4,possible injury,0,3,improper turning,sideswipe,no,no,no,0,0,0,0,0,0,Passenger Car/Station Wagon,SAN DIEGO
9591441,2023-04-09,4,17,7,possible injury,0,1,unsafe speed,rear end,no,no,no,0,0,0,0,0,0,Passenger Car/Station Wagon,LOS ANGELES
9591442,2023-04-12,4,13,3,minor injury,0,1,automobile right of way,broadside,no,no,no,0,0,0,0,0,0,Passenger Car/Station Wagon,LOS ANGELES
9591443,2023-04-15,4,1,6,minor injury,0,1,DUI,rear end,no,no,no,0,0,0,0,0,0,Passenger Car/Station Wagon,LOS ANGELES
9591444,2023-04-19,4,15,3,minor injury,0,2,traffic signs,broadside,no,yes,no,0,1,0,0,0,0,Passenger Car/Station Wagon,LOS ANGELES
9591445,2023-04-22,4,15,6,minor injury,0,1,improper turning,broadside,no,no,no,0,0,0,0,0,0,Passenger Car/Station Wagon,LOS ANGELES
9591446,2023-04-22,4,19,6,severe injury,0,1,other hazardous violation,rear end,no,no,yes,0,0,1,0,0,0,Motorcycle/Scooter,LOS ANGELES
9591447,2023-04-23,4,0,7,possible injury,0,2,traffic signs,broadside,no,no,no,0,0,0,0,0,0,Passenger Car/Station Wagon,LOS ANGELES
9591448,2023-04-25,4,14,2,possible injury,0,1,improper turning,rear end,no,no,no,0,0,0,0,0,0,Passenger Car/Station Wagon,LOS ANGELES
9591449,2023-04-25,4,15,2,possible injury,0,1,unknown,broadside,no,yes,no,0,1,0,0,0,0,Not Stated,LOS ANGELES
9591450,2023-04-10,4,23,1,severe injury,0,2,unsafe speed,head-on,no,no,no,0,0,0,0,0,0,Passenger Car/Station Wagon,LOS ANGELES
9591451,2023-04-04,4,13,2,severe injury,0,1,unsafe speed,rear end,no,no,yes,0,0,1,0,0,0,Motorcycle/Scooter,MERCED
9591452,2023-04-24,4,21,1,severe injury,0,1,pedestrian right of way,vehicle/pedestrian,yes,no,no,1,0,0,0,0,0,Passenger Car/Station Wagon,MERCED
9591453,2023-04-04,4,17,2,possible injury,0,1,automobile right of way,broadside,no,no,no,0,0,0,0,0,0,Passenger Car/Station Wagon,ORANGE
9591454,2023-04-30,4,17,7,minor injury,0,1,unknown,vehicle/pedestrian,no,yes,no,0,1,0,0,0,0,Bicycle,ORANGE
9591455,2023-04-21,4,12,5,possible injury,0,1,improper turning,head-on,no,no,no,0,0,0,0,0,0,Passenger Car/Station Wagon,ORANGE
9591456,2023-04-22,4,13,6,minor injury,0,6,unsafe speed,rear end,no,no,no,0,0,0,0,0,0,Passenger Car/Station Wagon,ORANGE
9591474,2023-03-17,3,14,5,possible injury,0,1,wrong side of road,head-on,no,yes,no,0,1,0,0,0,0,Bicycle,VENTURA
9591477,2023-03-26,3,14,7,possible injury,0,1,wrong side of road,broadside,no,no,no,0,0,0,0,0,0,Other Vehicle,LOS ANGELES
9591478,2023-03-10,3,16,5,minor injury,0,1,unsafe speed,rear end,no,no,no,0,0,0,0,0,0,Passenger Car/Station Wagon,SAN MATEO
9591479,2023-03-15,3,20,3,possible injury,0,1,traffic signs,broadside,no,no,no,0,0,0,0,0,0,Not Stated,ALAMEDA
9591480,2023-03-16,3,0,4,possible injury,0,1,improper turning,vehicle/pedestrian,yes,no,no,1,0,0,0,0,0,Not Stated,ALAMEDA
9591481,2023-03-18,3,3,6,severe injury,0,2,unknown,vehicle/pedestrian,yes,no,no,2,0,0,0,0,0,Not Stated,LOS ANGELES
9591482,2023-03-19,3,20,7,minor injury,0,1,unsafe speed,broadside,no,no,no,0,0,0,0,0,0,Passenger Car/Station Wagon,LOS ANGELES
9591483,2023-03-30,3,8,4,possible injury,0,1,traffic signs,broadside,no,no,no,0,0,0,0,0,0,Passenger Car/Station Wagon,LOS ANGELES
9591484,2023-03-24,3,16,5,minor injury,0,1,improper turning,sideswipe,no,no,yes,0,0,1,0,0,0,Passenger Car/Station Wagon,LOS ANGELES
9591485,2023-03-20,3,9,1,possible injury,0,2,improper turning,head-on,no,no,no,0,0,0,0,0,0,Passenger Car/Station Wagon,SAN JOAQUIN
9591486,2023-03-17,3,16,5,possible injury,0,2,improper turning,broadside,no,no,no,0,0,0,0,0,0,Passenger Car/Station Wagon,LOS ANGELES
9591487,2023-03-26,3,14,7,minor injury,0,1,unsafe speed,broadside,no,yes,no,0,1,0,0,0,0,Bicycle,ORANGE
9591488,2023-03-16,3,17,4,minor injury,0,4,automobile right of way,broadside,no,no,no,0,0,0,0,0,0,Passenger Car/Station Wagon,RIVERSIDE
9591489,2023-03-27,3,6,1,possible injury,0,1,pedestrian right of way,vehicle/pedestrian,yes,no,no,1,0,0,0,0,0,Passenger Car/Station Wagon,LOS ANGELES
9591511,2023-01-04,1,10,3,possible injury,0,1,unknown,head-on,no,yes,no,0,1,0,0,0,0,Not Stated,LOS ANGELES
9591512,2023-01-01,1,3,7,possible injury,0,1,unsafe starting or backing,rear end,no,no,no,0,0,0,0,0,0,Passenger Car/Station Wagon,LOS ANGELES
9591513,2023-01-24,1,10,2,minor injury,0,1,unknown,rear end,no,yes,no,0,1,0,0,0,0,Passenger Car/Station Wagon,LOS ANGELES
9591514,2023-01-06,1,0,5,severe injury,0,1,DUI,broadside,no,no,no,0,0,0,0,0,0,Passenger Car/Station Wagon,LOS ANGELES
9591515,2023-01-26,1,1,4,possible injury,0,1,improper turning,head-on,no,no,no,0,0,0,0,0,0,Passenger Car/Station Wagon,LOS ANGELES
9591516,2023-01-18,1,9,3,possible injury,0,1,improper turning,rear end,no,no,no,0,0,0,0,0,0,Not Stated,LOS ANGELES
9591517,2023-01-21,1,17,6,minor injury,0,1,unknown,broadside,no,no,no,0,0,0,0,0,0,Not Stated,PLACER
9591518,2023-01-16,1,9,1,minor injury,0,2,improper turning,broadside,no,no,no,0,0,0,0,0,0,Passenger Car/Station Wagon,LOS ANGELES
9591519,2023-02-16,2,10,4,possible injury,0,1,improper turning,sideswipe,no,no,no,0,0,0,0,0,0,Passenger Car/Station Wagon,LOS ANGELES
9591520,2023-02-01,2,0,3,severe injury,0,1,automobile right of way,head-on,no,no,yes,0,0,1,0,0,0,Passenger Car/Station Wagon,LOS ANGELES
9591527,2023-06-26,6,13,1,possible injury,0,1,traffic signs,broadside,no,no,no,0,0,0,0,0,0,Pickup or Panel Truck,RIVERSIDE
9591530,2023-06-27,6,12,2,possible injury,0,2,unsafe speed,rear end,no,no,no,0,0,0,0,0,0,Pickup or Panel Truck,VENTURA
9591539,2023-06-13,6,11,2,severe injury,0,2,traffic signs,broadside,no,no,no,0,0,0,0,0,0,Passenger Car/Station Wagon,LOS ANGELES
9591542,2023-05-03,5,10,3,possible injury,0,1,wrong side of road,broadside,no,yes,no,0,1,0,0,0,0,Bicycle,SAN DIEGO
9591543,2023-01-15,1,21,7,minor injury,0,2,DUI,rear end,no,no,no,0,0,0,0,0,0,Passenger Car/Station Wagon,LOS ANGELES
9591547,2023-04-28,4,17,5,possible injury,0,1,improper turning,rear end,no,no,no,0,0,0,0,0,0,Truck or Truck Tractor,LOS ANGELES
9591552,2023-06-09,6,16,5,possible injury,0,1,automobile right of way,broadside,no,no,no,0,0,0,0,0,0,Passenger Car/Station Wagon,SUTTER
9591556,2023-06-28,6,11,3,minor injury,0,1,improper turning,sideswipe,no,no,no,0,0,0,0,0,0,Passenger Car/Station Wagon,LOS ANGELES
9591557,2023-06-17,6,22,6,possible injury,0,2,traffic signs,broadside,no,no,no,0,0,0,0,0,0,Pickup or Panel Truck,SANTA CRUZ
9591558,2023-06-14,6,2,3,possible injury,0,1,unsafe speed,rear end,no,no,no,0,0,0,0,0,0,Passenger Car/Station Wagon,LOS ANGELES
9591559,2023-06-01,6,22,4,possible injury,0,5,traffic signs,broadside,no,no,no,0,0,0,0,0,0,Passenger Car/Station Wagon,SAN FRANCISCO
9591563,2023-06-14,6,15,3,minor injury,0,1,improper turning,broadside,no,yes,no,0,1,0,0,0,0,Bicycle,SAN FRANCISCO
9591567,2023-05-20,5,12,6,minor injury,0,1,pedestrian right of way,vehicle/pedestrian,yes,no,no,1,0,0,0,0,0,Other Bus,SAN FRANCISCO
9591569,2023-06-22,6,6,4,possible injury,0,1,automobile right of way,sideswipe,no,no,no,0,0,0,0,0,0,Pickup or Panel Truck,SANTA CRUZ
9591573,2023-05-27,5,13,6,minor injury,0,1,traffic signs,broadside,no,no,no,0,0,0,0,0,0,Pickup or Panel Truck,SAN DIEGO
9591574,2023-06-30,6,11,5,possible injury,0,1,automobile right of way,rear end,no,no,no,0,0,0,0,0,0,Passenger Car/Station Wagon,ORANGE
9591575,2023-06-08,6,14,4,possible injury,0,1,unsafe starting or backing,sideswipe,no,no,no,0,0,0,0,0,0,Truck or Truck Tractor,SAN FRANCISCO
9591577,2023-05-23,5,19,2,possible injury,0,1,unsafe speed,rear end,no,no,no,0,0,0,0,0,0,Pickup or Panel Truck,SAN DIEGO
9591578,2023-06-06,6,19,2,possible injury,0,2,unsafe speed,rear end,no,no,no,0,0,0,0,0,0,Truck or Truck Tractor with Trailer,ORANGE
9591581,2023-01-19,1,14,4,minor injury,0,1,improper turning,other,no,no,yes,0,0,1,0,0,0,Motorcycle/Scooter,STANISLAUS
9591582,2023-06-12,6,9,1,possible injury,0,1,automobile right of way,broadside,no,no,no,0,0,0,0,0,0,Pickup or Panel Truck,ORANGE
9591584,2023-05-31,5,16,3,possible injury,0,1,unsafe speed,rear end,no,no,no,0,0,0,0,0,0,Passenger Car/Station Wagon,SAN BERNARDINO
9591588,2023-06-08,6,22,4,minor injury,0,1,traffic signs,broadside,no,no,no,0,0,0,0,0,0,Pickup or Panel Truck,ORANGE
9591594,2023-06-26,6,15,1,minor injury,0,2,unsafe speed,rear end,no,no,no,0,0,0,0,0,0,Pickup or Panel Truck,ORANGE
9591596,2023-07-07,7,15,5,minor injury,0,1,automobile right of way,broadside,no,no,yes,0,0,1,0,0,0,Pickup or Panel Truck,SAN DIEGO