CASE_ID,COLLISION_DATE,MONTH,HOUR,DAY_OF_WEEK,COLLISION_SEVERITY,NUMBER_KILLED,NUMBER_INJURED,PCF_VIOL_CATEGORY,TYPE_OF_COLLISION,PEDESTRIAN_ACCIDENT,BICYCLE_ACCIDENT,MOTORCYCLE_ACCIDENT,COUNT_PED_INJURED,COUNT_BICYCLIST_INJURED,COUNT_MC_INJURED,COUNT_PED_KILLED,COUNT_BICYCLIST_KILLED,COUNT_MC_KILLED,STWD_VEHTYPE_AT_FAULT,COUNTY
9592304,2023-06-11,6,3,7,minor injury,0,2,unsafe speed,rear end,no,no,no,0,0,0,0,0,0,Passenger Car/Station Wagon,LOS ANGELES
9592305,2023-06-14,6,10,3,minor injury,0,2,unsafe starting or backing,broadside,no,no,no,0,0,0,0,0,0,Passenger Car/Station Wagon,LOS ANGELES
9592306,2023-06-03,6,0,6,minor injury,0,1,following too closely,rear end,no,no,no,0,0,0,0,0,0,Passenger Car/Station Wagon,LOS ANGELES
9592307,2023-06-14,6,9,3,possible injury,0,1,unsafe speed,rear end,no,no,no,0,0,0,0,0,0,Passenger Car/Station Wagon,ORANGE
9592308,2023-06-01,6,11,4,minor injury,0,2,automobile right of way,broadside,no,no,no,0,0,0,0,0,0,Passenger Car/Station Wagon,LOS ANGELES
9592309,2023-06-09,6,13,5,possible injury,0,3,unknown,rear end,no,no,no,0,0,0,0,0,0,Not Stated,ORANGE
9592310,2023-06-08,6,14,4,severe injury,0,2,improper turning,sideswipe,no,no,no,0,0,0,0,0,0,Passenger Car/Station Wagon,ORANGE
9592311,2023-06-04,6,14,7,minor injury,0,1,automobile right of way,other,no,no,no,0,0,0,0,0,0,Not Stated,LOS ANGELES
9592312,2023-06-09,6,17,5,possible injury,0,1,unsafe speed,broadside,no,no,yes,0,0,1,0,0,0,Motorcycle/Scooter,ORANGE
9592314,2023-06-06,6,16,2,possible injury,0,1,automobile right of way,broadside,no,no,no,0,0,0,0,0,0,Passenger Car/Station Wagon,LOS ANGELES
9592315,2023-06-09,6,9,5,minor injury,0,1,unknown,unknown,no,no,no,0,0,0,0,0,0,Passenger Car/Station Wagon,LOS ANGELES
9592316,2023-06-06,6,19,2,possible injury,0,2,automobile right of way,broadside,no,no,no,0,0,0,0,0,0,Passenger Car/Station Wagon,LOS ANGELES
9592317,2023-06-14,6,20,3,minor injury,0,1,unsafe starting or backing,broadside,no,yes,no,0,1,0,0,0,0,Passenger Car/Station Wagon,TEHAMA
9592319,2023-06-04,6,13,7,possible injury,0,1,following too closely,rear end,no,no,no,0,0,0,0,0,0,Not Stated,LOS ANGELES
9592320,2023-06-13,6,17,2,possible injury,0,2,wrong side of road,head-on,no,no,no,0,0,0,0,0,0,Passenger Car/Station Wagon,LOS ANGELES
9592381,2023-05-30,5,16,2,possible injury,0,1,traffic signs,broadside,no,no,no,0,0,0,0,0,0,Passenger Car/Station Wagon,LOS ANGELES
9592382,2023-05-28,5,14,7,minor injury,0,2,traffic signs,head-on,no,no,no,0,0,0,0,0,0,Not Stated,LOS ANGELES
9592383,2023-05-25,5,11,4,possible injury,0,1,unsafe speed,rear end,no,no,no,0,0,0,0,0,0,Passenger Car/Station Wagon,SAN MATEO
9592384,2023-05-19,5,23,5,minor injury,0,2,traffic signs,broadside,no,no,no,0,0,0,0,0,0,Passenger Car/Station Wagon,SAN MATEO
9592385,2023-05-27,5,17,6,minor injury,0,3,automobile right of way,broadside,no,no,no,0,0,0,0,0,0,Passenger Car/Station Wagon,LOS ANGELES
9592386,2023-05-25,5,15,4,severe injury,0,1,unsafe speed,sideswipe,no,no,no,0,0,0,0,0,0,Passenger Car/Station Wagon,SAN MATEO
9592387,2023-05-11,5,21,4,minor injury,0,1,unknown,rear end,no,yes,no,0,1,0,0,0,0,Passenger Car/Station Wagon,LOS ANGELES
9592388,2023-05-04,5,21,4,possible injury,0,2,unsafe speed,rear end,no,no,no,0,0,0,0,0,0,Passenger Car/Station Wagon,LOS ANGELES
9592389,2023-05-14,5,1,7,minor injury,0,1,pedestrian right of way,vehicle/pedestrian,yes,no,no,1,0,0,0,0,0,Passenger Car/Station Wagon,LOS ANGELES
9592390,2023-05-12,5,17,5,possible injury,0,1,following too closely,rear end,no,no,no,0,0,0,0,0,0,Passenger Car/Station Wagon,LOS ANGELES
9592391,2023-05-20,5,13,6,severe injury,0,1,unsafe speed,rear end,no,yes,no,0,1,0,0,0,0,Bicycle,RIVERSIDE
9592392,2023-05-11,5,8,4,possible injury,0,1,wrong side of road,other,no,yes,no,0,1,0,0,0,0,Bicycle,FRESNO
9592393,2023-05-26,5,8,5,minor injury,0,1,automobile right of way,broadside,no,no,yes,0,0,1,0,0,0,Passenger Car/Station Wagon,MERCED
9592394,2023-05-25,5,15,4,minor injury,0,4,improper turning,head-on,no,no,no,0,0,0,0,0,0,Passenger Car/Station Wagon,MERCED
9592395,2023-05-23,5,6,2,possible injury,0,1,unsafe speed,overturned,no,no,no,0,0,0,0,0,0,Passenger Car/Station Wagon,VENTURA
9592396,2023-05-13,5,15,6,possible injury,0,1,following too closely,rear end,no,no,no,0,0,0,0,0,0,Passenger Car/Station Wagon,VENTURA
9592397,2023-05-18,5,22,4,possible injury,0,1,traffic signs,broadside,no,no,no,0,0,0,0,0,0,Passenger Car/Station Wagon,VENTURA
9592399,2023-05-21,5,12,7,possible injury,0,1,traffic signs,broadside,no,no,no,0,0,0,0,0,0,Passenger Car/Station Wagon,LOS ANGELES
9592400,2023-05-18,5,8,4,possible injury,0,2,automobile right of way,broadside,no,no,no,0,0,0,0,0,0,Passenger Car/Station Wagon,VENTURA
9592401,2023-06-03,6,16,6,minor injury,0,1,DUI,broadside,no,no,no,0,0,0,0,0,0,Passenger Car/Station Wagon,LOS ANGELES
9592402,2023-06-03,6,22,6,minor injury,0,1,unsafe speed,rear end,no,no,no,0,0,0,0,0,0,Passenger Car/Station Wagon,LOS ANGELES
9592404,2023-06-03,6,17,6,minor injury,0,1,DUI,broadside,no,no,no,0,0,0,0,0,0,Passenger Car/Station Wagon,LOS ANGELES
9592417,2023-06-05,6,16,1,minor injury,0,1,improper turning,rear end,no,no,no,0,0,0,0,0,0,Passenger Car/Station Wagon,SAN MATEO
9592418,2023-06-17,6,1,6,possible injury,0,1,DUI,sideswipe,no,no,no,0,0,0,0,0,0,Passenger Car/Station Wagon,LOS ANGELES
9592419,2023-06-14,6,18,3,minor injury,0,1,improper turning,head-on,no,no,no,0,0,0,0,0,0,Not Stated,SANTA CLARA
9592420,2023-06-03,6,15,6,possible injury,0,1,unsafe speed,rear end,no,no,no,0,0,0,0,0,0,Passenger Car/Station Wagon,PLACER
9592421,2023-06-14,6,8,3,possible injury,0,3,traffic signs,broadside,no,no,no,0,0,0,0,0,0,Not Stated,SANTA CLARA
9592422,2023-06-14,6,16,3,possible injury,0,1,following too closely,rear end,no,no,no,0,0,0,0,0,0,Not Stated,SANTA CLARA
9592423,2023-06-15,6,7,4,minor injury,0,2,automobile right of way,broadside,no,no,no,0,0,0,0,0,0,Not Stated,SANTA CLARA
9592424,2023-06-15,6,14,4,minor injury,0,2,traffic signs,broadside,no,no,no,0,0,0,0,0,0,Not Stated,SANTA CLARA
9592425,2023-06-09,6,17,5,severe injury,0,1,unsafe speed,hit object,no,no,no,0,0,0,0,0,0,Not Stated,SANTA CLARA
9592426,2023-06-13,6,17,2,possible injury,0,1,improper turning,head-on,no,no,no,0,0,0,0,0,0,Not Stated,SANTA CLARA
9592427,2023-06-12,6,11,1,minor injury,0,1,automobile right of way,rear end,no,no,no,0,0,0,0,0,0,Not Stated,SANTA CLARA
9592428,2023-06-05,6,11,1,possible injury,0,1,unsafe speed,rear end,no,no,no,0,0,0,0,0,0,Not Stated,SANTA CLARA
9592441,2023-06-04,6,12,7,minor injury,0,1,improper turning,unknown,no,no,no,0,0,0,0,0,0,Not Stated,SANTA CLARA
9592442,2023-06-04,6,2,7,severe injury,0,1,unknown,vehicle/pedestrian,yes,no,no,1,0,0,0,0,0,Pedestrian,SANTA CLARA
9592443,2023-06-16,6,19,5,minor injury,0,1,unknown,vehicle/pedestrian,yes,no,no,1,0,0,0,0,0,Not Stated,SANTA CLARA
9592444,2023-06-03,6,12,6,possible injury,0,2,unknown,head-on,no,no,no,0,0,0,0,0,0,Not Stated,SANTA CLARA
9592445,2023-06-22,6,12,4,possible injury,0,1,automobile right of way,head-on,no,no,no,0,0,0,0,0,0,Not Stated,SANTA CLARA
9592446,2023-06-21,6,13,3,possible injury,0,1,unsafe speed,sideswipe,no,no,no,0,0,0,0,0,0,Not Stated,SANTA CLARA
9592447,2023-06-21,6,23,3,possible injury,0,1,wrong side of road,head-on,no,no,no,0,0,0,0,0,0,Pickup or Panel Truck,SANTA CLARA
9592448,2023-06-21,6,16,3,possible injury,0,1,improper turning,broadside,no,no,no,0,0,0,0,0,0,Not Stated,SANTA CLARA
9592449,2023-06-01,6,17,4,possible injury,0,1,unknown,broadside,no,no,no,0,0,0,0,0,0,Not Stated,SANTA CLARA
9592450,2023-06-01,6,16,4,possible injury,0,1,traffic signs,broadside,no,no,no,0,0,0,0,0,0,Not Stated,SANTA CLARA
9592451,2023-06-03,6,14,6,possible injury,0,1,traffic signs,broadside,no,no,no,0,0,0,0,0,0,Not Stated,SANTA CLARA
9592452,2023-06-01,6,22,4,possible injury,0,1,traffic signs,head-on,no,no,no,0,0,0,0,0,0,Not Stated,SANTA CLARA
9592453,2023-06-03,6,19,6,minor injury,0,1,traffic signs,broadside,no,no,no,0,0,0,0,0,0,Not Stated,SANTA CLARA
9592454,2023-06-03,6,18,6,minor injury,0,1,improper turning,rear end,no,no,no,0,0,0,0,0,0,Not Stated,SANTA CLARA
9592455,2023-06-04,6,2,7,possible injury,0,1,unsafe speed,sideswipe,no,no,no,0,0,0,0,0,0,Not Stated,SANTA CLARA
9592456,2023-06-03,6,10,6,minor injury,0,2,unsafe speed,sideswipe,no,no,no,0,0,0,0,0,0,Not Stated,SANTA CLARA
9592457,2023-06-20,6,21,2,minor injury,0,1,improper turning,unknown,no,no,yes,0,0,1,0,0,0,Motorcycle/Scooter,SANTA CLARA
9592458,2023-06-21,6,16,3,possible injury,0,1,improper turning,sideswipe,no,no,no,0,0,0,0,0,0,Not Stated,SANTA CLARA
9592459,2023-06-21,6,2,3,possible injury,0,1,traffic signs,broadside,no,yes,no,0,1,0,0,0,0,Not Stated,SANTA CLARA
9592460,2023-06-20,6,19,2,possible injury,0,1,unsafe speed,rear end,no,no,no,0,0,0,0,0,0,Not Stated,SANTA CLARA
9592461,2023-06-05,6,9,1,possible injury,0,1,unsafe speed,rear end,no,no,no,0,0,0,0,0,0,Not Stated,SANTA CLARA
9592462,2023-06-11,6,16,7,possible injury,0,1,automobile right of way,broadside,no,no,no,0,0,0,0,0,0,Not Stated,SANTA CLARA
9592463,2023-06-08,6,17,4,minor injury,0,3,unsafe speed,rear end,no,no,no,0,0,0,0,0,0,Not Stated,SANTA CLARA
9592464,2023-06-16,6,14,5,possible injury,0,1,automobile right of way,unknown,no,no,no,0,0,0,0,0,0,Not Stated,SANTA CLARA
9592465,2023-06-08,6,15,4,possible injury,0,2,unsafe speed,rear end,no,no,no,0,0,0,0,0,0,Not Stated,SANTA CLARA
9592466,2023-06-17,6,15,6,possible injury,0,1,traffic signs,broadside,no,no,no,0,0,0,0,0,0,Not Stated,SANTA CLARA
9592467,2023-06-05,6,15,1,possible injury,0,1,improper turning,sideswipe,no,no,no,0,0,0,0,0,0,Not Stated,SANTA CLARA
9592468,2023-06-16,6,11,5,minor injury,0,2,unknown,rear end,no,no,no,0,0,0,0,0,0,Not Stated,SANTA CLARA
9592469,2023-06-07,6,22,3,minor injury,0,1,traffic signs,broadside,no,no,no,0,0,0,0,0,0,Not Stated,SANTA CLARA
9592470,2023-06-15,6,22,4,severe injury,0,1,unsafe speed,hit object,no,no,yes,0,0,1,0,0,0,Motorcycle/Scooter,SANTA CLARA
9592471,2023-06-18,6,2,7,possible injury,0,2,traffic signs,rear end,no,no,no,0,0,0,0,0,0,Not Stated,SANTA CLARA
9592472,2023-06-18,6,18,7,possible injury,0,1,DUI,sideswipe,no,no,no,0,0,0,0,0,0,Not Stated,SANTA CLARA
9592473,2023-06-19,6,15,1,possible injury,0,1,wrong side of road,broadside,no,yes,no,0,1,0,0,0,0,Bicycle,SANTA CLARA
9592474,2023-06-09,6,10,5,possible injury,0,1,unsafe speed,rear end,no,no,no,0,0,0,0,0,0,Not Stated,SANTA CLARA
9592475,2023-06-19,6,14,1,possible injury,0,1,unsafe speed,rear end,no,no,no,0,0,0,0,0,0,Not Stated,SANTA CLARA
9592476,2023-06-19,6,15,1,minor injury,0,2,pedestrian violation,broadside,no,yes,no,0,1,0,0,0,0,Bicycle,SANTA CLARA
9592477,2023-06-17,6,18,6,possible injury,0,1,unsafe speed,rear end,no,no,no,0,0,0,0,0,0,Not Stated,SANTA CLARA
9592478,2023-06-19,6,12,1,possible injury,0,2,automobile right of way,broadside,no,no,no,0,0,0,0,0,0,Passenger Car/Station Wagon,SANTA CLARA
9592479,2023-06-19,6,1,1,minor injury,0,1,unsafe speed,hit object,no,no,no,0,0,0,0,0,0,Not Stated,SANTA CLARA
9592480,2023-06-17,6,21,6,possible injury,0,1,automobile right of way,broadside,no,no,no,0,0,0,0,0,0,Not Stated,SANTA CLARA
9592481,2023-04-23,4,18,7,severe injury,0,1,unsafe starting or backing,vehicle/pedestrian,yes,no,no,1,0,0,0,0,0,Pickup or Panel Truck,SAN DIEGO
9592483,2023-02-14,2,22,2,possible injury,0,1,improper turning,head-on,no,no,no,0,0,0,0,0,0,Passenger Car/Station Wagon,ALAMEDA
9592484,2023-06-14,6,17,3,possible injury,0,1,improper turning,broadside,no,no,no,0,0,0,0,0,0,Passenger Car/Station Wagon,LOS ANGELES
9592487,2023-04-07,4,11,5,minor injury,0,1,improper turning,broadside,yes,no,no,1,0,0,0,0,0,Pickup or Panel Truck,ALAMEDA
9592492,2023-05-21,5,20,7,minor injury,0,1,wrong side of road,head-on,no,no,no,0,0,0,0,0,0,Passenger Car/Station Wagon,SAN BERNARDINO
9592496,2023-05-31,5,19,3,possible injury,0,2,following too closely,rear end,no,no,no,0,0,0,0,0,0,Pickup or Panel Truck,LOS ANGELES
9592503,2023-05-14,5,16,7,possible injury,0,3,unknown,head-on,no,no,no,0,0,0,0,0,0,Not Stated,ALAMEDA
9592505,2023-06-15,6,13,4,possible injury,0,1,following too closely,rear end,no,no,no,0,0,0,0,0,0,Passenger Car/Station Wagon,SAN DIEGO
9592509,2023-06-16,6,13,5,possible injury,0,2,improper turning,sideswipe,no,yes,no,0,1,0,0,0,0,Pickup or Panel Truck,SAN DIEGO
9592513,2023-06-17,6,13,6,minor injury,0,1,unsafe speed,head-on,no,no,yes,0,0,1,0,0,0,Motorcycle/Scooter,SAN DIEGO
9592514,2023-06-09,6,22,5,minor injury,0,1,automobile right of way,broadside,no,no,no,0,0,0,0,0,0,Pickup or Panel Truck,MERCED
9592516,2023-05-28,5,20,7,possible injury,0,4,wrong side of road,sideswipe,no,no,no,0,0,0,0,0,0,Passenger Car/Station Wagon,LOS ANGELES
9592517,2023-06-17,6,16,6,minor injury,0,1,unsafe speed,sideswipe,no,no,no,0,0,0,0,0,0,Truck or Truck Tractor,SAN DIEGO
9592521,2023-06-17,6,17,6,minor injury,0,1,automobile right of way,broadside,no,no,yes,0,0,1,0,0,0,Passenger Car/Station Wagon,SAN DIEGO
9592522,2023-05-06,5,14,6,possible injury,0,2,automobile right of way,broadside,no,no,no,0,0,0,0,0,0,Passenger Car/Station Wagon,ALAMEDA
9592525,2023-06-13,6,16,2,possible injury,0,2,other hazardous violation,head-on,no,no,no,0,0,0,0,0,0,Passenger Car/Station Wagon,SAN DIEGO
9592528,2023-06-04,6,16,7,minor injury,0,2,automobile right of way,broadside,no,no,no,0,0,0,0,0,0,Passenger Car/Station Wagon,LOS ANGELES
9592529,2023-04-25,4,18,2,possible injury,0,1,unsafe speed,broadside,no,no,no,0,0,0,0,0,0,Pickup or Panel Truck,PLACER
9592530,2023-01-25,1,16,3,possible injury,0,1,pedestrian right of way,vehicle/pedestrian,yes,no,no,1,0,0,0,0,0,Pickup or Panel Truck,ALAMEDA
9592531,2023-06-08,6,8,4,possible injury,0,1,automobile right of way,broadside,no,no,no,0,0,0,0,0,0,Passenger Car/Station Wagon,ORANGE
9592532,2023-06-01,6,11,4,possible injury,0,1,automobile right of way,sideswipe,no,no,no,0,0,0,0,0,0,Passenger Car/Station Wagon,LOS ANGELES
9592533,2023-05-22,5,12,1,minor injury,0,3,unsafe speed,rear end,no,no,no,0,0,0,0,0,0,Passenger Car/Station Wagon,PLACER
9592536,2023-05-19,5,20,5,minor injury,0,1,unsafe lane change,sideswipe,no,no,no,0,0,0,0,0,0,Pickup or Panel Truck,LOS ANGELES
9592537,2023-06-14,6,13,3,severe injury,0,1,DUI,hit object,no,no,no,0,0,0,0,0,0,Passenger Car/Station Wagon,PLACER
9592538,2023-06-08,6,18,4,possible injury,0,1,automobile right of way,broadside,no,no,no,0,0,0,0,0,0,Passenger Car/Station Wagon,MERCED
9592540,2023-06-12,6,11,1,minor injury,0,2,unsafe speed,sideswipe,no,no,no,0,0,0,0,0,0,Truck or Truck Tractor,LOS ANGELES
9592541,2023-05-19,5,17,5,possible injury,0,2,following too closely,rear end,no,no,no,0,0,0,0,0,0,Pickup or Panel Truck,SAN DIEGO
9592544,2023-06-10,6,17,6,minor injury,0,1,improper turning,unknown,no,no,no,0,0,0,0,0,0,Passenger Car/Station Wagon,KERN
9592546,2023-06-03,6,16,6,severe injury,0,1,unsafe speed,hit object,no,no,no,0,0,0,0,0,0,Pickup or Panel Truck with Trailer,MERCED
9592547,2023-05-30,5,8,2,minor injury,0,1,traffic signs,broadside,no,no,no,0,0,0,0,0,0,Pickup or Panel Truck,SAN BERNARDINO
9592549,2023-05-12,5,2,5,possible injury,0,2,unsafe speed,rear end,no,no,no,0,0,0,0,0,0,Passenger Car/Station Wagon,LOS ANGELES
9592550,2023-05-18,5,9,4,possible injury,0,1,traffic signs,broadside,no,no,no,0,0,0,0,0,0,Passenger Car/Station Wagon,ALAMEDA
9592552,2023-05-10,5,11,3,possible injury,0,1,improper turning,sideswipe,no,no,no,0,0,0,0,0,0,Truck or Truck Tractor,LOS ANGELES
9592558,2023-06-12,6,16,1,possible injury,0,1,improper turning,sideswipe,no,no,no,0,0,0,0,0,0,Passenger Car/Station Wagon,LOS ANGELES
9592559,2023-05-08,5,20,1,possible injury,0,2,unsafe speed,rear end,no,no,no,0,0,0,0,0,0,Pickup or Panel Truck,ORANGE
9592561,2023-06-04,6,20,7,minor injury,0,1,traffic signs,broadside,no,no,no,0,0,0,0,0,0,Not Stated,LOS ANGELES
9592562,2023-06-06,6,19,2,possible injury,0,1,DUI,rear end,no,no,no,0,0,0,0,0,0,Passenger Car/Station Wagon,LOS ANGELES
9592563,2023-06-04,6,0,7,possible injury,0,1,pedestrian right of way,vehicle/pedestrian,yes,no,no,1,0,0,0,0,0,Not Stated,LOS ANGELES
9592564,2023-06-03,6,14,6,minor injury,0,1,improper turning,other,no,no,yes,0,0,1,0,0,0,Not Stated,LOS ANGELES
9592567,2023-06-11,6,4,7,severe injury,0,2,automobile right of way,vehicle/pedestrian,yes,no,no,1,0,0,0,0,0,Pedestrian,SAN DIEGO
9592568,2023-06-14,6,5,3,minor injury,0,1,traffic signs,broadside,no,yes,no,0,1,0,0,0,0,Bicycle,SAN DIEGO
9592569,2023-06-13,6,16,2,minor injury,0,1,pedestrian violation,sideswipe,yes,no,no,1,0,0,0,0,0,Pedestrian,SAN DIEGO
9592570,2023-06-09,6,1,5,possible injury,0,1,traffic signs,sideswipe,no,no,no,0,0,0,0,0,0,Not Stated,SAN DIEGO
9592571,2023-06-11,6,19,7,possible injury,0,1,traffic signs,broadside,no,no,no,0,0,0,0,0,0,Not Stated,SAN DIEGO
9592573,2023-06-13,6,17,2,possible injury,0,1,following too closely,rear end,no,no,yes,0,0,1,0,0,0,Motorcycle/Scooter,SAN DIEGO
9592574,2023-06-10,6,21,6,minor injury,0,1,improper turning,other,no,yes,no,0,1,0,0,0,0,Bicycle,SAN DIEGO
9592575,2023-06-07,6,11,3,minor injury,0,2,automobile right of way,unknown,no,no,no,0,0,0,0,0,0,Passenger Car/Station Wagon,LOS ANGELES
9592576,2023-06-04,6,18,7,severe injury,0,1,automobile right of way,broadside,no,no,yes,0,0,1,0,0,0,Passenger Car/Station Wagon,LOS ANGELES
9592577,2023-06-07,6,18,3,severe injury,0,1,following too closely,sideswipe,no,no,no,0,0,0,0,0,0,Passenger Car/Station Wagon,LOS ANGELES
9592578,2023-06-07,6,2,3,minor injury,0,1,unsafe lane change,sideswipe,no,no,no,0,0,0,0,0,0,Passenger Car/Station Wagon,LOS ANGELES
9592579,2023-06-05,6,17,1,severe injury,0,1,improper turning,sideswipe,no,no,no,0,0,0,0,0,0,Passenger Car/Station Wagon,LOS ANGELES
9592580,2023-06-05,6,10,1,possible injury,0,1,improper turning,hit object,no,no,no,0,0,0,0,0,0,Passenger Car/Station Wagon,LOS ANGELES
9592591,2023-06-09,6,7,5,possible injury,0,3,automobile right of way,broadside,no,no,no,0,0,0,0,0,0,Passenger Car/Station Wagon,COLUSA
9592595,2023-06-12,6,10,1,minor injury,0,1,pedestrian right of way,vehicle/pedestrian,yes,no,no,1,0,0,0,0,0,Passenger Car/Station Wagon,SAN MATEO
9592596,2023-06-07,6,20,3,severe injury,0,5,traffic signs,broadside,no,no,no,0,0,0,0,0,0,Passenger Car/Station Wagon,LOS ANGELES
9592601,2023-05-08,5,9,1,minor injury,0,2,automobile right of way,head-on,no,no,no,0,0,0,0,0,0,Passenger Car/Station Wagon,ORANGE
9592640,2023-05-04,5,15,4,possible injury,0,1,following too closely,rear end,no,no,no,0,0,0,0,0,0,Passenger Car/Station Wagon,FRESNO
9592641,2023-04-07,4,8,5,possible injury,0,1,traffic signs,vehicle/pedestrian,yes,no,no,1,0,0,0,0,0,Passenger Car/Station Wagon,LOS ANGELES
9592642,2023-04-28,4,21,5,minor injury,0,1,pedestrian right of way,vehicle/pedestrian,yes,no,no,1,0,0,0,0,0,Not Stated,RIVERSIDE
9592643,2023-04-22,4,13,6,possible injury,0,1,unsafe speed,rear end,no,no,yes,0,0,1,0,0,0,Motorcycle/Scooter,VENTURA
9592644,2023-04-18,4,19,2,possible injury,0,1,pedestrian violation,sideswipe,no,yes,no,0,1,0,0,0,0,Not Stated,RIVERSIDE
9592647,2023-04-27,4,14,4,minor injury,0,1,unsafe speed,rear end,no,no,no,0,0,0,0,0,0,Passenger Car/Station Wagon,SAN DIEGO
9592648,2023-04-27,4,15,4,minor injury,0,1,improper turning,broadside,no,no,yes,0,0,1,0,0,0,Passenger Car/Station Wagon,SAN DIEGO
9592649,2023-04-19,4,18,3,possible injury,0,1,DUI,rear end,no,no,yes,0,0,1,0,0,0,Motorcycle/Scooter,SAN DIEGO
9592650,2023-04-26,4,17,3,minor injury,0,1,DUI,hit object,no,no,no,0,0,0,0,0,0,Passenger Car/Station Wagon,SAN DIEGO
9592651,2023-04-06,4,15,4,possible injury,0,1,automobile right of way,broadside,no,no,no,0,0,0,0,0,0,Passenger Car/Station Wagon,SAN DIEGO
9592652,2023-04-10,4,13,1,possible injury,0,1,traffic signs,broadside,no,no,no,0,0,0,0,0,0,Passenger Car/Station Wagon,ORANGE
9592653,2023-06-13,6,10,2,minor injury,0,1,improper turning,hit object,no,no,no,0,0,0,0,0,0,Passenger Car/Station Wagon,ORANGE
9592654,2023-06-06,6,14,2,possible injury,0,1,automobile right of way,head-on,no,no,no,0,0,0,0,0,0,Passenger Car/Station Wagon,ORANGE
9592655,2023-06-08,6,8,4,minor injury,0,1,automobile right of way,broadside,no,yes,no,0,1,0,0,0,0,Passenger Car/Station Wagon,SAN DIEGO
9592656,2023-06-04,6,15,7,minor injury,0,2,automobile right of way,broadside,no,no,no,0,0,0,0,0,0,Passenger Car/Station Wagon,SAN DIEGO
9592657,2023-06-13,6,13,2,minor injury,0,1,unsafe speed,other,no,no,yes,0,0,1,0,0,0,Motorcycle/Scooter,SAN DIEGO
9592658,2023-06-08,6,10,4,minor injury,0,1,unsafe speed,rear end,no,no,no,0,0,0,0,0,0,Passenger Car/Station Wagon,SAN DIEGO
9592659,2023-06-14,6,18,3,possible injury,0,2,unsafe speed,rear end,no,no,no,0,0,0,0,0,0,Passenger Car/Station Wagon,LOS ANGELES
9592660,2023-06-02,6,12,5,minor injury,0,1,automobile right of way,broadside,no,no,no,0,0,0,0,0,0,Passenger Car/Station Wagon,SAN BERNARDINO
9592661,2023-06-01,6,8,4,possible injury,0,1,improper turning,sideswipe,no,no,no,0,0,0,0,0,0,Passenger Car/Station Wagon,LOS ANGELES
9592662,2023-06-10,6,16,6,minor injury,0,1,traffic signs,broadside,no,no,no,0,0,0,0,0,0,Not Stated,LOS ANGELES
9592663,2023-06-06,6,10,2,minor injury,0,1,following too closely,rear end,no,no,no,0,0,0,0,0,0,Not Stated,LOS ANGELES
9592664,2023-06-01,6,9,4,possible injury,0,1,automobile right of way,broadside,no,no,no,0,0,0,0,0,0,Passenger Car/Station Wagon,LOS ANGELES
9592666,2023-06-01,6,21,4,minor injury,0,2,unsafe speed,rear end,no,no,no,0,0,0,0,0,0,Not Stated,LOS ANGELES
9592667,2023-06-08,6,17,4,minor injury,0,1,unsafe speed,broadside,no,no,no,0,0,0,0,0,0,Passenger Car/Station Wagon,LOS ANGELES
9592668,2023-06-11,6,3,7,minor injury,0,2,DUI,sideswipe,no,no,no,0,0,0,0,0,0,Passenger Car/Station Wagon,SAN MATEO
9592669,2023-06-11,6,20,7,possible injury,0,3,DUI,broadside,no,no,no,0,0,0,0,0,0,Passenger Car/Station Wagon,LOS ANGELES
9592670,2023-06-11,6,15,7,minor injury,0,4,DUI,broadside,no,no,no,0,0,0,0,0,0,Passenger Car/Station Wagon,LOS ANGELES
9592671,2023-06-10,6,0,6,severe injury,0,1,unknown,vehicle/pedestrian,yes,no,no,1,0,0,0,0,0,Not Stated,LOS ANGELES
9592672,2023-06-03,6,9,6,minor injury,0,1,improper turning,broadside,no,no,yes,0,0,1,0,0,0,Passenger Car/Station Wagon,LOS ANGELES
9592673,2023-05-15,5,18,1,possible injury,0,2,automobile right of way,head-on,no,no,no,0,0,0,0,0,0,Passenger Car/Station Wagon,LOS ANGELES
9592674,2023-05-21,5,20,7,minor injury,0,3,DUI,head-on,no,no,no,0,0,0,0,0,0,Passenger Car/Station Wagon,ORANGE
9592675,2023-05-09,5,15,2,possible injury,0,1,wrong side of road,broadside,no,yes,no,0,1,0,0,0,0,Bicycle,ORANGE
9592676,2023-05-01,5,7,1,possible injury,0,1,traffic signs,sideswipe,no,no,no,0,0,0,0,0,0,Not Stated,LOS ANGELES
9592677,2023-05-31,5,20,3,severe injury,0,1,automobile right of way,broadside,no,yes,no,0,1,0,0,0,0,Not Stated,SACRAMENTO
9592679,2023-05-17,5,15,3,possible injury,0,2,traffic signs,broadside,no,no,no,0,0,0,0,0,0,Passenger Car/Station Wagon,LOS ANGELES
9592680,2023-05-09,5,0,2,possible injury,0,1,DUI,rear end,no,no,no,0,0,0,0,0,0,Passenger Car/Station Wagon,LOS ANGELES
9592681,2023-05-08,5,14,1,possible injury,0,2,unsafe speed,rear end,no,no,no,0,0,0,0,0,0,Passenger Car/Station Wagon,LOS ANGELES
9592682,2023-05-09,5,17,2,possible injury,0,2,automobile right of way,hit object,no,no,no,0,0,0,0,0,0,Passenger Car/Station Wagon,LOS ANGELES
9592683,2023-05-10,5,17,3,minor injury,0,1,automobile right of way,broadside,no,no,no,0,0,0,0,0,0,Passenger Car/Station Wagon,LOS ANGELES
9592684,2023-05-08,5,8,1,possible injury,0,2,automobile right of way,broadside,no,no,no,0,0,0,0,0,0,Passenger Car/Station Wagon,LOS ANGELES