CASE_ID,COLLISION_DATE,MONTH,HOUR,DAY_OF_WEEK,COLLISION_SEVERITY,NUMBER_KILLED,NUMBER_INJURED,PCF_VIOL_CATEGORY,TYPE_OF_COLLISION,PEDESTRIAN_ACCIDENT,BICYCLE_ACCIDENT,MOTORCYCLE_ACCIDENT,COUNT_PED_INJURED,COUNT_BICYCLIST_INJURED,COUNT_MC_INJURED,COUNT_PED_KILLED,COUNT_BICYCLIST_KILLED,COUNT_MC_KILLED,STWD_VEHTYPE_AT_FAULT,COUNTY
9598488,2023-07-01,7,15,6,minor injury,0,2,unsafe starting or backing,overturned,no,no,no,0,0,0,0,0,0,Passenger Car/Station Wagon,SAN DIEGO
9598489,2023-07-04,7,17,2,minor injury,0,2,traffic signs,broadside,no,no,no,0,0,0,0,0,0,Passenger Car/Station Wagon,CONTRA COSTA
9598490,2023-07-07,7,19,5,possible injury,0,1,automobile right of way,head-on,no,no,no,0,0,0,0,0,0,Passenger Car/Station Wagon,MARIN
9598491,2023-07-05,7,11,3,minor injury,0,2,automobile right of way,broadside,no,no,no,0,0,0,0,0,0,Passenger Car/Station Wagon,MARIN
9598492,2023-07-01,7,12,6,minor injury,0,2,unsafe speed,hit object,no,no,no,0,0,0,0,0,0,Passenger Car/Station Wagon,STANISLAUS
9598493,2023-07-03,7,14,1,minor injury,0,1,unsafe speed,rear end,no,no,no,0,0,0,0,0,0,Passenger Car/Station Wagon,SAN JOAQUIN
9598494,2023-07-02,7,13,7,minor injury,0,2,unsafe lane change,sideswipe,no,no,no,0,0,0,0,0,0,Passenger Car/Station Wagon,ORANGE
9598496,2023-07-01,7,3,6,possible injury,0,1,traffic signs,broadside,no,no,no,0,0,0,0,0,0,Passenger Car/Station Wagon,ORANGE
9598497,2023-07-01,7,18,6,possible injury,0,2,traffic signs,head-on,no,no,no,0,0,0,0,0,0,Passenger Car/Station Wagon,ORANGE
9598498,2023-07-03,7,19,1,minor injury,0,1,automobile right of way,head-on,no,no,yes,0,0,1,0,0,0,Passenger Car/Station Wagon,SAN DIEGO
9598499,2023-07-03,7,23,1,possible injury,0,1,improper turning,sideswipe,no,no,no,0,0,0,0,0,0,Passenger Car/Station Wagon,SAN DIEGO
9598500,2023-07-04,7,0,2,minor injury,0,1,other hazardous violation,rear end,no,no,no,0,0,0,0,0,0,Passenger Car/Station Wagon,SAN DIEGO
9598501,2023-07-03,7,13,1,possible injury,0,1,improper turning,head-on,no,no,no,0,0,0,0,0,0,Passenger Car/Station Wagon,SAN DIEGO
9598502,2023-07-01,7,9,6,possible injury,0,2,improper turning,head-on,no,no,no,0,0,0,0,0,0,Passenger Car/Station Wagon,SAN DIEGO
9598503,2023-07-02,7,11,7,possible injury,0,1,automobile right of way,broadside,no,no,no,0,0,0,0,0,0,Passenger Car/Station Wagon,SAN DIEGO
9598504,2023-07-02,7,16,7,minor injury,0,1,improper turning,head-on,no,no,no,0,0,0,0,0,0,Passenger Car/Station Wagon,SAN DIEGO
9598505,2023-07-03,7,2,1,minor injury,0,1,unsafe speed,overturned,no,no,no,0,0,0,0,0,0,Passenger Car/Station Wagon,SAN DIEGO
9598506,2023-07-01,7,9,6,possible injury,0,1,improper turning,rear end,no,no,no,0,0,0,0,0,0,Passenger Car/Station Wagon,SAN DIEGO
9598517,2023-06-22,6,10,4,possible injury,0,1,automobile right of way,broadside,no,no,no,0,0,0,0,0,0,Passenger Car/Station Wagon,CONTRA COSTA
9598533,2023-06-27,6,1,2,minor injury,0,1,unsafe speed,broadside,no,no,no,0,0,0,0,0,0,Passenger Car/Station Wagon,STANISLAUS
9598534,2023-06-12,6,19,1,minor injury,0,2,automobile right of way,broadside,no,no,no,0,0,0,0,0,0,Passenger Car/Station Wagon,LOS ANGELES
9598535,2023-06-24,6,11,6,minor injury,0,1,automobile right of way,broadside,no,no,no,0,0,0,0,0,0,Passenger Car/Station Wagon,LOS ANGELES
9598536,2023-06-12,6,21,1,severe injury,0,1,unsafe speed,hit object,no,no,no,0,0,0,0,0,0,Passenger Car/Station Wagon,LOS ANGELES
9598537,2023-06-07,6,20,3,possible injury,0,1,improper turning,hit object,no,no,no,0,0,0,0,0,0,Passenger Car/Station Wagon,SAN MATEO
9598538,2023-06-29,6,14,4,minor injury,0,1,wrong side of road,other,no,yes,no,0,1,0,0,0,0,Not Stated,STANISLAUS
9598539,2023-06-23,6,13,5,minor injury,0,1,improper turning,vehicle/pedestrian,no,no,no,0,0,0,0,0,0,Not Stated,STANISLAUS
9598540,2023-06-27,6,17,2,severe injury,0,2,DUI,rear end,no,no,no,0,0,0,0,0,0,Passenger Car/Station Wagon,STANISLAUS
9598541,2023-06-28,6,23,3,severe injury,0,1,unsafe lane change,hit object,no,no,no,0,0,0,0,0,0,Passenger Car/Station Wagon,CONTRA COSTA
9598542,2023-06-23,6,14,5,possible injury,0,2,unsafe speed,rear end,no,no,no,0,0,0,0,0,0,Passenger Car/Station Wagon,CONTRA COSTA
9598543,2023-06-09,6,22,5,minor injury,0,2,automobile right of way,broadside,no,no,no,0,0,0,0,0,0,Passenger Car/Station Wagon,ORANGE
9598544,2023-06-02,6,2,5,minor injury,0,1,DUI,hit object,no,no,no,0,0,0,0,0,0,Truck or Truck Tractor,SAN DIEGO
9598545,2023-06-02,6,7,5,minor injury,0,1,traffic signs,broadside,no,no,no,0,0,0,0,0,0,Passenger Car/Station Wagon,ORANGE
9598546,2023-06-03,6,13,6,minor injury,0,1,unsafe speed,rear end,no,no,no,0,0,0,0,0,0,Passenger Car/Station Wagon,ORANGE
9598547,2023-06-04,6,18,7,possible injury,0,1,automobile right of way,broadside,no,no,no,0,0,0,0,0,0,Not Stated,SAN DIEGO
9598548,2023-06-13,6,16,2,possible injury,0,1,DUI,head-on,no,no,no,0,0,0,0,0,0,Not Stated,SAN DIEGO
9598549,2023-06-23,6,1,5,possible injury,0,1,improper turning,head-on,no,yes,no,0,1,0,0,0,0,Not Stated,SAN DIEGO
9598550,2023-06-29,6,20,4,minor injury,0,1,unsafe speed,broadside,no,no,yes,0,0,1,0,0,0,Passenger Car/Station Wagon,SAN DIEGO
9598551,2023-06-30,6,9,5,possible injury,0,1,unsafe speed,other,no,yes,no,0,1,0,0,0,0,Not Stated,SAN DIEGO
9598553,2023-06-17,6,16,6,possible injury,0,1,improper turning,broadside,no,no,no,0,0,0,0,0,0,Passenger Car/Station Wagon,LOS ANGELES
9598554,2023-06-30,6,4,5,severe injury,0,1,unsafe speed,rear end,no,no,no,0,0,0,0,0,0,Passenger Car/Station Wagon,SAN JOAQUIN
9598555,2023-06-30,6,18,5,severe injury,0,1,pedestrian violation,vehicle/pedestrian,yes,no,no,1,0,0,0,0,0,Pedestrian,SAN JOAQUIN
9598556,2023-06-24,6,19,6,severe injury,0,1,unknown,sideswipe,no,no,yes,0,0,1,0,0,0,Motorcycle/Scooter,KERN
9598557,2023-06-10,6,17,6,minor injury,0,1,DUI,sideswipe,no,no,no,0,0,0,0,0,0,Passenger Car/Station Wagon,LOS ANGELES
9598558,2023-05-07,5,2,7,minor injury,0,1,DUI,rear end,no,no,no,0,0,0,0,0,0,Passenger Car/Station Wagon,LOS ANGELES
9598559,2023-05-30,5,15,2,possible injury,0,1,DUI,sideswipe,no,no,no,0,0,0,0,0,0,Passenger Car/Station Wagon,LOS ANGELES
9598560,2023-05-29,5,11,1,minor injury,0,1,DUI,broadside,no,no,no,0,0,0,0,0,0,Passenger Car/Station Wagon,SAN BERNARDINO
9598562,2023-05-20,5,20,6,severe injury,0,1,unsafe speed,vehicle/pedestrian,yes,no,no,1,0,0,0,0,0,Not Stated,SAN BERNARDINO
9598563,2023-05-01,5,23,1,possible injury,0,1,DUI,rear end,no,no,no,0,0,0,0,0,0,Passenger Car/Station Wagon,LOS ANGELES
9598564,2023-05-15,5,7,1,minor injury,0,1,automobile right of way,broadside,no,no,no,0,0,0,0,0,0,Passenger Car/Station Wagon,SANTA CLARA
9598565,2023-05-27,5,15,6,possible injury,0,2,traffic signs,broadside,no,no,no,0,0,0,0,0,0,Passenger Car/Station Wagon,SAN DIEGO
9598566,2023-05-09,5,12,2,possible injury,0,2,traffic signs,broadside,no,no,no,0,0,0,0,0,0,Passenger Car/Station Wagon,LOS ANGELES
9598567,2023-05-01,5,21,1,severe injury,0,1,pedestrian violation,vehicle/pedestrian,yes,no,no,1,0,0,0,0,0,Pedestrian,LOS ANGELES
9598568,2023-05-13,5,14,6,minor injury,0,1,traffic signs,broadside,no,no,no,0,0,0,0,0,0,Passenger Car with Trailer,LOS ANGELES
9598570,2023-05-20,5,2,6,possible injury,0,1,improper turning,hit object,no,no,no,0,0,0,0,0,0,Passenger Car with Trailer,LOS ANGELES
9598571,2023-05-31,5,17,3,minor injury,0,1,unknown,sideswipe,no,no,no,0,0,0,0,0,0,Not Stated,LOS ANGELES
9598572,2023-05-01,5,16,1,possible injury,0,2,automobile right of way,broadside,no,no,no,0,0,0,0,0,0,Passenger Car with Trailer,LOS ANGELES
9598573,2023-05-27,5,21,6,possible injury,0,1,automobile right of way,broadside,no,no,no,0,0,0,0,0,0,Passenger Car/Station Wagon,LOS ANGELES
9598574,2023-05-25,5,15,4,minor injury,0,1,pedestrian right of way,vehicle/pedestrian,yes,no,no,1,0,0,0,0,0,Pickup or Panel Truck,MONTEREY
9598600,2023-04-30,4,16,7,possible injury,0,2,automobile right of way,broadside,no,no,yes,0,0,1,0,0,0,Motorcycle/Scooter,LOS ANGELES
9598601,2023-04-12,4,15,3,possible injury,0,1,automobile right of way,broadside,no,no,no,0,0,0,0,0,0,Passenger Car with Trailer,LOS ANGELES
9598602,2023-04-26,4,17,3,severe injury,0,3,traffic signs,broadside,no,no,no,0,0,0,0,0,0,Passenger Car with Trailer,LOS ANGELES
9598603,2023-04-09,4,18,7,possible injury,0,1,unsafe speed,hit object,no,no,yes,0,0,1,0,0,0,Motorcycle/Scooter,LOS ANGELES
9598604,2023-04-17,4,18,1,minor injury,0,1,unknown,broadside,no,yes,no,0,1,0,0,0,0,Not Stated,LOS ANGELES
9598605,2023-04-04,4,22,2,severe injury,0,1,unknown,vehicle/pedestrian,yes,no,no,1,0,0,0,0,0,Not Stated,LOS ANGELES
9598606,2023-04-09,4,1,7,possible injury,0,1,traffic signs,broadside,no,no,no,0,0,0,0,0,0,Passenger Car/Station Wagon,LOS ANGELES
9598607,2023-04-24,4,12,1,possible injury,0,1,unknown,vehicle/pedestrian,yes,no,no,1,0,0,0,0,0,Not Stated,SANTA BARBARA
9598609,2023-04-12,4,12,3,possible injury,0,1,unknown,vehicle/pedestrian,yes,no,no,1,0,0,0,0,0,Not Stated,LOS ANGELES
9598610,2023-04-19,4,17,3,minor injury,0,1,unsafe starting or backing,broadside,no,yes,no,0,1,0,0,0,0,Passenger Car/Station Wagon,LOS ANGELES
9598611,2023-04-22,4,2,6,severe injury,0,1,traffic signs,broadside,no,yes,no,0,1,0,0,0,0,Passenger Car/Station Wagon,LOS ANGELES
9598612,2023-04-30,4,6,7,possible injury,0,1,unsafe starting or backing,rear end,no,no,no,0,0,0,0,0,0,Passenger Car/Station Wagon,LOS ANGELES
9598614,2023-04-05,4,11,3,possible injury,0,2,improper turning,broadside,no,no,no,0,0,0,0,0,0,Passenger Car/Station Wagon,LOS ANGELES
9598615,2023-04-29,4,20,6,possible injury,0,2,automobile right of way,broadside,no,no,no,0,0,0,0,0,0,Passenger Car/Station Wagon,SAN BERNARDINO
9598616,2023-04-16,4,8,7,severe injury,0,1,unknown,vehicle/pedestrian,yes,no,no,1,0,0,0,0,0,Passenger Car/Station Wagon,SOLANO
9598617,2023-04-26,4,15,3,minor injury,0,1,improper turning,rear end,no,no,no,0,0,0,0,0,0,Passenger Car/Station Wagon,SANTA CLARA
9598618,2023-04-26,4,7,3,minor injury,0,1,automobile right of way,broadside,no,no,no,0,0,0,0,0,0,Passenger Car/Station Wagon,LOS ANGELES
9598619,2023-04-09,4,1,7,minor injury,0,2,improper turning,broadside,no,no,no,0,0,0,0,0,0,Passenger Car/Station Wagon,LOS ANGELES
9598620,2023-06-29,6,21,4,possible injury,0,1,DUI,sideswipe,no,no,no,0,0,0,0,0,0,Passenger Car/Station Wagon,FRESNO
9598643,2023-07-07,7,3,5,possible injury,0,2,DUI,broadside,no,no,no,0,0,0,0,0,0,Passenger Car/Station Wagon,MARIN
9598672,2023-06-26,6,16,1,minor injury,0,1,improper passing,broadside,no,yes,no,0,1,0,0,0,0,Bicycle,LOS ANGELES
9598673,2023-06-19,6,9,1,possible injury,0,1,improper turning,other,no,no,no,0,0,0,0,0,0,Passenger Car/Station Wagon,SAN MATEO
9598674,2023-06-30,6,16,5,possible injury,0,2,traffic signs,head-on,no,no,no,0,0,0,0,0,0,Passenger Car/Station Wagon,SAN BERNARDINO
9598675,2023-06-18,6,22,7,severe injury,0,1,unknown,vehicle/pedestrian,yes,no,no,1,0,0,0,0,0,Not Stated,LOS ANGELES
9598676,2023-06-16,6,12,5,minor injury,0,1,unknown,rear end,no,no,no,0,0,0,0,0,0,Not Stated,LOS ANGELES
9598677,2023-06-15,6,23,4,minor injury,0,1,wrong side of road,sideswipe,yes,no,no,1,0,0,0,0,0,Passenger Car/Station Wagon,LOS ANGELES
9598678,2023-06-24,6,2,6,severe injury,0,6,unsafe speed,head-on,no,no,no,0,0,0,0,0,0,Passenger Car/Station Wagon,LOS ANGELES
9598679,2023-06-15,6,21,4,minor injury,0,1,pedestrian violation,vehicle/pedestrian,yes,no,no,1,0,0,0,0,0,Pedestrian,SANTA BARBARA
9598680,2023-06-02,6,12,5,severe injury,0,1,unknown,other,no,yes,no,0,1,0,0,0,0,Not Stated,MERCED
9598681,2023-06-03,6,11,6,possible injury,0,2,unsafe lane change,hit object,no,no,no,0,0,0,0,0,0,Passenger Car/Station Wagon,MERCED
9598682,2023-06-03,6,21,6,severe injury,0,1,pedestrian violation,vehicle/pedestrian,yes,no,no,1,0,0,0,0,0,Pedestrian,MERCED
9598683,2023-06-30,6,9,5,possible injury,0,3,automobile right of way,rear end,no,no,no,0,0,0,0,0,0,Passenger Car/Station Wagon,SAN BERNARDINO
9598684,2023-06-28,6,18,3,possible injury,0,1,unsafe speed,rear end,no,no,no,0,0,0,0,0,0,Passenger Car/Station Wagon,SAN BERNARDINO
9598685,2023-06-09,6,11,5,minor injury,0,2,automobile right of way,broadside,no,no,no,0,0,0,0,0,0,Passenger Car/Station Wagon,SAN BERNARDINO
9598686,2023-06-02,6,23,5,possible injury,0,2,unknown,rear end,no,no,no,0,0,0,0,0,0,Passenger Car/Station Wagon,PLACER
9598687,2023-06-27,6,19,2,minor injury,0,1,wrong side of road,rear end,no,yes,no,0,1,0,0,0,0,Bicycle,PLACER
9598688,2023-06-20,6,16,2,possible injury,0,1,traffic signs,broadside,no,no,no,0,0,0,0,0,0,Passenger Car/Station Wagon,PLACER
9598689,2023-06-09,6,13,5,possible injury,0,1,automobile right of way,broadside,no,no,no,0,0,0,0,0,0,Passenger Car/Station Wagon,PLACER
9598691,2023-06-17,6,20,6,possible injury,0,1,traffic signs,broadside,no,no,no,0,0,0,0,0,0,Passenger Car/Station Wagon,PLACER
9598692,2023-06-21,6,16,3,possible injury,0,1,improper turning,rear end,no,no,no,0,0,0,0,0,0,Passenger Car/Station Wagon,PLACER
9598693,2023-06-30,6,10,5,minor injury,0,1,traffic signs,broadside,no,yes,no,0,1,0,0,0,0,Not Stated,SANTA CLARA
9598694,2023-06-04,6,15,7,possible injury,0,1,traffic signs,broadside,no,no,no,0,0,0,0,0,0,Not Stated,SANTA CLARA
9598695,2023-06-29,6,17,4,minor injury,0,1,unknown,sideswipe,no,yes,no,0,1,0,0,0,0,Bicycle,SANTA CLARA
9598696,2023-06-28,6,16,3,minor injury,0,2,traffic signs,sideswipe,no,no,no,0,0,0,0,0,0,Not Stated,SANTA CLARA
9598697,2023-06-30,6,19,5,possible injury,0,1,unsafe speed,unknown,no,no,no,0,0,0,0,0,0,Passenger Car/Station Wagon,SANTA CLARA
9598698,2023-06-30,6,18,5,minor injury,0,1,unsafe speed,vehicle/pedestrian,no,yes,no,0,1,0,0,0,0,Bicycle,SANTA CLARA
9598699,2023-06-30,6,16,5,minor injury,0,1,other hazardous violation,broadside,no,yes,no,0,1,0,0,0,0,Bicycle,SANTA CLARA
9598700,2023-06-26,6,7,1,possible injury,0,4,traffic signs,broadside,no,no,no,0,0,0,0,0,0,Not Stated,SANTA CLARA
9598702,2023-06-15,6,15,4,minor injury,0,1,pedestrian violation,broadside,no,yes,no,0,1,0,0,0,0,Bicycle,SANTA CLARA
9598703,2023-06-29,6,19,4,possible injury,0,2,automobile right of way,head-on,no,no,no,0,0,0,0,0,0,Not Stated,SANTA CLARA
9598704,2023-06-14,6,17,3,possible injury,0,1,unsafe speed,rear end,no,no,no,0,0,0,0,0,0,Not Stated,SANTA CLARA
9598705,2023-06-16,6,19,5,possible injury,0,2,automobile right of way,broadside,no,no,no,0,0,0,0,0,0,Passenger Car/Station Wagon,SANTA CLARA
9598706,2023-06-24,6,23,6,minor injury,0,2,improper turning,broadside,no,no,no,0,0,0,0,0,0,Passenger Car/Station Wagon,SANTA CLARA
9598707,2023-06-28,6,15,3,minor injury,0,3,unknown,broadside,no,no,no,0,0,0,0,0,0,Not Stated,SANTA CLARA
9598708,2023-06-27,6,16,2,possible injury,0,2,automobile right of way,broadside,no,no,no,0,0,0,0,0,0,Passenger Car/Station Wagon,SANTA CLARA
9598709,2023-06-26,6,16,1,possible injury,0,1,unsafe speed,rear end,no,no,no,0,0,0,0,0,0,Not Stated,SANTA CLARA
9598710,2023-06-28,6,12,3,possible injury,0,1,improper turning,sideswipe,no,no,no,0,0,0,0,0,0,Passenger Car/Station Wagon,SANTA CLARA
9598711,2023-06-30,6,17,5,possible injury,0,1,automobile right of way,broadside,no,no,no,0,0,0,0,0,0,Not Stated,SANTA CLARA
9598712,2023-06-27,6,7,2,possible injury,0,1,unsafe speed,rear end,no,no,no,0,0,0,0,0,0,Not Stated,SANTA CLARA
9598713,2023-06-15,6,13,4,possible injury,0,1,automobile right of way,broadside,no,no,no,0,0,0,0,0,0,Passenger Car/Station Wagon,SAN BERNARDINO
9598714,2023-06-16,6,22,5,minor injury,0,2,pedestrian right of way,vehicle/pedestrian,yes,no,no,2,0,0,0,0,0,Passenger Car/Station Wagon,LOS ANGELES
9598715,2023-06-11,6,14,7,possible injury,0,3,unknown,broadside,no,no,no,0,0,0,0,0,0,Not Stated,ORANGE
9598716,2023-06-01,6,7,4,possible injury,0,1,improper turning,broadside,no,no,no,0,0,0,0,0,0,Passenger Car/Station Wagon,ORANGE
9598717,2023-06-25,6,15,7,possible injury,0,1,unsafe speed,rear end,no,no,no,0,0,0,0,0,0,Passenger Car/Station Wagon,LOS ANGELES
9598718,2023-06-30,6,15,5,possible injury,0,1,automobile right of way,rear end,no,no,no,0,0,0,0,0,0,Passenger Car/Station Wagon,LOS ANGELES
9598719,2023-06-30,6,18,5,possible injury,0,1,unsafe speed,broadside,no,no,no,0,0,0,0,0,0,Passenger Car/Station Wagon,LOS ANGELES
9598720,2023-06-14,6,8,3,minor injury,0,1,traffic signs,broadside,no,no,no,0,0,0,0,0,0,Not Stated,LOS ANGELES
9598765,2023-12-10,12,12,7,possible injury,0,1,improper passing,broadside,no,yes,no,0,1,0,0,0,0,Bicycle,CONTRA COSTA
9598772,2023-12-13,12,18,3,severe injury,0,1,pedestrian right of way,head-on,yes,no,no,1,0,0,0,0,0,Passenger Car/Station Wagon,LOS ANGELES
9598773,2023-12-26,12,6,2,minor injury,0,1,automobile right of way,broadside,no,no,no,0,0,0,0,0,0,Passenger Car/Station Wagon,ORANGE
9598774,2023-12-09,12,9,6,severe injury,0,2,improper turning,broadside,no,no,no,0,0,0,0,0,0,Passenger Car/Station Wagon,ORANGE
9598775,2023-12-21,12,14,4,possible injury,0,4,automobile right of way,broadside,no,no,no,0,0,0,0,0,0,Passenger Car/Station Wagon,ORANGE
9598776,2023-12-22,12,8,5,minor injury,0,1,improper turning,sideswipe,no,yes,no,0,1,0,0,0,0,Passenger Car/Station Wagon,ORANGE
9598777,2023-12-02,12,20,6,minor injury,0,1,unknown,broadside,no,yes,no,0,1,0,0,0,0,Passenger Car/Station Wagon,ORANGE
9598778,2023-12-19,12,11,2,minor injury,0,1,pedestrian right of way,vehicle/pedestrian,yes,no,no,1,0,0,0,0,0,Passenger Car/Station Wagon,ORANGE
9598779,2023-12-20,12,21,3,possible injury,0,3,unsafe speed,hit object,no,no,no,0,0,0,0,0,0,Passenger Car/Station Wagon,ORANGE
9598780,2023-12-20,12,12,3,possible injury,0,1,automobile right of way,overturned,no,no,no,0,0,0,0,0,0,Passenger Car/Station Wagon,ORANGE
9598781,2023-12-13,12,6,3,severe injury,0,1,automobile right of way,rear end,no,no,yes,0,0,1,0,0,0,Passenger Car/Station Wagon,LOS ANGELES
9598782,2023-12-07,12,18,4,severe injury,0,5,wrong side of road,head-on,no,no,no,0,0,0,0,0,0,Passenger Car/Station Wagon,LOS ANGELES
9598783,2023-12-09,12,20,6,severe injury,0,1,traffic signs,broadside,no,yes,no,0,1,0,0,0,0,Bicycle,LOS ANGELES
9598785,2023-12-28,12,18,4,minor injury,0,2,improper turning,hit object,no,no,no,0,0,0,0,0,0,Passenger Car/Station Wagon,ALAMEDA
9598786,2023-12-07,12,22,4,minor injury,0,2,improper turning,broadside,no,no,no,0,0,0,0,0,0,Passenger Car/Station Wagon,ALAMEDA
9598787,2023-12-08,12,18,5,possible injury,0,2,automobile right of way,head-on,no,no,no,0,0,0,0,0,0,Passenger Car/Station Wagon,RIVERSIDE
9598788,2023-12-26,12,14,2,minor injury,0,1,improper turning,sideswipe,no,no,yes,0,0,1,0,0,0,Passenger Car/Station Wagon,SAN DIEGO
9598791,2023-11-28,11,17,2,minor injury,0,1,other than driver or pedestrian,vehicle/pedestrian,yes,no,no,1,0,0,0,0,0,Not Stated,ALAMEDA
9598792,2023-11-11,11,21,6,possible injury,0,1,unknown,broadside,no,no,no,0,0,0,0,0,0,Not Stated,CONTRA COSTA
9598793,2023-11-14,11,23,2,possible injury,0,1,DUI,broadside,no,no,no,0,0,0,0,0,0,Pickup or Panel Truck,ORANGE
9598795,2023-11-27,11,9,1,minor injury,0,1,traffic signs,broadside,no,no,no,0,0,0,0,0,0,Passenger Car/Station Wagon,ALAMEDA
9598796,2023-11-25,11,10,6,possible injury,0,1,unknown,broadside,no,no,no,0,0,0,0,0,0,Not Stated,ALAMEDA
9598797,2023-11-18,11,19,6,minor injury,0,1,unsafe speed,rear end,no,yes,no,0,1,0,0,0,0,Passenger Car/Station Wagon,CONTRA COSTA
9598798,2023-11-25,11,11,6,possible injury,0,1,improper turning,sideswipe,no,no,no,0,0,0,0,0,0,Passenger Car/Station Wagon,LOS ANGELES
9598799,2023-11-25,11,11,6,minor injury,0,1,traffic signs,broadside,no,no,no,0,0,0,0,0,0,Passenger Car/Station Wagon,ORANGE
9598823,2023-09-05,9,11,2,possible injury,0,1,unknown,vehicle/pedestrian,yes,no,no,1,0,0,0,0,0,Not Stated,ALAMEDA
9598824,2023-09-20,9,14,3,possible injury,0,1,automobile right of way,sideswipe,no,no,no,0,0,0,0,0,0,Passenger Car/Station Wagon,ALAMEDA
9598825,2023-09-30,9,14,6,possible injury,0,1,traffic signs,broadside,no,no,no,0,0,0,0,0,0,Passenger Car/Station Wagon,LOS ANGELES
9598826,2023-09-30,9,17,6,possible injury,0,1,traffic signs,broadside,no,no,no,0,0,0,0,0,0,Passenger Car/Station Wagon,ALAMEDA
9598827,2023-09-02,9,11,6,minor injury,0,1,automobile right of way,broadside,no,yes,no,0,1,0,0,0,0,Passenger Car/Station Wagon,ALAMEDA
9598828,2023-09-22,9,12,5,possible injury,0,2,unsafe speed,head-on,no,no,no,0,0,0,0,0,0,Passenger Car/Station Wagon,ALAMEDA
9598829,2023-09-23,9,18,6,possible injury,0,1,improper turning,rear end,no,no,no,0,0,0,0,0,0,Passenger Car/Station Wagon,ALAMEDA
9598836,2023-11-08,11,11,3,severe injury,0,1,traffic signs,head-on,no,no,no,0,0,0,0,0,0,Not Stated,LOS ANGELES
9598837,2023-12-22,12,6,5,possible injury,0,2,unsafe speed,rear end,no,no,no,0,0,0,0,0,0,Pickup or Panel Truck,LOS ANGELES
9598838,2023-06-09,6,16,5,minor injury,0,3,automobile right of way,broadside,no,no,no,0,0,0,0,0,0,Pickup or Panel Truck,MERCED
9598843,2023-12-09,12,14,6,severe injury,0,1,automobile right of way,broadside,no,no,no,0,0,0,0,0,0,Passenger Car/Station Wagon,LOS ANGELES
9598844,2023-12-01,12,12,5,minor injury,0,2,unsafe lane change,head-on,no,no,no,0,0,0,0,0,0,Pickup or Panel Truck,BUTTE
9598845,2023-12-15,12,16,5,possible injury,0,1,unsafe speed,rear end,no,no,no,0,0,0,0,0,0,Pickup or Panel Truck,LOS ANGELES
9598850,2023-12-27,12,21,3,possible injury,0,1,automobile right of way,sideswipe,no,no,no,0,0,0,0,0,0,Passenger Car/Station Wagon,MENDOCINO
9598851,2023-12-19,12,10,2,possible injury,0,1,unsafe speed,rear end,no,no,no,0,0,0,0,0,0,Pickup or Panel Truck,LOS ANGELES
9598856,2023-12-16,12,18,6,possible injury,0,1,automobile right of way,head-on,no,no,no,0,0,0,0,0,0,Pickup or Panel Truck,SAN BERNARDINO
9598862,2023-11-17,11,12,5,severe injury,0,1,improper turning,vehicle/pedestrian,no,no,no,0,0,0,0,0,0,Truck or Truck Tractor,LOS ANGELES
9598863,2023-12-07,12,16,4,possible injury,0,1,unsafe speed,rear end,no,no,no,0,0,0,0,0,0,Truck or Truck Tractor,LOS ANGELES
9598872,2023-12-31,12,17,7,severe injury,0,1,DUI,vehicle/pedestrian,no,yes,no,0,1,0,0,0,0,Pickup or Panel Truck,PLACER
9598874,2023-12-15,12,17,5,possible injury,0,1,unsafe speed,rear end,no,no,no,0,0,0,0,0,0,Pickup or Panel Truck,ORANGE
9598881,2023-12-09,12,19,6,minor injury,0,1,pedestrian violation,vehicle/pedestrian,yes,no,no,1,0,0,0,0,0,Pedestrian,LOS ANGELES
9598882,2023-12-09,12,19,6,possible injury,0,1,improper turning,sideswipe,no,no,no,0,0,0,0,0,0,Passenger Car/Station Wagon,LOS ANGELES
9598883,2023-12-27,12,9,3,minor injury,0,1,unsafe speed,broadside,no,yes,no,0,1,0,0,0,0,Not Stated,LOS ANGELES
9598884,2023-12-22,12,16,5,possible injury,0,1,automobile right of way,broadside,no,no,no,0,0,0,0,0,0,Passenger Car/Station Wagon,LOS ANGELES
9598885,2023-12-05,12,12,2,possible injury,0,1,pedestrian right of way,vehicle/pedestrian,yes,no,no,1,0,0,0,0,0,Passenger Car/Station Wagon,CONTRA COSTA
9598886,2023-12-03,12,15,7,severe injury,0,2,automobile right of way,broadside,no,no,no,0,0,0,0,0,0,Passenger Car/Station Wagon,LOS ANGELES
9598887,2023-12-09,12,13,6,minor injury,0,1,pedestrian violation,head-on,yes,no,no,1,0,0,0,0,0,Pedestrian,LOS ANGELES
9598888,2023-12-06,12,14,3,possible injury,0,1,improper turning,sideswipe,no,no,no,0,0,0,0,0,0,Passenger Car/Station Wagon,LOS ANGELES
9598889,2023-12-18,12,22,1,possible injury,0,1,DUI,head-on,no,no,no,0,0,0,0,0,0,Passenger Car/Station Wagon,LOS ANGELES
9598890,2023-12-10,12,18,7,minor injury,0,2,unsafe speed,rear end,no,no,no,0,0,0,0,0,0,Passenger Car/Station Wagon,LOS ANGELES
9598891,2023-12-13,12,8,3,possible injury,0,1,improper turning,sideswipe,no,yes,no,0,1,0,0,0,0,Passenger Car/Station Wagon,LOS ANGELES
9598892,2023-12-12,12,5,2,possible injury,0,2,unknown,broadside,no,no,no,0,0,0,0,0,0,Not Stated,LOS ANGELES