CASE_ID,COLLISION_DATE,MONTH,HOUR,DAY_OF_WEEK,COLLISION_SEVERITY,NUMBER_KILLED,NUMBER_INJURED,PCF_VIOL_CATEGORY,TYPE_OF_COLLISION,PEDESTRIAN_ACCIDENT,BICYCLE_ACCIDENT,MOTORCYCLE_ACCIDENT,COUNT_PED_INJURED,COUNT_BICYCLIST_INJURED,COUNT_MC_INJURED,COUNT_PED_KILLED,COUNT_BICYCLIST_KILLED,COUNT_MC_KILLED,STWD_VEHTYPE_AT_FAULT,COUNTY
9599666,2023-05-31,5,14,3,minor injury,0,2,improper turning,broadside,no,no,no,0,0,0,0,0,0,Passenger Car/Station Wagon,LOS ANGELES
9599667,2023-05-31,5,6,3,minor injury,0,1,unsafe starting or backing,sideswipe,no,no,no,0,0,0,0,0,0,Passenger Car/Station Wagon,LOS ANGELES
9599668,2023-05-20,5,11,6,minor injury,0,1,unsafe speed,rear end,no,no,no,0,0,0,0,0,0,Passenger Car/Station Wagon,LOS ANGELES
9599669,2023-05-08,5,11,1,minor injury,0,1,improper passing,sideswipe,no,no,no,0,0,0,0,0,0,Passenger Car/Station Wagon,LOS ANGELES
9599680,2023-04-07,4,22,5,possible injury,0,1,unsafe speed,rear end,no,no,no,0,0,0,0,0,0,Passenger Car/Station Wagon,LOS ANGELES
9599681,2023-04-19,4,19,3,possible injury,0,3,automobile right of way,broadside,no,no,no,0,0,0,0,0,0,Passenger Car/Station Wagon,LOS ANGELES
9599682,2023-04-15,4,21,6,minor injury,0,1,improper turning,head-on,no,no,no,0,0,0,0,0,0,Passenger Car/Station Wagon,SAN BERNARDINO
9599683,2023-04-16,4,19,7,possible injury,0,2,unsafe speed,rear end,no,no,no,0,0,0,0,0,0,Passenger Car/Station Wagon,SAN BERNARDINO
9599684,2023-04-22,4,18,6,minor injury,0,2,automobile right of way,broadside,no,no,no,0,0,0,0,0,0,Passenger Car with Trailer,RIVERSIDE
9599685,2023-04-20,4,18,4,possible injury,0,1,traffic signs,head-on,no,no,yes,0,0,0,0,0,0,Motorcycle/Scooter,RIVERSIDE
9599686,2023-04-26,4,17,3,possible injury,0,1,automobile right of way,broadside,no,no,no,0,0,0,0,0,0,Passenger Car/Station Wagon,LOS ANGELES
9599687,2023-04-26,4,8,3,possible injury,0,2,unsafe speed,sideswipe,no,no,no,0,0,0,0,0,0,Passenger Car/Station Wagon,LOS ANGELES
9599688,2023-04-25,4,7,2,minor injury,0,1,unknown,sideswipe,no,no,no,0,0,0,0,0,0,Other Vehicle,LOS ANGELES
9599689,2023-04-17,4,22,1,minor injury,0,1,automobile right of way,head-on,no,no,no,0,0,0,0,0,0,Passenger Car/Station Wagon,LOS ANGELES
9599690,2023-04-14,4,17,5,possible injury,0,2,automobile right of way,broadside,no,yes,no,0,2,0,0,0,0,Passenger Car/Station Wagon,LOS ANGELES
9599691,2023-04-11,4,8,2,possible injury,0,2,traffic signs,broadside,no,no,no,0,0,0,0,0,0,Passenger Car/Station Wagon,LOS ANGELES
9599692,2023-04-08,4,9,6,possible injury,0,1,unsafe speed,rear end,no,no,no,0,0,0,0,0,0,Passenger Car/Station Wagon,LOS ANGELES
9599718,2023-04-06,4,18,4,minor injury,0,1,DUI,broadside,no,no,no,0,0,0,0,0,0,Passenger Car/Station Wagon,LOS ANGELES
9599719,2023-04-05,4,15,3,possible injury,0,1,automobile right of way,broadside,no,no,no,0,0,0,0,0,0,Passenger Car/Station Wagon,LOS ANGELES
9599720,2023-03-19,3,17,7,possible injury,0,1,automobile right of way,broadside,no,no,no,0,0,0,0,0,0,Passenger Car/Station Wagon,SANTA BARBARA
9599721,2023-03-11,3,20,6,minor injury,0,1,improper turning,broadside,no,no,no,0,0,0,0,0,0,Passenger Car/Station Wagon,LOS ANGELES
9599722,2023-03-08,3,23,3,minor injury,0,1,traffic signs,broadside,no,no,yes,0,0,1,0,0,0,Passenger Car/Station Wagon,LOS ANGELES
9599723,2023-03-02,3,3,4,severe injury,0,3,unsafe speed,overturned,no,no,no,0,0,0,0,0,0,Passenger Car/Station Wagon,LOS ANGELES
9599724,2023-03-11,3,17,6,possible injury,0,1,traffic signs,broadside,no,no,no,0,0,0,0,0,0,Not Stated,SAN BERNARDINO
9599725,2023-03-30,3,22,4,minor injury,0,1,unsafe speed,vehicle/pedestrian,yes,no,no,1,0,0,0,0,0,Not Stated,LOS ANGELES
9599726,2023-03-08,3,8,3,possible injury,0,1,unsafe lane change,broadside,no,no,no,0,0,0,0,0,0,Passenger Car/Station Wagon,LOS ANGELES
9599727,2023-03-04,3,13,6,minor injury,0,2,improper turning,broadside,no,no,no,0,0,0,0,0,0,Passenger Car/Station Wagon,LOS ANGELES
9599728,2023-03-03,3,8,5,possible injury,0,2,automobile right of way,broadside,no,no,no,0,0,0,0,0,0,Passenger Car/Station Wagon,LOS ANGELES
9599729,2023-03-28,3,7,2,possible injury,0,1,traffic signs,broadside,no,no,no,0,0,0,0,0,0,Passenger Car/Station Wagon,SAN BERNARDINO
9599730,2023-02-08,2,20,3,possible injury,0,2,improper turning,hit object,no,no,no,0,0,0,0,0,0,Passenger Car/Station Wagon,SONOMA
9599731,2023-02-21,2,2,2,severe injury,0,1,pedestrian violation,vehicle/pedestrian,yes,no,no,1,0,0,0,0,0,Pedestrian,LOS ANGELES
9599732,2023-02-05,2,7,7,severe injury,0,2,automobile right of way,broadside,no,no,no,0,0,0,0,0,0,Not Stated,LOS ANGELES
9599733,2023-02-05,2,1,7,severe injury,0,1,unsafe speed,sideswipe,no,no,no,0,0,0,0,0,0,Passenger Car/Station Wagon,LOS ANGELES
9599734,2023-02-13,2,8,1,severe injury,0,1,wrong side of road,head-on,no,yes,no,0,1,0,0,0,0,Bicycle,LOS ANGELES
9599735,2023-07-05,7,1,3,severe injury,0,1,DUI,broadside,no,no,yes,0,0,1,0,0,0,Motorcycle/Scooter,LOS ANGELES
9599736,2023-07-05,7,12,3,possible injury,0,5,improper turning,head-on,no,no,no,0,0,0,0,0,0,Passenger Car/Station Wagon,LOS ANGELES
9599737,2023-07-12,7,18,3,possible injury,0,1,following too closely,rear end,no,no,no,0,0,0,0,0,0,Passenger Car/Station Wagon,SAN DIEGO
9599738,2023-07-12,7,17,3,possible injury,0,1,following too closely,hit object,no,no,no,0,0,0,0,0,0,Passenger Car/Station Wagon,SAN DIEGO
9599739,2023-07-12,7,14,3,possible injury,0,1,pedestrian right of way,vehicle/pedestrian,yes,no,no,1,0,0,0,0,0,Not Stated,SAN DIEGO
9599740,2023-07-12,7,13,3,minor injury,0,1,traffic signs,broadside,no,no,no,0,0,0,0,0,0,Passenger Car/Station Wagon,SAN DIEGO
9599741,2023-07-11,7,20,2,minor injury,0,1,other than driver or pedestrian,vehicle/pedestrian,yes,no,no,1,0,0,0,0,0,Not Stated,SAN DIEGO
9599742,2023-07-11,7,19,2,possible injury,0,2,unsafe speed,rear end,no,no,no,0,0,0,0,0,0,Not Stated,SAN DIEGO
9599744,2023-07-10,7,18,1,possible injury,0,1,improper turning,sideswipe,no,no,no,0,0,0,0,0,0,Passenger Car/Station Wagon,SAN DIEGO
9599745,2023-07-06,7,13,4,possible injury,0,1,automobile right of way,sideswipe,no,no,no,0,0,0,0,0,0,Passenger Car/Station Wagon,SAN DIEGO
9599746,2023-07-04,7,9,2,possible injury,0,1,unsafe speed,overturned,no,no,yes,0,0,1,0,0,0,Motorcycle/Scooter,SAN DIEGO
9599747,2023-07-03,7,21,1,possible injury,0,3,improper turning,broadside,no,no,no,0,0,0,0,0,0,Passenger Car/Station Wagon,SAN DIEGO
9599748,2023-07-03,7,11,1,minor injury,0,1,unknown,other,no,yes,no,0,1,0,0,0,0,Not Stated,SAN DIEGO
9599749,2023-07-12,7,22,3,possible injury,0,2,unsafe speed,hit object,no,no,no,0,0,0,0,0,0,Passenger Car/Station Wagon,SAN DIEGO
9599751,2023-06-12,6,15,1,minor injury,0,1,improper turning,hit object,no,no,no,0,0,0,0,0,0,Pickup or Panel Truck,ORANGE
9599754,2023-06-27,6,10,2,possible injury,0,1,unsafe speed,rear end,no,no,no,0,0,0,0,0,0,Pickup or Panel Truck,ORANGE
9599758,2023-05-04,5,8,4,minor injury,0,1,automobile right of way,broadside,no,no,no,0,0,0,0,0,0,Pickup or Panel Truck,LOS ANGELES
9599760,2023-05-20,5,13,6,minor injury,0,1,unknown,vehicle/pedestrian,yes,no,no,1,0,0,0,0,0,Not Stated,LOS ANGELES
9599833,2023-07-04,7,4,2,possible injury,0,2,DUI,rear end,no,no,no,0,0,0,0,0,0,Passenger Car/Station Wagon,LOS ANGELES
9599834,2023-07-10,7,17,1,minor injury,0,1,wrong side of road,sideswipe,no,yes,no,0,1,0,0,0,0,Bicycle,ORANGE
9599835,2023-07-05,7,0,3,minor injury,0,1,unsafe speed,rear end,no,no,no,0,0,0,0,0,0,Passenger Car/Station Wagon,ORANGE
9599836,2023-07-11,7,3,2,possible injury,0,1,unsafe speed,hit object,no,no,no,0,0,0,0,0,0,Passenger Car/Station Wagon,SAN DIEGO
9599837,2023-07-10,7,21,1,possible injury,0,1,other improper driving,hit object,no,no,no,0,0,0,0,0,0,Passenger Car/Station Wagon,SAN DIEGO
9599838,2023-07-10,7,16,1,possible injury,0,1,traffic signs,broadside,no,no,no,0,0,0,0,0,0,Passenger Car/Station Wagon,SAN DIEGO
9599839,2023-07-10,7,11,1,possible injury,0,1,automobile right of way,broadside,no,no,no,0,0,0,0,0,0,Passenger Car/Station Wagon,SAN DIEGO
9599840,2023-07-09,7,23,7,possible injury,0,3,DUI,rear end,no,no,no,0,0,0,0,0,0,Passenger Car/Station Wagon,SAN DIEGO
9599841,2023-07-09,7,17,7,minor injury,0,2,unsafe speed,hit object,yes,no,no,1,0,0,0,0,0,Passenger Car/Station Wagon,SAN DIEGO
9599842,2023-07-09,7,16,7,minor injury,0,1,improper turning,head-on,no,no,no,0,0,0,0,0,0,Passenger Car/Station Wagon,SAN DIEGO
9599843,2023-07-08,7,20,6,minor injury,0,1,following too closely,rear end,no,no,yes,0,0,1,0,0,0,Motorcycle/Scooter,SAN DIEGO
9599844,2023-07-07,7,20,5,possible injury,0,1,other hazardous violation,broadside,no,no,no,0,0,0,0,0,0,Passenger Car/Station Wagon,SAN DIEGO
9599845,2023-07-02,7,16,7,minor injury,0,1,other hazardous violation,sideswipe,no,no,no,0,0,0,0,0,0,Passenger Car/Station Wagon,SAN DIEGO
9599846,2023-07-07,7,19,5,minor injury,0,1,unsafe speed,overturned,no,yes,no,0,1,0,0,0,0,Bicycle,SANTA CRUZ
9599847,2023-07-04,7,15,2,possible injury,0,1,automobile right of way,broadside,no,no,no,0,0,0,0,0,0,Not Stated,ALAMEDA
9599848,2023-07-05,7,17,3,possible injury,0,1,unknown,broadside,no,yes,no,0,1,0,0,0,0,Not Stated,ALAMEDA
9599849,2023-07-03,7,20,1,minor injury,0,2,automobile right of way,head-on,no,no,no,0,0,0,0,0,0,Passenger Car/Station Wagon,LOS ANGELES
9599850,2023-07-02,7,0,7,severe injury,0,1,pedestrian violation,vehicle/pedestrian,yes,no,no,1,0,0,0,0,0,Pedestrian,MERCED
9599851,2023-07-09,7,13,7,minor injury,0,1,improper turning,other,no,yes,no,0,1,0,0,0,0,Bicycle,SAN DIEGO
9599852,2023-07-08,7,23,6,minor injury,0,2,DUI,rear end,no,no,no,0,0,0,0,0,0,Passenger Car/Station Wagon,ORANGE
9599853,2023-07-07,7,1,5,possible injury,0,1,traffic signs,broadside,no,no,no,0,0,0,0,0,0,Passenger Car/Station Wagon,ORANGE
9599855,2023-07-03,7,19,1,possible injury,0,1,automobile right of way,broadside,no,no,no,0,0,0,0,0,0,Passenger Car/Station Wagon,ORANGE
9599856,2023-07-10,7,13,1,minor injury,0,1,automobile right of way,vehicle/pedestrian,no,yes,no,0,1,0,0,0,0,Bicycle,LOS ANGELES
9599857,2023-07-01,7,20,6,possible injury,0,1,automobile right of way,broadside,no,no,no,0,0,0,0,0,0,Passenger Car/Station Wagon,SAN BERNARDINO
9599858,2023-07-05,7,17,3,possible injury,0,2,automobile right of way,head-on,no,no,no,0,0,0,0,0,0,Passenger Car/Station Wagon,SAN BERNARDINO
9599859,2023-07-08,7,19,6,minor injury,0,1,automobile right of way,broadside,no,no,no,0,0,0,0,0,0,Passenger Car/Station Wagon,SAN BERNARDINO
9599860,2023-07-04,7,14,2,possible injury,0,3,improper turning,head-on,no,no,no,0,0,0,0,0,0,Passenger Car/Station Wagon,SAN BERNARDINO
9599861,2023-07-04,7,19,2,minor injury,0,1,unsafe speed,head-on,no,no,no,0,0,0,0,0,0,Not Stated,LOS ANGELES
9599862,2023-07-10,7,20,1,minor injury,0,1,DUI,head-on,no,no,no,0,0,0,0,0,0,Passenger Car/Station Wagon,SONOMA
9599863,2023-07-07,7,22,5,minor injury,0,1,traffic signs,broadside,no,no,no,0,0,0,0,0,0,Passenger Car/Station Wagon,MARIN
9599864,2023-07-12,7,12,3,possible injury,0,1,unsafe starting or backing,vehicle/pedestrian,yes,no,no,1,0,0,0,0,0,Passenger Car/Station Wagon,MARIN
9599865,2023-07-12,7,12,3,possible injury,0,1,improper turning,broadside,no,no,no,0,0,0,0,0,0,Passenger Car/Station Wagon,MARIN
9599866,2023-07-18,7,9,2,minor injury,0,1,automobile right of way,vehicle/pedestrian,yes,no,no,1,0,0,0,0,0,Passenger Car/Station Wagon,MARIN
9599867,2023-07-04,7,22,2,possible injury,0,2,unsafe speed,rear end,no,no,no,0,0,0,0,0,0,Passenger Car/Station Wagon,SONOMA
9599868,2023-07-13,7,21,4,possible injury,0,1,improper passing,sideswipe,no,no,no,0,0,0,0,0,0,Passenger Car/Station Wagon,SAN DIEGO
9599869,2023-07-17,7,18,1,possible injury,0,1,following too closely,rear end,no,no,no,0,0,0,0,0,0,Passenger Car/Station Wagon,SAN DIEGO
9599870,2023-07-17,7,14,1,possible injury,0,1,improper turning,sideswipe,no,no,no,0,0,0,0,0,0,Passenger Car/Station Wagon,SAN DIEGO
9599871,2023-07-14,7,21,5,possible injury,0,1,improper turning,broadside,no,no,no,0,0,0,0,0,0,Passenger Car/Station Wagon,FRESNO
9599872,2023-07-16,7,20,7,possible injury,0,1,unknown,sideswipe,no,no,no,0,0,0,0,0,0,Not Stated,SAN DIEGO
9599873,2023-07-16,7,18,7,minor injury,0,2,traffic signs,broadside,no,no,no,0,0,0,0,0,0,Passenger Car/Station Wagon,SAN DIEGO
9599874,2023-07-16,7,18,7,possible injury,0,1,following too closely,rear end,no,no,no,0,0,0,0,0,0,Passenger Car/Station Wagon,SAN DIEGO
9599875,2023-07-03,7,20,1,possible injury,0,1,unknown,broadside,no,no,no,0,0,0,0,0,0,Not Stated,SAN DIEGO
9599876,2023-07-08,7,14,6,possible injury,0,1,improper turning,head-on,no,no,no,0,0,0,0,0,0,Passenger Car/Station Wagon,SAN DIEGO
9599877,2023-07-12,7,7,3,possible injury,0,1,improper passing,broadside,no,no,no,0,0,0,0,0,0,Passenger Car/Station Wagon,SAN DIEGO
9599879,2023-07-15,7,1,6,minor injury,0,1,unsafe speed,other,yes,no,no,1,0,0,0,0,0,Not Stated,SAN DIEGO
9599880,2023-07-12,7,21,3,possible injury,0,1,improper turning,broadside,no,no,no,0,0,0,0,0,0,Passenger Car/Station Wagon,SAN DIEGO
9599881,2023-07-14,7,16,5,minor injury,0,1,wrong side of road,sideswipe,no,no,no,0,0,0,0,0,0,Not Stated,SAN DIEGO
9599882,2023-07-14,7,16,5,possible injury,0,1,unknown,rear end,no,no,no,0,0,0,0,0,0,Passenger Car/Station Wagon,SAN DIEGO
9599883,2023-07-14,7,11,5,minor injury,0,3,automobile right of way,broadside,no,no,no,0,0,0,0,0,0,Not Stated,SAN DIEGO
9599884,2023-07-14,7,16,5,possible injury,0,1,improper turning,broadside,no,no,no,0,0,0,0,0,0,Passenger Car/Station Wagon,SAN DIEGO
9599885,2023-07-15,7,16,6,minor injury,0,2,improper turning,head-on,no,no,no,0,0,0,0,0,0,Passenger Car/Station Wagon,SAN DIEGO
9599886,2023-07-14,7,13,5,minor injury,0,2,automobile right of way,head-on,no,no,no,0,0,0,0,0,0,Passenger Car/Station Wagon,SAN DIEGO
9599887,2023-07-15,7,2,6,possible injury,0,1,unsafe speed,rear end,no,no,no,0,0,0,0,0,0,Passenger Car/Station Wagon,SAN DIEGO
9599888,2023-07-06,7,16,4,minor injury,0,2,unsafe speed,rear end,no,no,no,0,0,0,0,0,0,Passenger Car/Station Wagon,SANTA CLARA
9599889,2023-07-05,7,17,3,possible injury,0,1,unsafe speed,rear end,no,no,no,0,0,0,0,0,0,Passenger Car with Trailer,LOS ANGELES
9599890,2023-07-12,7,20,3,possible injury,0,2,other improper driving,overturned,no,no,no,0,0,0,0,0,0,Passenger Car/Station Wagon,SAN DIEGO
9599891,2023-07-07,7,12,5,minor injury,0,3,improper turning,broadside,no,no,no,0,0,0,0,0,0,Passenger Car/Station Wagon,SAN DIEGO
9599892,2023-07-13,7,22,4,possible injury,0,2,traffic signs,overturned,no,no,no,0,0,0,0,0,0,Passenger Car/Station Wagon,SAN DIEGO
9599893,2023-07-18,7,16,2,possible injury,0,1,automobile right of way,broadside,no,no,no,0,0,0,0,0,0,Passenger Car/Station Wagon,SAN DIEGO
9599894,2023-07-18,7,20,2,minor injury,0,2,unsafe lane change,unknown,no,no,yes,0,0,1,0,0,0,Passenger Car/Station Wagon,SAN DIEGO
9599895,2023-07-10,7,14,1,minor injury,0,2,automobile right of way,broadside,no,no,no,0,0,0,0,0,0,Passenger Car/Station Wagon,SAN DIEGO
9599896,2023-07-07,7,16,5,minor injury,0,3,traffic signs,broadside,no,no,no,0,0,0,0,0,0,Passenger Car/Station Wagon,SAN DIEGO
9599897,2023-07-12,7,16,3,possible injury,0,5,unsafe speed,rear end,no,no,no,0,0,0,0,0,0,Passenger Car/Station Wagon,SAN DIEGO
9599898,2023-07-18,7,19,2,possible injury,0,1,traffic signs,broadside,no,no,no,0,0,0,0,0,0,Passenger Car/Station Wagon,SAN DIEGO
9599899,2023-07-18,7,3,2,minor injury,0,2,traffic signs,broadside,no,yes,no,0,1,0,0,0,0,Bicycle,SAN DIEGO
9599900,2023-07-18,7,10,2,possible injury,0,2,automobile right of way,broadside,no,no,no,0,0,0,0,0,0,Passenger Car/Station Wagon,SAN DIEGO
9599901,2023-07-18,7,9,2,possible injury,0,1,other hazardous violation,sideswipe,no,yes,no,0,1,0,0,0,0,Passenger Car/Station Wagon,SAN DIEGO
9599902,2023-07-18,7,9,2,possible injury,0,1,unsafe speed,rear end,no,no,no,0,0,0,0,0,0,Passenger Car/Station Wagon,SAN DIEGO
9599903,2023-07-18,7,5,2,minor injury,0,2,automobile right of way,broadside,no,no,no,0,0,0,0,0,0,Passenger Car/Station Wagon,SAN DIEGO
9599904,2023-06-26,6,13,1,possible injury,0,1,automobile right of way,broadside,no,no,no,0,0,0,0,0,0,Passenger Car/Station Wagon,LOS ANGELES
9599905,2023-06-12,6,16,1,minor injury,0,1,other hazardous violation,unknown,no,no,no,0,0,0,0,0,0,Not Stated,LOS ANGELES
9599906,2023-06-22,6,11,4,possible injury,0,1,improper turning,sideswipe,no,no,no,0,0,0,0,0,0,Pickup or Panel Truck,SAN BERNARDINO
9599907,2023-06-15,6,12,4,minor injury,0,1,automobile right of way,broadside,no,no,no,0,0,0,0,0,0,Passenger Car/Station Wagon,SAN BERNARDINO
9599908,2023-06-27,6,15,2,possible injury,0,2,improper turning,hit object,no,no,no,0,0,0,0,0,0,Passenger Car/Station Wagon,SAN BERNARDINO
9599909,2023-06-22,6,15,4,possible injury,0,1,unsafe speed,sideswipe,no,no,no,0,0,0,0,0,0,Passenger Car/Station Wagon,SAN BERNARDINO
9599910,2023-06-11,6,19,7,minor injury,0,2,improper turning,hit object,no,no,yes,0,0,2,0,0,0,Motorcycle/Scooter,KERN
9599911,2023-06-21,6,22,3,minor injury,0,1,improper turning,rear end,no,no,no,0,0,0,0,0,0,Passenger Car/Station Wagon,KERN
9599912,2023-06-28,6,11,3,possible injury,0,2,automobile right of way,broadside,no,no,no,0,0,0,0,0,0,Passenger Car/Station Wagon,LOS ANGELES
9599913,2023-06-07,6,17,3,minor injury,0,1,unsafe speed,hit object,no,no,no,0,0,0,0,0,0,Passenger Car/Station Wagon,LOS ANGELES
9599914,2023-06-08,6,17,4,minor injury,0,2,traffic signs,broadside,no,no,no,0,0,0,0,0,0,Not Stated,LOS ANGELES
9599915,2023-06-11,6,21,7,minor injury,0,1,pedestrian violation,vehicle/pedestrian,yes,no,no,1,0,0,0,0,0,Pedestrian,RIVERSIDE
9599917,2023-06-22,6,10,4,possible injury,0,2,traffic signs,broadside,no,no,no,0,0,0,0,0,0,Passenger Car/Station Wagon,SAN BERNARDINO
9599918,2023-06-24,6,15,6,minor injury,0,2,improper turning,broadside,no,no,no,0,0,0,0,0,0,Passenger Car/Station Wagon,SAN BERNARDINO
9599919,2023-06-02,6,16,5,minor injury,0,1,automobile right of way,broadside,no,no,no,0,0,0,0,0,0,Passenger Car/Station Wagon,SAN BERNARDINO
9599920,2023-06-27,6,19,2,minor injury,0,2,following too closely,sideswipe,no,no,no,0,0,0,0,0,0,Not Stated,SAN BERNARDINO
9599921,2023-06-26,6,14,1,minor injury,0,1,improper turning,rear end,no,no,yes,0,0,1,0,0,0,Passenger Car/Station Wagon,LOS ANGELES
9599922,2023-06-12,6,16,1,severe injury,0,1,pedestrian violation,vehicle/pedestrian,yes,no,no,1,0,0,0,0,0,Pedestrian,LOS ANGELES
9599923,2023-06-27,6,8,2,possible injury,0,1,improper turning,broadside,no,no,no,0,0,0,0,0,0,Not Stated,LOS ANGELES
9599924,2023-06-16,6,7,5,possible injury,0,2,unknown,broadside,no,no,no,0,0,0,0,0,0,Not Stated,LOS ANGELES
9599925,2023-06-07,6,11,3,possible injury,0,2,improper turning,broadside,no,no,no,0,0,0,0,0,0,Other Vehicle,LOS ANGELES
9599926,2023-06-24,6,17,6,possible injury,0,2,traffic signs,broadside,no,no,no,0,0,0,0,0,0,Passenger Car/Station Wagon,LOS ANGELES
9599927,2023-06-24,6,16,6,possible injury,0,1,unsafe speed,rear end,no,no,no,0,0,0,0,0,0,Not Stated,SAN DIEGO
9599928,2023-06-29,6,6,4,minor injury,0,2,improper turning,broadside,no,no,no,0,0,0,0,0,0,Passenger Car/Station Wagon,SAN DIEGO
9599929,2023-06-10,6,20,6,possible injury,0,1,unknown,broadside,no,no,no,0,0,0,0,0,0,Not Stated,LOS ANGELES
9599930,2023-06-13,6,16,2,minor injury,0,3,automobile right of way,broadside,no,no,no,0,0,0,0,0,0,Pickup or Panel Truck,LOS ANGELES
9599931,2023-06-18,6,14,7,severe injury,0,1,traffic signs,other,no,yes,no,0,1,0,0,0,0,Passenger Car/Station Wagon,LOS ANGELES
9599932,2023-06-23,6,21,5,minor injury,0,1,improper turning,hit object,no,no,no,0,0,0,0,0,0,Passenger Car/Station Wagon,LOS ANGELES
9599933,2023-06-02,6,9,5,minor injury,0,1,pedestrian violation,vehicle/pedestrian,yes,no,no,1,0,0,0,0,0,Pedestrian,ALAMEDA
9599934,2023-06-26,6,16,1,minor injury,0,1,unsafe speed,hit object,no,no,yes,0,0,1,0,0,0,Motorcycle/Scooter,SAN BERNARDINO
9599935,2023-06-14,6,20,3,minor injury,0,1,other than driver or pedestrian,head-on,no,no,no,0,0,0,0,0,0,Not Stated,SAN BERNARDINO
9599936,2023-06-09,6,11,5,possible injury,0,2,unsafe speed,rear end,no,no,no,0,0,0,0,0,0,Passenger Car/Station Wagon,SAN BERNARDINO
9599937,2023-06-05,6,17,1,possible injury,0,1,unsafe speed,broadside,no,no,no,0,0,0,0,0,0,Passenger Car/Station Wagon,SAN BERNARDINO
9599938,2023-06-12,6,7,1,severe injury,0,1,pedestrian violation,vehicle/pedestrian,yes,no,no,1,0,0,0,0,0,Pedestrian,LOS ANGELES
9599939,2023-06-21,6,18,3,possible injury,0,2,unsafe speed,rear end,no,no,no,0,0,0,0,0,0,Passenger Car/Station Wagon,CONTRA COSTA
9599940,2023-06-28,6,6,3,possible injury,0,1,improper turning,other,no,no,no,0,0,0,0,0,0,Passenger Car/Station Wagon,SACRAMENTO
9599941,2023-06-20,6,16,2,severe injury,0,2,DUI,broadside,no,no,no,0,0,0,0,0,0,Passenger Car/Station Wagon,SAN BERNARDINO
9599942,2023-06-23,6,22,5,minor injury,0,3,unsafe speed,rear end,no,no,no,0,0,0,0,0,0,Passenger Car/Station Wagon,SAN BERNARDINO
9599943,2023-06-12,6,21,1,possible injury,0,1,other hazardous violation,sideswipe,no,no,no,0,0,0,0,0,0,Passenger Car/Station Wagon,LOS ANGELES
9599944,2023-06-25,6,23,7,minor injury,0,3,other than driver or pedestrian,broadside,no,no,no,0,0,0,0,0,0,Not Stated,LOS ANGELES
9599945,2023-06-28,6,16,3,possible injury,0,1,automobile right of way,broadside,no,no,no,0,0,0,0,0,0,Passenger Car/Station Wagon,LOS ANGELES
9599946,2023-06-30,6,15,5,possible injury,0,1,automobile right of way,broadside,no,no,no,0,0,0,0,0,0,Passenger Car/Station Wagon,LOS ANGELES
9599947,2023-06-03,6,13,6,minor injury,0,1,automobile right of way,broadside,no,no,no,0,0,0,0,0,0,Passenger Car/Station Wagon,LOS ANGELES
9599948,2023-06-05,6,10,1,possible injury,0,1,unsafe speed,rear end,no,no,no,0,0,0,0,0,0,Passenger Car/Station Wagon,LOS ANGELES
9599949,2023-06-30,6,16,5,possible injury,0,1,automobile right of way,sideswipe,no,no,no,0,0,0,0,0,0,Passenger Car/Station Wagon,ALAMEDA
9599950,2023-06-30,6,11,5,minor injury,0,1,pedestrian right of way,vehicle/pedestrian,yes,no,no,1,0,0,0,0,0,Passenger Car/Station Wagon,ALAMEDA
9599951,2023-06-29,6,9,4,minor injury,0,2,traffic signs,broadside,no,no,no,0,0,0,0,0,0,Passenger Car/Station Wagon,ALAMEDA
9599952,2023-06-27,6,11,2,minor injury,0,1,improper turning,hit object,no,no,no,0,0,0,0,0,0,Passenger Car/Station Wagon,ALAMEDA
9599953,2023-06-23,6,12,5,minor injury,0,1,unsafe starting or backing,vehicle/pedestrian,yes,no,no,1,0,0,0,0,0,Passenger Car/Station Wagon,ALAMEDA
9599954,2023-06-22,6,22,4,minor injury,0,1,improper turning,hit object,no,no,no,0,0,0,0,0,0,Passenger Car/Station Wagon,ALAMEDA
9599955,2023-06-20,6,15,2,minor injury,0,1,automobile right of way,broadside,no,no,no,0,0,0,0,0,0,Passenger Car/Station Wagon,ALAMEDA
9599956,2023-06-16,6,23,5,minor injury,0,2,DUI,broadside,no,no,no,0,0,0,0,0,0,Passenger Car/Station Wagon,ALAMEDA
9599957,2023-07-17,7,10,1,possible injury,0,1,unsafe speed,broadside,no,no,no,0,0,0,0,0,0,Passenger Car/Station Wagon,VENTURA
9599958,2023-07-18,7,19,2,possible injury,0,1,automobile right of way,broadside,no,no,no,0,0,0,0,0,0,Passenger Car/Station Wagon,VENTURA
9599959,2023-07-21,7,7,5,possible injury,0,1,automobile right of way,broadside,no,no,no,0,0,0,0,0,0,Not Stated,VENTURA
9599960,2023-07-19,7,0,3,possible injury,0,1,DUI,rear end,no,no,no,0,0,0,0,0,0,Passenger Car/Station Wagon,SANTA BARBARA
9599961,2023-07-03,7,18,1,minor injury,0,1,traffic signs,broadside,no,no,no,0,0,0,0,0,0,Passenger Car/Station Wagon,CONTRA COSTA
9599962,2023-07-06,7,12,4,minor injury,0,2,unsafe speed,rear end,no,no,no,0,0,0,0,0,0,Passenger Car/Station Wagon,CONTRA COSTA