CASE_ID,COLLISION_DATE,MONTH,HOUR,DAY_OF_WEEK,COLLISION_SEVERITY,NUMBER_KILLED,NUMBER_INJURED,PCF_VIOL_CATEGORY,TYPE_OF_COLLISION,PEDESTRIAN_ACCIDENT,BICYCLE_ACCIDENT,MOTORCYCLE_ACCIDENT,COUNT_PED_INJURED,COUNT_BICYCLIST_INJURED,COUNT_MC_INJURED,COUNT_PED_KILLED,COUNT_BICYCLIST_KILLED,COUNT_MC_KILLED,STWD_VEHTYPE_AT_FAULT,COUNTY
9600843,2023-07-18,7,0,2,severe injury,0,1,unsafe speed,other,no,no,yes,0,0,1,0,0,0,Motorcycle/Scooter,EL DORADO
9600844,2023-07-12,7,17,3,possible injury,0,1,wrong side of road,overturned,no,no,no,0,0,0,0,0,0,Passenger Car/Station Wagon,EL DORADO
9600845,2023-07-20,7,16,4,possible injury,0,1,unsafe speed,rear end,no,no,no,0,0,0,0,0,0,Passenger Car/Station Wagon,VENTURA
9600846,2023-07-20,7,15,4,possible injury,0,1,unsafe speed,rear end,no,no,no,0,0,0,0,0,0,Passenger Car/Station Wagon,VENTURA
9600847,2023-07-04,7,13,2,minor injury,0,1,unsafe speed,sideswipe,no,yes,no,0,1,0,0,0,0,Bicycle,VENTURA
9600848,2023-07-20,7,8,4,possible injury,0,1,unsafe speed,rear end,no,no,no,0,0,0,0,0,0,Passenger Car/Station Wagon,SAN DIEGO
9600849,2023-07-03,7,9,1,possible injury,0,1,unsafe speed,rear end,no,no,no,0,0,0,0,0,0,Passenger Car/Station Wagon,LOS ANGELES
9600850,2023-07-21,7,0,5,possible injury,0,2,unsafe speed,rear end,no,no,no,0,0,0,0,0,0,Passenger Car/Station Wagon,SAN DIEGO
9600851,2023-07-19,7,6,3,minor injury,0,2,following too closely,rear end,no,no,no,0,0,0,0,0,0,Passenger Car/Station Wagon,SAN DIEGO
9600852,2023-07-18,7,18,2,minor injury,0,1,improper turning,sideswipe,no,no,no,0,0,0,0,0,0,Passenger Car/Station Wagon,SAN DIEGO
9600853,2023-07-14,7,22,5,minor injury,0,1,automobile right of way,head-on,no,no,no,0,0,0,0,0,0,Passenger Car/Station Wagon,LOS ANGELES
9600854,2023-07-15,7,14,6,minor injury,0,3,automobile right of way,broadside,no,no,no,0,0,0,0,0,0,Not Stated,VENTURA
9600855,2023-07-18,7,15,2,possible injury,0,1,DUI,rear end,no,no,no,0,0,0,0,0,0,Not Stated,VENTURA
9600856,2023-07-19,7,11,3,minor injury,0,1,improper passing,rear end,yes,no,no,1,0,0,0,0,0,Passenger Car/Station Wagon,SAN DIEGO
9600857,2023-07-19,7,21,3,possible injury,0,1,other improper driving,head-on,no,no,no,0,0,0,0,0,0,Passenger Car/Station Wagon,SAN DIEGO
9600858,2023-07-17,7,12,1,severe injury,0,2,traffic signs,head-on,no,no,no,0,0,0,0,0,0,Passenger Car/Station Wagon,LOS ANGELES
9600859,2023-07-15,7,19,6,severe injury,0,1,unsafe speed,rear end,no,no,yes,0,0,1,0,0,0,Motorcycle/Scooter,LOS ANGELES
9600860,2023-07-13,7,2,4,possible injury,0,1,DUI,sideswipe,no,no,no,0,0,0,0,0,0,Passenger Car/Station Wagon,LOS ANGELES
9600861,2023-07-12,7,15,3,minor injury,0,1,traffic signs,broadside,no,no,no,0,0,0,0,0,0,Passenger Car/Station Wagon,LOS ANGELES
9600862,2023-07-11,7,18,2,possible injury,0,1,pedestrian right of way,vehicle/pedestrian,yes,no,no,1,0,0,0,0,0,Not Stated,LOS ANGELES
9600863,2023-07-11,7,7,2,minor injury,0,1,other than driver or pedestrian,sideswipe,no,no,no,0,0,0,0,0,0,Not Stated,LOS ANGELES
9600864,2023-07-07,7,12,5,minor injury,0,2,improper turning,rear end,no,no,no,0,0,0,0,0,0,Passenger Car/Station Wagon,LOS ANGELES
9600865,2023-07-08,7,22,6,minor injury,0,1,DUI,rear end,no,no,no,0,0,0,0,0,0,Not Stated,LOS ANGELES
9600866,2023-07-07,7,22,5,severe injury,0,4,traffic signs,broadside,no,no,no,0,0,0,0,0,0,Passenger Car/Station Wagon,LOS ANGELES
9600867,2023-07-01,7,8,6,possible injury,0,1,improper turning,head-on,no,no,no,0,0,0,0,0,0,Passenger Car/Station Wagon,LOS ANGELES
9600868,2023-07-02,7,2,7,minor injury,0,1,DUI,head-on,no,no,no,0,0,0,0,0,0,Passenger Car/Station Wagon,SAN DIEGO
9600869,2023-07-02,7,0,7,possible injury,0,2,DUI,rear end,no,no,no,0,0,0,0,0,0,Pickup or Panel Truck,SAN DIEGO
9600870,2023-07-07,7,10,5,possible injury,0,1,unsafe speed,rear end,no,no,no,0,0,0,0,0,0,Passenger Car/Station Wagon,SAN DIEGO
9600871,2023-07-01,7,21,6,possible injury,0,1,unsafe lane change,sideswipe,no,no,no,0,0,0,0,0,0,Passenger Car/Station Wagon,SAN DIEGO
9600872,2023-07-05,7,0,3,minor injury,0,2,unsafe speed,unknown,no,no,no,0,0,0,0,0,0,Passenger Car/Station Wagon,SAN BERNARDINO
9600873,2023-07-04,7,13,2,minor injury,0,3,automobile right of way,broadside,no,no,no,0,0,0,0,0,0,Passenger Car/Station Wagon,SAN BERNARDINO
9600874,2023-07-14,7,17,5,minor injury,0,1,pedestrian right of way,vehicle/pedestrian,yes,no,no,1,0,0,0,0,0,Passenger Car/Station Wagon,CONTRA COSTA
9600875,2023-07-11,7,7,2,minor injury,0,1,wrong side of road,sideswipe,no,yes,no,0,1,0,0,0,0,Bicycle,CONTRA COSTA
9600876,2023-07-09,7,14,7,minor injury,0,3,automobile right of way,broadside,no,no,no,0,0,0,0,0,0,Passenger Car/Station Wagon,CONTRA COSTA
9600877,2023-07-06,7,14,4,possible injury,0,3,automobile right of way,broadside,no,no,no,0,0,0,0,0,0,Passenger Car/Station Wagon,FRESNO
9600878,2023-07-19,7,13,3,minor injury,0,1,traffic signs,broadside,no,no,no,0,0,0,0,0,0,Passenger Car/Station Wagon,ORANGE
9600879,2023-07-17,7,15,1,minor injury,0,1,unsafe lane change,overturned,no,no,yes,0,0,1,0,0,0,Passenger Car/Station Wagon,ORANGE
9600881,2023-07-14,7,12,5,possible injury,0,2,automobile right of way,broadside,no,no,no,0,0,0,0,0,0,Passenger Car/Station Wagon,ORANGE
9600882,2023-07-06,7,14,4,minor injury,0,1,automobile right of way,broadside,no,no,no,0,0,0,0,0,0,Passenger Car/Station Wagon,ORANGE
9600883,2023-07-06,7,8,4,minor injury,0,1,unsafe speed,rear end,no,no,no,0,0,0,0,0,0,Passenger Car/Station Wagon,ORANGE
9600884,2023-07-24,7,6,1,minor injury,0,1,improper turning,sideswipe,no,no,no,0,0,0,0,0,0,Not Stated,SAN DIEGO
9600885,2023-07-24,7,10,1,possible injury,0,2,improper turning,sideswipe,no,no,no,0,0,0,0,0,0,Pickup or Panel Truck,SAN DIEGO
9600886,2023-07-22,7,16,6,minor injury,0,1,automobile right of way,broadside,no,yes,no,0,1,0,0,0,0,Bicycle,SAN DIEGO
9600887,2023-07-20,7,18,4,severe injury,0,1,automobile right of way,head-on,no,yes,no,0,1,0,0,0,0,Passenger Car/Station Wagon,SAN DIEGO
9600888,2023-07-14,7,18,5,minor injury,0,1,automobile right of way,broadside,no,no,no,0,0,0,0,0,0,Passenger Car/Station Wagon,SAN DIEGO
9600889,2023-07-14,7,20,5,minor injury,0,1,DUI,rear end,no,no,no,0,0,0,0,0,0,Passenger Car/Station Wagon,LOS ANGELES
9600890,2023-07-15,7,10,6,minor injury,0,2,unknown,rear end,no,no,yes,0,0,1,0,0,0,Not Stated,LOS ANGELES
9600891,2023-07-07,7,21,5,possible injury,0,1,automobile right of way,broadside,no,no,no,0,0,0,0,0,0,Passenger Car/Station Wagon,ALAMEDA
9600892,2023-07-04,7,9,2,minor injury,0,1,automobile right of way,broadside,no,no,no,0,0,0,0,0,0,Passenger Car/Station Wagon,ALAMEDA
9600893,2023-07-12,7,9,3,possible injury,0,1,traffic signs,broadside,no,no,no,0,0,0,0,0,0,Passenger Car/Station Wagon,ALAMEDA
9600894,2023-07-07,7,15,5,severe injury,0,1,improper turning,hit object,no,no,no,0,0,0,0,0,0,Other Vehicle,ALAMEDA
9600895,2023-07-16,7,10,7,minor injury,0,1,unsafe speed,rear end,no,no,no,0,0,0,0,0,0,Passenger Car/Station Wagon,ALAMEDA
9600896,2023-07-12,7,11,3,minor injury,0,1,traffic signs,broadside,no,no,no,0,0,0,0,0,0,Passenger Car/Station Wagon,ALAMEDA
9600897,2023-07-06,7,9,4,possible injury,0,1,improper turning,rear end,no,no,no,0,0,0,0,0,0,Passenger Car/Station Wagon,MERCED
9600898,2023-07-05,7,8,3,possible injury,0,1,unsafe speed,rear end,no,no,no,0,0,0,0,0,0,Passenger Car/Station Wagon,LOS ANGELES
9600899,2023-07-11,7,13,2,possible injury,0,1,traffic signs,unknown,no,no,no,0,0,0,0,0,0,Passenger Car/Station Wagon,LOS ANGELES
9600900,2023-07-01,7,10,6,minor injury,0,2,automobile right of way,broadside,no,no,no,0,0,0,0,0,0,Passenger Car/Station Wagon,LOS ANGELES
9600921,2023-06-24,6,21,6,minor injury,0,1,unknown,vehicle/pedestrian,yes,no,no,1,0,0,0,0,0,Not Stated,LOS ANGELES
9600922,2023-06-23,6,19,5,possible injury,0,2,traffic signs,broadside,no,no,no,0,0,0,0,0,0,Passenger Car/Station Wagon,LOS ANGELES
9600923,2023-06-19,6,0,1,severe injury,0,1,pedestrian violation,vehicle/pedestrian,yes,no,no,1,0,0,0,0,0,Pedestrian,LOS ANGELES
9600924,2023-06-18,6,0,7,minor injury,0,3,unsafe lane change,sideswipe,no,no,no,0,0,0,0,0,0,Passenger Car/Station Wagon,LOS ANGELES
9600925,2023-06-16,6,11,5,minor injury,0,3,other than driver or pedestrian,head-on,no,no,no,0,0,0,0,0,0,Not Stated,LOS ANGELES
9600926,2023-06-17,6,1,6,minor injury,0,1,DUI,rear end,no,no,no,0,0,0,0,0,0,Passenger Car/Station Wagon,LOS ANGELES
9600927,2023-06-16,6,14,5,severe injury,0,1,improper turning,broadside,no,no,yes,0,0,1,0,0,0,Passenger Car/Station Wagon,LOS ANGELES
9600928,2023-06-16,6,0,5,minor injury,0,2,traffic signs,head-on,no,no,no,0,0,0,0,0,0,Passenger Car/Station Wagon,LOS ANGELES
9600929,2023-06-29,6,13,4,minor injury,0,2,improper turning,sideswipe,no,no,no,0,0,0,0,0,0,Passenger Car/Station Wagon,ALAMEDA
9600930,2023-06-07,6,18,3,possible injury,0,1,pedestrian right of way,vehicle/pedestrian,yes,no,no,1,0,0,0,0,0,Passenger Car/Station Wagon,ALAMEDA
9600931,2023-06-12,6,15,1,possible injury,0,1,automobile right of way,sideswipe,no,no,no,0,0,0,0,0,0,Passenger Car/Station Wagon,ALAMEDA
9600932,2023-06-07,6,21,3,possible injury,0,1,pedestrian violation,vehicle/pedestrian,yes,no,no,1,0,0,0,0,0,Not Stated,ALAMEDA
9600933,2023-06-07,6,11,3,minor injury,0,3,traffic signs,broadside,no,no,no,0,0,0,0,0,0,Passenger Car/Station Wagon,ALAMEDA
9600934,2023-06-20,6,21,2,minor injury,0,1,unsafe speed,overturned,no,no,yes,0,0,1,0,0,0,Motorcycle/Scooter,VENTURA
9600935,2023-06-20,6,21,2,possible injury,0,1,unsafe lane change,rear end,no,no,no,0,0,0,0,0,0,Passenger Car/Station Wagon,VENTURA
9600936,2023-06-19,6,12,1,possible injury,0,3,automobile right of way,head-on,no,no,no,0,0,0,0,0,0,Passenger Car/Station Wagon,VENTURA
9600937,2023-06-10,6,1,6,possible injury,0,3,unsafe speed,rear end,no,no,no,0,0,0,0,0,0,Passenger Car/Station Wagon,VENTURA
9600938,2023-06-13,6,6,2,possible injury,0,1,unknown,broadside,no,no,no,0,0,0,0,0,0,Not Stated,VENTURA
9600939,2023-06-17,6,14,6,severe injury,0,1,unsafe speed,hit object,no,no,yes,0,0,1,0,0,0,Motorcycle/Scooter,VENTURA
9600940,2023-06-15,6,20,4,possible injury,0,2,traffic signs,broadside,no,no,no,0,0,0,0,0,0,Passenger Car/Station Wagon,VENTURA
9600941,2023-06-15,6,14,4,possible injury,0,1,automobile right of way,head-on,no,no,no,0,0,0,0,0,0,Passenger Car/Station Wagon,VENTURA
9600942,2023-06-15,6,7,4,possible injury,0,2,automobile right of way,broadside,no,no,no,0,0,0,0,0,0,Passenger Car/Station Wagon,VENTURA
9600943,2023-06-14,6,14,3,minor injury,0,1,improper passing,broadside,no,yes,no,0,1,0,0,0,0,Bicycle,VENTURA
9600944,2023-06-05,6,14,1,possible injury,0,1,automobile right of way,sideswipe,no,no,no,0,0,0,0,0,0,Passenger Car/Station Wagon,VENTURA
9600945,2023-06-05,6,0,1,possible injury,0,1,improper turning,head-on,no,no,no,0,0,0,0,0,0,Passenger Car/Station Wagon,VENTURA
9600946,2023-06-14,6,21,3,severe injury,0,2,unknown,broadside,no,yes,yes,0,1,1,0,0,0,Not Stated,VENTURA
9600947,2023-06-10,6,1,6,possible injury,0,2,unsafe speed,rear end,no,no,no,0,0,0,0,0,0,Passenger Car/Station Wagon,VENTURA
9600948,2023-06-13,6,8,2,possible injury,0,2,automobile right of way,broadside,no,no,no,0,0,0,0,0,0,Passenger Car/Station Wagon,VENTURA
9600949,2023-06-10,6,7,6,possible injury,0,1,automobile right of way,broadside,no,no,no,0,0,0,0,0,0,Passenger Car/Station Wagon,VENTURA
9600950,2023-06-08,6,13,4,possible injury,0,1,unsafe speed,rear end,no,no,no,0,0,0,0,0,0,Passenger Car/Station Wagon,VENTURA
9600951,2023-06-06,6,20,2,possible injury,0,2,improper turning,broadside,no,no,no,0,0,0,0,0,0,Passenger Car/Station Wagon,VENTURA
9600952,2023-06-06,6,8,2,possible injury,0,1,unsafe speed,rear end,no,no,no,0,0,0,0,0,0,Passenger Car/Station Wagon,VENTURA
9600953,2023-06-05,6,8,1,possible injury,0,1,automobile right of way,broadside,no,no,no,0,0,0,0,0,0,Passenger Car/Station Wagon,VENTURA
9600954,2023-06-05,6,6,1,severe injury,0,1,traffic signs,broadside,no,yes,no,0,1,0,0,0,0,Bicycle,VENTURA
9600955,2023-06-02,6,13,5,possible injury,0,2,improper turning,sideswipe,no,no,no,0,0,0,0,0,0,Passenger Car/Station Wagon,VENTURA
9600956,2023-06-01,6,10,4,possible injury,0,1,automobile right of way,broadside,no,no,no,0,0,0,0,0,0,Passenger Car/Station Wagon,VENTURA
9600957,2023-06-08,6,14,4,minor injury,0,1,pedestrian right of way,sideswipe,yes,no,no,1,0,0,0,0,0,Not Stated,SAN DIEGO
9600958,2023-06-11,6,9,7,minor injury,0,1,unsafe speed,head-on,no,no,no,0,0,0,0,0,0,Passenger Car/Station Wagon,SAN DIEGO
9600959,2023-06-23,6,15,5,possible injury,0,2,unsafe speed,rear end,no,no,no,0,0,0,0,0,0,Passenger Car/Station Wagon,SAN DIEGO
9600960,2023-06-25,6,3,7,possible injury,0,1,DUI,hit object,no,no,no,0,0,0,0,0,0,Passenger Car/Station Wagon,SAN DIEGO
9600961,2023-06-28,6,13,3,minor injury,0,1,automobile right of way,broadside,no,no,no,0,0,0,0,0,0,Passenger Car/Station Wagon,SAN DIEGO
9600962,2023-06-14,6,15,3,severe injury,0,1,improper turning,vehicle/pedestrian,yes,no,no,1,0,0,0,0,0,Passenger Car/Station Wagon,SAN DIEGO
9600963,2023-06-17,6,18,6,possible injury,0,1,improper turning,sideswipe,no,no,no,0,0,0,0,0,0,Passenger Car/Station Wagon,SAN DIEGO
9600964,2023-06-17,6,20,6,possible injury,0,1,automobile right of way,broadside,no,no,no,0,0,0,0,0,0,Passenger Car/Station Wagon,SAN DIEGO
9600965,2023-06-18,6,13,7,minor injury,0,2,automobile right of way,broadside,no,no,no,0,0,0,0,0,0,Passenger Car/Station Wagon,SAN DIEGO
9600966,2023-06-22,6,14,4,minor injury,0,1,wrong side of road,broadside,no,yes,no,0,1,0,0,0,0,Bicycle,SAN DIEGO
9600967,2023-06-23,6,16,5,minor injury,0,1,unsafe speed,broadside,no,no,no,0,0,0,0,0,0,Passenger Car/Station Wagon,SAN DIEGO
9600968,2023-06-26,6,10,1,minor injury,0,1,unsafe speed,rear end,no,yes,no,0,1,0,0,0,0,Not Stated,SAN DIEGO
9600969,2023-06-30,6,14,5,minor injury,0,1,improper turning,hit object,yes,no,no,1,0,0,0,0,0,Passenger Car/Station Wagon,SAN DIEGO
9600970,2023-06-30,6,23,5,possible injury,0,1,traffic signs,broadside,no,no,no,0,0,0,0,0,0,Passenger Car/Station Wagon,SAN DIEGO
9600971,2023-06-26,6,11,1,possible injury,0,1,automobile right of way,sideswipe,no,no,no,0,0,0,0,0,0,Passenger Car/Station Wagon,SAN DIEGO
9600972,2023-06-30,6,11,5,possible injury,0,1,unsafe speed,rear end,no,no,no,0,0,0,0,0,0,Passenger Car/Station Wagon,FRESNO
9600973,2023-06-27,6,10,2,possible injury,0,2,unsafe speed,rear end,no,no,no,0,0,0,0,0,0,Passenger Car/Station Wagon,FRESNO
9600974,2023-06-26,6,2,1,possible injury,0,1,unknown,broadside,no,no,no,0,0,0,0,0,0,Not Stated,FRESNO
9600975,2023-06-19,6,9,1,minor injury,0,1,unsafe speed,sideswipe,no,no,no,0,0,0,0,0,0,Other Vehicle,ALAMEDA
9600976,2023-06-13,6,10,2,minor injury,0,4,unsafe speed,rear end,no,no,no,0,0,0,0,0,0,Passenger Car/Station Wagon,VENTURA
9600977,2023-06-17,6,21,6,minor injury,0,1,following too closely,rear end,no,no,no,0,0,0,0,0,0,Passenger Car/Station Wagon,SAN DIEGO
9600978,2023-06-18,6,14,7,minor injury,0,1,unsafe speed,rear end,no,no,no,0,0,0,0,0,0,Passenger Car/Station Wagon,SAN MATEO
9600979,2023-06-24,6,16,6,possible injury,0,1,hazardous parking,rear end,no,no,no,0,0,0,0,0,0,Not Stated,SANTA CLARA
9600980,2023-06-30,6,18,5,possible injury,0,1,unsafe speed,broadside,no,yes,no,0,1,0,0,0,0,Not Stated,SANTA CLARA
9600981,2023-06-28,6,17,3,minor injury,0,2,traffic signs,head-on,no,no,no,0,0,0,0,0,0,Not Stated,SANTA CLARA
9600982,2023-06-28,6,10,3,possible injury,0,1,unsafe speed,rear end,no,no,no,0,0,0,0,0,0,Passenger Car/Station Wagon,PLACER
9600983,2023-06-29,6,1,4,minor injury,0,1,DUI,hit object,no,no,no,0,0,0,0,0,0,Passenger Car/Station Wagon,PLACER
9600984,2023-06-30,6,19,5,possible injury,0,1,automobile right of way,broadside,no,no,no,0,0,0,0,0,0,Passenger Car/Station Wagon,MARIN
9600985,2023-06-14,6,21,3,possible injury,0,2,improper turning,broadside,no,no,no,0,0,0,0,0,0,Passenger Car/Station Wagon,CONTRA COSTA
9600986,2023-06-23,6,3,5,minor injury,0,1,unsafe speed,overturned,no,no,no,0,0,0,0,0,0,Passenger Car/Station Wagon,LOS ANGELES
9600987,2023-06-06,6,15,2,possible injury,0,2,automobile right of way,sideswipe,no,no,no,0,0,0,0,0,0,Passenger Car/Station Wagon,SANTA BARBARA
9600988,2023-06-21,6,22,3,possible injury,0,1,traffic signs,sideswipe,no,no,no,0,0,0,0,0,0,Passenger Car/Station Wagon,LOS ANGELES
9600990,2023-06-06,6,5,2,minor injury,0,1,improper turning,hit object,no,no,no,0,0,0,0,0,0,Passenger Car/Station Wagon,LOS ANGELES
9600991,2023-06-08,6,12,4,possible injury,0,4,unsafe lane change,sideswipe,no,no,no,0,0,0,0,0,0,Passenger Car/Station Wagon,LOS ANGELES
9600992,2023-06-23,6,17,5,possible injury,0,2,unknown,broadside,no,no,no,0,0,0,0,0,0,Not Stated,LOS ANGELES
9600993,2023-06-22,6,10,4,minor injury,0,1,unknown,sideswipe,no,yes,no,0,1,0,0,0,0,Not Stated,LOS ANGELES
9600994,2023-06-22,6,5,4,possible injury,0,1,traffic signs,broadside,no,no,no,0,0,0,0,0,0,Passenger Car/Station Wagon,LOS ANGELES
9600995,2023-06-07,6,12,3,possible injury,0,1,traffic signs,broadside,no,no,no,0,0,0,0,0,0,Passenger Car/Station Wagon,SAN DIEGO
9600996,2023-06-30,6,20,5,minor injury,0,3,unsafe lane change,sideswipe,no,no,no,0,0,0,0,0,0,Passenger Car/Station Wagon,LOS ANGELES
9600997,2023-06-18,6,2,7,minor injury,0,1,traffic signs,broadside,no,no,no,0,0,0,0,0,0,Passenger Car/Station Wagon,MERCED
9600998,2023-06-30,6,15,5,minor injury,0,1,improper turning,broadside,no,no,yes,0,0,1,0,0,0,Passenger Car/Station Wagon,LOS ANGELES
9600999,2023-06-26,6,15,1,minor injury,0,3,traffic signs,broadside,no,no,no,0,0,0,0,0,0,Passenger Car/Station Wagon,LOS ANGELES
9601000,2023-06-17,6,14,6,severe injury,0,1,pedestrian right of way,head-on,yes,no,no,1,0,0,0,0,0,Passenger Car/Station Wagon,LOS ANGELES
9601021,2023-07-04,7,10,2,severe injury,0,1,improper turning,broadside,no,yes,no,0,1,0,0,0,0,Bicycle,LOS ANGELES
9601037,2023-07-20,7,6,4,possible injury,0,1,unsafe lane change,sideswipe,no,no,no,0,0,0,0,0,0,Passenger Car/Station Wagon,LOS ANGELES
9601041,2023-07-21,7,13,5,possible injury,0,2,traffic signs,broadside,no,no,no,0,0,0,0,0,0,Passenger Car/Station Wagon,LOS ANGELES
9601042,2023-07-25,7,10,2,possible injury,0,1,automobile right of way,other,no,yes,no,0,1,0,0,0,0,Passenger Car/Station Wagon,LOS ANGELES
9601043,2023-07-03,7,19,1,minor injury,0,1,unknown,broadside,no,no,no,0,0,0,0,0,0,Not Stated,LOS ANGELES
9601044,2023-07-09,7,20,7,minor injury,0,2,unsafe speed,rear end,no,no,no,0,0,0,0,0,0,Passenger Car/Station Wagon,ALAMEDA
9601045,2023-07-25,7,12,2,possible injury,0,2,automobile right of way,broadside,no,no,no,0,0,0,0,0,0,Passenger Car/Station Wagon,ALAMEDA
9601046,2023-07-24,7,11,1,possible injury,0,1,DUI,overturned,no,no,no,0,0,0,0,0,0,Passenger Car/Station Wagon,ALAMEDA
9601047,2023-07-20,7,15,4,minor injury,0,1,unsafe speed,rear end,no,no,no,0,0,0,0,0,0,Passenger Car/Station Wagon,ALAMEDA
9601048,2023-07-15,7,12,6,minor injury,0,1,traffic signs,broadside,no,no,no,0,0,0,0,0,0,Passenger Car/Station Wagon,ALAMEDA
9601049,2023-07-25,7,9,2,minor injury,0,1,unknown,sideswipe,no,no,no,0,0,0,0,0,0,Passenger Car/Station Wagon,PLACER
9601050,2023-07-15,7,19,6,minor injury,0,1,wrong side of road,broadside,no,yes,no,0,1,0,0,0,0,Bicycle,LOS ANGELES
9601051,2023-07-13,7,8,4,minor injury,0,1,automobile right of way,broadside,no,yes,no,0,1,0,0,0,0,Passenger Car/Station Wagon,LOS ANGELES
9601052,2023-07-05,7,15,3,minor injury,0,1,following too closely,rear end,no,no,no,0,0,0,0,0,0,Passenger Car/Station Wagon,LOS ANGELES
9601053,2023-07-08,7,11,6,possible injury,0,1,traffic signs,broadside,no,no,no,0,0,0,0,0,0,Passenger Car/Station Wagon,SAN BERNARDINO
9601054,2023-07-06,7,11,4,minor injury,0,2,automobile right of way,broadside,no,no,no,0,0,0,0,0,0,Passenger Car/Station Wagon,SAN BERNARDINO
9601055,2023-07-05,7,0,3,possible injury,0,1,unsafe speed,rear end,no,no,no,0,0,0,0,0,0,Not Stated,SAN BERNARDINO
9601056,2023-07-01,7,10,6,severe injury,0,2,automobile right of way,broadside,no,no,no,0,0,0,0,0,0,Passenger Car/Station Wagon,ORANGE
9601057,2023-07-09,7,17,7,possible injury,0,1,unsafe speed,unknown,no,no,no,0,0,0,0,0,0,Passenger Car/Station Wagon,ORANGE
9601058,2023-07-07,7,23,5,severe injury,0,1,wrong side of road,head-on,no,yes,no,0,1,0,0,0,0,Bicycle,ORANGE
9601059,2023-07-16,7,2,7,severe injury,0,1,unsafe speed,rear end,no,no,no,0,0,0,0,0,0,Passenger Car/Station Wagon,ORANGE
9601060,2023-07-13,7,12,4,minor injury,0,1,automobile right of way,broadside,no,yes,no,0,1,0,0,0,0,Passenger Car/Station Wagon,MERCED
9601061,2023-07-14,7,19,5,minor injury,0,1,traffic signs,head-on,no,yes,no,0,1,0,0,0,0,Bicycle,MERCED
9601062,2023-07-29,7,17,6,minor injury,0,1,automobile right of way,head-on,no,no,no,0,0,0,0,0,0,Passenger Car/Station Wagon,SAN DIEGO
9601063,2023-07-18,7,18,2,minor injury,0,1,pedestrian right of way,head-on,yes,no,no,1,0,0,0,0,0,Passenger Car/Station Wagon,SAN DIEGO
9601064,2023-07-24,7,21,1,possible injury,0,1,unknown,vehicle/pedestrian,yes,no,no,1,0,0,0,0,0,Not Stated,SAN DIEGO
9601065,2023-07-26,7,17,3,possible injury,0,1,unsafe starting or backing,broadside,no,no,yes,0,0,1,0,0,0,Motorcycle/Scooter,SAN DIEGO
9601066,2023-07-22,7,19,6,possible injury,0,1,pedestrian right of way,vehicle/pedestrian,yes,no,no,1,0,0,0,0,0,Not Stated,SAN DIEGO
9601067,2023-07-27,7,18,4,minor injury,0,1,improper turning,sideswipe,no,no,no,0,0,0,0,0,0,Passenger Car/Station Wagon,SAN DIEGO
9601068,2023-07-28,7,16,5,minor injury,0,3,improper turning,sideswipe,yes,no,no,0,0,0,0,0,0,Passenger Car/Station Wagon,SAN DIEGO
9601069,2023-07-29,7,2,6,possible injury,0,2,following too closely,rear end,no,no,no,0,0,0,0,0,0,Passenger Car/Station Wagon,SAN DIEGO
9601070,2023-07-28,7,13,5,possible injury,0,2,automobile right of way,broadside,no,no,no,0,0,0,0,0,0,Passenger Car/Station Wagon,SAN DIEGO
9601071,2023-07-30,7,2,7,possible injury,0,1,unsafe speed,head-on,no,no,no,0,0,0,0,0,0,Passenger Car/Station Wagon,SAN DIEGO
9601072,2023-07-30,7,10,7,minor injury,0,2,traffic signs,broadside,no,no,no,0,0,0,0,0,0,Passenger Car/Station Wagon,SAN DIEGO
9601073,2023-07-30,7,13,7,minor injury,0,3,traffic signs,broadside,no,no,no,0,0,0,0,0,0,Passenger Car/Station Wagon,SAN DIEGO
9601074,2023-07-30,7,16,7,possible injury,0,1,unsafe speed,rear end,no,no,no,0,0,0,0,0,0,Passenger Car/Station Wagon,SAN DIEGO
9601075,2023-07-29,7,20,6,possible injury,0,1,unsafe speed,rear end,no,no,no,0,0,0,0,0,0,Not Stated,SAN DIEGO
9601076,2023-07-30,7,21,7,possible injury,0,1,improper turning,broadside,no,no,no,0,0,0,0,0,0,Passenger Car/Station Wagon,SAN DIEGO
9601077,2023-07-15,7,2,6,severe injury,0,1,improper turning,rear end,no,no,yes,0,0,1,0,0,0,Motorcycle/Scooter,SAN DIEGO
9601078,2023-07-04,7,2,2,possible injury,0,1,traffic signs,broadside,no,no,no,0,0,0,0,0,0,Passenger Car/Station Wagon,SAN DIEGO
9601079,2023-07-22,7,22,6,minor injury,0,1,pedestrian right of way,vehicle/pedestrian,no,yes,no,0,1,0,0,0,0,Passenger Car/Station Wagon,SAN DIEGO
9601080,2023-07-27,7,11,4,minor injury,0,2,improper passing,sideswipe,no,no,no,0,0,0,0,0,0,Passenger Car/Station Wagon,SAN DIEGO
9601087,2023-07-14,7,17,5,minor injury,0,1,DUI,rear end,no,no,no,0,0,0,0,0,0,Passenger Car/Station Wagon,KINGS
9601094,2023-07-01,7,7,6,minor injury,0,2,improper passing,sideswipe,no,no,no,0,0,0,0,0,0,Passenger Car/Station Wagon,SAN BERNARDINO
9601122,2023-04-07,4,14,5,minor injury,0,1,unsafe speed,rear end,no,no,no,0,0,0,0,0,0,Passenger Car/Station Wagon,SAN BERNARDINO
9601123,2023-06-29,6,11,4,possible injury,0,1,traffic signs,broadside,no,no,no,0,0,0,0,0,0,Passenger Car/Station Wagon,ALAMEDA