CASE_ID,COLLISION_DATE,MONTH,HOUR,DAY_OF_WEEK,COLLISION_SEVERITY,NUMBER_KILLED,NUMBER_INJURED,PCF_VIOL_CATEGORY,TYPE_OF_COLLISION,PEDESTRIAN_ACCIDENT,BICYCLE_ACCIDENT,MOTORCYCLE_ACCIDENT,COUNT_PED_INJURED,COUNT_BICYCLIST_INJURED,COUNT_MC_INJURED,COUNT_PED_KILLED,COUNT_BICYCLIST_KILLED,COUNT_MC_KILLED,STWD_VEHTYPE_AT_FAULT,COUNTY
9605823,2023-04-21,4,0,5,minor injury,0,2,DUI,broadside,no,no,no,0,0,0,0,0,0,Passenger Car/Station Wagon,RIVERSIDE
9605824,2023-04-28,4,10,5,minor injury,0,2,unsafe speed,rear end,no,no,no,0,0,0,0,0,0,Passenger Car/Station Wagon,SHASTA
9605825,2023-04-20,4,20,4,minor injury,0,1,unknown,broadside,no,yes,no,0,1,0,0,0,0,Not Stated,SANTA BARBARA
9605829,2023-07-26,7,11,3,minor injury,0,2,automobile right of way,broadside,no,no,no,0,0,0,0,0,0,Pickup or Panel Truck,MONTEREY
9605831,2023-04-24,4,18,1,possible injury,0,1,following too closely,rear end,no,no,no,0,0,0,0,0,0,Pickup or Panel Truck,LOS ANGELES
9605837,2023-08-01,8,15,2,minor injury,0,1,traffic signs,broadside,no,no,no,0,0,0,0,0,0,Passenger Car/Station Wagon,YOLO
9605841,2023-07-24,7,7,1,severe injury,0,1,improper turning,sideswipe,no,no,yes,0,0,1,0,0,0,Truck or Truck Tractor with Trailer,MONTEREY
9605850,2023-07-12,7,8,3,minor injury,0,2,unsafe speed,rear end,no,no,no,0,0,0,0,0,0,Passenger Car/Station Wagon,VENTURA
9605851,2023-04-15,4,8,6,possible injury,0,1,traffic signs,broadside,no,no,no,0,0,0,0,0,0,Pickup or Panel Truck,SAN BERNARDINO
9605853,2023-04-19,4,7,3,minor injury,0,1,unsafe speed,rear end,no,no,no,0,0,0,0,0,0,Pickup or Panel Truck,SAN BERNARDINO
9605862,2023-07-28,7,16,5,possible injury,0,1,unsafe speed,rear end,no,no,no,0,0,0,0,0,0,Passenger Car/Station Wagon,VENTURA
9605877,2023-03-26,3,9,7,possible injury,0,1,automobile right of way,broadside,no,no,no,0,0,0,0,0,0,Pickup or Panel Truck,SAN BERNARDINO
9605887,2023-03-26,3,16,7,minor injury,0,1,traffic signs,broadside,no,yes,no,0,1,0,0,0,0,Bicycle,SAN BERNARDINO
9605888,2023-04-10,4,18,1,possible injury,0,1,traffic signs,broadside,no,no,no,0,0,0,0,0,0,Pickup or Panel Truck,SAN BERNARDINO
9605891,2023-04-11,4,18,2,possible injury,0,1,DUI,rear end,no,no,no,0,0,0,0,0,0,Pickup or Panel Truck,SAN BERNARDINO
9605892,2023-04-07,4,22,5,possible injury,0,1,unsafe speed,rear end,no,no,no,0,0,0,0,0,0,Pickup or Panel Truck,SAN BERNARDINO
9605897,2023-04-24,4,11,1,possible injury,0,1,unsafe speed,rear end,no,no,no,0,0,0,0,0,0,Truck or Truck Tractor with Trailer,SAN BERNARDINO
9605899,2023-03-29,3,20,3,possible injury,0,1,unsafe speed,rear end,no,no,no,0,0,0,0,0,0,Pickup or Panel Truck,SAN BERNARDINO
9605900,2023-04-03,4,16,1,minor injury,0,1,automobile right of way,broadside,no,no,no,0,0,0,0,0,0,Passenger Car/Station Wagon,SAN BERNARDINO
9605902,2023-04-03,4,14,1,possible injury,0,1,unsafe speed,rear end,no,no,no,0,0,0,0,0,0,Pickup or Panel Truck,SAN BERNARDINO
9605910,2023-07-13,7,7,4,possible injury,0,1,other improper driving,overturned,no,no,no,0,0,0,0,0,0,Truck or Truck Tractor with Trailer,LOS ANGELES
9605913,2023-07-06,7,18,4,severe injury,0,1,automobile right of way,broadside,no,no,yes,0,0,0,0,0,0,Pickup or Panel Truck,LOS ANGELES
9605916,2023-05-31,5,12,3,possible injury,0,1,automobile right of way,broadside,no,no,no,0,0,0,0,0,0,Truck or Truck Tractor,SAN BERNARDINO
9605917,2023-07-14,7,21,5,possible injury,0,4,automobile right of way,broadside,no,no,no,0,0,0,0,0,0,Passenger Car/Station Wagon,LOS ANGELES
9605918,2023-07-15,7,13,6,possible injury,0,1,unsafe speed,rear end,no,no,no,0,0,0,0,0,0,Truck or Truck Tractor,LOS ANGELES
9605927,2023-07-22,7,15,6,minor injury,0,2,unsafe speed,rear end,no,no,no,0,0,0,0,0,0,Passenger Car/Station Wagon,KINGS
9605930,2023-07-16,7,21,7,possible injury,0,3,unknown,sideswipe,no,no,no,0,0,0,0,0,0,Not Stated,KINGS
9605952,2023-07-07,7,1,5,severe injury,0,2,improper turning,vehicle/pedestrian,yes,no,no,2,0,0,0,0,0,Not Stated,SAN DIEGO
9605953,2023-07-18,7,23,2,minor injury,0,2,automobile right of way,broadside,no,no,no,0,0,0,0,0,0,Passenger Car/Station Wagon,LOS ANGELES
9605954,2023-07-20,7,13,4,minor injury,0,1,unsafe lane change,rear end,no,no,no,0,0,0,0,0,0,Passenger Car/Station Wagon,LOS ANGELES
9605956,2023-07-15,7,22,6,minor injury,0,2,wrong side of road,sideswipe,no,no,no,0,0,0,0,0,0,Passenger Car/Station Wagon,LOS ANGELES
9605957,2023-07-30,7,7,7,minor injury,0,1,unsafe starting or backing,broadside,no,yes,no,0,1,0,0,0,0,Passenger Car/Station Wagon,LOS ANGELES
9605958,2023-07-31,7,10,1,minor injury,0,1,improper turning,head-on,no,no,no,0,0,0,0,0,0,Passenger Car/Station Wagon,LOS ANGELES
9605959,2023-07-20,7,16,4,minor injury,0,3,following too closely,sideswipe,no,no,no,0,0,0,0,0,0,Passenger Car/Station Wagon,LOS ANGELES
9605960,2023-07-28,7,1,5,possible injury,0,1,DUI,head-on,no,no,no,0,0,0,0,0,0,Passenger Car/Station Wagon,CONTRA COSTA
9605961,2023-07-18,7,1,2,possible injury,0,1,automobile right of way,broadside,no,no,yes,0,0,1,0,0,0,Passenger Car/Station Wagon,CONTRA COSTA
9605962,2023-07-24,7,13,1,possible injury,0,1,improper turning,broadside,no,no,no,0,0,0,0,0,0,Passenger Car/Station Wagon,CONTRA COSTA
9605963,2023-07-22,7,9,6,minor injury,0,1,other than driver or pedestrian,hit object,no,yes,no,0,1,0,0,0,0,Not Stated,SAN DIEGO
9605964,2023-07-01,7,13,6,possible injury,0,2,traffic signs,sideswipe,no,no,no,0,0,0,0,0,0,Passenger Car/Station Wagon,SAN DIEGO
9605965,2023-07-27,7,22,4,minor injury,0,3,unknown,broadside,no,no,no,0,0,0,0,0,0,Not Stated,SAN BERNARDINO
9605966,2023-07-06,7,18,4,minor injury,0,1,unsafe speed,rear end,no,no,no,0,0,0,0,0,0,Passenger Car/Station Wagon,SAN BERNARDINO
9605968,2023-07-28,7,15,5,minor injury,0,2,traffic signs,broadside,no,no,no,0,0,0,0,0,0,Pickup or Panel Truck,PLACER
9605970,2023-07-28,7,1,5,possible injury,0,1,other hazardous violation,head-on,no,no,no,0,0,0,0,0,0,Passenger Car/Station Wagon,IMPERIAL
9605972,2023-07-18,7,18,2,minor injury,0,1,automobile right of way,vehicle/pedestrian,no,no,no,0,0,0,0,0,0,Passenger Car/Station Wagon,LOS ANGELES
9605973,2023-07-10,7,16,1,minor injury,0,1,traffic signs,broadside,no,no,no,0,0,0,0,0,0,Passenger Car/Station Wagon,SANTA BARBARA
9605988,2023-07-22,7,14,6,severe injury,0,8,other than driver or pedestrian,head-on,no,no,no,0,0,0,0,0,0,Not Stated,SANTA CLARA
9605993,2023-07-25,7,13,2,possible injury,0,1,unsafe speed,rear end,no,no,no,0,0,0,0,0,0,Passenger Car/Station Wagon,LOS ANGELES
9605995,2023-07-13,7,19,4,minor injury,0,1,improper turning,rear end,no,no,no,0,0,0,0,0,0,Passenger Car/Station Wagon,SAN BERNARDINO
9605996,2023-07-17,7,9,1,possible injury,0,1,automobile right of way,broadside,no,yes,no,0,1,0,0,0,0,Bicycle,STANISLAUS
9605997,2023-07-14,7,11,5,possible injury,0,1,unsafe lane change,broadside,no,no,no,0,0,0,0,0,0,Passenger Car/Station Wagon,SAN BERNARDINO
9605998,2023-07-30,7,2,7,possible injury,0,2,unsafe speed,head-on,no,no,no,0,0,0,0,0,0,Passenger Car/Station Wagon,SAN BERNARDINO
9605999,2023-07-20,7,8,4,possible injury,0,1,automobile right of way,broadside,no,no,no,0,0,0,0,0,0,Passenger Car/Station Wagon,SAN BERNARDINO
9606000,2023-07-05,7,17,3,minor injury,0,1,following too closely,rear end,no,no,no,0,0,0,0,0,0,Passenger Car/Station Wagon,KERN
9606010,2023-07-31,7,21,1,severe injury,0,2,traffic signs,head-on,no,no,no,0,0,0,0,0,0,Passenger Car/Station Wagon,CONTRA COSTA
9606011,2023-07-11,7,8,2,possible injury,0,1,automobile right of way,broadside,no,no,no,0,0,0,0,0,0,Passenger Car/Station Wagon,LOS ANGELES
9606012,2023-07-16,7,16,7,severe injury,0,1,following too closely,sideswipe,no,no,no,0,0,0,0,0,0,Passenger Car/Station Wagon,LOS ANGELES
9606013,2023-07-05,7,7,3,minor injury,0,4,following too closely,rear end,no,no,no,0,0,0,0,0,0,Passenger Car/Station Wagon,LOS ANGELES
9606014,2023-07-16,7,14,7,possible injury,0,1,wrong side of road,sideswipe,no,yes,no,0,1,0,0,0,0,Bicycle,ORANGE
9606016,2023-07-11,7,17,2,possible injury,0,2,improper turning,broadside,no,no,no,0,0,0,0,0,0,Passenger Car/Station Wagon,ORANGE
9606017,2023-07-21,7,9,5,possible injury,0,1,improper turning,sideswipe,no,no,no,0,0,0,0,0,0,Passenger Car/Station Wagon,SAN DIEGO
9606018,2023-07-24,7,10,1,minor injury,0,1,unsafe speed,rear end,no,no,no,0,0,0,0,0,0,Passenger Car/Station Wagon,SAN DIEGO
9606019,2023-07-31,7,16,1,minor injury,0,2,traffic signs,broadside,no,no,no,0,0,0,0,0,0,Passenger Car/Station Wagon,SAN DIEGO
9606020,2023-07-05,7,17,3,minor injury,0,2,unsafe speed,rear end,no,no,no,0,0,0,0,0,0,Passenger Car/Station Wagon,SAN BERNARDINO
9606021,2023-07-16,7,12,7,severe injury,0,1,unsafe lane change,hit object,no,no,no,0,0,0,0,0,0,Passenger Car/Station Wagon,MERCED
9606022,2023-07-21,7,16,5,minor injury,0,1,improper turning,overturned,no,no,no,0,0,0,0,0,0,Passenger Car/Station Wagon,ORANGE
9606023,2023-07-12,7,20,3,possible injury,0,2,traffic signs,broadside,no,no,no,0,0,0,0,0,0,Passenger Car/Station Wagon,SAN BERNARDINO
9606024,2023-07-30,7,14,7,possible injury,0,1,traffic signs,rear end,no,no,no,0,0,0,0,0,0,Not Stated,ORANGE
9606025,2023-07-26,7,17,3,minor injury,0,2,automobile right of way,overturned,no,no,no,0,0,0,0,0,0,Passenger Car/Station Wagon,SAN DIEGO
9606026,2023-07-12,7,19,3,minor injury,0,1,unsafe lane change,sideswipe,no,no,no,0,0,0,0,0,0,Passenger Car/Station Wagon,ORANGE
9606027,2023-07-24,7,10,1,minor injury,0,1,improper turning,rear end,no,no,no,0,0,0,0,0,0,Passenger Car/Station Wagon,SANTA BARBARA
9606028,2023-07-16,7,2,7,possible injury,0,1,improper turning,broadside,no,no,no,0,0,0,0,0,0,Passenger Car/Station Wagon,SAN DIEGO
9606046,2023-07-22,7,14,6,minor injury,0,1,traffic signs,broadside,no,no,no,0,0,0,0,0,0,Passenger Car/Station Wagon,PLACER
9606051,2023-08-12,8,12,6,possible injury,0,1,pedestrian violation,head-on,yes,no,no,1,0,0,0,0,0,Pedestrian,SAN DIEGO
9606052,2023-08-11,8,13,5,possible injury,0,1,pedestrian right of way,vehicle/pedestrian,yes,no,no,1,0,0,0,0,0,Passenger Car/Station Wagon,SAN DIEGO
9606053,2023-07-13,7,16,4,possible injury,0,1,unsafe speed,rear end,no,no,no,0,0,0,0,0,0,Passenger Car/Station Wagon,PLACER
9606054,2023-07-01,7,18,6,severe injury,0,2,automobile right of way,broadside,no,no,no,0,0,0,0,0,0,Passenger Car/Station Wagon,PLACER
9606055,2023-07-01,7,22,6,possible injury,0,3,unsafe speed,rear end,no,no,no,0,0,0,0,0,0,Passenger Car/Station Wagon,PLACER
9606056,2023-07-30,7,16,7,possible injury,0,1,unsafe speed,rear end,no,no,no,0,0,0,0,0,0,Passenger Car/Station Wagon,LOS ANGELES
9606057,2023-07-16,7,9,7,minor injury,0,2,improper turning,overturned,no,no,no,0,0,0,0,0,0,Passenger Car/Station Wagon,LOS ANGELES
9606058,2023-07-24,7,20,1,minor injury,0,1,DUI,hit object,no,no,no,0,0,0,0,0,0,Passenger Car/Station Wagon,LOS ANGELES
9606059,2023-07-24,7,18,1,minor injury,0,1,automobile right of way,head-on,no,no,no,0,0,0,0,0,0,Passenger Car/Station Wagon,LOS ANGELES
9606060,2023-07-14,7,15,5,possible injury,0,1,automobile right of way,broadside,no,no,no,0,0,0,0,0,0,Passenger Car/Station Wagon,PLACER
9606061,2023-07-08,7,23,6,minor injury,0,1,unsafe speed,rear end,no,no,no,0,0,0,0,0,0,Passenger Car/Station Wagon,PLACER
9606062,2023-07-17,7,12,1,minor injury,0,1,automobile right of way,broadside,no,no,no,0,0,0,0,0,0,Truck or Truck Tractor,PLACER
9606063,2023-07-22,7,12,6,possible injury,0,4,unsafe speed,rear end,no,no,no,0,0,0,0,0,0,Passenger Car/Station Wagon,PLACER
9606064,2023-08-01,8,10,2,minor injury,0,1,unsafe speed,overturned,no,no,yes,0,0,1,0,0,0,Motorcycle/Scooter,KINGS
9606065,2023-08-02,8,18,3,minor injury,0,1,improper turning,vehicle/pedestrian,yes,no,no,1,0,0,0,0,0,Passenger Car/Station Wagon,LOS ANGELES
9606066,2023-08-05,8,10,6,possible injury,0,1,automobile right of way,head-on,no,no,no,0,0,0,0,0,0,Passenger Car/Station Wagon,LOS ANGELES
9606067,2023-08-05,8,14,6,possible injury,0,2,unsafe speed,rear end,no,no,no,0,0,0,0,0,0,Passenger Car/Station Wagon,LOS ANGELES
9606068,2023-08-01,8,17,2,minor injury,0,1,improper turning,head-on,no,no,no,0,0,0,0,0,0,Other Vehicle,CONTRA COSTA
9606069,2023-08-01,8,16,2,possible injury,0,1,unsafe speed,rear end,no,no,no,0,0,0,0,0,0,Passenger Car/Station Wagon,CONTRA COSTA
9606070,2023-07-31,7,18,1,possible injury,0,2,automobile right of way,broadside,no,no,no,0,0,0,0,0,0,Pickup or Panel Truck,LOS ANGELES
9606084,2023-06-28,6,19,3,minor injury,0,2,DUI,broadside,no,no,no,0,0,0,0,0,0,Pickup or Panel Truck,LOS ANGELES
9606085,2023-06-16,6,18,5,minor injury,0,2,traffic signs,sideswipe,no,no,no,0,0,0,0,0,0,Pickup or Panel Truck,LOS ANGELES
9606087,2023-07-18,7,11,2,minor injury,0,1,unknown,broadside,no,no,no,0,0,0,0,0,0,Not Stated,LOS ANGELES
9606091,2023-07-23,7,0,7,possible injury,0,1,improper turning,head-on,no,no,no,0,0,0,0,0,0,Pickup or Panel Truck,LOS ANGELES
9606095,2023-06-17,6,22,6,possible injury,0,1,unknown,sideswipe,no,no,no,0,0,0,0,0,0,Not Stated,LOS ANGELES
9606097,2023-06-28,6,9,3,possible injury,0,2,improper turning,broadside,no,no,no,0,0,0,0,0,0,Passenger Car/Station Wagon,LOS ANGELES
9606098,2023-06-26,6,14,1,severe injury,0,5,traffic signs,broadside,no,no,no,0,0,0,0,0,0,Pickup or Panel Truck,LOS ANGELES
9606099,2023-06-15,6,14,4,possible injury,0,3,unsafe speed,rear end,no,no,no,0,0,0,0,0,0,Passenger Car/Station Wagon,LOS ANGELES
9606101,2023-07-09,7,2,7,minor injury,0,1,DUI,rear end,no,no,no,0,0,0,0,0,0,Pickup or Panel Truck,LOS ANGELES
9606106,2023-07-10,7,12,1,minor injury,0,2,improper turning,sideswipe,no,no,no,0,0,0,0,0,0,Pickup or Panel Truck,SAN BERNARDINO
9606107,2023-07-17,7,22,1,possible injury,0,1,traffic signs,broadside,no,yes,no,0,1,0,0,0,0,Bicycle,SAN BERNARDINO
9606110,2023-07-30,7,13,7,minor injury,0,1,traffic signs,broadside,no,no,no,0,0,0,0,0,0,Not Stated,ALAMEDA
9606111,2023-07-28,7,9,5,minor injury,0,2,unsafe speed,rear end,no,no,no,0,0,0,0,0,0,Passenger Car/Station Wagon,ALAMEDA
9606112,2023-07-23,7,11,7,minor injury,0,2,unsafe starting or backing,rear end,no,no,no,0,0,0,0,0,0,Passenger Car/Station Wagon,ALAMEDA
9606113,2023-07-24,7,17,1,minor injury,0,2,traffic signs,broadside,no,no,no,0,0,0,0,0,0,Passenger Car/Station Wagon,ALAMEDA
9606114,2023-07-29,7,19,6,possible injury,0,1,automobile right of way,head-on,no,no,no,0,0,0,0,0,0,Passenger Car/Station Wagon,SAN DIEGO
9606115,2023-07-29,7,22,6,severe injury,0,2,pedestrian violation,vehicle/pedestrian,yes,no,yes,1,0,1,0,0,0,Pedestrian,SAN DIEGO
9606122,2023-07-16,7,12,7,minor injury,0,1,automobile right of way,broadside,no,no,no,0,0,0,0,0,0,Passenger Car/Station Wagon,SANTA BARBARA
9606123,2023-06-20,6,7,2,minor injury,0,1,improper turning,other,no,yes,no,0,1,0,0,0,0,Bicycle,SANTA BARBARA
9606125,2023-08-10,8,9,4,possible injury,0,1,unsafe starting or backing,broadside,no,no,no,0,0,0,0,0,0,Passenger Car/Station Wagon,ORANGE
9606126,2023-07-08,7,17,6,possible injury,0,1,unsafe speed,rear end,no,no,no,0,0,0,0,0,0,Passenger Car/Station Wagon,PLACER
9606127,2023-08-08,8,17,2,possible injury,0,1,following too closely,rear end,no,no,yes,0,0,1,0,0,0,Pickup or Panel Truck,SAN DIEGO
9606130,2023-07-29,7,7,6,possible injury,0,3,improper turning,rear end,no,no,no,0,0,0,0,0,0,Passenger Car/Station Wagon,LOS ANGELES
9606131,2023-07-08,7,20,6,possible injury,0,4,following too closely,rear end,no,no,no,0,0,0,0,0,0,Pickup or Panel Truck,LOS ANGELES
9606132,2023-07-17,7,18,1,possible injury,0,1,other equipment,hit object,no,no,yes,0,0,1,0,0,0,Pickup or Panel Truck,LOS ANGELES
9606136,2023-07-08,7,20,6,possible injury,0,5,following too closely,rear end,no,no,no,0,0,0,0,0,0,Passenger Car/Station Wagon,LOS ANGELES
9606137,2023-07-31,7,16,1,possible injury,0,2,improper passing,broadside,no,no,no,0,0,0,0,0,0,Passenger Car/Station Wagon,LOS ANGELES
9606140,2023-08-02,8,16,3,minor injury,0,2,automobile right of way,broadside,no,no,no,0,0,0,0,0,0,Pickup or Panel Truck,LOS ANGELES
9606143,2023-07-10,7,14,1,severe injury,0,1,automobile right of way,broadside,no,no,yes,0,0,1,0,0,0,Pickup or Panel Truck,PLACER
9606145,2023-07-14,7,15,5,minor injury,0,1,improper turning,head-on,no,no,no,0,0,0,0,0,0,Pickup or Panel Truck,PLACER
9606147,2023-07-18,7,17,2,minor injury,0,1,unsafe speed,other,no,yes,no,0,1,0,0,0,0,Bicycle,CONTRA COSTA
9606149,2023-08-02,8,9,3,minor injury,0,1,unsafe lane change,sideswipe,no,no,no,0,0,0,0,0,0,Pickup or Panel Truck,SAN DIEGO
9606150,2023-07-30,7,9,7,possible injury,0,1,unsafe speed,rear end,no,no,no,0,0,0,0,0,0,Pickup or Panel Truck,SANTA BARBARA
9606151,2023-07-30,7,8,7,minor injury,0,1,unsafe lane change,hit object,no,no,no,0,0,0,0,0,0,Pickup or Panel Truck,CONTRA COSTA
9606152,2023-07-20,7,5,4,possible injury,0,1,other than driver or pedestrian,sideswipe,no,no,no,0,0,0,0,0,0,Not Stated,ORANGE
9606153,2023-06-28,6,16,3,severe injury,0,2,unsafe speed,sideswipe,no,no,no,0,0,0,0,0,0,Passenger Car/Station Wagon,LOS ANGELES
9606155,2023-08-06,8,16,7,possible injury,0,1,automobile right of way,broadside,no,yes,no,0,1,0,0,0,0,Bicycle,SANTA BARBARA
9606161,2023-07-12,7,7,3,minor injury,0,1,automobile right of way,broadside,no,no,no,0,0,0,0,0,0,Pickup or Panel Truck,SAN BERNARDINO
9606168,2023-07-13,7,10,4,minor injury,0,1,unsafe speed,rear end,no,no,no,0,0,0,0,0,0,Passenger Car/Station Wagon,SAN BERNARDINO
9606170,2023-07-07,7,18,5,minor injury,0,2,unsafe starting or backing,broadside,no,no,no,0,0,0,0,0,0,Pickup or Panel Truck,SAN BERNARDINO
9606174,2023-08-07,8,14,1,possible injury,0,1,improper turning,broadside,no,no,no,0,0,0,0,0,0,Truck or Truck Tractor,SANTA BARBARA
9606175,2023-08-07,8,17,1,possible injury,0,3,DUI,rear end,no,no,no,0,0,0,0,0,0,Truck or Truck Tractor,SANTA BARBARA
9606177,2023-08-04,8,13,5,minor injury,0,1,improper turning,rear end,no,no,no,0,0,0,0,0,0,Passenger Car/Station Wagon,ORANGE
9606178,2023-04-04,4,9,2,possible injury,0,2,other than driver or pedestrian,rear end,no,no,no,0,0,0,0,0,0,Not Stated,ORANGE
9606199,2023-06-17,6,16,6,minor injury,0,2,traffic signs,broadside,no,no,no,0,0,0,0,0,0,Passenger Car/Station Wagon,LOS ANGELES
9606202,2023-06-22,6,23,4,severe injury,0,2,DUI,rear end,no,no,no,0,0,0,0,0,0,Passenger Car/Station Wagon,CONTRA COSTA
9606207,2023-07-10,7,11,1,possible injury,0,1,following too closely,rear end,no,no,no,0,0,0,0,0,0,Passenger Car/Station Wagon,CONTRA COSTA
9606215,2023-07-13,7,22,4,minor injury,0,2,automobile right of way,broadside,no,no,no,0,0,0,0,0,0,Passenger Car/Station Wagon,KERN
9606218,2023-07-21,7,18,5,possible injury,0,3,traffic signs,broadside,no,no,no,0,0,0,0,0,0,Pickup or Panel Truck,NAPA
9606219,2023-01-03,1,19,2,possible injury,0,1,unsafe lane change,rear end,no,no,no,0,0,0,0,0,0,Passenger Car/Station Wagon,LOS ANGELES
9606220,2023-08-14,8,16,1,possible injury,0,1,following too closely,rear end,no,no,no,0,0,0,0,0,0,Passenger Car/Station Wagon,SAN DIEGO
9606221,2023-01-18,1,22,3,minor injury,0,1,other hazardous violation,broadside,no,no,no,0,0,0,0,0,0,Passenger Car/Station Wagon,LOS ANGELES
9606228,2023-07-20,7,15,4,possible injury,0,3,following too closely,rear end,no,no,no,0,0,0,0,0,0,Pickup or Panel Truck,LOS ANGELES
9606233,2023-08-12,8,13,6,minor injury,0,1,improper turning,sideswipe,no,yes,no,0,1,0,0,0,0,Bicycle,SAN DIEGO
9606234,2023-08-07,8,14,1,possible injury,0,1,improper turning,broadside,no,no,no,0,0,0,0,0,0,Passenger Car/Station Wagon,LOS ANGELES
9606237,2023-06-26,6,5,1,possible injury,0,1,following too closely,rear end,no,no,no,0,0,0,0,0,0,Passenger Car/Station Wagon,LOS ANGELES
9606238,2023-07-06,7,8,4,possible injury,0,1,unsafe speed,rear end,no,no,no,0,0,0,0,0,0,Pickup or Panel Truck,LOS ANGELES
9606240,2023-08-08,8,13,2,minor injury,0,1,automobile right of way,vehicle/pedestrian,yes,no,no,1,0,0,0,0,0,Pickup or Panel Truck,BUTTE
9606283,2023-07-19,7,16,3,minor injury,0,1,other than driver or pedestrian,hit object,no,no,no,0,0,0,0,0,0,Not Stated,SAN BERNARDINO
9606305,2023-07-12,7,21,3,minor injury,0,1,unsafe speed,broadside,no,no,no,0,0,0,0,0,0,Passenger Car/Station Wagon,SAN BERNARDINO
9606324,2023-06-18,6,18,7,minor injury,0,2,unsafe speed,head-on,no,no,no,0,0,0,0,0,0,Passenger Car/Station Wagon,SAN FRANCISCO
9606329,2023-06-10,6,0,6,minor injury,0,1,unknown,vehicle/pedestrian,yes,no,no,1,0,0,0,0,0,Pedestrian,SAN BERNARDINO
9606330,2023-06-11,6,18,7,minor injury,0,2,unsafe speed,head-on,no,no,no,0,0,0,0,0,0,Passenger Car/Station Wagon,SAN BERNARDINO
9606331,2023-06-13,6,8,2,minor injury,0,2,unknown,broadside,no,no,no,0,0,0,0,0,0,Not Stated,SAN BERNARDINO
9606332,2023-06-16,6,3,5,minor injury,0,2,DUI,hit object,no,no,no,0,0,0,0,0,0,Passenger Car/Station Wagon,SAN BERNARDINO
9606333,2023-06-17,6,9,6,severe injury,0,2,other than driver or pedestrian,head-on,no,no,no,0,0,0,0,0,0,Not Stated,SAN BERNARDINO
9606334,2023-06-28,6,13,3,possible injury,0,1,pedestrian right of way,unknown,yes,no,no,1,0,0,0,0,0,Passenger Car/Station Wagon,SAN FRANCISCO
9606335,2023-06-13,6,11,2,minor injury,0,3,traffic signs,broadside,no,no,no,0,0,0,0,0,0,Passenger Car/Station Wagon,LOS ANGELES
9606336,2023-06-23,6,16,5,severe injury,0,1,pedestrian right of way,vehicle/pedestrian,yes,no,no,1,0,0,0,0,0,Not Stated,SAN DIEGO
9606337,2023-06-17,6,11,6,minor injury,0,2,traffic signs,other,no,no,no,0,0,0,0,0,0,Passenger Car/Station Wagon,LOS ANGELES
9606338,2023-06-28,6,15,3,possible injury,0,2,automobile right of way,broadside,no,no,no,0,0,0,0,0,0,Passenger Car/Station Wagon,LOS ANGELES
9606339,2023-06-28,6,15,3,minor injury,0,1,unsafe speed,broadside,no,no,no,0,0,0,0,0,0,Passenger Car/Station Wagon,LOS ANGELES
9606340,2023-06-30,6,6,5,possible injury,0,2,automobile right of way,broadside,no,no,no,0,0,0,0,0,0,Passenger Car/Station Wagon,LOS ANGELES
9606341,2023-06-13,6,11,2,minor injury,0,2,improper turning,broadside,no,no,no,0,0,0,0,0,0,Passenger Car/Station Wagon,LOS ANGELES
9606342,2023-06-15,6,22,4,severe injury,0,1,pedestrian violation,vehicle/pedestrian,yes,no,no,1,0,0,0,0,0,Pedestrian,SAN DIEGO
9606344,2023-05-05,5,14,5,minor injury,0,1,automobile right of way,other,no,no,yes,0,0,1,0,0,0,Passenger Car/Station Wagon,SANTA BARBARA
9606345,2023-05-01,5,10,1,possible injury,0,1,automobile right of way,other,no,yes,no,0,1,0,0,0,0,Bicycle,SANTA BARBARA
9606346,2023-05-25,5,14,4,possible injury,0,1,unsafe speed,rear end,no,no,no,0,0,0,0,0,0,Pickup or Panel Truck,SAN FRANCISCO
9606347,2023-05-10,5,11,3,minor injury,0,1,unsafe speed,other,no,yes,yes,0,0,1,0,0,0,Motorcycle/Scooter,SAN FRANCISCO
9606358,2023-08-15,8,10,2,possible injury,0,1,traffic signs,broadside,no,no,no,0,0,0,0,0,0,Passenger Car/Station Wagon,KINGS
9606386,2023-08-10,8,11,4,minor injury,0,1,unsafe speed,rear end,no,no,no,0,0,0,0,0,0,Passenger Car/Station Wagon,SAN DIEGO
9606387,2023-08-11,8,9,5,possible injury,0,1,unknown,broadside,no,no,no,0,0,0,0,0,0,Not Stated,ORANGE
9606388,2023-08-04,8,21,5,severe injury,0,1,automobile right of way,broadside,no,no,yes,0,0,1,0,0,0,Not Stated,LOS ANGELES
9606389,2023-08-05,8,22,6,minor injury,0,1,DUI,sideswipe,no,no,no,0,0,0,0,0,0,Passenger Car/Station Wagon,LOS ANGELES
9606390,2023-08-02,8,14,3,severe injury,0,1,automobile right of way,other,no,yes,no,0,1,0,0,0,0,Not Stated,SAN DIEGO
9606391,2023-08-09,8,11,3,minor injury,0,1,traffic signs,broadside,no,no,no,0,0,0,0,0,0,Passenger Car/Station Wagon,SAN DIEGO
9606392,2023-08-10,8,14,4,minor injury,0,1,improper turning,other,no,yes,no,0,1,0,0,0,0,Not Stated,SAN DIEGO
9606393,2023-08-15,8,2,2,minor injury,0,1,automobile right of way,broadside,no,no,no,0,0,0,0,0,0,Passenger Car/Station Wagon,SAN DIEGO