CASE_ID,COLLISION_DATE,MONTH,HOUR,DAY_OF_WEEK,COLLISION_SEVERITY,NUMBER_KILLED,NUMBER_INJURED,PCF_VIOL_CATEGORY,TYPE_OF_COLLISION,PEDESTRIAN_ACCIDENT,BICYCLE_ACCIDENT,MOTORCYCLE_ACCIDENT,COUNT_PED_INJURED,COUNT_BICYCLIST_INJURED,COUNT_MC_INJURED,COUNT_PED_KILLED,COUNT_BICYCLIST_KILLED,COUNT_MC_KILLED,STWD_VEHTYPE_AT_FAULT,COUNTY
9606394,2023-08-16,8,0,3,possible injury,0,1,traffic signs,broadside,no,no,no,0,0,0,0,0,0,Passenger Car/Station Wagon,SAN DIEGO
9606395,2023-08-06,8,6,7,minor injury,0,2,unknown,broadside,no,no,no,0,0,0,0,0,0,Not Stated,ORANGE
9606396,2023-08-12,8,5,6,minor injury,0,1,other hazardous violation,broadside,yes,no,no,1,0,0,0,0,0,Passenger Car/Station Wagon,ORANGE
9606397,2023-07-18,7,15,2,minor injury,0,1,improper turning,rear end,no,no,no,0,0,0,0,0,0,Passenger Car/Station Wagon,LOS ANGELES
9606398,2023-07-28,7,5,5,minor injury,0,1,traffic signs,broadside,no,no,no,0,0,0,0,0,0,Passenger Car/Station Wagon,ORANGE
9606399,2023-07-27,7,19,4,minor injury,0,2,unknown,head-on,no,no,no,0,0,0,0,0,0,Passenger Car/Station Wagon,SAN BERNARDINO
9606400,2023-07-26,7,10,3,possible injury,0,1,improper turning,hit object,no,no,no,0,0,0,0,0,0,Passenger Car/Station Wagon,LOS ANGELES
9606431,2023-06-21,6,9,3,minor injury,0,1,traffic signs,broadside,no,no,no,0,0,0,0,0,0,Passenger Car/Station Wagon,SAN BERNARDINO
9606441,2023-06-23,6,19,5,severe injury,0,1,wrong side of road,broadside,no,no,yes,0,0,1,0,0,0,Passenger Car/Station Wagon,LOS ANGELES
9606442,2023-06-29,6,3,4,possible injury,0,1,unsafe speed,rear end,no,no,no,0,0,0,0,0,0,Passenger Car/Station Wagon,YUBA
9606443,2023-06-21,6,18,3,minor injury,0,1,pedestrian right of way,vehicle/pedestrian,yes,no,no,1,0,0,0,0,0,Passenger Car/Station Wagon,YUBA
9606444,2023-06-04,6,20,7,minor injury,0,1,pedestrian violation,vehicle/pedestrian,yes,no,no,1,0,0,0,0,0,Pedestrian,RIVERSIDE
9606445,2023-06-29,6,20,4,minor injury,0,3,automobile right of way,broadside,no,no,no,0,0,0,0,0,0,Passenger Car/Station Wagon,LOS ANGELES
9606446,2023-06-28,6,22,3,minor injury,0,1,automobile right of way,broadside,no,no,no,0,0,0,0,0,0,Passenger Car/Station Wagon,LOS ANGELES
9606447,2023-06-16,6,9,5,minor injury,0,1,traffic signs,broadside,no,no,no,0,0,0,0,0,0,Passenger Car/Station Wagon,LOS ANGELES
9606448,2023-06-21,6,17,3,possible injury,0,1,pedestrian right of way,vehicle/pedestrian,yes,no,no,1,0,0,0,0,0,Passenger Car/Station Wagon,LOS ANGELES
9606449,2023-06-28,6,18,3,possible injury,0,1,automobile right of way,sideswipe,no,no,yes,0,0,1,0,0,0,Passenger Car/Station Wagon,LOS ANGELES
9606450,2023-06-18,6,10,7,possible injury,0,1,improper turning,other,no,no,no,0,0,0,0,0,0,Passenger Car/Station Wagon,SAN BERNARDINO
9606451,2023-06-20,6,7,2,minor injury,0,2,unsafe speed,broadside,no,no,no,0,0,0,0,0,0,Passenger Car/Station Wagon,SAN BERNARDINO
9606452,2023-06-20,6,12,2,minor injury,0,2,automobile right of way,broadside,no,no,no,0,0,0,0,0,0,Passenger Car/Station Wagon,SAN BERNARDINO
9606454,2023-06-21,6,17,3,possible injury,0,1,automobile right of way,broadside,no,no,no,0,0,0,0,0,0,Passenger Car/Station Wagon,SAN BERNARDINO
9606455,2023-06-05,6,14,1,possible injury,0,1,automobile right of way,rear end,no,no,no,0,0,0,0,0,0,Passenger Car/Station Wagon,SAN BERNARDINO
9606456,2023-06-06,6,9,2,possible injury,0,1,traffic signs,broadside,no,no,no,0,0,0,0,0,0,Passenger Car/Station Wagon,SAN BERNARDINO
9606458,2023-06-22,6,6,4,minor injury,0,1,traffic signs,head-on,no,no,no,0,0,0,0,0,0,Passenger Car/Station Wagon,SAN BERNARDINO
9606459,2023-06-07,6,2,3,minor injury,0,1,DUI,broadside,no,no,no,0,0,0,0,0,0,Passenger Car/Station Wagon,SAN BERNARDINO
9606460,2023-06-08,6,14,4,minor injury,0,2,automobile right of way,head-on,no,no,no,0,0,0,0,0,0,Passenger Car/Station Wagon,SAN BERNARDINO
9606461,2023-05-11,5,21,4,possible injury,0,1,unknown,broadside,no,yes,no,0,1,0,0,0,0,Not Stated,SANTA BARBARA
9606462,2023-05-15,5,15,1,minor injury,0,1,automobile right of way,other,no,yes,no,0,1,0,0,0,0,Passenger Car/Station Wagon,SANTA BARBARA
9606463,2023-05-17,5,18,3,possible injury,0,1,improper turning,broadside,no,no,no,0,0,0,0,0,0,Passenger Car/Station Wagon,LOS ANGELES
9606464,2023-05-06,5,17,6,minor injury,0,1,unknown,head-on,no,no,no,0,0,0,0,0,0,Not Stated,LOS ANGELES
9606465,2023-05-18,5,15,4,minor injury,0,1,improper turning,sideswipe,no,no,no,0,0,0,0,0,0,Passenger Car/Station Wagon,LOS ANGELES
9606466,2023-05-18,5,17,4,possible injury,0,1,improper passing,sideswipe,no,no,no,0,0,0,0,0,0,Passenger Car/Station Wagon,LOS ANGELES
9606467,2023-05-05,5,11,5,minor injury,0,2,automobile right of way,sideswipe,no,no,no,0,0,0,0,0,0,Passenger Car/Station Wagon,SANTA BARBARA
9606468,2023-05-06,5,20,6,possible injury,0,1,automobile right of way,broadside,no,no,no,0,0,0,0,0,0,Passenger Car/Station Wagon,SANTA BARBARA
9606469,2023-05-24,5,21,3,minor injury,0,1,automobile right of way,broadside,no,no,no,0,0,0,0,0,0,Passenger Car/Station Wagon,LOS ANGELES
9606470,2023-05-30,5,12,2,minor injury,0,1,unsafe speed,rear end,no,no,no,0,0,0,0,0,0,Passenger Car/Station Wagon,LOS ANGELES
9606471,2023-05-18,5,23,4,minor injury,0,2,unknown,broadside,no,no,no,0,0,0,0,0,0,Not Stated,LOS ANGELES
9606472,2023-05-11,5,15,4,possible injury,0,1,following too closely,rear end,no,no,no,0,0,0,0,0,0,Passenger Car/Station Wagon,SANTA BARBARA
9606473,2023-05-16,5,8,2,possible injury,0,2,unsafe lane change,sideswipe,no,no,no,0,0,0,0,0,0,Passenger Car/Station Wagon,LOS ANGELES
9606474,2023-05-26,5,16,5,minor injury,0,1,automobile right of way,broadside,no,no,no,0,0,0,0,0,0,Passenger Car/Station Wagon,SAN BENITO
9606475,2023-05-17,5,13,3,possible injury,0,2,automobile right of way,broadside,no,no,no,0,0,0,0,0,0,Passenger Car/Station Wagon,SAN BENITO
9606476,2023-05-16,5,17,2,possible injury,0,1,improper turning,broadside,no,yes,no,0,1,0,0,0,0,Bicycle,SAN BENITO
9606477,2023-05-15,5,12,1,possible injury,0,1,other hazardous violation,head-on,no,no,yes,0,0,1,0,0,0,Motorcycle/Scooter,SAN BENITO
9606478,2023-05-11,5,19,4,possible injury,0,1,other improper driving,rear end,no,no,no,0,0,0,0,0,0,Not Stated,SAN BENITO
9606479,2023-05-18,5,20,4,minor injury,0,1,other hazardous violation,head-on,no,no,no,0,0,0,0,0,0,Passenger Car/Station Wagon,LOS ANGELES
9606480,2023-05-12,5,1,5,minor injury,0,1,DUI,rear end,no,no,no,0,0,0,0,0,0,Passenger Car/Station Wagon,LOS ANGELES
9606501,2023-06-11,6,12,7,minor injury,0,2,traffic signs,broadside,no,no,no,0,0,0,0,0,0,Passenger Car/Station Wagon,LOS ANGELES
9606502,2023-06-08,6,11,4,minor injury,0,1,unknown,vehicle/pedestrian,no,yes,no,0,1,0,0,0,0,Not Stated,MONTEREY
9606503,2023-06-29,6,16,4,minor injury,0,1,improper turning,sideswipe,no,no,no,0,0,0,0,0,0,Passenger Car/Station Wagon,LOS ANGELES
9606504,2023-06-30,6,16,5,minor injury,0,1,unknown,sideswipe,no,yes,no,0,1,0,0,0,0,Passenger Car/Station Wagon,SAN MATEO
9606505,2023-06-26,6,14,1,minor injury,0,1,automobile right of way,broadside,no,no,yes,0,0,1,0,0,0,Passenger Car/Station Wagon,SAN MATEO
9606506,2023-06-20,6,10,2,minor injury,0,1,improper turning,hit object,no,no,no,0,0,0,0,0,0,Passenger Car/Station Wagon,SAN MATEO
9606507,2023-06-19,6,11,1,possible injury,0,1,automobile right of way,broadside,no,no,no,0,0,0,0,0,0,Passenger Car/Station Wagon,SAN MATEO
9606508,2023-06-12,6,21,1,possible injury,0,1,traffic signs,broadside,no,no,no,0,0,0,0,0,0,Passenger Car/Station Wagon,SAN MATEO
9606509,2023-06-24,6,23,6,minor injury,0,1,DUI,head-on,no,no,no,0,0,0,0,0,0,Passenger Car/Station Wagon,SAN MATEO
9606510,2023-06-19,6,9,1,minor injury,0,1,automobile right of way,broadside,no,no,no,0,0,0,0,0,0,Passenger Car/Station Wagon,SAN MATEO
9606511,2023-06-23,6,18,5,minor injury,0,1,unsafe speed,broadside,no,no,yes,0,0,1,0,0,0,Motorcycle/Scooter,SAN MATEO
9606512,2023-06-17,6,11,6,minor injury,0,2,traffic signs,other,no,yes,no,0,1,0,0,0,0,Bicycle,SAN MATEO
9606513,2023-06-17,6,16,6,possible injury,0,1,traffic signs,other,no,no,no,0,0,0,0,0,0,Passenger Car/Station Wagon,SAN MATEO
9606514,2023-06-15,6,18,4,severe injury,0,1,traffic signs,other,no,yes,no,0,1,0,0,0,0,Bicycle,SAN MATEO
9606515,2023-06-28,6,22,3,possible injury,0,1,unsafe speed,head-on,no,no,no,0,0,0,0,0,0,Passenger Car/Station Wagon,LOS ANGELES
9606516,2023-06-21,6,15,3,possible injury,0,1,unsafe speed,unknown,yes,no,no,1,0,0,0,0,0,Passenger Car/Station Wagon,LOS ANGELES
9606517,2023-06-29,6,12,4,possible injury,0,1,following too closely,rear end,no,no,no,0,0,0,0,0,0,Not Stated,LOS ANGELES
9606518,2023-06-30,6,13,5,minor injury,0,1,improper turning,hit object,no,no,no,0,0,0,0,0,0,Passenger Car/Station Wagon,ORANGE
9606519,2023-06-23,6,3,5,minor injury,0,1,DUI,hit object,no,no,no,0,0,0,0,0,0,Passenger Car/Station Wagon,ORANGE
9606520,2023-06-17,6,5,6,possible injury,0,1,DUI,hit object,no,no,no,0,0,0,0,0,0,Passenger Car/Station Wagon,ORANGE
9606541,2023-08-11,8,13,5,possible injury,0,1,improper turning,hit object,no,no,no,0,0,0,0,0,0,Passenger Car/Station Wagon,LOS ANGELES
9606542,2023-08-04,8,10,5,minor injury,0,3,traffic signs,broadside,no,no,no,0,0,0,0,0,0,Passenger Car/Station Wagon,LOS ANGELES
9606543,2023-08-23,8,23,3,possible injury,0,1,unsafe speed,rear end,no,no,no,0,0,0,0,0,0,Passenger Car/Station Wagon,SAN DIEGO
9606544,2023-08-23,8,17,3,minor injury,0,2,improper turning,broadside,no,no,no,0,0,0,0,0,0,Passenger Car/Station Wagon,SAN DIEGO
9606545,2023-08-23,8,16,3,possible injury,0,2,unknown,broadside,no,no,no,0,0,0,0,0,0,Not Stated,SAN DIEGO
9606546,2023-08-23,8,14,3,possible injury,0,1,automobile right of way,head-on,no,no,no,0,0,0,0,0,0,Passenger Car/Station Wagon,SAN DIEGO
9606547,2023-08-23,8,10,3,possible injury,0,1,unsafe speed,vehicle/pedestrian,yes,no,no,1,0,0,0,0,0,Passenger Car/Station Wagon,SAN DIEGO
9606548,2023-08-22,8,19,2,possible injury,0,1,unsafe speed,rear end,no,no,no,0,0,0,0,0,0,Passenger Car/Station Wagon,SAN DIEGO
9606549,2023-08-22,8,23,2,possible injury,0,2,traffic signs,broadside,no,no,no,0,0,0,0,0,0,Passenger Car/Station Wagon,SAN DIEGO
9606550,2023-08-22,8,21,2,minor injury,0,1,unknown,broadside,no,yes,no,0,1,0,0,0,0,Not Stated,SAN DIEGO
9606551,2023-08-22,8,16,2,possible injury,0,1,unsafe lane change,rear end,no,no,no,0,0,0,0,0,0,Passenger Car/Station Wagon,SAN DIEGO
9606552,2023-08-22,8,8,2,possible injury,0,1,automobile right of way,broadside,no,no,no,0,0,0,0,0,0,Passenger Car/Station Wagon,SAN DIEGO
9606553,2023-08-22,8,8,2,minor injury,0,1,pedestrian right of way,vehicle/pedestrian,yes,no,no,1,0,0,0,0,0,Passenger Car/Station Wagon,SAN DIEGO
9606554,2023-08-19,8,11,6,possible injury,0,1,unsafe starting or backing,rear end,no,no,no,0,0,0,0,0,0,Not Stated,SAN DIEGO
9606555,2023-08-18,8,11,5,possible injury,0,1,unsafe speed,rear end,no,no,no,0,0,0,0,0,0,Not Stated,SAN DIEGO
9606556,2023-08-17,8,17,4,minor injury,0,1,unsafe speed,rear end,no,no,no,0,0,0,0,0,0,Passenger Car/Station Wagon,SAN DIEGO
9606557,2023-08-01,8,22,2,minor injury,0,1,pedestrian violation,vehicle/pedestrian,yes,no,no,1,0,0,0,0,0,Pedestrian,SAN DIEGO
9606558,2023-08-17,8,21,4,minor injury,0,1,unknown,sideswipe,no,no,no,0,0,0,0,0,0,Not Stated,LOS ANGELES
9606559,2023-08-09,8,9,3,minor injury,0,1,wrong side of road,broadside,no,yes,no,0,1,0,0,0,0,Bicycle,ORANGE
9606560,2023-08-12,8,22,6,minor injury,0,1,DUI,rear end,no,no,no,0,0,0,0,0,0,Passenger Car/Station Wagon,ORANGE
9606562,2023-08-07,8,18,1,minor injury,0,2,automobile right of way,broadside,no,no,no,0,0,0,0,0,0,Passenger Car/Station Wagon,LOS ANGELES
9606563,2023-07-09,7,8,7,minor injury,0,1,traffic signs,broadside,no,no,no,0,0,0,0,0,0,Passenger Car/Station Wagon,ORANGE
9606566,2023-07-26,7,16,3,minor injury,0,1,traffic signs,vehicle/pedestrian,yes,no,no,1,0,0,0,0,0,Pickup or Panel Truck,LOS ANGELES
9606570,2023-07-22,7,11,6,minor injury,0,1,automobile right of way,broadside,no,no,no,0,0,0,0,0,0,Passenger Car/Station Wagon,LOS ANGELES
9606571,2023-07-07,7,8,5,possible injury,0,2,unsafe speed,rear end,no,no,no,0,0,0,0,0,0,Passenger Car/Station Wagon,ORANGE
9606573,2023-03-16,3,17,4,minor injury,0,2,traffic signs,broadside,no,no,no,0,0,0,0,0,0,Pickup or Panel Truck,MERCED
9606574,2023-07-22,7,1,6,possible injury,0,3,unsafe speed,rear end,no,no,no,0,0,0,0,0,0,Passenger Car/Station Wagon,LOS ANGELES
9606575,2023-08-14,8,15,1,minor injury,0,1,hazardous parking,sideswipe,no,no,no,0,0,0,0,0,0,Pickup or Panel Truck,SAN DIEGO
9606576,2023-06-22,6,17,4,possible injury,0,1,improper turning,sideswipe,no,no,no,0,0,0,0,0,0,Not Stated,LOS ANGELES
9606579,2023-08-04,8,14,5,minor injury,0,3,traffic signs,broadside,no,no,no,0,0,0,0,0,0,Passenger Car/Station Wagon,SAN DIEGO
9606583,2023-08-06,8,16,7,severe injury,0,3,improper turning,head-on,no,no,no,0,0,0,0,0,0,Passenger Car/Station Wagon,LOS ANGELES
9606584,2023-07-25,7,20,2,possible injury,0,1,improper turning,sideswipe,no,yes,no,0,1,0,0,0,0,Bicycle,SAN BERNARDINO
9606586,2023-07-26,7,14,3,minor injury,0,3,automobile right of way,sideswipe,no,no,no,0,0,0,0,0,0,Passenger Car/Station Wagon,LOS ANGELES
9606588,2023-07-11,7,7,2,possible injury,0,1,improper turning,broadside,no,yes,no,0,1,0,0,0,0,Pickup or Panel Truck,LOS ANGELES
9606593,2023-01-07,1,2,6,possible injury,0,1,unsafe speed,rear end,no,no,no,0,0,0,0,0,0,Pickup or Panel Truck,MERCED
9606600,2023-08-11,8,10,5,possible injury,0,1,improper turning,broadside,no,no,no,0,0,0,0,0,0,Passenger Car/Station Wagon,SAN BERNARDINO
9606601,2023-01-10,1,15,2,possible injury,0,2,automobile right of way,broadside,no,no,no,0,0,0,0,0,0,Passenger Car/Station Wagon,MERCED
9606603,2023-07-16,7,21,7,possible injury,0,1,traffic signs,broadside,no,no,no,0,0,0,0,0,0,Pickup or Panel Truck,LOS ANGELES
9606605,2023-01-23,1,18,1,severe injury,0,2,unsafe speed,rear end,no,no,no,0,0,0,0,0,0,Pickup or Panel Truck,MERCED
9606606,2023-07-19,7,13,3,possible injury,0,1,traffic signs,broadside,no,no,no,0,0,0,0,0,0,Pickup or Panel Truck,LOS ANGELES
9606613,2023-01-29,1,11,7,severe injury,0,1,unsafe speed,vehicle/pedestrian,yes,no,no,1,0,0,0,0,0,Passenger Car/Station Wagon,MERCED
9606615,2023-08-04,8,16,5,severe injury,0,4,traffic signs,broadside,no,no,no,0,0,0,0,0,0,Passenger Car/Station Wagon,LOS ANGELES
9606616,2023-07-31,7,8,1,minor injury,0,3,improper turning,head-on,no,no,no,0,0,0,0,0,0,Passenger Car/Station Wagon,SAN BERNARDINO
9606619,2023-08-07,8,2,1,minor injury,0,1,traffic signs,broadside,no,no,no,0,0,0,0,0,0,Not Stated,LOS ANGELES
9606620,2023-08-17,8,13,4,possible injury,0,1,improper turning,sideswipe,no,no,no,0,0,0,0,0,0,Not Stated,SAN DIEGO
9606624,2023-08-18,8,14,5,possible injury,0,1,traffic signs,broadside,no,no,no,0,0,0,0,0,0,Truck or Truck Tractor,SAN DIEGO
9606628,2023-06-06,6,11,2,severe injury,0,1,unknown,other,no,yes,no,0,1,0,0,0,0,Bicycle,SAN MATEO
9606630,2023-07-25,7,18,2,possible injury,0,2,automobile right of way,broadside,no,no,no,0,0,0,0,0,0,Passenger Car/Station Wagon,ORANGE
9606631,2023-07-19,7,9,3,possible injury,0,1,wrong side of road,head-on,no,no,no,0,0,0,0,0,0,Pickup or Panel Truck,LOS ANGELES
9606635,2023-07-24,7,13,1,possible injury,0,2,improper turning,sideswipe,no,no,no,0,0,0,0,0,0,Passenger Car/Station Wagon,LOS ANGELES
9606636,2023-06-30,6,10,5,minor injury,0,1,automobile right of way,broadside,no,no,no,0,0,0,0,0,0,Passenger Car/Station Wagon,SAN MATEO
9606640,2023-06-21,6,7,3,possible injury,0,1,following too closely,rear end,no,no,no,0,0,0,0,0,0,Passenger Car/Station Wagon,SAN MATEO
9606641,2023-06-12,6,15,1,possible injury,0,1,improper turning,sideswipe,no,no,no,0,0,0,0,0,0,Truck or Truck Tractor,SAN MATEO
9606645,2023-05-25,5,14,4,minor injury,0,1,pedestrian violation,vehicle/pedestrian,yes,no,no,1,0,0,0,0,0,Pedestrian,SAN MATEO
9606647,2023-07-28,7,17,5,minor injury,0,1,improper turning,overturned,no,no,no,0,0,0,0,0,0,Pickup or Panel Truck,SOLANO
9606652,2023-06-24,6,4,6,possible injury,0,3,traffic signs,broadside,no,no,no,0,0,0,0,0,0,Pickup or Panel Truck,LOS ANGELES
9606654,2023-07-03,7,15,1,possible injury,0,1,unsafe speed,rear end,no,no,no,0,0,0,0,0,0,Pickup or Panel Truck,LOS ANGELES
9606657,2023-07-19,7,17,3,possible injury,0,1,unsafe speed,rear end,no,no,yes,0,0,1,0,0,0,Passenger Car/Station Wagon,SAN MATEO
9606661,2023-07-28,7,7,5,minor injury,0,1,traffic signs,broadside,no,no,no,0,0,0,0,0,0,Not Stated,SAN MATEO
9606664,2023-08-14,8,17,1,minor injury,0,1,unsafe speed,rear end,no,no,no,0,0,0,0,0,0,Truck or Truck Tractor,LOS ANGELES
9606667,2023-07-24,7,6,1,severe injury,0,1,traffic signs,broadside,no,no,yes,0,0,1,0,0,0,Motorcycle/Scooter,MERCED
9606671,2023-08-01,8,19,2,minor injury,0,1,unsafe lane change,broadside,no,no,no,0,0,0,0,0,0,Passenger Car/Station Wagon,ORANGE
9606674,2023-07-26,7,8,3,minor injury,0,2,DUI,rear end,no,no,no,0,0,0,0,0,0,Passenger Car/Station Wagon,ORANGE
9606675,2023-08-17,8,17,4,minor injury,0,1,unsafe speed,rear end,no,no,no,0,0,0,0,0,0,Passenger Car/Station Wagon,ORANGE
9606677,2023-08-21,8,15,1,possible injury,0,2,improper turning,broadside,no,no,no,0,0,0,0,0,0,Truck or Truck Tractor,SAN DIEGO
9606683,2023-06-28,6,15,3,minor injury,0,1,traffic signs,broadside,no,no,yes,0,0,1,0,0,0,Motorcycle/Scooter,LOS ANGELES
9606684,2023-08-24,8,13,4,minor injury,0,2,unsafe lane change,sideswipe,no,no,no,0,0,0,0,0,0,Truck or Truck Tractor,SAN DIEGO
9606687,2023-08-04,8,10,5,possible injury,0,1,other hazardous violation,other,no,yes,no,0,1,0,0,0,0,Bicycle,LOS ANGELES
9606690,2023-01-12,1,12,4,possible injury,0,3,improper turning,head-on,no,no,no,0,0,0,0,0,0,Passenger Car/Station Wagon,LOS ANGELES
9606691,2023-08-25,8,5,5,minor injury,0,1,unsafe speed,rear end,no,no,no,0,0,0,0,0,0,Pickup or Panel Truck,LOS ANGELES
9606694,2023-01-13,1,13,5,minor injury,0,1,improper turning,head-on,no,no,no,0,0,0,0,0,0,Pickup or Panel Truck,LOS ANGELES
9606695,2023-07-30,7,23,7,possible injury,0,1,traffic signs,broadside,no,no,no,0,0,0,0,0,0,Passenger Car/Station Wagon,LOS ANGELES
9606698,2023-05-16,5,21,2,possible injury,0,1,unsafe lane change,head-on,no,no,no,0,0,0,0,0,0,Pickup or Panel Truck,LOS ANGELES
9606702,2023-06-06,6,20,2,severe injury,0,1,unsafe speed,sideswipe,no,no,yes,0,0,1,0,0,0,Motorcycle/Scooter,LOS ANGELES
9606704,2023-07-31,7,17,1,minor injury,0,4,unsafe speed,rear end,no,no,no,0,0,0,0,0,0,Passenger Car/Station Wagon,SAN DIEGO
9606707,2023-04-29,4,22,6,minor injury,0,1,unsafe speed,head-on,no,no,no,0,0,0,0,0,0,Passenger Car/Station Wagon,KERN
9606709,2023-06-15,6,17,4,severe injury,0,1,pedestrian right of way,head-on,yes,no,no,1,0,0,0,0,0,Pickup or Panel Truck,MONTEREY
9606711,2023-07-16,7,5,7,minor injury,0,2,unsafe speed,overturned,no,no,no,0,0,0,0,0,0,Pickup or Panel Truck,KERN
9606713,2023-06-24,6,19,6,possible injury,0,1,unsafe speed,rear end,no,no,no,0,0,0,0,0,0,Pickup or Panel Truck,LOS ANGELES
9606714,2023-08-23,8,8,3,possible injury,0,1,other than driver or pedestrian,other,no,no,no,0,0,0,0,0,0,Not Stated,SAN DIEGO
9606717,2023-07-18,7,13,2,possible injury,0,1,traffic signs,broadside,no,no,no,0,0,0,0,0,0,Passenger Car/Station Wagon,LOS ANGELES
9606730,2023-08-01,8,21,2,possible injury,0,2,traffic signs,head-on,no,no,no,0,0,0,0,0,0,Passenger Car/Station Wagon,CONTRA COSTA
9606734,2023-08-06,8,5,7,possible injury,0,1,unsafe speed,rear end,no,no,no,0,0,0,0,0,0,Passenger Car/Station Wagon,LOS ANGELES
9606741,2023-07-14,7,15,5,minor injury,0,1,unsafe lane change,sideswipe,no,yes,no,0,1,0,0,0,0,Passenger Car/Station Wagon,ORANGE
9606742,2023-07-21,7,10,5,possible injury,0,1,unsafe speed,rear end,no,no,no,0,0,0,0,0,0,Passenger Car/Station Wagon,ORANGE
9606743,2023-07-26,7,15,3,minor injury,0,1,unknown,broadside,no,no,no,0,0,0,0,0,0,Not Stated,ORANGE
9606744,2023-07-28,7,19,5,possible injury,0,1,other improper driving,other,no,yes,no,0,1,0,0,0,0,Bicycle,ORANGE
9606745,2023-07-28,7,18,5,minor injury,0,2,traffic signs,broadside,no,no,no,0,0,0,0,0,0,Passenger Car/Station Wagon,KINGS
9606746,2023-07-24,7,23,1,minor injury,0,1,automobile right of way,broadside,no,no,no,0,0,0,0,0,0,Passenger Car/Station Wagon,KINGS
9606747,2023-07-02,7,2,7,minor injury,0,1,DUI,rear end,no,no,no,0,0,0,0,0,0,Passenger Car/Station Wagon,KINGS
9606748,2023-07-01,7,23,6,possible injury,0,1,traffic signs,broadside,no,no,no,0,0,0,0,0,0,Passenger Car/Station Wagon,LOS ANGELES
9606749,2023-07-28,7,22,5,severe injury,0,1,unsafe speed,broadside,no,no,no,0,0,0,0,0,0,Passenger Car/Station Wagon,LOS ANGELES
9606750,2023-07-19,7,8,3,possible injury,0,1,improper passing,broadside,no,no,yes,0,0,1,0,0,0,Motorcycle/Scooter,SAN DIEGO
9606751,2023-07-27,7,14,4,severe injury,0,1,DUI,broadside,no,no,no,0,0,0,0,0,0,Passenger Car/Station Wagon,CONTRA COSTA
9606752,2023-07-26,7,5,3,possible injury,0,2,improper turning,hit object,no,no,no,0,0,0,0,0,0,Passenger Car/Station Wagon,CONTRA COSTA
9606753,2023-07-17,7,21,1,severe injury,0,1,other than driver or pedestrian,other,no,yes,no,0,1,0,0,0,0,Not Stated,CONTRA COSTA
9606754,2023-07-30,7,12,7,minor injury,0,1,following too closely,rear end,no,no,no,0,0,0,0,0,0,Passenger Car/Station Wagon,SAN MATEO
9606755,2023-07-24,7,14,1,minor injury,0,1,traffic signs,broadside,no,no,yes,0,0,1,0,0,0,Motorcycle/Scooter,SAN MATEO
9606756,2023-07-23,7,16,7,severe injury,0,1,unsafe lane change,head-on,no,no,no,0,0,0,0,0,0,Passenger Car/Station Wagon,SAN MATEO
9606757,2023-07-22,7,19,6,minor injury,0,1,unsafe speed,rear end,no,no,no,0,0,0,0,0,0,Passenger Car/Station Wagon,SAN MATEO
9606758,2023-07-18,7,7,2,minor injury,0,1,automobile right of way,sideswipe,no,no,yes,0,0,1,0,0,0,Passenger Car/Station Wagon,SAN MATEO
9606759,2023-07-06,7,14,4,minor injury,0,1,improper turning,broadside,no,no,no,0,0,0,0,0,0,Passenger Car/Station Wagon,SAN MATEO
9606760,2023-07-17,7,8,1,possible injury,0,2,unsafe speed,broadside,no,no,no,0,0,0,0,0,0,Passenger Car/Station Wagon,SAN BERNARDINO
9606761,2023-07-26,7,10,3,minor injury,0,1,automobile right of way,vehicle/pedestrian,no,no,no,0,0,0,0,0,0,Passenger Car/Station Wagon,LOS ANGELES
9606762,2023-07-27,7,10,4,possible injury,0,1,unsafe lane change,sideswipe,no,no,no,0,0,0,0,0,0,Not Stated,LOS ANGELES
9606763,2023-07-15,7,23,6,possible injury,0,1,unsafe speed,vehicle/pedestrian,yes,no,no,1,0,0,0,0,0,Not Stated,LOS ANGELES
9606764,2023-07-25,7,19,2,minor injury,0,1,unsafe speed,head-on,yes,no,no,1,0,0,0,0,0,Not Stated,LOS ANGELES
9606765,2023-07-08,7,11,6,possible injury,0,2,unsafe speed,rear end,no,no,no,0,0,0,0,0,0,Not Stated,LOS ANGELES
9606766,2023-07-14,7,18,5,minor injury,0,1,unsafe speed,rear end,no,no,no,0,0,0,0,0,0,Not Stated,LOS ANGELES
9606767,2023-07-24,7,15,1,minor injury,0,2,traffic signs,broadside,no,no,no,0,0,0,0,0,0,Not Stated,LOS ANGELES
9606768,2023-07-27,7,13,4,minor injury,0,1,traffic signs,broadside,no,yes,no,0,1,0,0,0,0,Not Stated,LOS ANGELES
9606769,2023-07-31,7,8,1,minor injury,0,3,unsafe speed,rear end,no,no,no,0,0,0,0,0,0,Passenger Car/Station Wagon,LOS ANGELES
9606770,2023-07-22,7,20,6,minor injury,0,1,improper turning,hit object,yes,no,no,1,0,0,0,0,0,Not Stated,LOS ANGELES
9606772,2023-07-27,7,12,4,severe injury,0,1,pedestrian violation,vehicle/pedestrian,yes,no,no,1,0,0,0,0,0,Pedestrian,ORANGE
9606773,2023-07-25,7,17,2,possible injury,0,1,pedestrian violation,vehicle/pedestrian,yes,no,no,1,0,0,0,0,0,Pedestrian,ORANGE
9606774,2023-07-05,7,20,3,minor injury,0,1,unsafe speed,overturned,no,no,yes,0,0,1,0,0,0,Motorcycle/Scooter,ORANGE
9606775,2023-07-24,7,23,1,minor injury,0,1,unknown,broadside,no,no,no,0,0,0,0,0,0,Not Stated,ORANGE