CASE_ID,COLLISION_DATE,MONTH,HOUR,DAY_OF_WEEK,COLLISION_SEVERITY,NUMBER_KILLED,NUMBER_INJURED,PCF_VIOL_CATEGORY,TYPE_OF_COLLISION,PEDESTRIAN_ACCIDENT,BICYCLE_ACCIDENT,MOTORCYCLE_ACCIDENT,COUNT_PED_INJURED,COUNT_BICYCLIST_INJURED,COUNT_MC_INJURED,COUNT_PED_KILLED,COUNT_BICYCLIST_KILLED,COUNT_MC_KILLED,STWD_VEHTYPE_AT_FAULT,COUNTY
9612698,2023-08-07,8,23,1,severe injury,0,1,unsafe speed,overturned,no,no,no,0,0,0,0,0,0,Passenger Car/Station Wagon,SAN BERNARDINO
9612699,2023-08-07,8,1,1,minor injury,0,1,improper turning,head-on,no,no,no,0,0,0,0,0,0,Passenger Car/Station Wagon,SAN BERNARDINO
9612700,2023-08-08,8,10,2,possible injury,0,1,improper turning,broadside,no,no,no,0,0,0,0,0,0,Passenger Car/Station Wagon,SAN BERNARDINO
9612702,2023-08-08,8,18,2,possible injury,0,3,traffic signs,broadside,no,no,no,0,0,0,0,0,0,Passenger Car/Station Wagon,SAN BERNARDINO
9612703,2023-08-05,8,9,6,minor injury,0,3,traffic signs,broadside,no,no,no,0,0,0,0,0,0,Passenger Car/Station Wagon,SAN BERNARDINO
9612704,2023-08-05,8,18,6,minor injury,0,1,DUI,hit object,no,no,no,0,0,0,0,0,0,Passenger Car/Station Wagon,SAN BERNARDINO
9612705,2023-08-10,8,20,4,possible injury,0,1,traffic signs,broadside,no,no,no,0,0,0,0,0,0,Passenger Car/Station Wagon,SAN DIEGO
9612706,2023-08-10,8,9,4,minor injury,0,1,improper turning,hit object,no,no,no,0,0,0,0,0,0,Passenger Car/Station Wagon,SAN DIEGO
9612707,2023-08-10,8,17,4,possible injury,0,1,automobile right of way,broadside,no,no,no,0,0,0,0,0,0,Passenger Car/Station Wagon,SAN DIEGO
9612708,2023-08-10,8,7,4,possible injury,0,2,automobile right of way,broadside,no,no,no,0,0,0,0,0,0,Passenger Car/Station Wagon,SAN DIEGO
9612709,2023-08-10,8,21,4,possible injury,0,1,unsafe speed,rear end,no,no,no,0,0,0,0,0,0,Passenger Car/Station Wagon,SAN DIEGO
9612710,2023-08-08,8,13,2,minor injury,0,1,automobile right of way,head-on,no,no,yes,0,0,1,0,0,0,Motorcycle/Scooter,SAN DIEGO
9612711,2023-08-08,8,13,2,minor injury,0,2,following too closely,rear end,no,no,no,0,0,0,0,0,0,Passenger Car/Station Wagon,SAN DIEGO
9612712,2023-08-08,8,9,2,minor injury,0,1,unsafe speed,rear end,no,no,no,0,0,0,0,0,0,Passenger Car/Station Wagon,SAN DIEGO
9612713,2023-08-08,8,8,2,possible injury,0,3,automobile right of way,broadside,no,no,no,0,0,0,0,0,0,Passenger Car/Station Wagon,SAN DIEGO
9612714,2023-08-03,8,6,4,possible injury,0,1,traffic signs,broadside,no,no,no,0,0,0,0,0,0,Passenger Car/Station Wagon,SANTA CLARA
9612715,2023-08-03,8,17,4,severe injury,0,1,unknown,vehicle/pedestrian,yes,no,no,1,0,0,0,0,0,Pedestrian,SANTA CLARA
9612716,2023-08-04,8,13,5,severe injury,0,1,improper turning,vehicle/pedestrian,yes,no,no,1,0,0,0,0,0,Not Stated,SANTA CLARA
9612722,2023-08-03,8,7,4,minor injury,0,1,traffic signs,broadside,no,no,no,0,0,0,0,0,0,Passenger Car/Station Wagon,SANTA CLARA
9612723,2023-08-10,8,21,4,severe injury,0,2,unsafe speed,broadside,no,no,no,0,0,0,0,0,0,Not Stated,SANTA CLARA
9612724,2023-08-09,8,23,3,minor injury,0,1,unsafe speed,head-on,no,no,no,0,0,0,0,0,0,Not Stated,SANTA CLARA
9612725,2023-08-01,8,20,2,possible injury,0,1,unsafe speed,sideswipe,no,no,no,0,0,0,0,0,0,Not Stated,SANTA CLARA
9612726,2023-08-04,8,11,5,minor injury,0,2,unsafe speed,head-on,no,no,no,0,0,0,0,0,0,Not Stated,SANTA CLARA
9612727,2023-08-07,8,7,1,minor injury,0,1,unsafe speed,broadside,no,no,no,0,0,0,0,0,0,Not Stated,SANTA CLARA
9612728,2023-08-06,8,20,7,possible injury,0,1,pedestrian right of way,other,no,yes,no,0,1,0,0,0,0,Passenger Car/Station Wagon,SANTA CLARA
9612729,2023-08-02,8,16,3,minor injury,0,2,unsafe speed,rear end,no,no,no,0,0,0,0,0,0,Not Stated,SANTA CLARA
9612731,2023-08-01,8,8,2,minor injury,0,1,automobile right of way,sideswipe,no,no,no,0,0,0,0,0,0,Not Stated,SANTA CLARA
9612732,2023-08-08,8,4,2,possible injury,0,1,unsafe lane change,head-on,no,no,no,0,0,0,0,0,0,Passenger Car/Station Wagon,SANTA CLARA
9612733,2023-08-03,8,11,4,severe injury,0,1,unknown,vehicle/pedestrian,yes,no,no,1,0,0,0,0,0,Pedestrian,SANTA CLARA
9612735,2023-08-02,8,23,3,possible injury,0,1,automobile right of way,broadside,no,no,no,0,0,0,0,0,0,Passenger Car/Station Wagon,SANTA CLARA
9612736,2023-08-02,8,13,3,possible injury,0,1,unsafe speed,sideswipe,no,yes,no,0,1,0,0,0,0,Passenger Car/Station Wagon,SANTA CLARA
9612737,2023-08-04,8,14,5,possible injury,0,2,unsafe speed,rear end,no,no,no,0,0,0,0,0,0,Passenger Car/Station Wagon,SANTA CLARA
9612740,2023-08-03,8,7,4,possible injury,0,1,unsafe speed,sideswipe,no,no,no,0,0,0,0,0,0,Passenger Car/Station Wagon,SANTA CLARA
9612741,2023-04-29,4,9,6,possible injury,0,1,unsafe speed,rear end,no,no,no,0,0,0,0,0,0,Passenger Car/Station Wagon,LOS ANGELES
9612742,2023-04-18,4,15,2,possible injury,0,3,unsafe speed,broadside,no,no,no,0,0,0,0,0,0,Passenger Car/Station Wagon,LOS ANGELES
9612743,2023-04-26,4,7,3,minor injury,0,1,improper turning,sideswipe,no,no,no,0,0,0,0,0,0,Passenger Car/Station Wagon,MERCED
9612744,2023-04-02,4,19,7,severe injury,0,1,DUI,broadside,no,no,no,0,0,0,0,0,0,Passenger Car/Station Wagon,MERCED
9612745,2023-04-14,4,7,5,severe injury,0,2,traffic signs,broadside,no,no,no,0,0,0,0,0,0,Passenger Car/Station Wagon,LOS ANGELES
9612746,2023-04-28,4,10,5,minor injury,0,2,traffic signs,sideswipe,no,no,no,0,0,0,0,0,0,Passenger Car/Station Wagon,LOS ANGELES
9612747,2023-04-21,4,21,5,minor injury,0,1,following too closely,rear end,no,no,yes,0,0,1,0,0,0,Motorcycle/Scooter,SAN FRANCISCO
9612748,2023-04-06,4,18,4,severe injury,0,2,pedestrian right of way,vehicle/pedestrian,yes,no,no,2,0,0,0,0,0,Passenger Car/Station Wagon,LOS ANGELES
9612749,2023-07-01,7,8,6,minor injury,0,1,unsafe starting or backing,other,yes,no,no,1,0,0,0,0,0,Passenger Car/Station Wagon,LOS ANGELES
9612750,2023-07-03,7,23,1,possible injury,0,2,improper turning,hit object,no,no,no,0,0,0,0,0,0,Passenger Car/Station Wagon,LOS ANGELES
9612751,2023-07-14,7,15,5,minor injury,0,3,unsafe speed,rear end,no,no,no,0,0,0,0,0,0,Passenger Car/Station Wagon,ORANGE
9612752,2023-07-14,7,18,5,possible injury,0,1,improper turning,broadside,no,no,no,0,0,0,0,0,0,Passenger Car/Station Wagon,ORANGE
9612753,2023-07-03,7,10,1,possible injury,0,2,traffic signs,broadside,no,no,no,0,0,0,0,0,0,Passenger Car/Station Wagon,LOS ANGELES
9612754,2023-07-11,7,14,2,minor injury,0,1,improper turning,broadside,no,yes,no,0,1,0,0,0,0,Passenger Car/Station Wagon,LOS ANGELES
9612755,2023-07-05,7,17,3,minor injury,0,2,automobile right of way,broadside,no,no,yes,0,0,1,0,0,0,Passenger Car/Station Wagon,LOS ANGELES
9612756,2023-07-15,7,3,6,minor injury,0,1,pedestrian violation,vehicle/pedestrian,yes,no,no,1,0,0,0,0,0,Pedestrian,LOS ANGELES
9612757,2023-07-03,7,5,1,minor injury,0,1,improper turning,hit object,no,no,no,0,0,0,0,0,0,Passenger Car/Station Wagon,LOS ANGELES
9612758,2023-07-19,7,8,3,minor injury,0,2,automobile right of way,broadside,no,no,no,0,0,0,0,0,0,Passenger Car/Station Wagon,LOS ANGELES
9612759,2023-07-31,7,17,1,possible injury,0,2,automobile right of way,broadside,no,no,no,0,0,0,0,0,0,Passenger Car/Station Wagon,LOS ANGELES
9612760,2023-07-11,7,9,2,minor injury,0,2,automobile right of way,head-on,no,no,no,0,0,0,0,0,0,Passenger Car/Station Wagon,LOS ANGELES
9612761,2023-07-19,7,16,3,minor injury,0,3,improper turning,broadside,no,no,no,0,0,0,0,0,0,Passenger Car/Station Wagon,SAN DIEGO
9612762,2023-07-22,7,8,6,minor injury,0,1,unsafe speed,sideswipe,no,no,no,0,0,0,0,0,0,Passenger Car/Station Wagon,SAN DIEGO
9612763,2023-07-24,7,23,1,possible injury,0,1,traffic signs,broadside,no,no,no,0,0,0,0,0,0,Passenger Car/Station Wagon,SAN DIEGO
9612764,2023-07-28,7,6,5,possible injury,0,1,unsafe speed,rear end,no,no,no,0,0,0,0,0,0,Passenger Car/Station Wagon,SAN DIEGO
9612765,2023-07-27,7,20,4,possible injury,0,1,pedestrian right of way,broadside,yes,no,no,1,0,0,0,0,0,Passenger Car/Station Wagon,SAN DIEGO
9612766,2023-07-28,7,14,5,possible injury,0,1,following too closely,rear end,no,no,no,0,0,0,0,0,0,Passenger Car/Station Wagon,SAN DIEGO
9612767,2023-07-02,7,22,7,minor injury,0,1,automobile right of way,head-on,no,no,no,0,0,0,0,0,0,Passenger Car/Station Wagon,LOS ANGELES
9612768,2023-07-04,7,2,2,minor injury,0,1,unsafe speed,rear end,no,no,no,0,0,0,0,0,0,Passenger Car/Station Wagon,LOS ANGELES
9612769,2023-07-19,7,13,3,minor injury,0,1,unsafe speed,head-on,no,no,no,0,0,0,0,0,0,Passenger Car/Station Wagon,SANTA CRUZ
9612770,2023-07-18,7,7,2,minor injury,0,3,pedestrian violation,head-on,yes,no,yes,0,0,1,0,0,0,Pedestrian,SAN DIEGO
9612771,2023-07-19,7,14,3,severe injury,0,1,other improper driving,broadside,no,yes,no,0,1,0,0,0,0,Bicycle,SAN DIEGO
9612772,2023-07-28,7,13,5,possible injury,0,1,unsafe speed,rear end,no,no,no,0,0,0,0,0,0,Passenger Car/Station Wagon,SAN DIEGO
9612773,2023-07-29,7,17,6,minor injury,0,1,other hazardous violation,broadside,no,no,yes,0,0,1,0,0,0,Motorcycle/Scooter,SAN DIEGO
9612774,2023-07-31,7,8,1,possible injury,0,1,unsafe speed,rear end,no,no,no,0,0,0,0,0,0,Passenger Car/Station Wagon,SAN DIEGO
9612775,2023-07-31,7,15,1,minor injury,0,1,pedestrian right of way,head-on,yes,no,no,1,0,0,0,0,0,Passenger Car/Station Wagon,SAN DIEGO
9612776,2023-07-31,7,20,1,minor injury,0,1,unsafe speed,other,no,yes,no,0,1,0,0,0,0,Bicycle,SAN DIEGO
9612777,2023-07-26,7,15,3,possible injury,0,1,automobile right of way,head-on,no,no,no,0,0,0,0,0,0,Passenger Car/Station Wagon,SANTA CRUZ
9612778,2023-07-06,7,23,4,possible injury,0,1,DUI,head-on,no,no,no,0,0,0,0,0,0,Passenger Car/Station Wagon,SAN BERNARDINO
9612779,2023-07-25,7,21,2,possible injury,0,1,traffic signs,head-on,no,no,no,0,0,0,0,0,0,Passenger Car/Station Wagon,SAN BERNARDINO
9612780,2023-07-27,7,18,4,minor injury,0,2,unsafe speed,rear end,no,no,no,0,0,0,0,0,0,Passenger Car/Station Wagon,SAN BERNARDINO
9612781,2023-07-20,7,21,4,possible injury,0,3,following too closely,rear end,no,no,no,0,0,0,0,0,0,Passenger Car/Station Wagon,SAN BERNARDINO
9612782,2023-07-16,7,12,7,minor injury,0,1,unknown,vehicle/pedestrian,yes,no,no,1,0,0,0,0,0,Pedestrian,SAN BERNARDINO
9612783,2023-07-15,7,17,6,possible injury,0,1,automobile right of way,broadside,no,no,no,0,0,0,0,0,0,Passenger Car/Station Wagon,LOS ANGELES
9612784,2023-07-24,7,19,1,minor injury,0,3,automobile right of way,broadside,no,no,no,0,0,0,0,0,0,Passenger Car/Station Wagon,ORANGE
9612785,2023-07-01,7,19,6,possible injury,0,3,automobile right of way,head-on,no,no,no,0,0,0,0,0,0,Passenger Car/Station Wagon,ORANGE
9612786,2023-07-26,7,9,3,minor injury,0,1,improper turning,vehicle/pedestrian,yes,no,no,1,0,0,0,0,0,Passenger Car/Station Wagon,ORANGE
9612787,2023-07-26,7,2,3,possible injury,0,1,DUI,head-on,no,no,no,0,0,0,0,0,0,Passenger Car/Station Wagon,ORANGE
9612788,2023-07-28,7,1,5,possible injury,0,1,automobile right of way,broadside,no,no,no,0,0,0,0,0,0,Passenger Car/Station Wagon,ORANGE
9612789,2023-07-11,7,12,2,possible injury,0,1,unsafe lane change,sideswipe,no,no,no,0,0,0,0,0,0,Passenger Car/Station Wagon,ORANGE
9612815,2023-07-26,7,18,3,possible injury,0,1,unsafe speed,rear end,no,no,no,0,0,0,0,0,0,Passenger Car/Station Wagon,LOS ANGELES
9612825,2023-07-09,7,21,7,possible injury,0,1,traffic signs,broadside,no,no,no,0,0,0,0,0,0,Passenger Car/Station Wagon,ORANGE
9612826,2023-07-06,7,11,4,possible injury,0,1,traffic signs,broadside,no,no,no,0,0,0,0,0,0,Passenger Car/Station Wagon,SAN BERNARDINO
9612828,2023-07-29,7,17,6,minor injury,0,2,unsafe lane change,overturned,no,no,no,0,0,0,0,0,0,Passenger Car/Station Wagon,SANTA CLARA
9612829,2023-07-30,7,9,7,possible injury,0,1,unsafe speed,rear end,no,no,no,0,0,0,0,0,0,Not Stated,SANTA CLARA
9612830,2023-07-29,7,17,6,possible injury,0,3,unsafe speed,rear end,no,no,no,0,0,0,0,0,0,Not Stated,SANTA CLARA
9612831,2023-07-25,7,16,2,minor injury,0,1,automobile right of way,head-on,no,no,yes,0,0,1,0,0,0,Other Vehicle,SANTA CLARA
9612832,2023-07-29,7,21,6,possible injury,0,1,traffic signs,unknown,no,no,no,0,0,0,0,0,0,Passenger Car/Station Wagon,SANTA CLARA
9612833,2023-07-29,7,20,6,minor injury,0,1,improper turning,sideswipe,no,no,no,0,0,0,0,0,0,Not Stated,SANTA CLARA
9612834,2023-07-28,7,4,5,possible injury,0,1,traffic signs,head-on,no,no,no,0,0,0,0,0,0,Not Stated,SANTA CLARA
9612835,2023-07-30,7,14,7,minor injury,0,1,other hazardous violation,other,no,yes,no,0,1,0,0,0,0,Not Stated,SANTA CLARA
9612836,2023-07-31,7,13,1,possible injury,0,1,automobile right of way,vehicle/pedestrian,no,yes,no,0,1,0,0,0,0,Not Stated,SANTA CLARA
9612837,2023-07-31,7,14,1,possible injury,0,1,following too closely,rear end,no,no,no,0,0,0,0,0,0,Not Stated,SANTA CLARA
9612838,2023-07-19,7,13,3,minor injury,0,1,unsafe speed,rear end,no,no,no,0,0,0,0,0,0,Not Stated,SANTA CLARA
9612839,2023-07-25,7,4,2,severe injury,0,1,pedestrian violation,head-on,yes,no,no,1,0,0,0,0,0,Pedestrian,SANTA CLARA
9612840,2023-07-29,7,7,6,possible injury,0,1,traffic signs,head-on,no,no,no,0,0,0,0,0,0,Not Stated,SANTA CLARA
9612841,2023-07-29,7,11,6,possible injury,0,1,unknown,sideswipe,no,no,no,0,0,0,0,0,0,Not Stated,SANTA CLARA
9612842,2023-07-29,7,16,6,possible injury,0,1,unknown,hit object,no,no,no,0,0,0,0,0,0,Not Stated,SANTA CLARA
9612843,2023-07-30,7,10,7,minor injury,0,1,traffic signs,broadside,no,no,no,0,0,0,0,0,0,Not Stated,SANTA CLARA
9612844,2023-07-29,7,18,6,possible injury,0,1,traffic signs,broadside,no,no,no,0,0,0,0,0,0,Not Stated,SANTA CLARA
9612845,2023-07-31,7,19,1,minor injury,0,1,unknown,broadside,no,no,no,0,0,0,0,0,0,Not Stated,SANTA CLARA
9612846,2023-07-26,7,9,3,minor injury,0,1,unknown,rear end,no,yes,no,0,1,0,0,0,0,Not Stated,SANTA CLARA
9612847,2023-07-26,7,17,3,possible injury,0,1,pedestrian right of way,vehicle/pedestrian,yes,no,no,1,0,0,0,0,0,Not Stated,SANTA CLARA
9612848,2023-07-23,7,21,7,severe injury,0,1,unsafe speed,hit object,no,no,no,0,0,0,0,0,0,Not Stated,SANTA CLARA
9612849,2023-07-30,7,14,7,possible injury,0,1,unsafe speed,broadside,no,no,no,0,0,0,0,0,0,Not Stated,SANTA CLARA
9612850,2023-07-29,7,4,6,possible injury,0,1,improper turning,rear end,no,no,no,0,0,0,0,0,0,Passenger Car/Station Wagon,SANTA CLARA
9612851,2023-07-29,7,19,6,minor injury,0,1,unsafe lane change,sideswipe,no,no,no,0,0,0,0,0,0,Not Stated,SANTA CLARA
9612852,2023-07-28,7,17,5,possible injury,0,1,unsafe starting or backing,rear end,no,no,no,0,0,0,0,0,0,Not Stated,SANTA CLARA
9612863,2023-03-05,3,23,7,possible injury,0,1,DUI,overturned,no,no,no,0,0,0,0,0,0,Passenger Car/Station Wagon,IMPERIAL
9612864,2023-02-03,2,17,5,possible injury,0,3,automobile right of way,other,no,no,no,0,0,0,0,0,0,Passenger Car/Station Wagon,MERCED
9612865,2023-02-16,2,13,4,possible injury,0,1,improper turning,head-on,no,no,no,0,0,0,0,0,0,Passenger Car/Station Wagon,SAN DIEGO
9612866,2023-02-28,2,16,2,possible injury,0,1,automobile right of way,vehicle/pedestrian,yes,no,no,1,0,0,0,0,0,Passenger Car/Station Wagon,SAN DIEGO
9612867,2023-01-27,1,19,5,possible injury,0,1,pedestrian violation,vehicle/pedestrian,yes,no,no,1,0,0,0,0,0,Pedestrian,MERCED
9612892,2023-07-28,7,10,5,possible injury,0,1,traffic signs,broadside,no,no,no,0,0,0,0,0,0,Not Stated,SANTA CLARA
9612893,2023-07-27,7,12,4,minor injury,0,2,automobile right of way,head-on,no,no,no,0,0,0,0,0,0,Not Stated,SANTA CLARA
9612894,2023-07-29,7,17,6,minor injury,0,3,unsafe speed,head-on,no,no,no,0,0,0,0,0,0,Not Stated,SANTA CLARA
9612895,2023-07-28,7,23,5,possible injury,0,1,unknown,head-on,no,no,no,0,0,0,0,0,0,Not Stated,SANTA CLARA
9612896,2023-07-29,7,20,6,possible injury,0,1,unsafe speed,broadside,no,no,no,0,0,0,0,0,0,Not Stated,SANTA CLARA
9612897,2023-07-31,7,9,1,possible injury,0,1,improper turning,sideswipe,no,no,no,0,0,0,0,0,0,Not Stated,SANTA CLARA
9612898,2023-07-02,7,21,7,possible injury,0,1,traffic signs,head-on,no,no,no,0,0,0,0,0,0,Not Stated,SANTA CLARA
9612899,2023-07-29,7,14,6,possible injury,0,2,automobile right of way,broadside,no,no,no,0,0,0,0,0,0,Pickup or Panel Truck,LOS ANGELES
9612905,2023-07-21,7,22,5,possible injury,0,1,DUI,sideswipe,no,no,no,0,0,0,0,0,0,Passenger Car/Station Wagon,LOS ANGELES
9612908,2023-07-27,7,21,4,possible injury,0,1,automobile right of way,head-on,no,no,no,0,0,0,0,0,0,Passenger Car/Station Wagon,LOS ANGELES
9612912,2023-08-12,8,3,6,minor injury,0,1,DUI,rear end,no,no,no,0,0,0,0,0,0,Passenger Car/Station Wagon,SAN DIEGO
9612914,2023-08-19,8,10,6,possible injury,0,2,traffic signs,sideswipe,no,no,no,0,0,0,0,0,0,Pickup or Panel Truck,LOS ANGELES
9612921,2023-08-02,8,15,3,minor injury,0,1,unsafe speed,hit object,no,no,no,0,0,0,0,0,0,Passenger Car/Station Wagon,SAN BERNARDINO
9612925,2023-08-01,8,15,2,minor injury,0,2,traffic signs,broadside,no,no,no,0,0,0,0,0,0,Passenger Car/Station Wagon,LOS ANGELES
9612926,2023-08-04,8,15,5,minor injury,0,1,other hazardous violation,other,no,no,no,0,0,0,0,0,0,Passenger Car/Station Wagon,SAN DIEGO
9612927,2023-08-05,8,20,6,possible injury,0,2,following too closely,rear end,no,no,no,0,0,0,0,0,0,Not Stated,SAN DIEGO
9612928,2023-08-06,8,18,7,possible injury,0,2,following too closely,rear end,no,no,no,0,0,0,0,0,0,Passenger Car/Station Wagon,SAN DIEGO
9612929,2023-08-07,8,14,1,possible injury,0,1,following too closely,rear end,no,no,no,0,0,0,0,0,0,Not Stated,SAN DIEGO
9612930,2023-08-08,8,9,2,possible injury,0,1,following too closely,rear end,no,no,no,0,0,0,0,0,0,Other Bus,SAN DIEGO
9612931,2023-07-19,7,8,3,severe injury,0,2,automobile right of way,broadside,no,no,no,0,0,0,0,0,0,Passenger Car/Station Wagon,LOS ANGELES
9612932,2023-07-15,7,3,6,severe injury,0,2,DUI,head-on,no,no,no,0,0,0,0,0,0,Passenger Car/Station Wagon,LOS ANGELES
9612933,2023-07-05,7,6,3,possible injury,0,1,improper turning,head-on,no,no,no,0,0,0,0,0,0,Passenger Car/Station Wagon,LOS ANGELES
9612940,2023-06-10,6,13,6,minor injury,0,3,unknown,broadside,no,no,no,0,0,0,0,0,0,Not Stated,SAN DIEGO
9612941,2023-06-22,6,11,4,severe injury,0,1,improper turning,broadside,no,yes,no,0,1,0,0,0,0,Passenger Car/Station Wagon,SAN DIEGO
9612942,2023-06-03,6,16,6,possible injury,0,2,automobile right of way,broadside,no,no,no,0,0,0,0,0,0,Passenger Car/Station Wagon,LOS ANGELES
9612943,2023-06-27,6,17,2,possible injury,0,2,automobile right of way,head-on,no,no,no,0,0,0,0,0,0,Passenger Car/Station Wagon,LOS ANGELES
9612944,2023-06-24,6,22,6,minor injury,0,1,unsafe speed,head-on,no,yes,no,0,1,0,0,0,0,Not Stated,SANTA CLARA
9612945,2023-06-19,6,14,1,severe injury,0,2,traffic signs,broadside,no,no,no,0,0,0,0,0,0,Passenger Car/Station Wagon,LOS ANGELES
9612946,2023-06-25,6,7,7,possible injury,0,1,unsafe speed,sideswipe,no,no,no,0,0,0,0,0,0,Passenger Car/Station Wagon,LOS ANGELES
9612947,2023-05-07,5,19,7,possible injury,0,1,improper turning,vehicle/pedestrian,no,yes,no,0,1,0,0,0,0,Pickup or Panel Truck,SANTA CLARA
9612948,2023-05-07,5,19,7,minor injury,0,1,improper turning,broadside,no,no,no,0,0,0,0,0,0,Passenger Car/Station Wagon,SANTA BARBARA
9612949,2023-05-22,5,23,1,possible injury,0,1,improper turning,hit object,no,no,no,0,0,0,0,0,0,Passenger Car/Station Wagon,LOS ANGELES
9612950,2023-05-17,5,19,3,minor injury,0,1,unsafe speed,rear end,no,no,no,0,0,0,0,0,0,Passenger Car/Station Wagon,MERCED
9612951,2023-05-22,5,8,1,possible injury,0,1,unsafe speed,head-on,no,no,yes,0,0,1,0,0,0,Motorcycle/Scooter,PLACER
9612952,2023-05-16,5,11,2,possible injury,0,1,traffic signs,broadside,no,no,no,0,0,0,0,0,0,Passenger Car/Station Wagon,LOS ANGELES
9612953,2023-05-24,5,19,3,possible injury,0,1,improper turning,broadside,no,no,no,0,0,0,0,0,0,Passenger Car/Station Wagon,LOS ANGELES
9612954,2023-05-20,5,0,6,minor injury,0,1,unsafe speed,head-on,no,no,no,0,0,0,0,0,0,Passenger Car/Station Wagon,SAN BERNARDINO
9612955,2023-05-11,5,18,4,severe injury,0,2,unknown,broadside,no,no,yes,0,0,1,0,0,0,Not Stated,SAN BERNARDINO
9612956,2023-05-23,5,13,2,minor injury,0,4,automobile right of way,broadside,no,no,no,0,0,0,0,0,0,Passenger Car/Station Wagon,LOS ANGELES
9612957,2023-05-13,5,3,6,possible injury,0,1,traffic signs,broadside,no,no,no,0,0,0,0,0,0,Passenger Car/Station Wagon,LOS ANGELES
9612958,2023-05-25,5,21,4,minor injury,0,1,unknown,other,no,no,yes,0,0,1,0,0,0,Not Stated,PLACER
9612961,2023-08-07,8,15,1,minor injury,0,1,pedestrian right of way,head-on,yes,no,no,1,0,0,0,0,0,Not Stated,LOS ANGELES
9612962,2023-08-11,8,18,5,severe injury,0,1,automobile right of way,broadside,no,no,yes,0,0,0,0,0,0,Passenger Car/Station Wagon,LOS ANGELES
9612963,2023-08-14,8,2,1,possible injury,0,1,pedestrian right of way,vehicle/pedestrian,yes,no,no,1,0,0,0,0,0,Passenger Car/Station Wagon,LOS ANGELES
9612964,2023-08-12,8,18,6,possible injury,0,1,improper turning,broadside,no,no,no,0,0,0,0,0,0,Not Stated,LOS ANGELES
9612965,2023-08-14,8,20,1,possible injury,0,3,DUI,rear end,no,no,no,0,0,0,0,0,0,Passenger Car/Station Wagon,LOS ANGELES
9612966,2023-08-14,8,12,1,minor injury,0,1,wrong side of road,vehicle/pedestrian,yes,yes,no,1,0,0,0,0,0,Bicycle,LOS ANGELES
9612967,2023-08-04,8,5,5,possible injury,0,1,traffic signs,sideswipe,no,no,no,0,0,0,0,0,0,Passenger Car/Station Wagon,LOS ANGELES
9612968,2023-08-11,8,22,5,possible injury,0,1,traffic signs,broadside,no,no,no,0,0,0,0,0,0,Passenger Car/Station Wagon,LOS ANGELES
9612969,2023-08-10,8,14,4,minor injury,0,1,wrong side of road,broadside,no,no,no,0,0,0,0,0,0,Not Stated,LOS ANGELES
9612970,2023-08-11,8,11,5,possible injury,0,1,improper turning,sideswipe,no,no,yes,0,0,1,0,0,0,Passenger Car/Station Wagon,LOS ANGELES
9612971,2023-08-13,8,3,7,severe injury,0,1,traffic signs,broadside,no,no,yes,0,0,1,0,0,0,Not Stated,LOS ANGELES
9612972,2023-08-04,8,7,5,possible injury,0,2,automobile right of way,broadside,no,no,no,0,0,0,0,0,0,Passenger Car/Station Wagon,SANTA BARBARA
9612973,2023-08-13,8,18,7,minor injury,0,2,traffic signs,broadside,no,no,no,0,0,0,0,0,0,Passenger Car/Station Wagon,SOLANO
9612974,2023-08-15,8,7,2,minor injury,0,3,following too closely,rear end,no,no,no,0,0,0,0,0,0,Passenger Car/Station Wagon,RIVERSIDE
9612975,2023-08-14,8,17,1,possible injury,0,1,other improper driving,rear end,no,no,no,0,0,0,0,0,0,Passenger Car/Station Wagon,LOS ANGELES
9612976,2023-08-16,8,18,3,severe injury,0,2,pedestrian right of way,vehicle/pedestrian,yes,no,no,2,0,0,0,0,0,Passenger Car/Station Wagon,LOS ANGELES
9612977,2023-08-12,8,0,6,minor injury,0,1,automobile right of way,sideswipe,no,no,no,0,0,0,0,0,0,Not Stated,LOS ANGELES
9612978,2023-08-12,8,19,6,minor injury,0,1,unsafe speed,rear end,no,no,no,0,0,0,0,0,0,Not Stated,LOS ANGELES
9612979,2023-08-11,8,20,5,severe injury,0,1,pedestrian right of way,vehicle/pedestrian,yes,no,no,1,0,0,0,0,0,Passenger Car/Station Wagon,LOS ANGELES
9612980,2023-08-12,8,13,6,severe injury,0,1,automobile right of way,broadside,no,no,yes,0,0,1,0,0,0,Passenger Car/Station Wagon,LOS ANGELES
9612981,2023-08-07,8,16,1,minor injury,0,1,unsafe speed,hit object,no,no,no,0,0,0,0,0,0,Passenger Car/Station Wagon,CONTRA COSTA
9612982,2023-08-11,8,2,5,minor injury,0,2,DUI,rear end,no,no,no,0,0,0,0,0,0,Not Stated,LOS ANGELES
9612983,2023-08-15,8,13,2,minor injury,0,1,improper turning,broadside,no,no,no,0,0,0,0,0,0,Passenger Car/Station Wagon,PLACER
9612984,2023-08-14,8,18,1,severe injury,0,1,traffic signs,broadside,no,no,no,0,0,0,0,0,0,Other Vehicle,PLACER
9612985,2023-08-14,8,15,1,possible injury,0,1,unknown,hit object,no,no,no,0,0,0,0,0,0,Not Stated,PLACER
9612986,2023-08-03,8,18,4,possible injury,0,1,unsafe speed,rear end,no,no,no,0,0,0,0,0,0,Passenger Car/Station Wagon,PLACER
9612987,2023-08-02,8,8,3,minor injury,0,1,improper turning,hit object,no,no,yes,0,0,1,0,0,0,Motorcycle/Scooter,PLACER