CASE_ID,COLLISION_DATE,MONTH,HOUR,DAY_OF_WEEK,COLLISION_SEVERITY,NUMBER_KILLED,NUMBER_INJURED,PCF_VIOL_CATEGORY,TYPE_OF_COLLISION,PEDESTRIAN_ACCIDENT,BICYCLE_ACCIDENT,MOTORCYCLE_ACCIDENT,COUNT_PED_INJURED,COUNT_BICYCLIST_INJURED,COUNT_MC_INJURED,COUNT_PED_KILLED,COUNT_BICYCLIST_KILLED,COUNT_MC_KILLED,STWD_VEHTYPE_AT_FAULT,COUNTY
9616923,2023-09-24,9,23,7,possible injury,0,1,unknown,broadside,no,yes,no,0,1,0,0,0,0,Not Stated,ORANGE
9616925,2023-09-16,9,19,6,possible injury,0,1,automobile right of way,other,no,no,no,0,0,0,0,0,0,Passenger Car/Station Wagon,ORANGE
9616926,2023-09-12,9,8,2,possible injury,0,1,unsafe speed,rear end,no,no,no,0,0,0,0,0,0,Passenger Car/Station Wagon,ORANGE
9616927,2023-09-26,9,17,2,possible injury,0,1,wrong side of road,sideswipe,no,yes,no,0,1,0,0,0,0,Passenger Car/Station Wagon,TULARE
9616928,2023-09-16,9,1,6,minor injury,0,1,unsafe lane change,hit object,no,no,no,0,0,0,0,0,0,Passenger Car/Station Wagon,ORANGE
9616929,2023-09-02,9,23,6,possible injury,0,1,unsafe speed,rear end,no,no,no,0,0,0,0,0,0,Passenger Car/Station Wagon,LOS ANGELES
9616930,2023-09-11,9,4,1,severe injury,0,1,DUI,head-on,no,no,no,0,0,0,0,0,0,Passenger Car/Station Wagon,LOS ANGELES
9616931,2023-09-21,9,4,4,minor injury,0,1,traffic signs,broadside,no,no,no,0,0,0,0,0,0,Passenger Car/Station Wagon,LOS ANGELES
9616932,2023-09-06,9,6,3,possible injury,0,3,automobile right of way,broadside,no,no,no,0,0,0,0,0,0,Passenger Car/Station Wagon,LOS ANGELES
9616933,2023-09-26,9,14,2,possible injury,0,1,wrong side of road,broadside,no,yes,no,0,1,0,0,0,0,Bicycle,SAN DIEGO
9616934,2023-09-05,9,19,2,minor injury,0,1,automobile right of way,head-on,no,no,no,0,0,0,0,0,0,Passenger Car/Station Wagon,LOS ANGELES
9616935,2023-09-26,9,22,2,possible injury,0,2,automobile right of way,broadside,no,no,no,0,0,0,0,0,0,Passenger Car/Station Wagon,SAN DIEGO
9616936,2023-09-26,9,7,2,possible injury,0,1,automobile right of way,broadside,no,no,no,0,0,0,0,0,0,Passenger Car/Station Wagon,SAN DIEGO
9616937,2023-09-10,9,19,7,severe injury,0,1,pedestrian right of way,vehicle/pedestrian,yes,no,no,1,0,0,0,0,0,Not Stated,SAN DIEGO
9616938,2023-09-30,9,21,6,possible injury,0,2,traffic signs,sideswipe,no,no,no,0,0,0,0,0,0,Not Stated,SAN DIEGO
9616939,2023-09-13,9,14,3,possible injury,0,2,unsafe starting or backing,broadside,no,no,no,0,0,0,0,0,0,Passenger Car/Station Wagon,SAN DIEGO
9616942,2023-09-24,9,4,7,severe injury,0,3,DUI,broadside,no,no,no,0,0,0,0,0,0,Passenger Car/Station Wagon,SAN DIEGO
9616943,2023-09-10,9,15,7,possible injury,0,1,DUI,rear end,no,no,no,0,0,0,0,0,0,Passenger Car/Station Wagon,SANTA BARBARA
9616944,2023-09-01,9,12,5,possible injury,0,1,unsafe speed,rear end,no,no,no,0,0,0,0,0,0,Passenger Car/Station Wagon,SANTA BARBARA
9616945,2023-09-03,9,4,7,minor injury,0,1,improper turning,sideswipe,no,no,no,0,0,0,0,0,0,Passenger Car/Station Wagon,LOS ANGELES
9616946,2023-09-13,9,10,3,possible injury,0,1,wrong side of road,broadside,no,yes,no,0,1,0,0,0,0,Passenger Car/Station Wagon,LOS ANGELES
9616947,2023-09-17,9,3,7,possible injury,0,2,unsafe speed,hit object,no,no,no,0,0,0,0,0,0,Passenger Car/Station Wagon,LOS ANGELES
9616948,2023-09-17,9,19,7,possible injury,0,1,unsafe speed,rear end,no,no,no,0,0,0,0,0,0,Passenger Car/Station Wagon,LOS ANGELES
9616951,2023-08-01,8,19,2,possible injury,0,1,improper turning,sideswipe,no,no,yes,0,0,1,0,0,0,Not Stated,LOS ANGELES
9616961,2023-09-22,9,11,5,minor injury,0,2,improper turning,broadside,no,no,no,0,0,0,0,0,0,Passenger Car/Station Wagon,LOS ANGELES
9616962,2023-09-11,9,1,1,minor injury,0,3,DUI,broadside,no,no,no,0,0,0,0,0,0,Passenger Car/Station Wagon,ORANGE
9616963,2023-09-28,9,19,4,possible injury,0,3,traffic signs,broadside,no,no,no,0,0,0,0,0,0,Passenger Car/Station Wagon,LOS ANGELES
9616964,2023-09-29,9,19,5,possible injury,0,1,improper turning,sideswipe,no,no,no,0,0,0,0,0,0,Passenger Car/Station Wagon,LOS ANGELES
9616965,2023-09-23,9,9,6,minor injury,0,1,unknown,vehicle/pedestrian,yes,no,no,1,0,0,0,0,0,Not Stated,LOS ANGELES
9616966,2023-09-27,9,9,3,minor injury,0,1,automobile right of way,broadside,no,no,no,0,0,0,0,0,0,Passenger Car/Station Wagon,LOS ANGELES
9616967,2023-09-13,9,18,3,possible injury,0,2,unsafe speed,rear end,no,no,no,0,0,0,0,0,0,Passenger Car/Station Wagon,LOS ANGELES
9616968,2023-09-11,9,7,1,severe injury,0,1,unsafe speed,broadside,no,no,no,0,0,0,0,0,0,Passenger Car/Station Wagon,LOS ANGELES
9616969,2023-09-12,9,22,2,possible injury,0,2,improper turning,hit object,no,no,no,0,0,0,0,0,0,Passenger Car/Station Wagon,LOS ANGELES
9616970,2023-09-14,9,18,4,minor injury,0,2,unsafe speed,rear end,no,no,no,0,0,0,0,0,0,Passenger Car/Station Wagon,LOS ANGELES
9616971,2023-09-08,9,13,5,minor injury,0,1,improper turning,broadside,no,no,no,0,0,0,0,0,0,Passenger Car/Station Wagon,LOS ANGELES
9616972,2023-09-06,9,9,3,possible injury,0,1,improper turning,sideswipe,no,no,no,0,0,0,0,0,0,Passenger Car/Station Wagon,LOS ANGELES
9616973,2023-09-07,9,18,4,minor injury,0,2,other hazardous violation,broadside,no,no,no,0,0,0,0,0,0,Passenger Car/Station Wagon,LOS ANGELES
9616974,2023-09-08,9,18,5,possible injury,0,1,pedestrian right of way,vehicle/pedestrian,yes,no,no,1,0,0,0,0,0,Passenger Car/Station Wagon,LOS ANGELES
9616975,2023-09-06,9,19,3,minor injury,0,2,traffic signs,broadside,no,no,no,0,0,0,0,0,0,Passenger Car/Station Wagon,LOS ANGELES
9616976,2023-09-06,9,8,3,minor injury,0,1,unsafe speed,rear end,no,no,yes,0,0,1,0,0,0,Motorcycle/Scooter,LOS ANGELES
9616977,2023-09-01,9,15,5,possible injury,0,1,improper turning,head-on,no,no,no,0,0,0,0,0,0,Passenger Car/Station Wagon,LOS ANGELES
9616978,2023-09-01,9,12,5,minor injury,0,1,unknown,broadside,no,no,no,0,0,0,0,0,0,Not Stated,LOS ANGELES
9616979,2023-09-09,9,8,6,possible injury,0,2,traffic signs,broadside,no,no,no,0,0,0,0,0,0,Not Stated,LOS ANGELES
9616980,2023-09-03,9,22,7,minor injury,0,2,unsafe speed,head-on,no,no,no,0,0,0,0,0,0,Passenger Car/Station Wagon,LOS ANGELES
9616981,2023-09-14,9,11,4,minor injury,0,1,traffic signs,broadside,no,no,no,0,0,0,0,0,0,Passenger Car/Station Wagon,LOS ANGELES
9616982,2023-09-10,9,10,7,possible injury,0,3,automobile right of way,broadside,no,no,no,0,0,0,0,0,0,Passenger Car/Station Wagon,LOS ANGELES
9616983,2023-09-12,9,9,2,possible injury,0,1,automobile right of way,broadside,no,no,no,0,0,0,0,0,0,Passenger Car/Station Wagon,LOS ANGELES
9616984,2023-09-14,9,10,4,possible injury,0,1,unsafe speed,rear end,no,no,no,0,0,0,0,0,0,Passenger Car/Station Wagon,LOS ANGELES
9616985,2023-09-12,9,11,2,minor injury,0,2,automobile right of way,broadside,no,no,no,0,0,0,0,0,0,Passenger Car/Station Wagon,LOS ANGELES
9616986,2023-09-16,9,0,6,possible injury,0,2,unsafe speed,rear end,no,no,no,0,0,0,0,0,0,Passenger Car/Station Wagon,LOS ANGELES
9616987,2023-09-16,9,12,6,possible injury,0,2,traffic signs,broadside,no,no,no,0,0,0,0,0,0,Passenger Car/Station Wagon,LOS ANGELES
9616988,2023-09-19,9,10,2,possible injury,0,1,improper turning,rear end,no,no,no,0,0,0,0,0,0,Passenger Car/Station Wagon,LOS ANGELES
9616989,2023-09-21,9,8,4,minor injury,0,1,other hazardous violation,broadside,no,no,no,0,0,0,0,0,0,Not Stated,LOS ANGELES
9616990,2023-09-26,9,6,2,minor injury,0,1,traffic signs,broadside,no,no,no,0,0,0,0,0,0,Passenger Car/Station Wagon,CONTRA COSTA
9616991,2023-09-20,9,17,3,possible injury,0,4,traffic signs,broadside,no,no,no,0,0,0,0,0,0,Passenger Car/Station Wagon,LOS ANGELES
9616992,2023-09-03,9,6,7,minor injury,0,1,improper turning,head-on,no,no,no,0,0,0,0,0,0,Passenger Car/Station Wagon,LOS ANGELES
9616993,2023-09-07,9,13,4,minor injury,0,1,pedestrian right of way,sideswipe,yes,no,no,1,0,0,0,0,0,Not Stated,SAN FRANCISCO
9616994,2023-09-07,9,15,4,possible injury,0,1,automobile right of way,broadside,no,no,no,0,0,0,0,0,0,Passenger Car/Station Wagon,LOS ANGELES
9616995,2023-09-03,9,18,7,possible injury,0,3,traffic signs,broadside,no,no,no,0,0,0,0,0,0,Passenger Car/Station Wagon,SAN FRANCISCO
9616996,2023-09-17,9,16,7,minor injury,0,1,improper turning,sideswipe,no,yes,no,0,1,0,0,0,0,Bicycle,SAN FRANCISCO
9616997,2023-09-24,9,6,7,possible injury,0,2,traffic signs,overturned,no,no,no,0,0,0,0,0,0,Passenger Car/Station Wagon,ORANGE
9616998,2023-09-26,9,16,2,possible injury,0,1,improper turning,broadside,no,yes,no,0,1,0,0,0,0,Passenger Car/Station Wagon,SAN FRANCISCO
9616999,2023-09-19,9,5,2,minor injury,0,1,traffic signs,broadside,no,no,no,0,0,0,0,0,0,Passenger Car/Station Wagon,ORANGE
9617000,2023-09-27,9,7,3,minor injury,0,1,wrong side of road,broadside,no,yes,no,0,1,0,0,0,0,Bicycle,ORANGE
9617017,2023-09-14,9,11,4,minor injury,0,1,unsafe speed,hit object,no,no,no,0,0,0,0,0,0,Passenger Car/Station Wagon,SAN FRANCISCO
9617065,2023-09-27,9,23,3,possible injury,0,1,DUI,rear end,no,no,no,0,0,0,0,0,0,Passenger Car/Station Wagon,SANTA CLARA
9617066,2023-09-27,9,23,3,minor injury,0,1,improper turning,rear end,no,no,no,0,0,0,0,0,0,Passenger Car/Station Wagon,SANTA CLARA
9617067,2023-09-20,9,23,3,possible injury,0,1,traffic signs,head-on,no,no,no,0,0,0,0,0,0,Not Stated,SANTA CLARA
9617068,2023-09-21,9,7,4,possible injury,0,1,automobile right of way,head-on,no,no,no,0,0,0,0,0,0,Passenger Car/Station Wagon,SANTA CLARA
9617069,2023-09-28,9,20,4,possible injury,0,2,unsafe speed,head-on,no,no,no,0,0,0,0,0,0,Passenger Car/Station Wagon,SANTA CLARA
9617070,2023-09-14,9,2,4,minor injury,0,1,unsafe lane change,sideswipe,no,yes,no,0,1,0,0,0,0,Not Stated,SANTA CLARA
9617071,2023-09-23,9,2,6,possible injury,0,1,unsafe speed,rear end,no,no,no,0,0,0,0,0,0,Pickup or Panel Truck,SANTA CLARA
9617072,2023-09-20,9,16,3,minor injury,0,1,automobile right of way,head-on,no,no,no,0,0,0,0,0,0,Passenger Car/Station Wagon,SANTA CLARA
9617073,2023-09-16,9,20,6,minor injury,0,3,automobile right of way,head-on,no,no,no,0,0,0,0,0,0,Not Stated,SANTA CLARA
9617074,2023-09-29,9,17,5,minor injury,0,1,unsafe speed,rear end,no,no,no,0,0,0,0,0,0,Not Stated,SANTA CLARA
9617075,2023-09-05,9,12,2,minor injury,0,1,improper turning,sideswipe,no,yes,no,0,1,0,0,0,0,Not Stated,SANTA CLARA
9617076,2023-09-15,9,12,5,possible injury,0,1,wrong side of road,other,no,no,no,0,0,0,0,0,0,Not Stated,SANTA CLARA
9617077,2023-09-28,9,8,4,minor injury,0,1,improper turning,unknown,no,no,no,0,0,0,0,0,0,Not Stated,SANTA CLARA
9617078,2023-09-04,9,23,1,minor injury,0,1,improper turning,sideswipe,no,no,no,0,0,0,0,0,0,Passenger Car/Station Wagon,SANTA CLARA
9617079,2023-09-27,9,11,3,possible injury,0,3,unsafe speed,unknown,no,no,no,0,0,0,0,0,0,Not Stated,SANTA CLARA
9617080,2023-09-08,9,23,5,possible injury,0,1,traffic signs,broadside,no,no,no,0,0,0,0,0,0,Not Stated,SANTA CLARA
9617081,2023-08-05,8,20,6,minor injury,0,1,pedestrian violation,vehicle/pedestrian,yes,no,no,1,0,0,0,0,0,Pedestrian,LOS ANGELES
9617082,2023-08-02,8,14,3,possible injury,0,1,wrong side of road,head-on,no,no,no,0,0,0,0,0,0,Passenger Car/Station Wagon,LOS ANGELES
9617083,2023-08-26,8,23,6,minor injury,0,3,automobile right of way,broadside,no,no,no,0,0,0,0,0,0,Passenger Car/Station Wagon,LOS ANGELES
9617084,2023-08-17,8,12,4,severe injury,0,3,improper turning,broadside,no,no,no,0,0,0,0,0,0,Passenger Car/Station Wagon,LOS ANGELES
9617085,2023-08-18,8,16,5,possible injury,0,1,automobile right of way,head-on,no,no,no,0,0,0,0,0,0,Passenger Car/Station Wagon,LOS ANGELES
9617086,2023-08-21,8,15,1,minor injury,0,1,improper turning,rear end,no,no,no,0,0,0,0,0,0,Passenger Car/Station Wagon,LOS ANGELES
9617087,2023-08-25,8,15,5,possible injury,0,1,unsafe speed,rear end,no,no,no,0,0,0,0,0,0,Passenger Car/Station Wagon,SACRAMENTO
9617088,2023-08-24,8,13,4,minor injury,0,2,automobile right of way,broadside,no,no,no,0,0,0,0,0,0,Passenger Car/Station Wagon,LOS ANGELES
9617089,2023-08-30,8,23,3,minor injury,0,1,unsafe speed,rear end,no,yes,no,0,1,0,0,0,0,Passenger Car/Station Wagon,SACRAMENTO
9617090,2023-08-26,8,9,6,severe injury,0,1,unsafe speed,hit object,no,no,no,0,0,0,0,0,0,Passenger Car/Station Wagon,SACRAMENTO
9617091,2023-08-16,8,16,3,possible injury,0,2,unsafe speed,rear end,no,no,no,0,0,0,0,0,0,Passenger Car/Station Wagon,LOS ANGELES
9617092,2023-08-10,8,23,4,severe injury,0,2,unknown,broadside,no,no,no,0,0,0,0,0,0,Not Stated,LOS ANGELES
9617093,2023-08-07,8,8,1,possible injury,0,2,unsafe speed,rear end,no,no,no,0,0,0,0,0,0,Passenger Car/Station Wagon,LOS ANGELES
9617094,2023-08-12,8,23,6,possible injury,0,1,unsafe speed,rear end,no,no,no,0,0,0,0,0,0,Passenger Car/Station Wagon,LOS ANGELES
9617095,2023-08-14,8,13,1,minor injury,0,1,other hazardous violation,sideswipe,no,yes,no,0,1,0,0,0,0,Other Vehicle,ORANGE
9617096,2023-08-18,8,17,5,minor injury,0,2,unsafe speed,rear end,no,no,no,0,0,0,0,0,0,Passenger Car/Station Wagon,LOS ANGELES
9617097,2023-08-25,8,13,5,severe injury,0,1,automobile right of way,broadside,no,no,no,0,0,0,0,0,0,Passenger Car/Station Wagon,ORANGE
9617098,2023-08-04,8,1,5,minor injury,0,5,traffic signs,broadside,no,no,no,0,0,0,0,0,0,Passenger Car/Station Wagon,ORANGE
9617099,2023-08-05,8,20,6,possible injury,0,1,unsafe lane change,sideswipe,no,no,no,0,0,0,0,0,0,Passenger Car/Station Wagon,ORANGE
9617100,2023-08-08,8,9,2,minor injury,0,1,automobile right of way,broadside,no,no,no,0,0,0,0,0,0,Passenger Car/Station Wagon,ORANGE
9617101,2023-08-10,8,22,4,minor injury,0,1,pedestrian violation,vehicle/pedestrian,yes,no,no,1,0,0,0,0,0,Pedestrian,ORANGE
9617102,2023-08-22,8,8,2,possible injury,0,1,automobile right of way,vehicle/pedestrian,yes,no,no,1,0,0,0,0,0,Passenger Car/Station Wagon,ORANGE
9617103,2023-08-22,8,12,2,minor injury,0,1,other hazardous violation,other,no,yes,no,0,1,0,0,0,0,Passenger Car/Station Wagon,ORANGE
9617104,2023-08-09,8,11,3,minor injury,0,2,automobile right of way,broadside,no,no,no,0,0,0,0,0,0,Passenger Car/Station Wagon,ORANGE
9617105,2023-08-15,8,13,2,possible injury,0,1,unsafe speed,rear end,no,no,no,0,0,0,0,0,0,Passenger Car/Station Wagon,ORANGE
9617106,2023-08-08,8,0,2,minor injury,0,1,DUI,hit object,no,no,no,0,0,0,0,0,0,Passenger Car/Station Wagon,ORANGE
9617107,2023-08-22,8,9,2,possible injury,0,1,unsafe speed,rear end,no,no,no,0,0,0,0,0,0,Passenger Car/Station Wagon,ORANGE
9617108,2023-08-14,8,20,1,minor injury,0,1,wrong side of road,broadside,no,yes,no,0,1,0,0,0,0,Bicycle,ORANGE
9617109,2023-08-24,8,17,4,severe injury,0,1,wrong side of road,broadside,no,yes,no,0,1,0,0,0,0,Not Stated,ORANGE
9617110,2023-08-25,8,23,5,severe injury,0,1,pedestrian violation,vehicle/pedestrian,yes,no,no,1,0,0,0,0,0,Pedestrian,ORANGE
9617111,2023-08-09,8,16,3,possible injury,0,2,automobile right of way,broadside,no,no,no,0,0,0,0,0,0,Passenger Car/Station Wagon,ORANGE
9617112,2023-08-04,8,9,5,minor injury,0,1,automobile right of way,vehicle/pedestrian,yes,no,no,1,0,0,0,0,0,Passenger Car/Station Wagon,ORANGE
9617113,2023-08-11,8,19,5,possible injury,0,1,automobile right of way,broadside,no,no,no,0,0,0,0,0,0,Passenger Car/Station Wagon,ORANGE
9617114,2023-08-29,8,7,2,minor injury,0,1,pedestrian violation,vehicle/pedestrian,yes,no,no,1,0,0,0,0,0,Pedestrian,ORANGE
9617115,2023-08-31,8,4,4,possible injury,0,1,improper turning,sideswipe,no,yes,no,0,1,0,0,0,0,Bicycle,SANTA BARBARA
9617116,2023-08-30,8,10,3,minor injury,0,3,traffic signs,broadside,no,no,no,0,0,0,0,0,0,Passenger Car/Station Wagon,SANTA CLARA
9617117,2023-09-28,9,19,4,possible injury,0,2,unsafe speed,rear end,no,no,no,0,0,0,0,0,0,Passenger Car/Station Wagon,SANTA CLARA
9617118,2023-09-29,9,12,5,possible injury,0,1,automobile right of way,broadside,no,no,no,0,0,0,0,0,0,Not Stated,SANTA CLARA
9617119,2023-09-17,9,11,7,possible injury,0,1,unsafe speed,unknown,no,no,no,0,0,0,0,0,0,Not Stated,SANTA CLARA
9617120,2023-09-15,9,19,5,possible injury,0,3,unsafe speed,broadside,no,no,no,0,0,0,0,0,0,Pickup or Panel Truck,SANTA CLARA
9617121,2023-09-12,9,14,2,minor injury,0,1,automobile right of way,broadside,no,no,no,0,0,0,0,0,0,Pickup or Panel Truck,COLUSA
9617122,2023-08-19,8,10,6,minor injury,0,2,improper turning,broadside,no,no,no,0,0,0,0,0,0,Passenger Car/Station Wagon,SACRAMENTO
9617123,2023-08-21,8,9,1,possible injury,0,1,unsafe speed,rear end,no,no,no,0,0,0,0,0,0,Passenger Car/Station Wagon,ORANGE
9617124,2023-08-16,8,19,3,possible injury,0,1,unsafe lane change,broadside,no,no,yes,0,0,1,0,0,0,Motorcycle/Scooter,ORANGE
9617126,2023-08-16,8,18,3,minor injury,0,1,automobile right of way,overturned,no,no,yes,0,0,1,0,0,0,Pickup or Panel Truck,ORANGE
9617127,2023-08-16,8,13,3,possible injury,0,1,improper turning,sideswipe,no,no,no,0,0,0,0,0,0,Other Bus,ORANGE
9617130,2023-07-01,7,11,6,minor injury,0,1,unsafe lane change,sideswipe,no,yes,no,0,1,0,0,0,0,Other Vehicle,ORANGE
9617131,2023-09-05,9,20,2,possible injury,0,1,DUI,sideswipe,no,no,no,0,0,0,0,0,0,Passenger Car/Station Wagon,ORANGE
9617134,2023-08-05,8,12,6,possible injury,0,5,automobile right of way,broadside,no,no,no,0,0,0,0,0,0,Pickup or Panel Truck,ORANGE
9617138,2023-09-18,9,7,1,possible injury,0,1,unsafe starting or backing,broadside,no,no,no,0,0,0,0,0,0,Passenger Car/Station Wagon,ORANGE
9617142,2023-09-01,9,11,5,possible injury,0,1,unknown,rear end,no,no,no,0,0,0,0,0,0,Not Stated,ORANGE
9617144,2023-09-13,9,20,3,possible injury,0,3,following too closely,rear end,no,no,no,0,0,0,0,0,0,Pickup or Panel Truck,LOS ANGELES
9617145,2023-06-21,6,12,3,possible injury,0,1,following too closely,rear end,no,no,no,0,0,0,0,0,0,Passenger Car/Station Wagon,SAN FRANCISCO
9617147,2023-09-19,9,19,2,possible injury,0,1,unsafe speed,head-on,no,no,no,0,0,0,0,0,0,Pickup or Panel Truck,LOS ANGELES
9617152,2023-05-07,5,20,7,minor injury,0,1,DUI,broadside,no,no,no,0,0,0,0,0,0,Truck or Truck Tractor,SAN BERNARDINO
9617162,2023-07-07,7,9,5,minor injury,0,2,traffic signs,broadside,no,no,no,0,0,0,0,0,0,Pickup or Panel Truck,ORANGE
9617165,2023-08-20,8,12,7,minor injury,0,1,unsafe speed,rear end,no,no,no,0,0,0,0,0,0,Pickup or Panel Truck,SAN DIEGO
9617166,2023-08-14,8,10,1,minor injury,0,1,improper turning,rear end,no,no,no,0,0,0,0,0,0,Pickup or Panel Truck,ORANGE
9617169,2023-09-02,9,23,6,minor injury,0,2,unsafe speed,rear end,no,no,no,0,0,0,0,0,0,Pickup or Panel Truck,LOS ANGELES
9617175,2023-08-06,8,7,7,possible injury,0,1,traffic signs,broadside,no,no,no,0,0,0,0,0,0,Not Stated,LOS ANGELES
9617178,2023-08-18,8,13,5,possible injury,0,2,automobile right of way,broadside,no,no,yes,0,0,2,0,0,0,Pickup or Panel Truck,ORANGE
9617182,2023-08-20,8,16,7,possible injury,0,1,unsafe speed,hit object,no,no,no,0,0,0,0,0,0,Pickup or Panel Truck,ORANGE
9617183,2023-08-05,8,16,6,severe injury,0,2,traffic signs,broadside,no,no,no,0,0,0,0,0,0,Passenger Car/Station Wagon,LOS ANGELES
9617188,2023-06-07,6,20,3,minor injury,0,3,automobile right of way,broadside,no,no,no,0,0,0,0,0,0,Other Bus,SAN BERNARDINO
9617189,2023-09-15,9,19,5,possible injury,0,2,DUI,unknown,no,no,no,0,0,0,0,0,0,Pickup or Panel Truck,SANTA BARBARA
9617192,2023-08-18,8,7,5,possible injury,0,1,traffic signs,broadside,no,no,no,0,0,0,0,0,0,Pickup or Panel Truck with Trailer,SAN BERNARDINO
9617193,2023-09-07,9,19,4,minor injury,0,1,DUI,rear end,no,no,no,0,0,0,0,0,0,Pickup or Panel Truck,SANTA BARBARA
9617196,2023-04-27,4,12,4,severe injury,0,1,unsafe speed,rear end,no,no,no,0,0,0,0,0,0,Passenger Car/Station Wagon,MERCED
9617199,2023-08-04,8,10,5,minor injury,0,1,unsafe starting or backing,rear end,no,no,no,0,0,0,0,0,0,Truck or Truck Tractor,LOS ANGELES
9617200,2023-10-07,10,16,6,minor injury,0,1,wrong side of road,head-on,no,no,no,0,0,0,0,0,0,Pickup or Panel Truck,LOS ANGELES
9617201,2023-08-16,8,19,3,minor injury,0,1,pedestrian right of way,vehicle/pedestrian,yes,no,no,1,0,0,0,0,0,Passenger Car/Station Wagon,SANTA CLARA
9617202,2023-08-11,8,16,5,minor injury,0,1,traffic signs,broadside,no,no,no,0,0,0,0,0,0,Passenger Car/Station Wagon,SANTA CLARA
9617204,2023-08-12,8,12,6,possible injury,0,3,traffic signs,unknown,no,no,no,0,0,0,0,0,0,Not Stated,SANTA CLARA
9617213,2023-08-14,8,1,1,minor injury,0,1,improper turning,head-on,no,no,no,0,0,0,0,0,0,Not Stated,SANTA CLARA
9617214,2023-08-14,8,19,1,minor injury,0,1,other hazardous violation,sideswipe,no,yes,no,0,1,0,0,0,0,Not Stated,SANTA CLARA
9617215,2023-08-30,8,19,3,possible injury,0,2,unsafe starting or backing,rear end,no,no,no,0,0,0,0,0,0,Not Stated,SANTA CLARA
9617216,2023-08-15,8,10,2,possible injury,0,1,unknown,broadside,no,no,no,0,0,0,0,0,0,Not Stated,SANTA CLARA
9617217,2023-08-28,8,22,1,severe injury,0,2,unknown,vehicle/pedestrian,yes,no,no,1,0,0,0,0,0,Pedestrian,SANTA CLARA
9617218,2023-08-30,8,8,3,possible injury,0,1,following too closely,vehicle/pedestrian,yes,no,no,1,0,0,0,0,0,Not Stated,SANTA CLARA
9617219,2023-08-18,8,8,5,minor injury,0,2,automobile right of way,broadside,no,no,no,0,0,0,0,0,0,Not Stated,SANTA CLARA
9617220,2023-08-22,8,10,2,minor injury,0,1,traffic signs,broadside,no,no,no,0,0,0,0,0,0,Passenger Car/Station Wagon,SANTA CLARA
9617221,2023-08-17,8,16,4,possible injury,0,1,improper turning,broadside,no,no,yes,0,0,1,0,0,0,Not Stated,SANTA CLARA
9617222,2023-08-18,8,16,5,possible injury,0,1,unsafe lane change,broadside,no,no,no,0,0,0,0,0,0,Pickup or Panel Truck,SANTA CLARA
9617223,2023-08-14,8,17,1,possible injury,0,1,unsafe speed,rear end,no,no,no,0,0,0,0,0,0,Not Stated,SANTA CLARA
9617224,2023-08-15,8,16,2,minor injury,0,3,traffic signs,broadside,no,no,no,0,0,0,0,0,0,Not Stated,SANTA CLARA
9617225,2023-10-02,10,18,1,minor injury,0,2,traffic signs,broadside,yes,no,no,1,0,0,0,0,0,Passenger Car/Station Wagon,SAN DIEGO
9617226,2023-10-02,10,12,1,possible injury,0,1,traffic signs,broadside,no,no,no,0,0,0,0,0,0,Passenger Car/Station Wagon,SAN DIEGO
9617227,2023-10-03,10,15,2,minor injury,0,1,automobile right of way,broadside,no,no,no,0,0,0,0,0,0,Passenger Car/Station Wagon,SAN DIEGO
9617228,2023-10-02,10,7,1,possible injury,0,2,improper turning,overturned,no,no,no,0,0,0,0,0,0,Passenger Car/Station Wagon,SAN DIEGO
9617229,2023-10-01,10,2,7,possible injury,0,1,traffic signs,broadside,no,no,no,0,0,0,0,0,0,Not Stated,SAN DIEGO
9617230,2023-10-03,10,16,2,possible injury,0,1,automobile right of way,broadside,no,no,no,0,0,0,0,0,0,Passenger Car/Station Wagon,SAN DIEGO
9617231,2023-10-03,10,14,2,possible injury,0,2,unsafe speed,rear end,no,no,no,0,0,0,0,0,0,Passenger Car/Station Wagon,SAN DIEGO
9617232,2023-10-02,10,12,1,possible injury,0,1,unsafe speed,rear end,no,no,no,0,0,0,0,0,0,Passenger Car/Station Wagon,SAN DIEGO
9617233,2023-10-04,10,19,3,minor injury,0,1,unsafe lane change,sideswipe,no,no,no,0,0,0,0,0,0,Not Stated,SAN DIEGO
9617234,2023-10-03,10,16,2,minor injury,0,1,automobile right of way,head-on,no,no,no,0,0,0,0,0,0,Passenger Car/Station Wagon,SAN DIEGO
9617235,2023-10-04,10,13,3,possible injury,0,1,traffic signs,broadside,no,no,no,0,0,0,0,0,0,Passenger Car/Station Wagon,SAN DIEGO
9617236,2023-10-05,10,8,4,minor injury,0,2,automobile right of way,broadside,no,no,no,0,0,0,0,0,0,Passenger Car/Station Wagon,SAN DIEGO
9617237,2023-10-04,10,8,3,minor injury,0,1,traffic signs,broadside,no,yes,no,0,1,0,0,0,0,Passenger Car/Station Wagon,SAN DIEGO
9617238,2023-10-04,10,10,3,severe injury,0,1,improper turning,hit object,no,no,no,0,0,0,0,0,0,Passenger Car/Station Wagon,SAN DIEGO
9617239,2023-10-01,10,5,7,severe injury,0,1,traffic signs,head-on,yes,no,no,1,0,0,0,0,0,Not Stated,SANTA CLARA
9617240,2023-10-01,10,20,7,severe injury,0,1,pedestrian violation,vehicle/pedestrian,yes,no,no,1,0,0,0,0,0,Pedestrian,SANTA CLARA
9617241,2023-08-12,8,21,6,minor injury,0,1,wrong side of road,vehicle/pedestrian,no,yes,no,0,1,0,0,0,0,Bicycle,SANTA CLARA