CASE_ID,COLLISION_DATE,MONTH,HOUR,DAY_OF_WEEK,COLLISION_SEVERITY,NUMBER_KILLED,NUMBER_INJURED,PCF_VIOL_CATEGORY,TYPE_OF_COLLISION,PEDESTRIAN_ACCIDENT,BICYCLE_ACCIDENT,MOTORCYCLE_ACCIDENT,COUNT_PED_INJURED,COUNT_BICYCLIST_INJURED,COUNT_MC_INJURED,COUNT_PED_KILLED,COUNT_BICYCLIST_KILLED,COUNT_MC_KILLED,STWD_VEHTYPE_AT_FAULT,COUNTY
9618590,2023-11-07,11,22,2,possible injury,0,1,unsafe speed,rear end,no,no,no,0,0,0,0,0,0,Not Stated,SANTA CLARA
9618591,2023-11-02,11,19,4,possible injury,0,3,DUI,rear end,no,no,no,0,0,0,0,0,0,Pickup or Panel Truck,SANTA CLARA
9618592,2023-11-03,11,17,5,possible injury,0,1,automobile right of way,head-on,no,no,no,0,0,0,0,0,0,Passenger Car/Station Wagon,SANTA CLARA
9618593,2023-11-09,11,12,4,possible injury,0,1,unknown,broadside,no,no,yes,0,0,1,0,0,0,Motorcycle/Scooter,VENTURA
9618594,2023-11-09,11,14,4,possible injury,0,1,automobile right of way,broadside,no,no,no,0,0,0,0,0,0,Passenger Car/Station Wagon,VENTURA
9618595,2023-11-11,11,22,6,possible injury,0,1,unsafe speed,head-on,no,no,no,0,0,0,0,0,0,Passenger Car/Station Wagon,VENTURA
9618596,2023-11-12,11,17,7,possible injury,0,1,unsafe speed,sideswipe,no,no,no,0,0,0,0,0,0,Passenger Car/Station Wagon,VENTURA
9618597,2023-11-13,11,19,1,minor injury,0,1,unknown,rear end,no,no,no,0,0,0,0,0,0,Passenger Car/Station Wagon,VENTURA
9618598,2023-11-14,11,15,2,possible injury,0,1,automobile right of way,broadside,no,yes,no,0,0,0,0,0,0,Passenger Car/Station Wagon,VENTURA
9618599,2023-11-05,11,1,7,severe injury,0,1,pedestrian violation,vehicle/pedestrian,yes,no,no,1,0,0,0,0,0,Pedestrian,SANTA CLARA
9618600,2023-11-04,11,22,6,minor injury,0,1,traffic signs,broadside,no,no,no,0,0,0,0,0,0,Passenger Car/Station Wagon,SANTA CLARA
9618612,2023-10-13,10,8,5,minor injury,0,1,unsafe speed,vehicle/pedestrian,yes,no,no,1,0,0,0,0,0,Not Stated,SANTA CLARA
9618613,2023-10-14,10,10,6,possible injury,0,1,unsafe speed,rear end,no,no,no,0,0,0,0,0,0,Not Stated,SANTA CLARA
9618614,2023-10-12,10,20,4,possible injury,0,4,unsafe speed,rear end,no,no,no,0,0,0,0,0,0,Not Stated,SANTA CLARA
9618615,2023-10-11,10,17,3,possible injury,0,2,unsafe speed,rear end,no,no,no,0,0,0,0,0,0,Not Stated,SANTA CLARA
9618616,2023-10-12,10,15,4,possible injury,0,1,improper turning,rear end,no,yes,no,0,1,0,0,0,0,Not Stated,SANTA CLARA
9618617,2023-10-28,10,23,6,possible injury,0,1,traffic signs,broadside,no,no,no,0,0,0,0,0,0,Not Stated,SANTA CLARA
9618618,2023-10-16,10,15,1,minor injury,0,1,pedestrian right of way,vehicle/pedestrian,yes,no,no,1,0,0,0,0,0,Not Stated,SANTA CLARA
9618619,2023-10-11,10,15,3,minor injury,0,3,improper turning,sideswipe,no,no,no,0,0,0,0,0,0,Not Stated,SANTA CLARA
9618621,2023-10-21,10,13,6,possible injury,0,1,automobile right of way,unknown,no,no,no,0,0,0,0,0,0,Passenger Car/Station Wagon,SAN DIEGO
9618624,2023-10-07,10,19,6,possible injury,0,1,unsafe speed,rear end,no,no,no,0,0,0,0,0,0,Passenger Car/Station Wagon,ORANGE
9618625,2023-10-05,10,12,4,possible injury,0,4,automobile right of way,head-on,no,no,no,0,0,0,0,0,0,Passenger Car/Station Wagon,RIVERSIDE
9618626,2023-10-11,10,10,3,possible injury,0,2,automobile right of way,sideswipe,no,no,no,0,0,0,0,0,0,Not Stated,SANTA CLARA
9618628,2023-10-11,10,11,3,possible injury,0,1,traffic signs,head-on,no,no,no,0,0,0,0,0,0,Not Stated,SANTA CLARA
9618641,2023-10-31,10,16,2,possible injury,0,2,automobile right of way,broadside,no,no,no,0,0,0,0,0,0,Passenger Car/Station Wagon,VENTURA
9618642,2023-10-31,10,12,2,possible injury,0,2,traffic signs,head-on,no,no,no,0,0,0,0,0,0,Passenger Car/Station Wagon,VENTURA
9618643,2023-10-28,10,1,6,possible injury,0,1,automobile right of way,broadside,no,no,no,0,0,0,0,0,0,Passenger Car/Station Wagon,VENTURA
9618644,2023-10-31,10,20,2,possible injury,0,1,DUI,broadside,no,no,no,0,0,0,0,0,0,Passenger Car/Station Wagon,VENTURA
9618645,2023-10-28,10,10,6,possible injury,0,3,DUI,rear end,no,no,no,0,0,0,0,0,0,Passenger Car/Station Wagon,VENTURA
9618646,2023-10-27,10,18,5,possible injury,0,2,automobile right of way,broadside,no,no,no,0,0,0,0,0,0,Passenger Car/Station Wagon,VENTURA
9618647,2023-10-27,10,15,5,possible injury,0,2,automobile right of way,broadside,no,no,no,0,0,0,0,0,0,Passenger Car/Station Wagon,VENTURA
9618648,2023-10-26,10,7,4,possible injury,0,1,unsafe speed,broadside,no,no,no,0,0,0,0,0,0,Passenger Car/Station Wagon,VENTURA
9618649,2023-10-04,10,6,3,possible injury,0,1,pedestrian right of way,vehicle/pedestrian,yes,no,no,1,0,0,0,0,0,Not Stated,SANTA CLARA
9618650,2023-10-02,10,17,1,minor injury,0,2,unsafe speed,rear end,no,no,no,0,0,0,0,0,0,Not Stated,SANTA CLARA
9618651,2023-10-29,10,19,7,severe injury,0,2,unsafe speed,head-on,no,no,yes,0,0,1,0,0,0,Motorcycle/Scooter,SANTA CLARA
9618652,2023-10-02,10,8,1,possible injury,0,1,traffic signs,broadside,no,no,no,0,0,0,0,0,0,Not Stated,SANTA CLARA
9618653,2023-10-02,10,6,1,possible injury,0,3,traffic signs,sideswipe,no,no,no,0,0,0,0,0,0,Not Stated,SANTA CLARA
9618654,2023-10-01,10,20,7,possible injury,0,2,improper turning,sideswipe,no,no,no,0,0,0,0,0,0,Passenger Car/Station Wagon,SANTA CLARA
9618655,2023-10-25,10,23,3,minor injury,0,1,unsafe speed,hit object,no,no,no,0,0,0,0,0,0,Not Stated,SANTA CLARA
9618656,2023-10-21,10,23,6,possible injury,0,2,unsafe speed,sideswipe,no,no,no,0,0,0,0,0,0,Not Stated,SANTA CLARA
9618657,2023-10-28,10,1,6,severe injury,0,2,other hazardous violation,head-on,no,no,no,0,0,0,0,0,0,Other Vehicle,SANTA CLARA
9618658,2023-10-28,10,16,6,severe injury,0,4,automobile right of way,head-on,no,no,no,0,0,0,0,0,0,Passenger Car/Station Wagon,SANTA CLARA
9618659,2023-10-16,10,15,1,possible injury,0,1,pedestrian violation,vehicle/pedestrian,yes,no,no,1,0,0,0,0,0,Pedestrian,SANTA CLARA
9618660,2023-10-19,10,5,4,possible injury,0,1,unsafe speed,head-on,no,no,no,0,0,0,0,0,0,Not Stated,SANTA CLARA
9618672,2023-10-10,10,15,2,possible injury,0,1,improper turning,broadside,no,no,no,0,0,0,0,0,0,Not Stated,SANTA CLARA
9618689,2023-10-30,10,17,1,possible injury,0,1,unknown,unknown,no,no,no,0,0,0,0,0,0,Not Stated,MONTEREY
9618698,2023-10-22,10,5,7,severe injury,0,1,unknown,sideswipe,yes,no,no,1,0,0,0,0,0,Not Stated,MONTEREY
9618705,2023-10-04,10,9,3,possible injury,0,1,improper turning,sideswipe,no,no,no,0,0,0,0,0,0,Not Stated,MONTEREY
9618712,2023-11-12,11,10,7,possible injury,0,1,unknown,broadside,no,no,no,0,0,0,0,0,0,Not Stated,SAN DIEGO
9618713,2023-11-17,11,5,5,possible injury,0,1,traffic signs,broadside,no,no,no,0,0,0,0,0,0,Passenger Car/Station Wagon,SAN DIEGO
9618714,2023-11-15,11,11,3,possible injury,0,1,other hazardous violation,head-on,no,no,no,0,0,0,0,0,0,Passenger Car/Station Wagon,SAN DIEGO
9618715,2023-11-22,11,16,3,possible injury,0,1,traffic signs,head-on,no,no,no,0,0,0,0,0,0,Passenger Car/Station Wagon,SAN DIEGO
9618716,2023-11-22,11,14,3,possible injury,0,1,improper turning,vehicle/pedestrian,yes,no,no,1,0,0,0,0,0,Passenger Car/Station Wagon,SAN DIEGO
9618717,2023-11-23,11,19,4,minor injury,0,1,traffic signs,broadside,no,no,no,0,0,0,0,0,0,Not Stated,SAN DIEGO
9618718,2023-11-22,11,11,3,possible injury,0,1,other hazardous violation,vehicle/pedestrian,yes,no,no,1,0,0,0,0,0,Pedestrian,SAN DIEGO
9618719,2023-11-21,11,13,2,minor injury,0,1,improper turning,broadside,no,yes,no,0,1,0,0,0,0,Passenger Car/Station Wagon,SAN DIEGO
9618720,2023-11-16,11,17,4,severe injury,0,1,pedestrian right of way,vehicle/pedestrian,yes,no,no,1,0,0,0,0,0,Passenger Car/Station Wagon,TEHAMA
9618721,2023-10-26,10,8,4,severe injury,0,1,unsafe lane change,sideswipe,no,no,yes,0,0,1,0,0,0,Motorcycle/Scooter,LOS ANGELES
9618722,2023-10-28,10,17,6,minor injury,0,1,unknown,rear end,no,no,yes,0,0,1,0,0,0,Not Stated,LOS ANGELES
9618723,2023-10-27,10,13,5,severe injury,0,1,automobile right of way,broadside,no,no,yes,0,0,1,0,0,0,Pickup or Panel Truck,LOS ANGELES
9618724,2023-10-20,10,16,5,possible injury,0,1,automobile right of way,broadside,no,no,no,0,0,0,0,0,0,Passenger Car/Station Wagon,LOS ANGELES
9618725,2023-10-28,10,9,6,severe injury,0,1,unsafe speed,rear end,no,no,yes,0,0,0,0,0,0,Motorcycle/Scooter,LOS ANGELES
9618726,2023-10-25,10,21,3,minor injury,0,1,pedestrian right of way,unknown,no,yes,no,0,1,0,0,0,0,Passenger Car/Station Wagon,MONTEREY
9618727,2023-10-23,10,19,1,possible injury,0,1,automobile right of way,broadside,no,no,no,0,0,0,0,0,0,Passenger Car/Station Wagon,MONTEREY
9618728,2023-10-23,10,15,1,minor injury,0,1,pedestrian violation,vehicle/pedestrian,yes,no,no,1,0,0,0,0,0,Pedestrian,MONTEREY
9618729,2023-10-13,10,16,5,possible injury,0,1,unsafe starting or backing,vehicle/pedestrian,no,yes,no,0,1,0,0,0,0,Passenger Car/Station Wagon,MONTEREY
9618730,2023-10-13,10,15,5,possible injury,0,1,unsafe speed,other,no,no,no,0,0,0,0,0,0,Passenger Car/Station Wagon,MONTEREY
9618731,2023-10-13,10,8,5,possible injury,0,4,unsafe speed,rear end,no,no,no,0,0,0,0,0,0,Passenger Car/Station Wagon,MONTEREY
9618732,2023-10-12,10,7,4,possible injury,0,1,unsafe speed,broadside,no,no,no,0,0,0,0,0,0,Passenger Car/Station Wagon,MONTEREY
9618733,2023-10-11,10,7,3,severe injury,0,1,automobile right of way,vehicle/pedestrian,yes,no,no,1,0,0,0,0,0,Not Stated,MONTEREY
9618735,2023-10-01,10,22,7,possible injury,0,2,improper passing,sideswipe,no,no,no,0,0,0,0,0,0,Passenger Car/Station Wagon,MONTEREY
9618736,2023-10-01,10,20,7,minor injury,0,1,unknown,broadside,no,no,no,0,0,0,0,0,0,Not Stated,MONTEREY
9618737,2023-10-19,10,0,4,minor injury,0,1,improper turning,head-on,no,no,no,0,0,0,0,0,0,Passenger Car/Station Wagon,SANTA CLARA
9618738,2023-10-18,10,8,3,minor injury,0,1,improper turning,broadside,no,yes,no,0,1,0,0,0,0,Pickup or Panel Truck,SANTA CLARA
9618739,2023-10-18,10,6,3,possible injury,0,2,following too closely,rear end,no,no,no,0,0,0,0,0,0,Passenger Car/Station Wagon,SANTA CLARA
9618740,2023-10-16,10,16,1,minor injury,0,2,following too closely,rear end,no,no,no,0,0,0,0,0,0,Passenger Car/Station Wagon,SANTA CLARA
9618741,2023-11-25,11,13,6,possible injury,0,1,pedestrian violation,vehicle/pedestrian,no,no,no,0,0,0,0,0,0,Not Stated,SAN DIEGO
9618742,2023-11-26,11,4,7,minor injury,0,1,improper turning,overturned,no,no,no,0,0,0,0,0,0,Passenger Car/Station Wagon,SAN DIEGO
9618743,2023-11-25,11,17,6,possible injury,0,1,wrong side of road,broadside,no,no,no,0,0,0,0,0,0,Passenger Car/Station Wagon,SAN DIEGO
9618744,2023-11-25,11,8,6,minor injury,0,3,unsafe speed,rear end,no,no,no,0,0,0,0,0,0,Passenger Car/Station Wagon,SAN DIEGO
9618745,2023-11-25,11,17,6,possible injury,0,1,pedestrian right of way,vehicle/pedestrian,yes,no,no,1,0,0,0,0,0,Passenger Car/Station Wagon,SAN DIEGO
9618746,2023-11-25,11,20,6,possible injury,0,1,unknown,broadside,no,no,no,0,0,0,0,0,0,Not Stated,SAN DIEGO
9618747,2023-11-25,11,17,6,possible injury,0,1,improper turning,sideswipe,no,no,no,0,0,0,0,0,0,Pickup or Panel Truck,SAN DIEGO
9618748,2023-11-25,11,1,6,possible injury,0,1,automobile right of way,vehicle/pedestrian,yes,no,no,1,0,0,0,0,0,Passenger Car/Station Wagon,SAN DIEGO
9618749,2023-11-24,11,21,5,minor injury,0,1,unsafe lane change,sideswipe,no,no,no,0,0,0,0,0,0,Pickup or Panel Truck,SAN DIEGO
9618750,2023-11-23,11,14,4,minor injury,0,2,other improper driving,broadside,no,no,no,0,0,0,0,0,0,Passenger Car/Station Wagon,SAN DIEGO
9618751,2023-11-24,11,14,5,possible injury,0,1,unsafe speed,rear end,no,no,no,0,0,0,0,0,0,Passenger Car/Station Wagon,SAN DIEGO
9618752,2023-11-27,11,17,1,possible injury,0,1,other improper driving,other,no,yes,no,0,1,0,0,0,0,Bicycle,SAN DIEGO
9618753,2023-11-27,11,16,1,possible injury,0,1,unsafe speed,rear end,no,no,no,0,0,0,0,0,0,Not Stated,SAN DIEGO
9618754,2023-11-27,11,8,1,minor injury,0,1,unsafe lane change,broadside,no,no,no,0,0,0,0,0,0,Passenger Car/Station Wagon,SAN DIEGO
9618755,2023-11-27,11,7,1,possible injury,0,1,traffic signs,broadside,no,no,no,0,0,0,0,0,0,Passenger Car/Station Wagon,SAN DIEGO
9618756,2023-11-22,11,13,3,possible injury,0,1,traffic signs,broadside,no,no,no,0,0,0,0,0,0,Passenger Car/Station Wagon,SAN DIEGO
9618757,2023-11-26,11,12,7,minor injury,0,3,automobile right of way,broadside,no,no,no,0,0,0,0,0,0,Passenger Car/Station Wagon,SAN DIEGO
9618758,2023-11-26,11,20,7,possible injury,0,1,improper passing,broadside,no,yes,no,0,1,0,0,0,0,Other Vehicle,SAN DIEGO
9618759,2023-11-26,11,20,7,possible injury,0,2,traffic signs,broadside,no,no,no,0,0,0,0,0,0,Passenger Car/Station Wagon,SAN DIEGO
9618760,2023-11-20,11,15,1,minor injury,0,1,automobile right of way,broadside,no,yes,no,0,1,0,0,0,0,Pickup or Panel Truck,SAN DIEGO
9618761,2023-11-03,11,0,5,minor injury,0,1,DUI,rear end,no,no,no,0,0,0,0,0,0,Passenger Car/Station Wagon,LOS ANGELES
9618762,2023-11-02,11,8,4,minor injury,0,1,unsafe speed,head-on,no,no,no,0,0,0,0,0,0,Passenger Car/Station Wagon,LOS ANGELES
9618763,2023-11-10,11,22,5,possible injury,0,2,traffic signs,broadside,no,no,no,0,0,0,0,0,0,Not Stated,LOS ANGELES
9618764,2023-11-03,11,10,5,minor injury,0,1,pedestrian right of way,vehicle/pedestrian,yes,no,no,1,0,0,0,0,0,Not Stated,LOS ANGELES
9618765,2023-11-06,11,8,1,severe injury,0,1,pedestrian right of way,vehicle/pedestrian,yes,no,no,1,0,0,0,0,0,Passenger Car/Station Wagon,LOS ANGELES
9618766,2023-11-05,11,5,7,minor injury,0,1,unsafe speed,hit object,no,no,no,0,0,0,0,0,0,Passenger Car/Station Wagon,LOS ANGELES
9618767,2023-11-04,11,21,6,minor injury,0,1,automobile right of way,broadside,no,no,no,0,0,0,0,0,0,Not Stated,LOS ANGELES
9618768,2023-11-01,11,9,3,possible injury,0,1,automobile right of way,broadside,no,no,no,0,0,0,0,0,0,Not Stated,LOS ANGELES
9618769,2023-11-05,11,10,7,minor injury,0,1,automobile right of way,broadside,no,no,no,0,0,0,0,0,0,Not Stated,LOS ANGELES
9618770,2023-11-07,11,0,2,minor injury,0,3,automobile right of way,other,no,no,no,0,0,0,0,0,0,Passenger Car/Station Wagon,LOS ANGELES
9618771,2023-11-22,11,20,3,severe injury,0,1,pedestrian violation,vehicle/pedestrian,yes,no,no,1,0,0,0,0,0,Pedestrian,SAN DIEGO
9618772,2023-11-16,11,21,4,minor injury,0,2,traffic signs,broadside,no,no,no,0,0,0,0,0,0,Passenger Car/Station Wagon,SAN DIEGO
9618773,2023-11-12,11,15,7,minor injury,0,4,traffic signs,broadside,no,no,no,0,0,0,0,0,0,Passenger Car/Station Wagon,LOS ANGELES
9618774,2023-11-04,11,1,6,possible injury,0,1,DUI,sideswipe,yes,no,no,1,0,0,0,0,0,Passenger Car/Station Wagon,LOS ANGELES
9618775,2023-07-30,7,15,7,minor injury,0,1,improper turning,rear end,no,yes,no,0,1,0,0,0,0,Passenger Car/Station Wagon,YOLO
9618776,2023-07-31,7,4,1,minor injury,0,2,unsafe speed,hit object,no,no,no,0,0,0,0,0,0,Passenger Car/Station Wagon,SAN DIEGO
9618777,2023-07-19,7,9,3,possible injury,0,1,unknown,sideswipe,no,no,no,0,0,0,0,0,0,Passenger Car/Station Wagon,SAN DIEGO
9618778,2023-07-27,7,19,4,minor injury,0,1,unknown,sideswipe,yes,no,no,1,0,0,0,0,0,Pedestrian,SANTA CLARA
9618779,2023-06-24,6,12,6,minor injury,0,2,automobile right of way,rear end,no,no,no,0,0,0,0,0,0,Passenger Car/Station Wagon,LOS ANGELES
9618780,2023-06-09,6,23,5,possible injury,0,1,DUI,rear end,no,no,no,0,0,0,0,0,0,Passenger Car/Station Wagon,LOS ANGELES
9618781,2023-08-05,8,6,6,minor injury,0,1,DUI,sideswipe,no,no,no,0,0,0,0,0,0,Passenger Car/Station Wagon,LOS ANGELES
9618782,2023-08-28,8,22,1,minor injury,0,1,unsafe speed,hit object,no,no,no,0,0,0,0,0,0,Passenger Car/Station Wagon,SAN DIEGO
9618783,2023-08-17,8,11,4,possible injury,0,2,automobile right of way,broadside,no,no,no,0,0,0,0,0,0,Passenger Car/Station Wagon,SAN DIEGO
9618784,2023-08-29,8,15,2,possible injury,0,1,wrong side of road,head-on,no,yes,no,0,1,0,0,0,0,Bicycle,SAN DIEGO
9618785,2023-09-11,9,6,1,possible injury,0,1,automobile right of way,broadside,no,no,no,0,0,0,0,0,0,Other Bus,LOS ANGELES
9618786,2023-09-29,9,14,5,possible injury,0,2,unsafe speed,rear end,no,no,no,0,0,0,0,0,0,Passenger Car/Station Wagon,LOS ANGELES
9618787,2023-09-24,9,23,7,possible injury,0,2,improper turning,sideswipe,no,no,no,0,0,0,0,0,0,Passenger Car/Station Wagon,SAN DIEGO
9618788,2023-09-20,9,3,3,possible injury,0,1,unsafe speed,broadside,no,no,no,0,0,0,0,0,0,Passenger Car/Station Wagon,SAN DIEGO
9618789,2023-09-29,9,15,5,possible injury,0,1,automobile right of way,head-on,no,no,no,0,0,0,0,0,0,Passenger Car/Station Wagon,SANTA CLARA
9618812,2023-10-05,10,16,4,possible injury,0,1,unsafe speed,hit object,no,no,no,0,0,0,0,0,0,Passenger Car/Station Wagon,SANTA CLARA
9618813,2023-10-18,10,17,3,minor injury,0,1,unknown,head-on,no,no,no,0,0,0,0,0,0,Passenger Car/Station Wagon,SANTA CLARA
9618814,2023-10-19,10,8,4,possible injury,0,2,traffic signs,sideswipe,no,no,no,0,0,0,0,0,0,Passenger Car/Station Wagon,SANTA CLARA
9618815,2023-10-17,10,16,2,possible injury,0,1,automobile right of way,sideswipe,no,no,no,0,0,0,0,0,0,Pickup or Panel Truck,SANTA CLARA
9618816,2023-10-19,10,9,4,minor injury,0,2,unsafe speed,rear end,no,no,no,0,0,0,0,0,0,Passenger Car/Station Wagon,SANTA CLARA
9618817,2023-10-07,10,8,6,minor injury,0,1,automobile right of way,vehicle/pedestrian,yes,no,no,1,0,0,0,0,0,Passenger Car/Station Wagon,SANTA CLARA
9618818,2023-10-04,10,10,3,possible injury,0,1,traffic signs,broadside,no,no,no,0,0,0,0,0,0,Passenger Car/Station Wagon,SANTA CLARA
9618819,2023-10-05,10,8,4,possible injury,0,2,traffic signs,rear end,no,no,no,0,0,0,0,0,0,Passenger Car/Station Wagon,SANTA CLARA
9618843,2023-05-30,5,11,2,possible injury,0,2,unsafe speed,rear end,no,no,no,0,0,0,0,0,0,Truck or Truck Tractor,LOS ANGELES
9618856,2023-03-28,3,15,2,possible injury,0,1,improper turning,sideswipe,no,no,no,0,0,0,0,0,0,Passenger Car/Station Wagon,LOS ANGELES
9618872,2023-02-04,2,13,6,minor injury,0,2,automobile right of way,broadside,no,no,no,0,0,0,0,0,0,Not Stated,LOS ANGELES
9618875,2023-07-06,7,17,4,minor injury,0,1,pedestrian violation,vehicle/pedestrian,yes,no,no,1,0,0,0,0,0,Pedestrian,LOS ANGELES
9618879,2023-07-05,7,8,3,possible injury,0,1,automobile right of way,broadside,no,no,no,0,0,0,0,0,0,Passenger Car/Station Wagon,LOS ANGELES
9618881,2023-10-05,10,17,4,minor injury,0,1,improper turning,broadside,no,no,no,0,0,0,0,0,0,Passenger Car/Station Wagon,LOS ANGELES
9618882,2023-10-28,10,13,6,possible injury,0,1,automobile right of way,broadside,no,no,no,0,0,0,0,0,0,Pickup or Panel Truck,LOS ANGELES
9618883,2023-10-24,10,18,2,severe injury,0,1,unsafe speed,rear end,no,no,no,0,0,0,0,0,0,Passenger Car/Station Wagon,LOS ANGELES
9618884,2023-10-20,10,22,5,minor injury,0,1,unsafe speed,sideswipe,no,no,no,0,0,0,0,0,0,Pickup or Panel Truck,LOS ANGELES
9618889,2023-08-09,8,19,3,minor injury,0,1,unsafe speed,rear end,no,no,no,0,0,0,0,0,0,Pickup or Panel Truck,LOS ANGELES
9618890,2023-10-30,10,16,1,possible injury,0,1,following too closely,rear end,no,no,no,0,0,0,0,0,0,Passenger Car/Station Wagon,LOS ANGELES
9618892,2023-11-29,11,15,3,minor injury,0,2,unsafe lane change,sideswipe,no,no,no,0,0,0,0,0,0,Passenger Car/Station Wagon,SAN DIEGO
9618897,2023-09-20,9,8,3,severe injury,0,1,unknown,sideswipe,no,yes,no,0,1,0,0,0,0,Not Stated,LOS ANGELES
9618898,2023-10-30,10,16,1,minor injury,0,1,pedestrian right of way,vehicle/pedestrian,yes,no,no,1,0,0,0,0,0,Truck or Truck Tractor,LOS ANGELES
9618900,2023-11-23,11,21,4,minor injury,0,3,traffic signs,broadside,no,no,no,0,0,0,0,0,0,Pickup or Panel Truck,LOS ANGELES
9618901,2023-10-30,10,5,1,minor injury,0,1,improper turning,sideswipe,no,no,no,0,0,0,0,0,0,Passenger Car/Station Wagon,LOS ANGELES
9618902,2023-11-02,11,13,4,possible injury,0,2,unknown,broadside,no,no,no,0,0,0,0,0,0,Not Stated,LOS ANGELES
9618903,2023-10-19,10,17,4,minor injury,0,1,improper turning,sideswipe,no,no,no,0,0,0,0,0,0,Passenger Car/Station Wagon,SAN BERNARDINO
9618904,2023-10-18,10,14,3,possible injury,0,1,improper turning,rear end,no,no,no,0,0,0,0,0,0,Passenger Car/Station Wagon,SAN BERNARDINO
9618905,2023-10-23,10,19,1,severe injury,0,2,unsafe speed,rear end,no,no,no,0,0,0,0,0,0,Pickup or Panel Truck,LOS ANGELES
9618907,2023-10-19,10,3,4,minor injury,0,1,traffic signs,broadside,no,no,no,0,0,0,0,0,0,Passenger Car/Station Wagon,SAN BERNARDINO
9618908,2023-10-23,10,12,1,possible injury,0,1,unknown,broadside,no,no,no,0,0,0,0,0,0,Not Stated,SAN BERNARDINO
9618912,2023-10-26,10,13,4,minor injury,0,1,pedestrian right of way,vehicle/pedestrian,yes,no,no,1,0,0,0,0,0,Pickup or Panel Truck,CONTRA COSTA
9618918,2023-11-19,11,20,7,minor injury,0,1,improper turning,rear end,no,no,no,0,0,0,0,0,0,Passenger Car/Station Wagon,ORANGE
9618926,2023-11-12,11,6,7,possible injury,0,1,DUI,hit object,no,no,no,0,0,0,0,0,0,Pickup or Panel Truck,ORANGE
9618930,2023-10-28,10,10,6,possible injury,0,2,traffic signs,broadside,no,no,no,0,0,0,0,0,0,Passenger Car/Station Wagon,ORANGE
9618942,2023-04-01,4,12,6,possible injury,0,1,other than driver or pedestrian,hit object,no,no,no,0,0,0,0,0,0,Not Stated,ORANGE
9618946,2023-11-15,11,15,3,possible injury,0,2,unsafe speed,rear end,no,no,no,0,0,0,0,0,0,Truck or Truck Tractor,ORANGE
9618954,2023-11-01,11,12,3,possible injury,0,2,unsafe speed,rear end,no,no,no,0,0,0,0,0,0,Passenger Car/Station Wagon,FRESNO
9618955,2023-07-11,7,16,2,minor injury,0,2,improper turning,sideswipe,no,no,no,0,0,0,0,0,0,Passenger Car/Station Wagon,LOS ANGELES
9618957,2023-10-26,10,16,4,possible injury,0,2,following too closely,rear end,no,no,no,0,0,0,0,0,0,Pickup or Panel Truck,LOS ANGELES
9618958,2023-10-28,10,14,6,minor injury,0,1,unsafe speed,rear end,no,no,no,0,0,0,0,0,0,Passenger Car/Station Wagon,FRESNO
9618964,2023-11-30,11,0,4,minor injury,0,1,unsafe speed,rear end,no,no,no,0,0,0,0,0,0,Passenger Car/Station Wagon,LOS ANGELES
9618967,2023-09-07,9,12,4,minor injury,0,1,improper turning,sideswipe,yes,no,no,1,0,0,0,0,0,Passenger Car/Station Wagon,ALAMEDA
9618970,2023-10-30,10,10,1,possible injury,0,1,improper turning,broadside,no,no,no,0,0,0,0,0,0,Passenger Car/Station Wagon,ALAMEDA
9618974,2023-10-02,10,14,1,possible injury,0,1,unknown,broadside,no,no,no,0,0,0,0,0,0,Not Stated,ALAMEDA
9618976,2023-09-05,9,20,2,minor injury,0,1,unsafe starting or backing,hit object,no,no,no,0,0,0,0,0,0,Pickup or Panel Truck,ALAMEDA
9618977,2023-09-06,9,17,3,possible injury,0,2,unsafe speed,rear end,no,no,no,0,0,0,0,0,0,Truck or Truck Tractor,ALAMEDA
9618982,2023-11-06,11,19,1,minor injury,0,1,automobile right of way,head-on,no,no,no,0,0,0,0,0,0,Pickup or Panel Truck,KERN
9618985,2023-11-16,11,14,4,minor injury,0,3,automobile right of way,broadside,no,no,no,0,0,0,0,0,0,Passenger Car/Station Wagon,YOLO
9618986,2023-11-17,11,15,5,minor injury,0,2,automobile right of way,broadside,no,no,no,0,0,0,0,0,0,Pickup or Panel Truck,KERN
9618987,2023-10-20,10,21,5,possible injury,0,1,unsafe speed,broadside,no,no,no,0,0,0,0,0,0,Passenger Car/Station Wagon,LOS ANGELES
9618992,2023-02-14,2,7,2,minor injury,0,1,pedestrian right of way,vehicle/pedestrian,yes,no,no,1,0,0,0,0,0,Pickup or Panel Truck,LOS ANGELES
9618998,2023-11-25,11,11,6,minor injury,0,1,traffic signs,broadside,no,no,no,0,0,0,0,0,0,Passenger Car/Station Wagon,ORANGE
9619012,2023-10-23,10,15,1,severe injury,0,1,wrong side of road,other,no,yes,no,0,1,0,0,0,0,Bicycle,SANTA CLARA
9619015,2023-11-24,11,15,5,minor injury,0,2,automobile right of way,head-on,no,no,no,0,0,0,0,0,0,Passenger Car/Station Wagon,VENTURA
9619016,2023-11-20,11,19,1,minor injury,0,1,unsafe speed,rear end,no,no,no,0,0,0,0,0,0,Not Stated,SANTA CLARA
9619017,2023-11-13,11,12,1,minor injury,0,1,automobile right of way,broadside,no,no,no,0,0,0,0,0,0,Passenger Car/Station Wagon,ALAMEDA
9619020,2023-11-29,11,21,3,possible injury,0,2,traffic signs,broadside,no,no,no,0,0,0,0,0,0,Not Stated,SANTA CLARA