CASE_ID,COLLISION_DATE,MONTH,HOUR,DAY_OF_WEEK,COLLISION_SEVERITY,NUMBER_KILLED,NUMBER_INJURED,PCF_VIOL_CATEGORY,TYPE_OF_COLLISION,PEDESTRIAN_ACCIDENT,BICYCLE_ACCIDENT,MOTORCYCLE_ACCIDENT,COUNT_PED_INJURED,COUNT_BICYCLIST_INJURED,COUNT_MC_INJURED,COUNT_PED_KILLED,COUNT_BICYCLIST_KILLED,COUNT_MC_KILLED,STWD_VEHTYPE_AT_FAULT,COUNTY
9620329,2023-08-29,8,6,2,possible injury,0,2,automobile right of way,head-on,no,no,no,0,0,0,0,0,0,Passenger Car/Station Wagon,STANISLAUS
9620334,2023-08-14,8,6,1,possible injury,0,1,improper turning,head-on,no,no,no,0,0,0,0,0,0,Passenger Car/Station Wagon,LOS ANGELES
9620341,2023-09-20,9,20,3,possible injury,0,1,DUI,rear end,no,no,no,0,0,0,0,0,0,Passenger Car/Station Wagon,LOS ANGELES
9620342,2023-09-22,9,19,5,possible injury,0,2,improper turning,overturned,no,no,no,0,0,0,0,0,0,Passenger Car/Station Wagon,LOS ANGELES
9620343,2023-09-23,9,17,6,possible injury,0,2,traffic signs,broadside,no,no,no,0,0,0,0,0,0,Passenger Car/Station Wagon,LOS ANGELES
9620344,2023-09-25,9,8,1,possible injury,0,1,unknown,broadside,no,yes,no,0,1,0,0,0,0,Not Stated,LOS ANGELES
9620345,2023-09-07,9,19,4,minor injury,0,1,improper turning,broadside,no,yes,no,0,1,0,0,0,0,Passenger Car/Station Wagon,SACRAMENTO
9620346,2023-09-05,9,13,2,minor injury,0,2,automobile right of way,rear end,no,no,no,0,0,0,0,0,0,Passenger Car/Station Wagon,SACRAMENTO
9620347,2023-09-05,9,8,2,minor injury,0,1,traffic signs,hit object,no,no,no,0,0,0,0,0,0,Passenger Car/Station Wagon,SACRAMENTO
9620348,2023-09-12,9,8,2,possible injury,0,1,wrong side of road,broadside,no,yes,no,0,1,0,0,0,0,Bicycle,SACRAMENTO
9620349,2023-09-11,9,16,1,possible injury,0,1,unsafe speed,rear end,no,no,no,0,0,0,0,0,0,Passenger Car/Station Wagon,SACRAMENTO
9620350,2023-09-12,9,20,2,severe injury,0,2,traffic signs,broadside,no,no,no,0,0,0,0,0,0,Not Stated,SACRAMENTO
9620351,2023-09-16,9,20,6,possible injury,0,1,traffic signs,broadside,no,no,no,0,0,0,0,0,0,Passenger Car/Station Wagon,SACRAMENTO
9620352,2023-09-06,9,23,3,minor injury,0,1,DUI,broadside,no,no,no,0,0,0,0,0,0,Passenger Car/Station Wagon,SACRAMENTO
9620353,2023-09-22,9,15,5,possible injury,0,1,DUI,rear end,no,no,no,0,0,0,0,0,0,Passenger Car/Station Wagon,SAN DIEGO
9620355,2023-09-20,9,8,3,possible injury,0,1,automobile right of way,broadside,no,no,no,0,0,0,0,0,0,Passenger Car/Station Wagon,PLACER
9620356,2023-09-13,9,7,3,minor injury,0,1,unsafe speed,hit object,no,no,no,0,0,0,0,0,0,Passenger Car/Station Wagon,PLACER
9620357,2023-09-26,9,19,2,possible injury,0,2,traffic signs,head-on,no,no,no,0,0,0,0,0,0,Not Stated,SANTA CLARA
9620358,2023-09-08,9,18,5,possible injury,0,1,automobile right of way,sideswipe,no,no,no,0,0,0,0,0,0,Passenger Car/Station Wagon,SANTA CLARA
9620359,2023-09-18,9,17,1,severe injury,0,2,unsafe speed,rear end,no,no,no,0,0,0,0,0,0,Passenger Car/Station Wagon,MARIN
9620360,2023-09-02,9,12,6,severe injury,0,1,unsafe speed,other,no,yes,no,0,1,0,0,0,0,Passenger Car/Station Wagon,MARIN
9620361,2023-09-14,9,15,4,minor injury,0,1,other hazardous violation,other,no,yes,no,0,1,0,0,0,0,Passenger Car/Station Wagon,MARIN
9620362,2023-09-16,9,14,6,possible injury,0,1,unsafe speed,other,no,yes,no,0,1,0,0,0,0,Bicycle,MARIN
9620363,2023-09-14,9,15,4,minor injury,0,2,unsafe speed,rear end,no,no,no,0,0,0,0,0,0,Pickup or Panel Truck,MARIN
9620364,2023-09-11,9,18,1,minor injury,0,1,improper turning,hit object,no,no,no,0,0,0,0,0,0,Passenger Car/Station Wagon,MARIN
9620365,2023-09-14,9,19,4,minor injury,0,1,unsafe starting or backing,hit object,no,no,no,0,0,0,0,0,0,Passenger Car/Station Wagon,MARIN
9620366,2023-09-13,9,8,3,minor injury,0,1,unknown,other,no,yes,no,0,1,0,0,0,0,Passenger Car/Station Wagon,MARIN
9620367,2023-09-11,9,19,1,minor injury,0,1,automobile right of way,broadside,no,no,no,0,0,0,0,0,0,Passenger Car/Station Wagon,SANTA CLARA
9620368,2023-09-11,9,16,1,possible injury,0,1,wrong side of road,broadside,no,yes,no,0,1,0,0,0,0,Bicycle,SANTA CLARA
9620369,2023-09-07,9,16,4,minor injury,0,1,improper turning,broadside,no,yes,no,0,1,0,0,0,0,Passenger Car/Station Wagon,SANTA CLARA
9620370,2023-09-06,9,20,3,minor injury,0,1,traffic signs,broadside,no,yes,no,0,1,0,0,0,0,Bicycle,SANTA CLARA
9620371,2023-09-10,9,18,7,minor injury,0,1,unsafe speed,rear end,no,no,no,0,0,0,0,0,0,Passenger Car/Station Wagon,SANTA CLARA
9620372,2023-09-19,9,8,2,minor injury,0,1,automobile right of way,broadside,no,yes,no,0,1,0,0,0,0,Bicycle,SANTA CLARA
9620373,2023-09-29,9,14,5,possible injury,0,2,automobile right of way,broadside,no,no,no,0,0,0,0,0,0,Passenger Car/Station Wagon,LOS ANGELES
9620374,2023-09-23,9,11,6,possible injury,0,1,automobile right of way,broadside,no,no,no,0,0,0,0,0,0,Passenger Car/Station Wagon,LOS ANGELES
9620375,2023-09-12,9,22,2,severe injury,0,2,wrong side of road,head-on,no,no,no,0,0,0,0,0,0,Passenger Car/Station Wagon,LOS ANGELES
9620376,2023-09-04,9,14,1,minor injury,0,1,automobile right of way,broadside,no,no,no,0,0,0,0,0,0,Passenger Car/Station Wagon,LOS ANGELES
9620377,2023-09-25,9,13,1,minor injury,0,2,improper turning,sideswipe,no,no,no,0,0,0,0,0,0,Passenger Car/Station Wagon,CONTRA COSTA
9620378,2023-09-21,9,14,4,minor injury,0,1,traffic signs,broadside,no,yes,no,0,1,0,0,0,0,Bicycle,CONTRA COSTA
9620379,2023-09-22,9,14,5,minor injury,0,2,improper turning,hit object,no,no,no,0,0,0,0,0,0,Passenger Car/Station Wagon,CONTRA COSTA
9620380,2023-09-05,9,18,2,possible injury,0,2,traffic signs,broadside,no,no,no,0,0,0,0,0,0,Passenger Car/Station Wagon,CONTRA COSTA
9620401,2023-09-28,9,8,4,possible injury,0,2,automobile right of way,sideswipe,no,no,no,0,0,0,0,0,0,Not Stated,TULARE
9620402,2023-09-28,9,22,4,minor injury,0,1,DUI,hit object,no,no,no,0,0,0,0,0,0,Passenger Car/Station Wagon,TULARE
9620403,2023-09-25,9,15,1,minor injury,0,1,automobile right of way,sideswipe,no,no,yes,0,0,1,0,0,0,Passenger Car/Station Wagon,TULARE
9620404,2023-09-21,9,22,4,possible injury,0,1,improper turning,broadside,no,no,no,0,0,0,0,0,0,Passenger Car/Station Wagon,LOS ANGELES
9620405,2023-09-19,9,7,2,possible injury,0,1,automobile right of way,broadside,no,no,no,0,0,0,0,0,0,Passenger Car/Station Wagon,LOS ANGELES
9620406,2023-09-07,9,7,4,possible injury,0,1,other hazardous violation,broadside,no,no,yes,0,0,1,0,0,0,Motorcycle/Scooter,LOS ANGELES
9620407,2023-09-15,9,14,5,possible injury,0,2,unsafe speed,rear end,no,no,no,0,0,0,0,0,0,Passenger Car/Station Wagon,SUTTER
9620408,2023-09-18,9,8,1,possible injury,0,1,traffic signs,vehicle/pedestrian,no,yes,no,0,1,0,0,0,0,Passenger Car/Station Wagon,SUTTER
9620409,2023-09-25,9,14,1,possible injury,0,2,traffic signs,broadside,no,no,no,0,0,0,0,0,0,Passenger Car/Station Wagon,MARIN
9620410,2023-09-22,9,16,5,possible injury,0,2,DUI,broadside,no,no,no,0,0,0,0,0,0,Passenger Car/Station Wagon,MARIN
9620411,2023-09-22,9,13,5,possible injury,0,1,following too closely,unknown,no,no,no,0,0,0,0,0,0,Passenger Car/Station Wagon,MARIN
9620412,2023-09-19,9,17,2,minor injury,0,1,unsafe speed,unknown,no,yes,no,0,1,0,0,0,0,Bicycle,MARIN
9620413,2023-09-22,9,19,5,severe injury,0,1,unsafe lane change,sideswipe,no,no,yes,0,0,1,0,0,0,Motorcycle/Scooter,IMPERIAL
9620414,2023-09-20,9,16,3,minor injury,0,1,automobile right of way,broadside,no,no,no,0,0,0,0,0,0,Passenger Car/Station Wagon,IMPERIAL
9620415,2023-09-22,9,8,5,minor injury,0,1,improper turning,broadside,no,no,no,0,0,0,0,0,0,Passenger Car/Station Wagon,IMPERIAL
9620416,2023-09-23,9,18,6,minor injury,0,3,unsafe speed,rear end,no,no,no,0,0,0,0,0,0,Passenger Car/Station Wagon,IMPERIAL
9620417,2023-09-24,9,18,7,possible injury,0,7,DUI,rear end,no,no,no,0,0,0,0,0,0,Passenger Car/Station Wagon,IMPERIAL
9620418,2023-09-25,9,18,1,minor injury,0,1,automobile right of way,broadside,no,no,no,0,0,0,0,0,0,Passenger Car/Station Wagon,IMPERIAL
9620419,2023-09-10,9,12,7,severe injury,0,1,other hazardous violation,vehicle/pedestrian,no,yes,no,0,1,0,0,0,0,Not Stated,IMPERIAL
9620420,2023-09-29,9,19,5,minor injury,0,4,automobile right of way,head-on,no,no,no,0,0,0,0,0,0,Passenger Car/Station Wagon,IMPERIAL
9620421,2023-09-25,9,7,1,minor injury,0,1,pedestrian right of way,vehicle/pedestrian,yes,no,no,1,0,0,0,0,0,Passenger Car/Station Wagon,IMPERIAL
9620422,2023-09-25,9,8,1,minor injury,0,2,automobile right of way,unknown,no,no,no,0,0,0,0,0,0,Passenger Car/Station Wagon,IMPERIAL
9620423,2023-09-27,9,7,3,minor injury,0,1,pedestrian right of way,vehicle/pedestrian,yes,no,no,1,0,0,0,0,0,Passenger Car/Station Wagon,IMPERIAL
9620424,2023-09-03,9,10,7,minor injury,0,1,automobile right of way,broadside,no,no,no,0,0,0,0,0,0,Passenger Car/Station Wagon,IMPERIAL
9620425,2023-09-16,9,0,6,severe injury,0,2,DUI,broadside,no,no,no,0,0,0,0,0,0,Passenger Car/Station Wagon,IMPERIAL
9620426,2023-09-18,9,7,1,minor injury,0,1,automobile right of way,broadside,no,no,no,0,0,0,0,0,0,Passenger Car/Station Wagon,IMPERIAL
9620427,2023-09-08,9,18,5,possible injury,0,1,unsafe speed,rear end,no,no,no,0,0,0,0,0,0,Passenger Car/Station Wagon,IMPERIAL
9620428,2023-09-21,9,13,4,minor injury,0,1,wrong side of road,broadside,no,yes,no,0,1,0,0,0,0,Bicycle,LOS ANGELES
9620429,2023-09-23,9,14,6,minor injury,0,1,improper turning,hit object,no,no,no,0,0,0,0,0,0,Passenger Car/Station Wagon,LOS ANGELES
9620430,2023-09-23,9,16,6,minor injury,0,1,improper turning,rear end,no,no,no,0,0,0,0,0,0,Passenger Car/Station Wagon,LOS ANGELES
9620431,2023-09-26,9,2,2,possible injury,0,1,improper turning,sideswipe,no,no,yes,0,0,1,0,0,0,Motorcycle/Scooter,LOS ANGELES
9620432,2023-09-14,9,15,4,possible injury,0,2,automobile right of way,broadside,no,no,no,0,0,0,0,0,0,Passenger Car/Station Wagon,LOS ANGELES
9620433,2023-09-05,9,12,2,possible injury,0,2,traffic signs,broadside,no,no,no,0,0,0,0,0,0,Passenger Car/Station Wagon,LOS ANGELES
9620434,2023-09-30,9,12,6,possible injury,0,1,automobile right of way,broadside,no,no,no,0,0,0,0,0,0,Passenger Car/Station Wagon,YOLO
9620435,2023-09-16,9,8,6,minor injury,0,1,automobile right of way,vehicle/pedestrian,yes,no,no,1,0,0,0,0,0,Passenger Car/Station Wagon,YOLO
9620436,2023-09-09,9,15,6,possible injury,0,1,following too closely,rear end,no,no,no,0,0,0,0,0,0,Passenger Car/Station Wagon,YOLO
9620437,2023-09-27,9,11,3,minor injury,0,2,automobile right of way,head-on,no,no,no,0,0,0,0,0,0,Passenger Car/Station Wagon,YOLO
9620438,2023-09-22,9,14,5,possible injury,0,2,traffic signs,head-on,no,no,no,0,0,0,0,0,0,Passenger Car/Station Wagon,YOLO
9620439,2023-09-06,9,2,3,severe injury,0,1,unsafe speed,hit object,no,no,no,0,0,0,0,0,0,Passenger Car/Station Wagon,YOLO
9620440,2023-09-13,9,20,3,minor injury,0,1,traffic signs,broadside,no,yes,no,0,1,0,0,0,0,Bicycle,SUTTER
9620441,2023-09-12,9,19,2,severe injury,0,1,improper turning,head-on,no,no,yes,0,0,1,0,0,0,Motorcycle/Scooter,SUTTER
9620442,2023-09-20,9,8,3,severe injury,0,1,automobile right of way,broadside,no,yes,no,0,1,0,0,0,0,Bicycle,SOLANO
9620443,2023-09-27,9,9,3,minor injury,0,1,traffic signs,sideswipe,no,yes,no,0,1,0,0,0,0,Bicycle,SOLANO
9620444,2023-09-28,9,7,4,possible injury,0,1,pedestrian violation,vehicle/pedestrian,yes,no,no,1,0,0,0,0,0,Pedestrian,SOLANO
9620445,2023-09-18,9,8,1,possible injury,0,3,improper turning,broadside,no,no,no,0,0,0,0,0,0,Passenger Car/Station Wagon,SAN BERNARDINO
9620446,2023-09-25,9,17,1,minor injury,0,2,traffic signs,broadside,no,no,no,0,0,0,0,0,0,Passenger Car/Station Wagon,SAN BERNARDINO
9620447,2023-09-11,9,14,1,minor injury,0,1,unsafe speed,rear end,no,no,yes,0,0,1,0,0,0,Motorcycle/Scooter,ORANGE
9620448,2023-09-21,9,6,4,possible injury,0,1,unsafe speed,rear end,no,no,no,0,0,0,0,0,0,Passenger Car/Station Wagon,ORANGE
9620449,2023-09-07,9,18,4,minor injury,0,1,traffic signs,broadside,no,yes,no,0,1,0,0,0,0,Passenger Car/Station Wagon,ORANGE
9620450,2023-09-10,9,18,7,severe injury,0,1,automobile right of way,vehicle/pedestrian,no,yes,no,0,1,0,0,0,0,Bicycle,LOS ANGELES
9620451,2023-09-14,9,4,4,minor injury,0,1,automobile right of way,sideswipe,no,no,no,0,0,0,0,0,0,Passenger Car/Station Wagon,LOS ANGELES
9620452,2023-09-19,9,14,2,possible injury,0,1,automobile right of way,broadside,no,no,no,0,0,0,0,0,0,Passenger Car/Station Wagon,LOS ANGELES
9620453,2023-09-16,9,19,6,severe injury,0,1,unknown,broadside,no,no,yes,0,0,1,0,0,0,Not Stated,LOS ANGELES
9620454,2023-09-15,9,16,5,possible injury,0,1,automobile right of way,other,no,yes,no,0,1,0,0,0,0,Passenger Car/Station Wagon,PLACER
9620455,2023-09-14,9,22,4,possible injury,0,2,following too closely,rear end,no,no,no,0,0,0,0,0,0,Passenger Car/Station Wagon,SAN DIEGO
9620456,2023-09-26,9,19,2,possible injury,0,1,unknown,broadside,no,yes,no,0,1,0,0,0,0,Pickup or Panel Truck,SAN DIEGO
9620457,2023-09-09,9,2,6,severe injury,0,2,DUI,rear end,no,no,yes,0,0,1,0,0,0,Passenger Car/Station Wagon,SAN DIEGO
9620458,2023-09-22,9,18,5,minor injury,0,1,other than driver or pedestrian,hit object,no,no,yes,0,0,1,0,0,0,Not Stated,SAN DIEGO
9620459,2023-09-21,9,17,4,minor injury,0,1,improper turning,sideswipe,no,yes,no,0,1,0,0,0,0,Bicycle,SAN DIEGO
9620460,2023-09-23,9,18,6,minor injury,0,1,unsafe speed,overturned,no,no,yes,0,0,1,0,0,0,Motorcycle/Scooter,SAN DIEGO
9620523,2023-09-13,9,11,3,possible injury,0,1,traffic signs,broadside,no,yes,no,0,1,0,0,0,0,Bicycle,STANISLAUS
9620524,2023-09-14,9,10,4,possible injury,0,2,traffic signs,broadside,no,no,no,0,0,0,0,0,0,Passenger Car/Station Wagon,STANISLAUS
9620525,2023-09-16,9,5,6,possible injury,0,1,unsafe starting or backing,broadside,no,no,no,0,0,0,0,0,0,Passenger Car/Station Wagon,STANISLAUS
9620527,2023-09-12,9,18,2,possible injury,0,2,unsafe speed,rear end,no,no,no,0,0,0,0,0,0,Passenger Car/Station Wagon,STANISLAUS
9620545,2023-09-21,9,20,4,possible injury,0,1,traffic signs,rear end,no,no,no,0,0,0,0,0,0,Passenger Car/Station Wagon,LOS ANGELES
9620554,2023-09-26,9,19,2,possible injury,0,1,automobile right of way,broadside,no,no,no,0,0,0,0,0,0,Passenger Car/Station Wagon,LOS ANGELES
9620561,2023-09-12,9,14,2,minor injury,0,1,unsafe speed,rear end,no,no,no,0,0,0,0,0,0,Passenger Car/Station Wagon,LOS ANGELES
9620562,2023-09-10,9,0,7,possible injury,0,3,automobile right of way,broadside,no,no,no,0,0,0,0,0,0,Passenger Car/Station Wagon,LOS ANGELES
9620563,2023-09-09,9,7,6,minor injury,0,4,automobile right of way,broadside,no,no,no,0,0,0,0,0,0,Passenger Car/Station Wagon,LOS ANGELES
9620564,2023-09-08,9,20,5,minor injury,0,2,DUI,broadside,no,no,no,0,0,0,0,0,0,Passenger Car/Station Wagon,LOS ANGELES
9620565,2023-09-19,9,15,2,possible injury,0,1,improper turning,broadside,no,no,no,0,0,0,0,0,0,Passenger Car/Station Wagon,LOS ANGELES
9620566,2023-09-16,9,17,6,possible injury,0,1,automobile right of way,head-on,no,no,no,0,0,0,0,0,0,Passenger Car/Station Wagon,LOS ANGELES
9620567,2023-09-29,9,15,5,possible injury,0,2,automobile right of way,broadside,no,no,no,0,0,0,0,0,0,Passenger Car/Station Wagon,LOS ANGELES
9620568,2023-09-23,9,18,6,minor injury,0,1,automobile right of way,broadside,no,no,no,0,0,0,0,0,0,Passenger Car/Station Wagon,LOS ANGELES
9620569,2023-09-10,9,16,7,minor injury,0,1,DUI,hit object,no,no,no,0,0,0,0,0,0,Passenger Car/Station Wagon,SAN DIEGO
9620570,2023-09-08,9,7,5,minor injury,0,1,unknown,broadside,no,yes,no,0,1,0,0,0,0,Bicycle,SACRAMENTO
9620571,2023-09-13,9,15,3,possible injury,0,1,automobile right of way,broadside,no,no,no,0,0,0,0,0,0,Passenger Car/Station Wagon,SACRAMENTO
9620572,2023-09-16,9,23,6,possible injury,0,1,unsafe speed,hit object,no,no,no,0,0,0,0,0,0,Passenger Car/Station Wagon,SACRAMENTO
9620573,2023-09-13,9,7,3,minor injury,0,1,wrong side of road,broadside,no,yes,no,0,1,0,0,0,0,Bicycle,SACRAMENTO
9620574,2023-09-20,9,17,3,possible injury,0,1,improper turning,broadside,no,no,yes,0,0,0,0,0,0,Passenger Car/Station Wagon,SACRAMENTO
9620575,2023-09-26,9,7,2,possible injury,0,1,traffic signs,broadside,no,no,no,0,0,0,0,0,0,Passenger Car/Station Wagon,SAN DIEGO
9620576,2023-09-25,9,13,1,possible injury,0,2,unsafe speed,rear end,no,no,no,0,0,0,0,0,0,Passenger Car/Station Wagon,SAN DIEGO
9620577,2023-09-28,9,13,4,possible injury,0,1,improper turning,broadside,no,no,no,0,0,0,0,0,0,Passenger Car/Station Wagon,SAN DIEGO
9620578,2023-09-09,9,16,6,minor injury,0,3,unsafe speed,rear end,no,no,no,0,0,0,0,0,0,Passenger Car/Station Wagon,ALAMEDA
9620579,2023-09-20,9,16,3,minor injury,0,1,unsafe lane change,sideswipe,no,yes,no,0,1,0,0,0,0,Bicycle,ALAMEDA
9620580,2023-08-08,8,0,2,minor injury,0,1,DUI,rear end,no,no,no,0,0,0,0,0,0,Passenger Car/Station Wagon,LOS ANGELES
9620621,2023-10-08,10,16,7,possible injury,0,1,unsafe speed,rear end,no,no,no,0,0,0,0,0,0,Passenger Car/Station Wagon,ORANGE
9620622,2023-10-10,10,8,2,minor injury,0,1,improper turning,sideswipe,no,no,no,0,0,0,0,0,0,Passenger Car/Station Wagon,ORANGE
9620623,2023-10-02,10,14,1,possible injury,0,1,automobile right of way,broadside,no,no,no,0,0,0,0,0,0,Passenger Car/Station Wagon,LOS ANGELES
9620624,2023-10-04,10,7,3,minor injury,0,2,unknown,broadside,no,no,no,0,0,0,0,0,0,Not Stated,LOS ANGELES
9620625,2023-10-07,10,19,6,possible injury,0,1,automobile right of way,sideswipe,no,no,no,0,0,0,0,0,0,Passenger Car/Station Wagon,LOS ANGELES
9620626,2023-10-06,10,16,5,minor injury,0,1,pedestrian right of way,vehicle/pedestrian,no,no,no,0,0,0,0,0,0,Not Stated,RIVERSIDE
9620627,2023-10-05,10,16,4,possible injury,0,1,pedestrian right of way,vehicle/pedestrian,yes,no,no,1,0,0,0,0,0,Passenger Car/Station Wagon,LOS ANGELES
9620628,2023-10-04,10,13,3,minor injury,0,1,traffic signs,other,no,yes,no,0,1,0,0,0,0,Bicycle,SANTA BARBARA
9620629,2023-10-02,10,13,1,minor injury,0,1,pedestrian right of way,vehicle/pedestrian,yes,no,no,1,0,0,0,0,0,Passenger Car/Station Wagon,SANTA BARBARA
9620630,2023-10-01,10,12,7,possible injury,0,1,traffic signs,broadside,no,no,no,0,0,0,0,0,0,Passenger Car/Station Wagon,FRESNO
9620631,2023-10-04,10,18,3,minor injury,0,1,DUI,hit object,no,no,no,0,0,0,0,0,0,Passenger Car/Station Wagon,YOLO
9620632,2023-10-05,10,15,4,minor injury,0,1,improper turning,hit object,no,no,no,0,0,0,0,0,0,Passenger Car/Station Wagon,YOLO
9620633,2023-10-02,10,15,1,possible injury,0,1,automobile right of way,broadside,no,no,no,0,0,0,0,0,0,Passenger Car/Station Wagon,SOLANO
9620634,2023-10-03,10,15,2,minor injury,0,1,improper turning,hit object,no,no,yes,0,0,1,0,0,0,Motorcycle/Scooter,SOLANO
9620635,2023-10-05,10,14,4,possible injury,0,1,traffic signs,broadside,no,no,no,0,0,0,0,0,0,Passenger Car/Station Wagon,SOLANO
9620636,2023-10-01,10,5,7,severe injury,0,1,unsafe speed,vehicle/pedestrian,yes,no,no,1,0,0,0,0,0,Not Stated,SAN BERNARDINO
9620637,2023-10-12,10,2,4,minor injury,0,2,DUI,broadside,no,no,no,0,0,0,0,0,0,Passenger Car/Station Wagon,LOS ANGELES
9620638,2023-10-05,10,16,4,possible injury,0,1,unsafe speed,rear end,no,no,no,0,0,0,0,0,0,Passenger Car/Station Wagon,TULARE
9620639,2023-10-04,10,18,3,possible injury,0,4,unsafe speed,rear end,no,no,no,0,0,0,0,0,0,Passenger Car/Station Wagon,TULARE
9620640,2023-10-04,10,14,3,possible injury,0,1,automobile right of way,broadside,no,no,no,0,0,0,0,0,0,Passenger Car/Station Wagon,TULARE
9620708,2023-09-11,9,14,1,possible injury,0,1,automobile right of way,broadside,no,no,no,0,0,0,0,0,0,Passenger Car/Station Wagon,TULARE
9620721,2023-09-01,9,15,5,minor injury,0,1,improper turning,broadside,no,no,no,0,0,0,0,0,0,Passenger Car/Station Wagon,LOS ANGELES
9620722,2023-09-05,9,5,2,minor injury,0,2,DUI,head-on,no,no,no,0,0,0,0,0,0,Passenger Car/Station Wagon,LOS ANGELES
9620723,2023-09-16,9,19,6,possible injury,0,1,DUI,rear end,no,no,no,0,0,0,0,0,0,Passenger Car/Station Wagon,RIVERSIDE
9620724,2023-09-19,9,19,2,severe injury,0,1,traffic signs,broadside,no,no,yes,0,0,1,0,0,0,Motorcycle/Scooter,RIVERSIDE
9620725,2023-09-19,9,23,2,possible injury,0,1,improper turning,overturned,no,no,no,0,0,0,0,0,0,Passenger Car/Station Wagon,RIVERSIDE
9620726,2023-09-21,9,17,4,possible injury,0,1,automobile right of way,head-on,no,no,no,0,0,0,0,0,0,Passenger Car/Station Wagon,RIVERSIDE
9620727,2023-09-22,9,0,5,possible injury,0,1,unknown,hit object,no,no,no,0,0,0,0,0,0,Passenger Car/Station Wagon,RIVERSIDE
9620728,2023-09-24,9,4,7,severe injury,0,1,DUI,hit object,no,no,no,0,0,0,0,0,0,Passenger Car/Station Wagon,RIVERSIDE
9620729,2023-09-24,9,11,7,possible injury,0,1,traffic signs,broadside,no,no,no,0,0,0,0,0,0,Passenger Car/Station Wagon,RIVERSIDE
9620730,2023-09-29,9,19,5,minor injury,0,1,unsafe speed,hit object,no,no,yes,0,0,1,0,0,0,Motorcycle/Scooter,RIVERSIDE
9620731,2023-09-24,9,20,7,minor injury,0,1,improper turning,broadside,no,no,yes,0,0,1,0,0,0,Passenger Car/Station Wagon,SAN MATEO
9620732,2023-09-18,9,17,1,minor injury,0,2,automobile right of way,broadside,no,no,no,0,0,0,0,0,0,Passenger Car/Station Wagon,SAN MATEO
9620733,2023-09-29,9,6,5,minor injury,0,1,improper turning,sideswipe,no,no,no,0,0,0,0,0,0,Passenger Car/Station Wagon,LOS ANGELES
9620734,2023-09-27,9,13,3,possible injury,0,1,automobile right of way,head-on,no,yes,no,0,1,0,0,0,0,Passenger Car/Station Wagon,LOS ANGELES
9620735,2023-09-26,9,9,2,minor injury,0,3,automobile right of way,broadside,no,no,no,0,0,0,0,0,0,Passenger Car/Station Wagon,LOS ANGELES
9620736,2023-09-25,9,14,1,possible injury,0,2,unsafe speed,rear end,no,no,no,0,0,0,0,0,0,Passenger Car/Station Wagon,LOS ANGELES
9620737,2023-09-21,9,11,4,minor injury,0,1,automobile right of way,broadside,no,no,no,0,0,0,0,0,0,Passenger Car/Station Wagon,LOS ANGELES
9620738,2023-09-18,9,14,1,minor injury,0,2,automobile right of way,sideswipe,no,no,no,0,0,0,0,0,0,Passenger Car/Station Wagon,LOS ANGELES
9620739,2023-09-03,9,19,7,possible injury,0,2,following too closely,rear end,no,no,no,0,0,0,0,0,0,Passenger Car/Station Wagon,LOS ANGELES
9620740,2023-09-27,9,15,3,minor injury,0,1,improper turning,broadside,no,no,no,0,0,0,0,0,0,Passenger Car/Station Wagon,LOS ANGELES
9620741,2023-09-29,9,13,5,minor injury,0,1,wrong side of road,broadside,no,yes,no,0,1,0,0,0,0,Bicycle,LOS ANGELES
9620742,2023-09-26,9,7,2,minor injury,0,1,pedestrian right of way,vehicle/pedestrian,yes,no,no,1,0,0,0,0,0,Passenger Car/Station Wagon,LOS ANGELES
9620743,2023-09-23,9,16,6,minor injury,0,1,unsafe speed,rear end,no,no,no,0,0,0,0,0,0,Passenger Car/Station Wagon,LOS ANGELES
9620744,2023-09-21,9,0,4,possible injury,0,1,DUI,sideswipe,no,no,no,0,0,0,0,0,0,Passenger Car/Station Wagon,LOS ANGELES
9620745,2023-09-28,9,15,4,possible injury,0,1,automobile right of way,head-on,no,no,no,0,0,0,0,0,0,Passenger Car/Station Wagon,LOS ANGELES
9620746,2023-09-24,9,6,7,minor injury,0,1,traffic signs,broadside,no,yes,no,0,1,0,0,0,0,Passenger Car/Station Wagon,LOS ANGELES
9620747,2023-09-30,9,2,6,minor injury,0,1,unsafe speed,hit object,no,no,no,0,0,0,0,0,0,Passenger Car/Station Wagon,VENTURA
9620748,2023-09-16,9,23,6,minor injury,0,1,unknown,broadside,no,no,no,0,0,0,0,0,0,Not Stated,VENTURA
9620749,2023-09-08,9,16,5,minor injury,0,1,pedestrian violation,broadside,yes,no,no,1,0,0,0,0,0,Pedestrian,VENTURA
9620750,2023-09-11,9,22,1,possible injury,0,2,unknown,broadside,no,no,no,0,0,0,0,0,0,Not Stated,VENTURA
9620751,2023-09-15,9,23,5,minor injury,0,1,unknown,vehicle/pedestrian,yes,no,no,1,0,0,0,0,0,Not Stated,SANTA BARBARA
9620752,2023-09-19,9,16,2,minor injury,0,1,unknown,rear end,no,no,no,0,0,0,0,0,0,Not Stated,SANTA BARBARA
9620753,2023-09-21,9,10,4,minor injury,0,1,unknown,head-on,no,no,yes,0,0,1,0,0,0,Not Stated,SAN DIEGO
9620754,2023-09-01,9,3,5,severe injury,0,1,wrong side of road,hit object,no,no,no,0,0,0,0,0,0,Passenger Car/Station Wagon,SANTA CLARA