CASE_ID,COLLISION_DATE,MONTH,HOUR,DAY_OF_WEEK,COLLISION_SEVERITY,NUMBER_KILLED,NUMBER_INJURED,PCF_VIOL_CATEGORY,TYPE_OF_COLLISION,PEDESTRIAN_ACCIDENT,BICYCLE_ACCIDENT,MOTORCYCLE_ACCIDENT,COUNT_PED_INJURED,COUNT_BICYCLIST_INJURED,COUNT_MC_INJURED,COUNT_PED_KILLED,COUNT_BICYCLIST_KILLED,COUNT_MC_KILLED,STWD_VEHTYPE_AT_FAULT,COUNTY
9622658,2023-10-24,10,14,2,possible injury,0,1,unsafe speed,rear end,no,no,no,0,0,0,0,0,0,Passenger Car/Station Wagon,SANTA CLARA
9622659,2023-10-22,10,3,7,severe injury,0,1,unknown,sideswipe,yes,no,no,1,0,0,0,0,0,Passenger Car/Station Wagon,SANTA CLARA
9622660,2023-10-17,10,13,2,minor injury,0,2,automobile right of way,broadside,no,no,no,0,0,0,0,0,0,Passenger Car/Station Wagon,SANTA CLARA
9622662,2023-09-23,9,17,6,possible injury,0,1,automobile right of way,rear end,no,no,no,0,0,0,0,0,0,Not Stated,SANTA CLARA
9622663,2023-09-23,9,12,6,possible injury,0,1,improper turning,head-on,no,yes,no,0,1,0,0,0,0,Not Stated,SANTA CLARA
9622665,2023-09-02,9,22,6,possible injury,0,4,automobile right of way,broadside,no,no,no,0,0,0,0,0,0,Passenger Car/Station Wagon,ORANGE
9622666,2023-09-25,9,17,1,possible injury,0,1,improper turning,broadside,no,no,no,0,0,0,0,0,0,Not Stated,SANTA CLARA
9622667,2023-09-15,9,17,5,minor injury,0,3,following too closely,rear end,no,no,no,0,0,0,0,0,0,Not Stated,ORANGE
9622668,2023-09-13,9,19,3,minor injury,0,2,automobile right of way,broadside,no,no,no,0,0,0,0,0,0,Passenger Car/Station Wagon,ORANGE
9622669,2023-09-09,9,15,6,minor injury,0,1,wrong side of road,broadside,no,yes,no,0,1,0,0,0,0,Other Vehicle,ORANGE
9622670,2023-09-09,9,0,6,possible injury,0,1,unsafe speed,rear end,no,no,no,0,0,0,0,0,0,Passenger Car/Station Wagon,ORANGE
9622671,2023-09-17,9,0,7,minor injury,0,3,DUI,hit object,no,no,no,0,0,0,0,0,0,Not Stated,ORANGE
9622672,2023-09-26,9,16,2,minor injury,0,1,unknown,broadside,no,yes,no,0,1,0,0,0,0,Not Stated,ORANGE
9622673,2023-09-13,9,10,3,severe injury,0,1,pedestrian right of way,vehicle/pedestrian,yes,no,no,1,0,0,0,0,0,Passenger Car/Station Wagon,SAN MATEO
9622674,2023-09-07,9,7,4,minor injury,0,5,automobile right of way,broadside,no,no,no,0,0,0,0,0,0,Passenger Car/Station Wagon,ORANGE
9622675,2023-09-27,9,20,3,possible injury,0,1,unsafe speed,vehicle/pedestrian,yes,no,no,1,0,0,0,0,0,Passenger Car/Station Wagon,LOS ANGELES
9622677,2023-09-18,9,13,1,possible injury,0,1,automobile right of way,head-on,no,no,no,0,0,0,0,0,0,Passenger Car/Station Wagon,SAN DIEGO
9622679,2023-09-21,9,7,4,minor injury,0,1,unsafe speed,other,no,yes,no,0,1,0,0,0,0,Other Vehicle,ORANGE
9622680,2023-09-29,9,21,5,minor injury,0,1,improper turning,head-on,no,no,no,0,0,0,0,0,0,Passenger Car/Station Wagon,SAN DIEGO
9622681,2023-09-20,9,9,3,possible injury,0,1,following too closely,rear end,no,no,no,0,0,0,0,0,0,Not Stated,SANTA CLARA
9622682,2023-09-16,9,11,6,minor injury,0,2,unsafe speed,hit object,no,no,no,0,0,0,0,0,0,Passenger Car/Station Wagon,SANTA CLARA
9622683,2023-09-28,9,7,4,possible injury,0,1,unsafe speed,rear end,no,no,no,0,0,0,0,0,0,Not Stated,SANTA CLARA
9622684,2023-09-20,9,12,3,possible injury,0,1,traffic signs,broadside,no,no,no,0,0,0,0,0,0,Not Stated,SANTA CLARA
9622685,2023-09-30,9,14,6,minor injury,0,2,unsafe speed,sideswipe,no,no,no,0,0,0,0,0,0,Not Stated,SANTA CLARA
9622686,2023-09-21,9,9,4,possible injury,0,1,unknown,head-on,no,yes,no,0,1,0,0,0,0,Bicycle,SANTA CLARA
9622687,2023-09-16,9,17,6,possible injury,0,3,unknown,rear end,no,no,no,0,0,0,0,0,0,Not Stated,SANTA CLARA
9622688,2023-09-16,9,13,6,possible injury,0,3,automobile right of way,sideswipe,no,no,no,0,0,0,0,0,0,Not Stated,SANTA CLARA
9622689,2023-09-16,9,14,6,minor injury,0,1,traffic signs,broadside,no,no,no,0,0,0,0,0,0,Not Stated,SANTA CLARA
9622690,2023-09-16,9,22,6,possible injury,0,2,unsafe speed,hit object,no,no,no,0,0,0,0,0,0,Passenger Car/Station Wagon,SANTA CLARA
9622691,2023-09-20,9,11,3,possible injury,0,1,following too closely,rear end,no,no,no,0,0,0,0,0,0,Not Stated,SANTA CLARA
9622692,2023-09-18,9,9,1,possible injury,0,2,traffic signs,sideswipe,no,no,no,0,0,0,0,0,0,Not Stated,SANTA CLARA
9622693,2023-09-21,9,8,4,possible injury,0,1,automobile right of way,sideswipe,no,no,no,0,0,0,0,0,0,Not Stated,SANTA CLARA
9622694,2023-09-22,9,15,5,possible injury,0,1,unsafe speed,rear end,no,no,no,0,0,0,0,0,0,Not Stated,SANTA CLARA
9622695,2023-09-22,9,18,5,possible injury,0,1,unsafe speed,rear end,no,no,no,0,0,0,0,0,0,Not Stated,SANTA CLARA
9622696,2023-09-23,9,18,6,severe injury,0,2,automobile right of way,broadside,no,no,no,0,0,0,0,0,0,Not Stated,SANTA CLARA
9622697,2023-09-17,9,2,7,possible injury,0,1,unsafe speed,head-on,no,no,no,0,0,0,0,0,0,Not Stated,SANTA CLARA
9622698,2023-09-22,9,19,5,possible injury,0,1,automobile right of way,unknown,no,no,no,0,0,0,0,0,0,Not Stated,SANTA CLARA
9622699,2023-09-22,9,7,5,minor injury,0,2,wrong side of road,head-on,no,no,no,0,0,0,0,0,0,Not Stated,SANTA CLARA
9622700,2023-09-15,9,16,5,possible injury,0,2,automobile right of way,broadside,no,no,no,0,0,0,0,0,0,Not Stated,SANTA CLARA
9622701,2023-09-15,9,14,5,minor injury,0,1,unsafe speed,rear end,no,yes,no,0,1,0,0,0,0,Bicycle,SANTA CLARA
9622702,2023-09-14,9,10,4,possible injury,0,2,unsafe speed,rear end,no,no,no,0,0,0,0,0,0,Not Stated,SANTA CLARA
9622704,2023-09-13,9,16,3,minor injury,0,1,wrong side of road,broadside,no,yes,no,0,1,0,0,0,0,Bicycle,SANTA CLARA
9622705,2023-09-19,9,11,2,possible injury,0,1,unknown,broadside,no,no,no,0,0,0,0,0,0,Passenger Car/Station Wagon,SANTA CLARA
9622706,2023-09-29,9,16,5,minor injury,0,1,unsafe speed,rear end,no,no,no,0,0,0,0,0,0,Not Stated,SANTA CLARA
9622707,2023-09-20,9,19,3,minor injury,0,2,pedestrian right of way,vehicle/pedestrian,yes,no,no,2,0,0,0,0,0,Not Stated,SANTA CLARA
9622708,2023-09-19,9,13,2,minor injury,0,1,pedestrian right of way,vehicle/pedestrian,yes,no,no,1,0,0,0,0,0,Not Stated,SANTA CLARA
9622709,2023-09-20,9,1,3,possible injury,0,1,pedestrian violation,vehicle/pedestrian,yes,no,no,1,0,0,0,0,0,Pedestrian,SANTA CLARA
9622710,2023-09-21,9,19,4,minor injury,0,2,automobile right of way,broadside,no,no,no,0,0,0,0,0,0,Not Stated,SANTA CLARA
9622711,2023-09-26,9,15,2,possible injury,0,1,automobile right of way,unknown,no,no,no,0,0,0,0,0,0,Not Stated,SANTA CLARA
9622712,2023-09-20,9,6,3,possible injury,0,2,unsafe speed,broadside,no,no,no,0,0,0,0,0,0,Not Stated,SANTA CLARA
9622714,2023-09-13,9,11,3,minor injury,0,1,unsafe speed,broadside,no,no,no,0,0,0,0,0,0,Not Stated,SANTA CLARA
9622715,2023-09-15,9,4,5,minor injury,0,1,improper turning,rear end,no,no,no,0,0,0,0,0,0,Not Stated,SANTA CLARA
9622716,2023-09-14,9,23,4,possible injury,0,1,automobile right of way,head-on,no,no,no,0,0,0,0,0,0,Passenger Car/Station Wagon,SANTA CLARA
9622717,2023-09-15,9,21,5,minor injury,0,1,unsafe lane change,rear end,no,no,no,0,0,0,0,0,0,Not Stated,SANTA CLARA
9622718,2023-09-15,9,16,5,minor injury,0,1,following too closely,rear end,no,no,no,0,0,0,0,0,0,Not Stated,SANTA CLARA
9622719,2023-09-21,9,13,4,minor injury,0,2,unknown,broadside,no,no,no,0,0,0,0,0,0,Not Stated,SANTA CLARA
9622720,2023-09-28,9,13,4,severe injury,0,2,traffic signs,broadside,no,no,no,0,0,0,0,0,0,Passenger Car/Station Wagon,KERN
9622722,2023-10-25,10,7,3,minor injury,0,1,automobile right of way,broadside,no,yes,no,0,1,0,0,0,0,Pickup or Panel Truck,YOLO
9622723,2023-09-02,9,6,6,severe injury,0,1,pedestrian violation,vehicle/pedestrian,yes,no,no,1,0,0,0,0,0,Pedestrian,ORANGE
9622726,2023-10-25,10,18,3,possible injury,0,1,other than driver or pedestrian,head-on,no,no,no,0,0,0,0,0,0,Not Stated,SAN LUIS OBISPO
9622731,2023-08-20,8,16,7,possible injury,0,1,automobile right of way,broadside,no,no,no,0,0,0,0,0,0,Pickup or Panel Truck,ORANGE
9622744,2023-09-20,9,22,3,minor injury,0,1,pedestrian violation,vehicle/pedestrian,yes,no,no,1,0,0,0,0,0,Pedestrian,SAN BERNARDINO
9622747,2023-10-03,10,10,2,severe injury,0,2,DUI,rear end,no,no,no,0,0,0,0,0,0,Passenger Car/Station Wagon,ORANGE
9622750,2023-09-29,9,20,5,possible injury,0,1,DUI,overturned,no,no,no,0,0,0,0,0,0,Pickup or Panel Truck,NEVADA
9622751,2023-09-26,9,19,2,minor injury,0,1,unsafe speed,broadside,no,no,no,0,0,0,0,0,0,Other Vehicle,ORANGE
9622758,2023-10-10,10,23,2,minor injury,0,1,DUI,broadside,no,no,no,0,0,0,0,0,0,Passenger Car/Station Wagon,ORANGE
9622762,2023-10-04,10,16,3,possible injury,0,1,unsafe lane change,sideswipe,no,no,no,0,0,0,0,0,0,Passenger Car/Station Wagon,ORANGE
9622763,2023-10-02,10,16,1,possible injury,0,4,unsafe speed,rear end,no,no,no,0,0,0,0,0,0,Pickup or Panel Truck,ORANGE
9622764,2023-09-20,9,5,3,minor injury,0,1,following too closely,rear end,no,no,no,0,0,0,0,0,0,Passenger Car/Station Wagon,KERN
9622766,2023-09-14,9,19,4,minor injury,0,1,hazardous parking,hit object,no,no,no,0,0,0,0,0,0,Other Bus,ORANGE
9622776,2023-09-26,9,13,2,possible injury,0,1,other hazardous violation,unknown,no,no,no,0,0,0,0,0,0,Passenger Car/Station Wagon,VENTURA
9622783,2023-10-23,10,5,1,possible injury,0,1,automobile right of way,broadside,no,no,no,0,0,0,0,0,0,Pickup or Panel Truck,FRESNO
9622786,2023-06-12,6,12,1,possible injury,0,2,unknown,broadside,no,no,no,0,0,0,0,0,0,Not Stated,ORANGE
9622789,2023-10-18,10,15,3,severe injury,0,1,automobile right of way,broadside,no,no,yes,0,0,1,0,0,0,Pickup or Panel Truck,LOS ANGELES
9622791,2023-09-20,9,17,3,minor injury,0,1,unknown,sideswipe,no,no,no,0,0,0,0,0,0,Pickup or Panel Truck,SANTA BARBARA
9622797,2023-10-09,10,8,1,possible injury,0,1,automobile right of way,broadside,no,no,no,0,0,0,0,0,0,Pickup or Panel Truck,BUTTE
9622798,2023-09-01,9,17,5,possible injury,0,2,unsafe speed,rear end,no,no,no,0,0,0,0,0,0,Pickup or Panel Truck,ORANGE
9622800,2023-10-24,10,7,2,severe injury,0,1,unknown,vehicle/pedestrian,yes,no,no,1,0,0,0,0,0,Pedestrian,MARIN
9622802,2023-09-26,9,18,2,minor injury,0,1,improper turning,sideswipe,no,no,no,0,0,0,0,0,0,Truck or Truck Tractor,LOS ANGELES
9622804,2023-10-25,10,10,3,possible injury,0,1,unsafe speed,rear end,no,no,no,0,0,0,0,0,0,Pickup or Panel Truck with Trailer,SOLANO
9622808,2023-10-27,10,11,5,possible injury,0,2,unsafe speed,rear end,no,no,no,0,0,0,0,0,0,Passenger Car/Station Wagon,SOLANO
9622818,2023-09-20,9,23,3,minor injury,0,2,traffic signs,broadside,no,no,no,0,0,0,0,0,0,Not Stated,LOS ANGELES
9622822,2023-10-10,10,1,2,possible injury,0,1,improper turning,hit object,no,no,no,0,0,0,0,0,0,Passenger Car/Station Wagon,SAN DIEGO
9622823,2023-10-10,10,17,2,possible injury,0,1,automobile right of way,broadside,no,no,no,0,0,0,0,0,0,Passenger Car/Station Wagon,SAN DIEGO
9622824,2023-10-17,10,17,2,possible injury,0,1,automobile right of way,broadside,no,no,yes,0,0,1,0,0,0,Passenger Car/Station Wagon,SAN DIEGO
9622825,2023-10-05,10,17,4,minor injury,0,1,automobile right of way,broadside,no,no,no,0,0,0,0,0,0,Passenger Car/Station Wagon,PLACER
9622826,2023-10-14,10,19,6,minor injury,0,1,automobile right of way,head-on,no,no,no,0,0,0,0,0,0,Passenger Car/Station Wagon,SACRAMENTO
9622827,2023-10-16,10,10,1,minor injury,0,1,traffic signs,broadside,no,yes,no,0,1,0,0,0,0,Bicycle,NAPA
9622828,2023-10-16,10,8,1,minor injury,0,1,improper turning,broadside,no,no,no,0,0,0,0,0,0,Passenger Car/Station Wagon,NAPA
9622829,2023-10-18,10,6,3,possible injury,0,2,traffic signs,broadside,no,no,no,0,0,0,0,0,0,Passenger Car/Station Wagon,LOS ANGELES
9622830,2023-10-18,10,7,3,possible injury,0,3,traffic signs,broadside,no,no,no,0,0,0,0,0,0,Passenger Car/Station Wagon,LOS ANGELES
9622831,2023-10-06,10,10,5,possible injury,0,3,unsafe speed,rear end,no,no,no,0,0,0,0,0,0,Passenger Car/Station Wagon,LOS ANGELES
9622832,2023-10-17,10,5,2,minor injury,0,1,unknown,vehicle/pedestrian,yes,no,no,1,0,0,0,0,0,Not Stated,LOS ANGELES
9622833,2023-10-08,10,13,7,possible injury,0,2,unsafe speed,rear end,no,no,no,0,0,0,0,0,0,Passenger Car/Station Wagon,LOS ANGELES
9622834,2023-10-20,10,13,5,possible injury,0,1,unsafe speed,rear end,no,no,no,0,0,0,0,0,0,Passenger Car/Station Wagon,LOS ANGELES
9622835,2023-10-23,10,15,1,minor injury,0,1,traffic signs,broadside,no,yes,no,0,1,0,0,0,0,Passenger Car/Station Wagon,LOS ANGELES
9622836,2023-06-03,6,21,6,minor injury,0,1,pedestrian violation,vehicle/pedestrian,yes,no,no,1,0,0,0,0,0,Pedestrian,LOS ANGELES
9622837,2023-08-05,8,20,6,minor injury,0,1,DUI,rear end,no,no,no,0,0,0,0,0,0,Passenger Car/Station Wagon,SAN BERNARDINO
9622838,2023-08-15,8,8,2,possible injury,0,1,unsafe speed,hit object,no,no,no,0,0,0,0,0,0,Passenger Car/Station Wagon,LOS ANGELES
9622839,2023-08-30,8,18,3,minor injury,0,2,automobile right of way,head-on,no,no,no,0,0,0,0,0,0,Passenger Car/Station Wagon,LOS ANGELES
9622840,2023-09-30,9,13,6,possible injury,0,1,traffic signs,broadside,no,no,no,0,0,0,0,0,0,Passenger Car/Station Wagon,SOLANO
9622841,2023-09-01,9,15,5,possible injury,0,1,automobile right of way,broadside,no,no,no,0,0,0,0,0,0,Passenger Car/Station Wagon,SOLANO
9622842,2023-09-14,9,13,4,minor injury,0,1,automobile right of way,broadside,no,no,yes,0,0,1,0,0,0,Passenger Car/Station Wagon,LOS ANGELES
9622843,2023-09-15,9,13,5,possible injury,0,2,following too closely,rear end,no,no,no,0,0,0,0,0,0,Passenger Car/Station Wagon,LOS ANGELES
9622844,2023-09-05,9,15,2,possible injury,0,1,following too closely,rear end,no,no,no,0,0,0,0,0,0,Passenger Car/Station Wagon,LOS ANGELES
9622845,2023-09-19,9,22,2,severe injury,0,1,pedestrian right of way,vehicle/pedestrian,yes,no,no,1,0,0,0,0,0,Passenger Car/Station Wagon,LOS ANGELES
9622846,2023-09-30,9,7,6,possible injury,0,1,unsafe speed,hit object,no,no,no,0,0,0,0,0,0,Passenger Car/Station Wagon,LOS ANGELES
9622847,2023-09-30,9,7,6,minor injury,0,1,automobile right of way,broadside,no,yes,no,0,1,0,0,0,0,Passenger Car/Station Wagon,ORANGE
9622848,2023-09-03,9,17,7,possible injury,0,1,unsafe speed,rear end,no,no,yes,0,0,1,0,0,0,Motorcycle/Scooter,SOLANO
9622849,2023-09-17,9,1,7,possible injury,0,1,DUI,hit object,no,no,no,0,0,0,0,0,0,Passenger Car/Station Wagon,SAN DIEGO
9622850,2023-09-24,9,11,7,minor injury,0,1,traffic signs,head-on,no,no,no,0,0,0,0,0,0,Passenger Car/Station Wagon,SACRAMENTO
9622851,2023-09-24,9,0,7,possible injury,0,1,following too closely,rear end,no,no,no,0,0,0,0,0,0,Passenger Car/Station Wagon,NAPA
9622869,2023-09-22,9,22,5,minor injury,0,2,automobile right of way,broadside,no,no,no,0,0,0,0,0,0,Passenger Car/Station Wagon,STANISLAUS
9622878,2023-10-28,10,5,6,minor injury,0,1,DUI,hit object,no,no,no,0,0,0,0,0,0,Pickup or Panel Truck,SAN DIEGO
9622879,2023-10-02,10,9,1,possible injury,0,1,unsafe speed,rear end,no,no,no,0,0,0,0,0,0,Pickup or Panel Truck,CONTRA COSTA
9622883,2023-10-06,10,7,5,possible injury,0,2,traffic signs,broadside,no,no,no,0,0,0,0,0,0,Passenger Car/Station Wagon,SAN BERNARDINO
9622884,2023-09-21,9,15,4,possible injury,0,2,automobile right of way,sideswipe,no,no,no,0,0,0,0,0,0,Pickup or Panel Truck,SAN BERNARDINO
9622885,2023-09-09,9,2,6,minor injury,0,1,traffic signs,broadside,no,no,no,0,0,0,0,0,0,Passenger Car/Station Wagon,YOLO
9622887,2023-10-10,10,21,2,minor injury,0,1,DUI,rear end,no,no,no,0,0,0,0,0,0,Pickup or Panel Truck,SAN BERNARDINO
9622892,2023-08-24,8,19,4,minor injury,0,1,wrong side of road,sideswipe,no,yes,no,0,1,0,0,0,0,Bicycle,SAN BERNARDINO
9622895,2023-10-11,10,1,3,minor injury,0,1,unsafe lane change,rear end,no,no,no,0,0,0,0,0,0,Pickup or Panel Truck,SAN BERNARDINO
9622896,2023-08-18,8,0,5,severe injury,0,1,other than driver or pedestrian,other,no,no,no,0,0,0,0,0,0,Not Stated,SAN BERNARDINO
9622897,2023-10-13,10,1,5,possible injury,0,2,unsafe speed,overturned,no,no,no,0,0,0,0,0,0,Pickup or Panel Truck,SUTTER
9622900,2023-09-29,9,13,5,possible injury,0,1,improper turning,sideswipe,no,no,no,0,0,0,0,0,0,Pickup or Panel Truck,SAN BERNARDINO
9622905,2023-10-19,10,17,4,severe injury,0,1,automobile right of way,vehicle/pedestrian,no,yes,no,0,1,0,0,0,0,Bicycle,LOS ANGELES
9622911,2023-10-23,10,13,1,possible injury,0,1,wrong side of road,sideswipe,no,no,no,0,0,0,0,0,0,Truck or Truck Tractor with Trailer,SAN BERNARDINO
9622913,2023-08-24,8,19,4,minor injury,0,1,unsafe speed,hit object,no,no,no,0,0,0,0,0,0,Pickup or Panel Truck,SANTA BARBARA
9622917,2023-09-17,9,17,7,severe injury,0,1,pedestrian violation,vehicle/pedestrian,yes,no,no,1,0,0,0,0,0,Pedestrian,SANTA BARBARA
9622925,2023-10-10,10,9,2,possible injury,0,2,traffic signs,broadside,no,no,no,0,0,0,0,0,0,Passenger Car/Station Wagon,PLACER
9622926,2023-10-18,10,19,3,minor injury,0,1,wrong side of road,overturned,no,no,no,0,0,0,0,0,0,Passenger Car/Station Wagon,SANTA CLARA
9622930,2023-10-13,10,9,5,possible injury,0,1,improper turning,overturned,no,no,no,0,0,0,0,0,0,Truck or Truck Tractor,VENTURA
9622949,2023-10-31,10,21,2,minor injury,0,1,pedestrian violation,vehicle/pedestrian,yes,no,no,1,0,0,0,0,0,Pedestrian,YOLO
9622950,2023-10-24,10,8,2,possible injury,0,2,automobile right of way,broadside,no,no,no,0,0,0,0,0,0,Pickup or Panel Truck,LOS ANGELES
9622956,2023-10-09,10,22,1,possible injury,0,1,traffic signs,broadside,no,no,no,0,0,0,0,0,0,Not Stated,TULARE
9622961,2023-10-27,10,11,5,possible injury,0,2,traffic signs,broadside,no,no,no,0,0,0,0,0,0,Passenger Car/Station Wagon,SAN DIEGO
9622962,2023-10-27,10,10,5,minor injury,0,1,other improper driving,other,no,yes,no,0,1,0,0,0,0,Bicycle,SAN DIEGO
9622963,2023-10-27,10,6,5,possible injury,0,1,pedestrian right of way,vehicle/pedestrian,yes,no,no,1,0,0,0,0,0,Passenger Car/Station Wagon,SAN DIEGO
9622964,2023-10-23,10,17,1,possible injury,0,1,following too closely,rear end,no,no,no,0,0,0,0,0,0,Passenger Car/Station Wagon,SAN DIEGO
9622965,2023-10-26,10,9,4,possible injury,0,1,improper turning,head-on,no,no,no,0,0,0,0,0,0,Passenger Car/Station Wagon,SAN DIEGO
9622966,2023-10-26,10,18,4,possible injury,0,1,unknown,head-on,no,no,no,0,0,0,0,0,0,Not Stated,SAN DIEGO
9622967,2023-10-26,10,18,4,minor injury,0,2,automobile right of way,broadside,no,no,no,0,0,0,0,0,0,Passenger Car/Station Wagon,SAN MATEO
9622968,2023-10-31,10,19,2,severe injury,0,2,pedestrian right of way,vehicle/pedestrian,yes,no,no,2,0,0,0,0,0,Passenger Car/Station Wagon,FRESNO
9622969,2023-10-25,10,19,3,possible injury,0,1,improper turning,rear end,no,no,no,0,0,0,0,0,0,Passenger Car/Station Wagon,SAN DIEGO
9622970,2023-10-24,10,14,2,possible injury,0,1,traffic signs,broadside,no,no,no,0,0,0,0,0,0,Passenger Car/Station Wagon,SAN DIEGO
9622971,2023-10-24,10,8,2,possible injury,0,2,automobile right of way,sideswipe,no,no,no,0,0,0,0,0,0,Passenger Car/Station Wagon,SAN DIEGO
9622972,2023-10-21,10,9,6,possible injury,0,1,traffic signs,broadside,no,no,no,0,0,0,0,0,0,Passenger Car/Station Wagon,SAN DIEGO
9622973,2023-10-23,10,9,1,possible injury,0,1,automobile right of way,broadside,no,no,no,0,0,0,0,0,0,Passenger Car/Station Wagon,SAN DIEGO
9622974,2023-10-23,10,10,1,possible injury,0,1,improper turning,head-on,no,no,no,0,0,0,0,0,0,Passenger Car/Station Wagon,SAN DIEGO
9622975,2023-10-22,10,14,7,possible injury,0,1,improper turning,head-on,no,no,no,0,0,0,0,0,0,Passenger Car/Station Wagon,SAN DIEGO
9622976,2023-10-21,10,14,6,possible injury,0,5,unsafe speed,rear end,no,no,no,0,0,0,0,0,0,Passenger Car/Station Wagon,SAN DIEGO
9622977,2023-10-20,10,10,5,possible injury,0,1,traffic signs,broadside,no,no,no,0,0,0,0,0,0,Passenger Car/Station Wagon,SAN DIEGO
9622978,2023-10-18,10,13,3,possible injury,0,1,following too closely,broadside,no,no,yes,0,0,1,0,0,0,Motorcycle/Scooter,SAN DIEGO
9622979,2023-10-13,10,7,5,possible injury,0,1,unknown,rear end,no,no,no,0,0,0,0,0,0,Passenger Car/Station Wagon,SAN DIEGO
9622980,2023-10-29,10,20,7,possible injury,0,1,other than driver or pedestrian,vehicle/pedestrian,yes,no,no,1,0,0,0,0,0,Not Stated,SAN DIEGO
9622981,2023-10-18,10,10,3,possible injury,0,3,automobile right of way,sideswipe,no,no,no,0,0,0,0,0,0,Passenger Car/Station Wagon,SAN DIEGO
9622982,2023-10-10,10,0,2,minor injury,0,1,pedestrian violation,vehicle/pedestrian,yes,no,no,1,0,0,0,0,0,Pedestrian,SAN DIEGO
9622983,2023-10-19,10,7,4,possible injury,0,2,automobile right of way,broadside,no,no,no,0,0,0,0,0,0,Not Stated,LOS ANGELES
9622984,2023-10-05,10,15,4,possible injury,0,1,improper turning,broadside,no,no,no,0,0,0,0,0,0,Passenger Car/Station Wagon,LOS ANGELES
9622985,2023-10-09,10,19,1,severe injury,0,1,wrong side of road,sideswipe,no,no,yes,0,0,1,0,0,0,Passenger Car/Station Wagon,LOS ANGELES
9622986,2023-10-18,10,12,3,possible injury,0,1,other hazardous violation,broadside,no,no,no,0,0,0,0,0,0,Passenger Car/Station Wagon,MERCED
9622987,2023-10-10,10,15,2,minor injury,0,2,automobile right of way,broadside,no,no,no,0,0,0,0,0,0,Passenger Car/Station Wagon,CONTRA COSTA
9622988,2023-10-06,10,21,5,possible injury,0,1,improper turning,sideswipe,no,no,no,0,0,0,0,0,0,Passenger Car/Station Wagon,PLACER
9622989,2023-10-28,10,16,6,possible injury,0,1,automobile right of way,other,no,yes,no,0,1,0,0,0,0,Bicycle,MARIN
9622990,2023-10-21,10,11,6,possible injury,0,3,unsafe speed,rear end,no,no,no,0,0,0,0,0,0,Passenger Car/Station Wagon,MARIN
9622991,2023-10-22,10,10,7,minor injury,0,1,unknown,broadside,no,no,no,0,0,0,0,0,0,Not Stated,MARIN
9622992,2023-10-21,10,13,6,possible injury,0,1,automobile right of way,other,no,yes,no,0,1,0,0,0,0,Passenger Car/Station Wagon,MARIN
9622993,2023-10-21,10,17,6,minor injury,0,2,traffic signs,head-on,no,no,no,0,0,0,0,0,0,Passenger Car/Station Wagon,PLACER
9622994,2023-10-23,10,18,1,possible injury,0,3,traffic signs,broadside,no,no,no,0,0,0,0,0,0,Passenger Car/Station Wagon,PLACER
9622995,2023-10-05,10,0,4,possible injury,0,1,improper turning,hit object,no,no,yes,0,0,1,0,0,0,Motorcycle/Scooter,KERN
9623013,2023-10-16,10,10,1,minor injury,0,1,improper turning,unknown,no,no,no,0,0,0,0,0,0,Passenger Car/Station Wagon,KINGS
9623017,2023-10-14,10,20,6,possible injury,0,1,automobile right of way,broadside,no,no,no,0,0,0,0,0,0,Passenger Car/Station Wagon,LOS ANGELES
9623028,2023-09-28,9,16,4,possible injury,0,1,automobile right of way,broadside,no,no,no,0,0,0,0,0,0,Passenger Car/Station Wagon,ORANGE
9623029,2023-09-27,9,8,3,possible injury,0,1,unsafe speed,rear end,no,no,no,0,0,0,0,0,0,Passenger Car/Station Wagon,MARIN
9623030,2023-09-28,9,17,4,possible injury,0,1,unsafe speed,rear end,no,no,no,0,0,0,0,0,0,Passenger Car/Station Wagon,ORANGE
9623038,2023-08-22,8,16,2,minor injury,0,1,unsafe speed,rear end,no,no,no,0,0,0,0,0,0,Passenger Car/Station Wagon,LOS ANGELES
9623045,2023-10-26,10,5,4,minor injury,0,2,traffic signs,broadside,no,no,no,0,0,0,0,0,0,Pickup or Panel Truck,ORANGE
9623046,2023-10-17,10,18,2,minor injury,0,1,improper turning,sideswipe,no,no,no,0,0,0,0,0,0,Pickup or Panel Truck,ORANGE
9623048,2023-10-20,10,19,5,severe injury,0,1,automobile right of way,broadside,no,no,yes,0,0,1,0,0,0,Passenger Car/Station Wagon,ORANGE
9623089,2023-09-30,9,17,6,minor injury,0,1,improper turning,sideswipe,no,no,no,0,0,0,0,0,0,Passenger Car/Station Wagon,SANTA CLARA
9623090,2023-09-30,9,0,6,minor injury,0,1,unsafe speed,vehicle/pedestrian,yes,no,no,1,0,0,0,0,0,Passenger Car/Station Wagon,SANTA CLARA
9623091,2023-09-30,9,11,6,possible injury,0,1,unsafe starting or backing,vehicle/pedestrian,yes,no,no,1,0,0,0,0,0,Not Stated,SANTA CLARA
9623092,2023-09-29,9,16,5,minor injury,0,1,automobile right of way,unknown,no,no,no,0,0,0,0,0,0,Passenger Car/Station Wagon,SANTA CLARA
9623093,2023-09-30,9,15,6,possible injury,0,2,automobile right of way,broadside,no,no,no,0,0,0,0,0,0,Not Stated,SANTA CLARA