CASE_ID,COLLISION_DATE,MONTH,HOUR,DAY_OF_WEEK,COLLISION_SEVERITY,NUMBER_KILLED,NUMBER_INJURED,PCF_VIOL_CATEGORY,TYPE_OF_COLLISION,PEDESTRIAN_ACCIDENT,BICYCLE_ACCIDENT,MOTORCYCLE_ACCIDENT,COUNT_PED_INJURED,COUNT_BICYCLIST_INJURED,COUNT_MC_INJURED,COUNT_PED_KILLED,COUNT_BICYCLIST_KILLED,COUNT_MC_KILLED,STWD_VEHTYPE_AT_FAULT,COUNTY
9625870,2023-09-02,9,2,6,possible injury,0,1,DUI,broadside,no,no,no,0,0,0,0,0,0,Passenger Car/Station Wagon,SAN BERNARDINO
9625871,2023-09-16,9,2,6,possible injury,0,1,unsafe speed,overturned,no,no,no,0,0,0,0,0,0,Passenger Car/Station Wagon,SAN BERNARDINO
9625872,2023-09-25,9,15,1,possible injury,0,2,automobile right of way,broadside,no,no,no,0,0,0,0,0,0,Passenger Car/Station Wagon,SOLANO
9625873,2023-09-13,9,12,3,minor injury,0,1,automobile right of way,broadside,no,no,no,0,0,0,0,0,0,Passenger Car/Station Wagon,SOLANO
9625874,2023-09-11,9,19,1,minor injury,0,1,improper turning,sideswipe,no,yes,no,0,1,0,0,0,0,Passenger Car/Station Wagon,ORANGE
9625875,2023-09-03,9,1,7,minor injury,0,3,DUI,head-on,no,no,no,0,0,0,0,0,0,Passenger Car/Station Wagon,ORANGE
9625876,2023-09-21,9,15,4,minor injury,0,1,unsafe speed,broadside,no,no,yes,0,0,1,0,0,0,Motorcycle/Scooter,ORANGE
9625877,2023-09-10,9,18,7,minor injury,0,1,DUI,rear end,no,no,no,0,0,0,0,0,0,Passenger Car/Station Wagon,ORANGE
9625878,2023-09-01,9,22,5,minor injury,0,2,improper turning,broadside,no,no,no,0,0,0,0,0,0,Passenger Car/Station Wagon,SAN BERNARDINO
9625879,2023-09-01,9,22,5,possible injury,0,1,unsafe speed,head-on,no,no,no,0,0,0,0,0,0,Passenger Car/Station Wagon,SAN BERNARDINO
9625880,2023-09-02,9,10,6,severe injury,0,1,automobile right of way,hit object,no,no,yes,0,0,1,0,0,0,Passenger Car/Station Wagon,SAN BERNARDINO
9625901,2023-08-06,8,4,7,minor injury,0,1,improper turning,hit object,no,no,no,0,0,0,0,0,0,Passenger Car/Station Wagon,LOS ANGELES
9625902,2023-08-17,8,8,4,possible injury,0,1,pedestrian violation,broadside,no,no,no,0,0,0,0,0,0,Not Stated,LOS ANGELES
9625903,2023-08-20,8,11,7,possible injury,0,2,unsafe speed,hit object,no,no,no,0,0,0,0,0,0,Passenger Car/Station Wagon,LOS ANGELES
9625904,2023-08-26,8,17,6,minor injury,0,1,improper turning,other,no,yes,no,0,1,0,0,0,0,Bicycle,SANTA CLARA
9625905,2023-08-16,8,15,3,possible injury,0,1,automobile right of way,broadside,no,yes,no,0,1,0,0,0,0,Passenger Car/Station Wagon,LOS ANGELES
9625906,2023-08-12,8,12,6,possible injury,0,1,improper turning,sideswipe,no,no,no,0,0,0,0,0,0,Passenger Car/Station Wagon,LOS ANGELES
9625907,2023-08-27,8,21,7,minor injury,0,1,DUI,broadside,no,no,no,0,0,0,0,0,0,Passenger Car/Station Wagon,LOS ANGELES
9625908,2023-08-18,8,13,5,minor injury,0,1,wrong side of road,sideswipe,no,no,yes,0,0,1,0,0,0,Passenger Car/Station Wagon,LOS ANGELES
9625909,2023-08-11,8,15,5,possible injury,0,1,automobile right of way,broadside,no,no,no,0,0,0,0,0,0,Not Stated,LOS ANGELES
9625910,2023-08-06,8,11,7,severe injury,0,1,unsafe starting or backing,vehicle/pedestrian,yes,no,no,1,0,0,0,0,0,Passenger Car/Station Wagon,LOS ANGELES
9625911,2023-08-31,8,17,4,possible injury,0,1,improper turning,sideswipe,no,no,no,0,0,0,0,0,0,Not Stated,LOS ANGELES
9625912,2023-08-28,8,15,1,possible injury,0,1,pedestrian violation,vehicle/pedestrian,yes,no,no,1,0,0,0,0,0,Pedestrian,LOS ANGELES
9625913,2023-08-31,8,8,4,minor injury,0,1,wrong side of road,sideswipe,no,yes,no,0,1,0,0,0,0,Bicycle,ORANGE
9625914,2023-08-03,8,23,4,minor injury,0,2,traffic signs,head-on,no,no,no,0,0,0,0,0,0,Passenger Car/Station Wagon,ORANGE
9625915,2023-08-28,8,14,1,possible injury,0,1,other than driver or pedestrian,hit object,no,no,no,0,0,0,0,0,0,Not Stated,ORANGE
9625916,2023-08-16,8,18,3,possible injury,0,1,unsafe lane change,rear end,no,no,no,0,0,0,0,0,0,Passenger Car/Station Wagon,ORANGE
9625917,2023-08-08,8,7,2,minor injury,0,2,improper turning,broadside,no,no,no,0,0,0,0,0,0,Passenger Car/Station Wagon,ORANGE
9625918,2023-08-10,8,13,4,possible injury,0,1,automobile right of way,head-on,no,yes,no,0,1,0,0,0,0,Bicycle,ORANGE
9625919,2023-08-22,8,19,2,severe injury,0,1,improper turning,hit object,no,no,yes,0,0,1,0,0,0,Motorcycle/Scooter,ORANGE
9625920,2023-08-25,8,20,5,severe injury,0,1,pedestrian violation,vehicle/pedestrian,yes,no,no,1,0,0,0,0,0,Pedestrian,SAN BERNARDINO
9625921,2023-09-18,9,13,1,minor injury,0,2,automobile right of way,broadside,no,no,no,0,0,0,0,0,0,Pickup or Panel Truck,SAN FRANCISCO
9625922,2023-09-25,9,11,1,possible injury,0,3,traffic signs,broadside,no,no,no,0,0,0,0,0,0,Passenger Car/Station Wagon,STANISLAUS
9625924,2023-09-05,9,12,2,possible injury,0,1,traffic signs,broadside,no,no,no,0,0,0,0,0,0,Pickup or Panel Truck,SAN BERNARDINO
9625926,2023-09-21,9,6,4,possible injury,0,1,automobile right of way,broadside,no,no,no,0,0,0,0,0,0,Passenger Car/Station Wagon,STANISLAUS
9625928,2023-09-19,9,6,2,minor injury,0,2,following too closely,rear end,no,no,no,0,0,0,0,0,0,Truck or Truck Tractor,LOS ANGELES
9625932,2023-09-16,9,10,6,possible injury,0,1,unsafe speed,rear end,no,no,no,0,0,0,0,0,0,Pickup or Panel Truck,LOS ANGELES
9625933,2023-09-11,9,18,1,severe injury,0,1,pedestrian violation,vehicle/pedestrian,yes,no,no,1,0,0,0,0,0,Pedestrian,SAN FRANCISCO
9625934,2023-09-13,9,9,3,minor injury,0,2,unsafe speed,rear end,no,no,no,0,0,0,0,0,0,Passenger Car/Station Wagon,SACRAMENTO
9625935,2023-09-03,9,0,7,severe injury,0,1,DUI,broadside,no,yes,no,0,1,0,0,0,0,Pickup or Panel Truck,LOS ANGELES
9625938,2023-10-02,10,5,1,minor injury,0,1,pedestrian right of way,vehicle/pedestrian,yes,no,no,1,0,0,0,0,0,Pickup or Panel Truck,SAN DIEGO
9625942,2023-10-02,10,13,1,possible injury,0,1,improper turning,head-on,no,no,no,0,0,0,0,0,0,Pickup or Panel Truck,SAN DIEGO
9625944,2023-09-26,9,11,2,minor injury,0,1,automobile right of way,broadside,no,no,no,0,0,0,0,0,0,Passenger Car/Station Wagon,LOS ANGELES
9625952,2023-09-15,9,1,5,severe injury,0,1,unsafe speed,other,no,no,no,0,0,0,0,0,0,Passenger Car/Station Wagon,LOS ANGELES
9625953,2023-09-16,9,15,6,possible injury,0,1,automobile right of way,broadside,no,no,no,0,0,0,0,0,0,Passenger Car/Station Wagon,LOS ANGELES
9625956,2023-09-28,9,15,4,minor injury,0,3,unsafe speed,rear end,no,no,no,0,0,0,0,0,0,Passenger Car/Station Wagon,LOS ANGELES
9625958,2023-09-26,9,14,2,minor injury,0,2,automobile right of way,broadside,no,no,no,0,0,0,0,0,0,Passenger Car/Station Wagon,LOS ANGELES
9625959,2023-09-16,9,20,6,minor injury,0,1,unsafe speed,broadside,no,yes,no,0,1,0,0,0,0,Bicycle,MERCED
9625960,2023-10-02,10,16,1,severe injury,0,2,unsafe speed,broadside,no,no,no,0,0,0,0,0,0,Pickup or Panel Truck,SAN DIEGO
9625961,2023-09-29,9,13,5,possible injury,0,1,improper turning,head-on,no,no,no,0,0,0,0,0,0,Passenger Car/Station Wagon,LOS ANGELES
9625964,2023-10-08,10,17,7,minor injury,0,2,automobile right of way,broadside,no,no,no,0,0,0,0,0,0,Pickup or Panel Truck,SAN DIEGO
9625967,2023-09-12,9,11,2,possible injury,0,1,unknown,rear end,no,no,no,0,0,0,0,0,0,Not Stated,SAN BERNARDINO
9625968,2023-10-02,10,8,1,minor injury,0,5,traffic signs,head-on,no,no,no,0,0,0,0,0,0,Pickup or Panel Truck,SAN DIEGO
9625969,2023-09-02,9,20,6,severe injury,0,3,traffic signs,broadside,no,no,no,0,0,0,0,0,0,Truck or Truck Tractor,NAPA
9625970,2023-09-23,9,14,6,minor injury,0,1,unsafe speed,sideswipe,no,no,no,0,0,0,0,0,0,Pickup or Panel Truck,LOS ANGELES
9625971,2023-09-12,9,8,2,possible injury,0,1,traffic signs,broadside,no,no,no,0,0,0,0,0,0,Pickup or Panel Truck,SAN BERNARDINO
9625973,2023-09-25,9,17,1,minor injury,0,1,pedestrian right of way,broadside,yes,no,no,1,0,0,0,0,0,Truck or Truck Tractor,CONTRA COSTA
9625974,2023-09-08,9,16,5,possible injury,0,1,automobile right of way,broadside,no,no,no,0,0,0,0,0,0,Passenger Car/Station Wagon,LOS ANGELES
9625977,2023-09-13,9,19,3,possible injury,0,2,unsafe speed,rear end,no,no,no,0,0,0,0,0,0,Pickup or Panel Truck,LOS ANGELES
9625978,2023-09-04,9,18,1,possible injury,0,1,traffic signs,broadside,no,no,no,0,0,0,0,0,0,Pickup or Panel Truck,LOS ANGELES
9625979,2023-09-07,9,16,4,possible injury,0,1,pedestrian violation,vehicle/pedestrian,yes,no,no,1,0,0,0,0,0,Pedestrian,SAN BERNARDINO
9625981,2023-09-16,9,11,6,possible injury,0,1,unsafe speed,rear end,no,no,no,0,0,0,0,0,0,Passenger Car/Station Wagon,LOS ANGELES
9625982,2023-09-01,9,14,5,minor injury,0,1,DUI,sideswipe,no,no,no,0,0,0,0,0,0,Truck or Truck Tractor,LOS ANGELES
9625983,2023-09-09,9,15,6,minor injury,0,4,improper turning,broadside,no,no,no,0,0,0,0,0,0,Passenger Car/Station Wagon,SAN BERNARDINO
9625984,2023-09-25,9,7,1,possible injury,0,1,unsafe speed,rear end,no,no,no,0,0,0,0,0,0,Pickup or Panel Truck,SAN BERNARDINO
9625987,2023-09-09,9,15,6,possible injury,0,2,unknown,broadside,no,no,no,0,0,0,0,0,0,Not Stated,SAN BERNARDINO
9625988,2023-09-26,9,17,2,minor injury,0,1,improper turning,head-on,no,no,no,0,0,0,0,0,0,Pickup or Panel Truck,SAN BERNARDINO
9625997,2023-10-01,10,2,7,possible injury,0,1,traffic signs,broadside,no,no,no,0,0,0,0,0,0,Pickup or Panel Truck,LOS ANGELES
9626021,2023-09-16,9,19,6,possible injury,0,1,improper passing,sideswipe,no,yes,no,0,1,0,0,0,0,Bicycle,SAN FRANCISCO
9626028,2023-09-12,9,17,2,minor injury,0,1,improper passing,broadside,no,no,no,0,0,0,0,0,0,Passenger Car/Station Wagon,SAN FRANCISCO
9626036,2023-09-15,9,19,5,possible injury,0,5,unsafe speed,rear end,no,no,no,0,0,0,0,0,0,Passenger Car/Station Wagon,SAN FRANCISCO
9626039,2023-09-19,9,20,2,possible injury,0,1,traffic signs,broadside,no,no,no,0,0,0,0,0,0,Passenger Car/Station Wagon,SAN FRANCISCO
9626061,2023-09-05,9,13,2,possible injury,0,1,traffic signs,broadside,no,no,no,0,0,0,0,0,0,Passenger Car/Station Wagon,SAN FRANCISCO
9626062,2023-09-08,9,12,5,possible injury,0,1,pedestrian right of way,vehicle/pedestrian,yes,no,no,1,0,0,0,0,0,Passenger Car/Station Wagon,SAN FRANCISCO
9626063,2023-09-08,9,3,5,possible injury,0,1,wrong side of road,head-on,no,yes,no,0,1,0,0,0,0,Bicycle,SAN FRANCISCO
9626064,2023-09-06,9,22,3,severe injury,0,1,traffic signs,head-on,no,yes,no,0,1,0,0,0,0,Passenger Car/Station Wagon,SAN FRANCISCO
9626065,2023-09-05,9,13,2,minor injury,0,1,improper turning,sideswipe,no,no,no,0,0,0,0,0,0,Passenger Car/Station Wagon,SAN FRANCISCO
9626066,2023-09-10,9,1,7,possible injury,0,1,DUI,sideswipe,no,no,no,0,0,0,0,0,0,Passenger Car/Station Wagon,SAN FRANCISCO
9626067,2023-09-10,9,1,7,minor injury,0,4,traffic signs,vehicle/pedestrian,yes,no,no,4,0,0,0,0,0,Not Stated,SAN FRANCISCO
9626068,2023-09-09,9,21,6,possible injury,0,6,other hazardous violation,broadside,no,no,no,0,0,0,0,0,0,Passenger Car/Station Wagon,SAN FRANCISCO
9626069,2023-09-07,9,15,4,possible injury,0,2,improper turning,sideswipe,no,no,no,0,0,0,0,0,0,Passenger Car/Station Wagon,SAN FRANCISCO
9626070,2023-09-09,9,6,6,minor injury,0,1,traffic signs,broadside,no,no,no,0,0,0,0,0,0,Passenger Car/Station Wagon,SAN FRANCISCO
9626071,2023-09-09,9,0,6,possible injury,0,1,unsafe speed,hit object,no,no,no,0,0,0,0,0,0,Passenger Car/Station Wagon,SAN FRANCISCO
9626072,2023-09-09,9,0,6,minor injury,0,1,unknown,head-on,no,no,yes,0,0,1,0,0,0,Not Stated,SAN FRANCISCO
9626073,2023-09-08,9,23,5,minor injury,0,1,other hazardous violation,vehicle/pedestrian,no,no,no,0,0,0,0,0,0,Passenger Car/Station Wagon,SAN FRANCISCO
9626074,2023-09-08,9,18,5,minor injury,0,1,automobile right of way,broadside,no,no,yes,0,0,1,0,0,0,Passenger Car/Station Wagon,SAN FRANCISCO
9626075,2023-09-11,9,21,1,possible injury,0,1,unknown,vehicle/pedestrian,no,no,no,0,0,0,0,0,0,Not Stated,SAN FRANCISCO
9626076,2023-09-10,9,15,7,minor injury,0,1,automobile right of way,broadside,no,no,yes,0,0,1,0,0,0,Motorcycle/Scooter,SAN FRANCISCO
9626077,2023-09-10,9,17,7,minor injury,0,1,unsafe speed,hit object,no,no,yes,0,0,1,0,0,0,Motorcycle/Scooter,SAN FRANCISCO
9626078,2023-09-09,9,11,6,possible injury,0,3,unsafe speed,head-on,no,no,no,0,0,0,0,0,0,Passenger Car/Station Wagon,SAN FRANCISCO
9626079,2023-09-06,9,4,3,possible injury,0,1,automobile right of way,head-on,yes,no,no,1,0,0,0,0,0,Passenger Car/Station Wagon,SAN FRANCISCO
9626080,2023-09-05,9,16,2,possible injury,0,2,unsafe speed,broadside,no,no,no,0,0,0,0,0,0,Passenger Car/Station Wagon,SAN FRANCISCO
9626089,2023-09-15,9,23,5,minor injury,0,1,improper turning,head-on,no,no,no,0,0,0,0,0,0,Passenger Car/Station Wagon,LOS ANGELES
9626093,2023-08-31,8,17,4,severe injury,0,1,unknown,other,no,yes,no,0,1,0,0,0,0,Not Stated,LOS ANGELES
9626094,2023-08-29,8,17,2,possible injury,0,1,improper turning,broadside,no,no,no,0,0,0,0,0,0,Passenger Car/Station Wagon,LOS ANGELES
9626096,2023-08-02,8,7,3,minor injury,0,1,unsafe speed,hit object,no,no,yes,0,0,1,0,0,0,Motorcycle/Scooter,FRESNO
9626097,2023-08-21,8,7,1,possible injury,0,1,other than driver or pedestrian,head-on,no,no,no,0,0,0,0,0,0,Not Stated,LOS ANGELES
9626098,2023-08-24,8,13,4,possible injury,0,2,traffic signs,broadside,no,no,no,0,0,0,0,0,0,Passenger Car/Station Wagon,MERCED
9626099,2023-08-31,8,7,4,possible injury,0,1,improper turning,broadside,no,no,no,0,0,0,0,0,0,Passenger Car/Station Wagon,MERCED
9626100,2023-08-06,8,11,7,minor injury,0,1,unknown,sideswipe,no,no,no,0,0,0,0,0,0,Not Stated,LOS ANGELES
9626123,2023-09-19,9,8,2,possible injury,0,1,unsafe speed,rear end,no,no,no,0,0,0,0,0,0,Not Stated,SAN DIEGO
9626124,2023-09-08,9,8,5,possible injury,0,2,automobile right of way,broadside,no,no,no,0,0,0,0,0,0,Passenger Car/Station Wagon,LOS ANGELES
9626125,2023-09-09,9,16,6,minor injury,0,1,traffic signs,broadside,no,no,no,0,0,0,0,0,0,Passenger Car/Station Wagon,ALAMEDA
9626126,2023-09-11,9,11,1,minor injury,0,1,traffic signs,broadside,no,yes,no,0,1,0,0,0,0,Bicycle,ALAMEDA
9626127,2023-09-05,9,20,2,minor injury,0,1,traffic signs,head-on,no,no,no,0,0,0,0,0,0,Passenger Car/Station Wagon,ALAMEDA
9626128,2023-09-11,9,13,1,minor injury,0,1,traffic signs,broadside,no,no,no,0,0,0,0,0,0,Passenger Car/Station Wagon,ALAMEDA
9626133,2023-02-06,2,0,1,minor injury,0,1,unknown,broadside,no,no,yes,0,0,0,0,0,0,Not Stated,LOS ANGELES
9626134,2023-02-08,2,8,3,minor injury,0,1,automobile right of way,broadside,no,no,no,0,0,0,0,0,0,Passenger Car/Station Wagon,LOS ANGELES
9626135,2023-02-16,2,15,4,minor injury,0,1,unsafe speed,rear end,no,no,no,0,0,0,0,0,0,Passenger Car/Station Wagon,LOS ANGELES
9626136,2023-02-22,2,20,3,possible injury,0,1,unsafe speed,hit object,no,no,no,0,0,0,0,0,0,Passenger Car/Station Wagon,LOS ANGELES
9626137,2023-02-27,2,17,1,possible injury,0,1,unsafe speed,overturned,no,no,no,0,0,0,0,0,0,Passenger Car/Station Wagon,LOS ANGELES
9626138,2023-01-11,1,13,3,minor injury,0,1,unknown,sideswipe,no,no,yes,0,0,1,0,0,0,Not Stated,LOS ANGELES
9626139,2023-01-11,1,19,3,possible injury,0,2,improper turning,hit object,yes,no,no,1,0,0,0,0,0,Passenger Car/Station Wagon,ALAMEDA
9626140,2023-01-28,1,23,6,possible injury,0,3,unsafe speed,sideswipe,no,no,no,0,0,0,0,0,0,Passenger Car/Station Wagon,LOS ANGELES
9626141,2023-01-19,1,17,4,minor injury,0,1,unsafe speed,hit object,no,no,no,0,0,0,0,0,0,Passenger Car/Station Wagon,LOS ANGELES
9626142,2023-01-15,1,14,7,minor injury,0,2,improper turning,rear end,no,no,no,0,0,0,0,0,0,Passenger Car/Station Wagon,LOS ANGELES
9626143,2023-01-07,1,9,6,possible injury,0,1,other than driver or pedestrian,other,no,no,no,0,0,0,0,0,0,Not Stated,LOS ANGELES
9626144,2023-01-05,1,11,4,minor injury,0,1,unsafe speed,hit object,no,no,no,0,0,0,0,0,0,Passenger Car/Station Wagon,LOS ANGELES
9626145,2023-01-05,1,7,4,possible injury,0,2,automobile right of way,broadside,no,no,no,0,0,0,0,0,0,Passenger Car/Station Wagon,LOS ANGELES
9626146,2023-01-01,1,15,7,possible injury,0,1,automobile right of way,broadside,no,no,no,0,0,0,0,0,0,Other Vehicle,LOS ANGELES
9626147,2023-01-22,1,1,7,possible injury,0,1,wrong side of road,other,no,yes,no,0,1,0,0,0,0,Bicycle,LOS ANGELES
9626148,2023-01-23,1,10,1,minor injury,0,1,pedestrian right of way,vehicle/pedestrian,no,no,no,0,0,0,0,0,0,Passenger Car/Station Wagon,LOS ANGELES
9626149,2023-01-25,1,14,3,minor injury,0,1,unsafe speed,rear end,no,no,no,0,0,0,0,0,0,Passenger Car/Station Wagon,LOS ANGELES
9626150,2023-01-24,1,21,2,minor injury,0,1,other than driver or pedestrian,head-on,yes,no,no,1,0,0,0,0,0,Not Stated,LOS ANGELES
9626156,2023-04-02,4,1,7,minor injury,0,1,DUI,sideswipe,no,no,no,0,0,0,0,0,0,Passenger Car/Station Wagon,LOS ANGELES
9626158,2023-04-16,4,20,7,possible injury,0,1,automobile right of way,sideswipe,no,yes,no,0,1,0,0,0,0,Passenger Car/Station Wagon,LOS ANGELES
9626159,2023-04-07,4,18,5,minor injury,0,1,improper turning,other,no,no,yes,0,0,1,0,0,0,Motorcycle/Scooter,RIVERSIDE
9626160,2023-04-28,4,8,5,possible injury,0,2,automobile right of way,broadside,no,no,no,0,0,0,0,0,0,Passenger Car/Station Wagon,RIVERSIDE
9626161,2023-09-14,9,15,4,severe injury,0,1,pedestrian violation,vehicle/pedestrian,yes,no,no,1,0,0,0,0,0,Pedestrian,SAN FRANCISCO
9626162,2023-09-14,9,11,4,minor injury,0,1,other than driver or pedestrian,head-on,no,no,no,0,0,0,0,0,0,Not Stated,SAN FRANCISCO
9626163,2023-09-14,9,8,4,possible injury,0,2,automobile right of way,head-on,no,no,no,0,0,0,0,0,0,Passenger Car/Station Wagon,SAN FRANCISCO
9626164,2023-09-14,9,0,4,minor injury,0,1,unknown,broadside,no,no,yes,0,0,1,0,0,0,Motorcycle/Scooter,SAN FRANCISCO
9626165,2023-09-13,9,19,3,possible injury,0,1,improper turning,sideswipe,no,no,yes,0,0,1,0,0,0,Motorcycle/Scooter,SAN FRANCISCO
9626166,2023-09-13,9,11,3,possible injury,0,1,automobile right of way,broadside,no,no,no,0,0,0,0,0,0,Passenger Car/Station Wagon,SAN FRANCISCO
9626167,2023-09-12,9,9,2,possible injury,0,1,unknown,vehicle/pedestrian,yes,no,no,1,0,0,0,0,0,Not Stated,SAN FRANCISCO
9626168,2023-09-14,9,16,4,possible injury,0,1,unsafe speed,broadside,no,no,yes,0,0,1,0,0,0,Passenger Car/Station Wagon,SAN FRANCISCO
9626169,2023-09-14,9,22,4,minor injury,0,4,unsafe speed,rear end,no,no,no,0,0,0,0,0,0,Passenger Car/Station Wagon,SAN FRANCISCO
9626170,2023-09-14,9,20,4,minor injury,0,1,other than driver or pedestrian,overturned,no,no,yes,0,0,1,0,0,0,Not Stated,SAN FRANCISCO
9626171,2023-09-14,9,14,4,minor injury,0,1,unsafe speed,hit object,no,no,no,0,0,0,0,0,0,Other Vehicle,SAN FRANCISCO
9626172,2023-09-16,9,21,6,possible injury,0,1,pedestrian right of way,vehicle/pedestrian,yes,no,no,1,0,0,0,0,0,Passenger Car/Station Wagon,SAN FRANCISCO
9626173,2023-09-16,9,20,6,possible injury,0,1,automobile right of way,broadside,no,yes,no,0,1,0,0,0,0,Passenger Car/Station Wagon,SAN FRANCISCO
9626174,2023-09-16,9,9,6,minor injury,0,2,traffic signs,broadside,no,yes,no,0,1,0,0,0,0,Other Vehicle,SAN FRANCISCO
9626175,2023-09-15,9,3,5,possible injury,0,1,unsafe speed,sideswipe,no,no,no,0,0,0,0,0,0,Other Vehicle,SAN FRANCISCO
9626176,2023-09-16,9,14,6,possible injury,0,1,unsafe speed,rear end,no,no,no,0,0,0,0,0,0,Passenger Car/Station Wagon,SAN FRANCISCO
9626177,2023-09-18,9,17,1,minor injury,0,1,other hazardous violation,unknown,no,yes,no,0,1,0,0,0,0,Passenger Car/Station Wagon,SAN FRANCISCO
9626178,2023-09-18,9,16,1,possible injury,0,1,unsafe speed,other,no,yes,no,0,1,0,0,0,0,Bicycle,SAN FRANCISCO
9626179,2023-09-18,9,13,1,possible injury,0,1,traffic signs,broadside,no,no,no,0,0,0,0,0,0,Passenger Car/Station Wagon,SAN FRANCISCO
9626180,2023-09-18,9,11,1,severe injury,0,1,traffic signs,broadside,no,no,no,0,0,0,0,0,0,Passenger Car/Station Wagon,SAN FRANCISCO
9626181,2023-09-17,9,19,7,minor injury,0,1,unsafe speed,rear end,no,no,yes,0,0,1,0,0,0,Motorcycle/Scooter,SAN FRANCISCO
9626182,2023-09-16,9,15,6,possible injury,0,1,unsafe speed,rear end,no,no,no,0,0,0,0,0,0,Passenger Car/Station Wagon,SAN FRANCISCO
9626183,2023-09-15,9,20,5,minor injury,0,1,pedestrian violation,vehicle/pedestrian,yes,yes,no,1,0,0,0,0,0,Pedestrian,SAN FRANCISCO
9626184,2023-09-14,9,14,4,minor injury,0,2,pedestrian right of way,vehicle/pedestrian,yes,no,no,2,0,0,0,0,0,Passenger Car/Station Wagon,SAN FRANCISCO
9626185,2023-09-12,9,15,2,minor injury,0,1,improper passing,sideswipe,no,no,yes,0,0,1,0,0,0,Motorcycle/Scooter,SAN FRANCISCO
9626186,2023-09-12,9,14,2,possible injury,0,1,improper turning,broadside,no,no,no,0,0,0,0,0,0,Passenger Car/Station Wagon,SAN FRANCISCO
9626187,2023-09-12,9,14,2,possible injury,0,1,unknown,sideswipe,no,yes,yes,0,1,0,0,0,0,Not Stated,SAN FRANCISCO
9626188,2023-09-11,9,20,1,possible injury,0,1,pedestrian right of way,vehicle/pedestrian,yes,no,no,1,0,0,0,0,0,Passenger Car/Station Wagon,SAN FRANCISCO
9626189,2023-09-11,9,16,1,possible injury,0,1,pedestrian violation,vehicle/pedestrian,yes,no,no,1,0,0,0,0,0,Pedestrian,SAN FRANCISCO
9626190,2023-09-11,9,15,1,possible injury,0,1,traffic signs,broadside,no,no,no,0,0,0,0,0,0,Passenger Car/Station Wagon,SAN FRANCISCO
9626191,2023-09-11,9,15,1,minor injury,0,1,automobile right of way,broadside,no,no,yes,0,0,1,0,0,0,Passenger Car/Station Wagon,SAN FRANCISCO
9626192,2023-09-11,9,9,1,possible injury,0,2,automobile right of way,overturned,no,no,no,0,0,0,0,0,0,Passenger Car/Station Wagon,SAN FRANCISCO
9626193,2023-09-08,9,17,5,possible injury,0,1,wrong side of road,sideswipe,no,no,no,0,0,0,0,0,0,Not Stated,SAN FRANCISCO
9626194,2023-09-08,9,7,5,possible injury,0,1,automobile right of way,broadside,no,no,no,0,0,0,0,0,0,Passenger Car/Station Wagon,SAN FRANCISCO
9626195,2023-09-05,9,15,2,possible injury,0,1,other hazardous violation,other,no,yes,no,0,1,0,0,0,0,Bicycle,SAN FRANCISCO
9626196,2023-09-13,9,3,3,possible injury,0,1,pedestrian violation,head-on,yes,no,no,1,0,0,0,0,0,Pedestrian,SAN FRANCISCO
9626197,2023-09-12,9,20,2,minor injury,0,1,unsafe speed,other,no,no,yes,0,0,1,0,0,0,Motorcycle/Scooter,SAN FRANCISCO
9626198,2023-09-13,9,22,3,possible injury,0,1,pedestrian right of way,vehicle/pedestrian,yes,no,no,1,0,0,0,0,0,Passenger Car/Station Wagon,SAN FRANCISCO
9626199,2023-09-13,9,16,3,possible injury,0,1,other hazardous violation,hit object,no,no,no,0,0,0,0,0,0,Not Stated,SAN FRANCISCO
9626200,2023-09-09,9,20,6,possible injury,0,1,improper turning,sideswipe,no,no,no,0,0,0,0,0,0,Passenger Car/Station Wagon,SAN FRANCISCO
9626201,2023-09-20,9,19,3,minor injury,0,1,automobile right of way,unknown,no,yes,no,0,1,0,0,0,0,Bicycle,SAN FRANCISCO
9626202,2023-09-20,9,18,3,minor injury,0,2,traffic signs,broadside,no,yes,yes,0,1,1,0,0,0,Motorcycle/Scooter,SAN FRANCISCO
9626203,2023-09-22,9,13,5,possible injury,0,1,traffic signs,head-on,no,no,yes,0,0,1,0,0,0,Passenger Car/Station Wagon,SAN FRANCISCO
9626204,2023-09-20,9,0,3,possible injury,0,1,unsafe lane change,rear end,no,no,no,0,0,0,0,0,0,Passenger Car/Station Wagon,SAN FRANCISCO
9626205,2023-09-19,9,7,2,possible injury,0,1,improper turning,broadside,no,yes,no,0,1,0,0,0,0,Passenger Car/Station Wagon,SAN FRANCISCO
9626206,2023-09-18,9,17,1,possible injury,0,1,unknown,other,no,yes,no,0,1,0,0,0,0,Not Stated,SAN FRANCISCO
9626207,2023-09-16,9,18,6,minor injury,0,1,improper passing,unknown,yes,no,no,1,0,0,0,0,0,Passenger Car/Station Wagon,SAN FRANCISCO
9626208,2023-09-12,9,19,2,minor injury,0,1,unsafe speed,rear end,no,yes,no,0,1,0,0,0,0,Bicycle,SAN FRANCISCO
9626209,2023-09-20,9,13,3,fatal injury,1,0,pedestrian right of way,vehicle/pedestrian,yes,no,no,0,0,0,1,0,0,Passenger Car/Station Wagon,SAN FRANCISCO
9626210,2023-09-21,9,20,4,minor injury,0,2,unsafe speed,hit object,no,no,no,0,0,0,0,0,0,Passenger Car/Station Wagon,SAN FRANCISCO
9626211,2023-09-21,9,11,4,possible injury,0,2,wrong side of road,head-on,no,no,no,0,0,0,0,0,0,Passenger Car/Station Wagon,SAN FRANCISCO
9626212,2023-09-21,9,6,4,minor injury,0,1,unsafe speed,other,no,yes,no,0,1,0,0,0,0,Bicycle,SAN FRANCISCO