CASE_ID,COLLISION_DATE,MONTH,HOUR,DAY_OF_WEEK,COLLISION_SEVERITY,NUMBER_KILLED,NUMBER_INJURED,PCF_VIOL_CATEGORY,TYPE_OF_COLLISION,PEDESTRIAN_ACCIDENT,BICYCLE_ACCIDENT,MOTORCYCLE_ACCIDENT,COUNT_PED_INJURED,COUNT_BICYCLIST_INJURED,COUNT_MC_INJURED,COUNT_PED_KILLED,COUNT_BICYCLIST_KILLED,COUNT_MC_KILLED,STWD_VEHTYPE_AT_FAULT,COUNTY
9635458,2023-11-02,11,12,4,minor injury,0,3,automobile right of way,broadside,yes,no,no,1,0,0,0,0,0,Passenger Car/Station Wagon,MARIN
9635463,2023-11-09,11,6,4,possible injury,0,1,automobile right of way,unknown,no,no,no,0,0,0,0,0,0,Passenger Car/Station Wagon,SAN DIEGO
9635479,2023-09-20,9,8,3,possible injury,0,1,automobile right of way,broadside,no,no,no,0,0,0,0,0,0,Passenger Car/Station Wagon,SAN BERNARDINO
9635484,2023-10-25,10,15,3,possible injury,0,1,unsafe speed,rear end,no,no,no,0,0,0,0,0,0,Passenger Car/Station Wagon,SANTA CLARA
9635485,2023-10-30,10,6,1,severe injury,0,1,traffic signs,other,no,yes,no,0,1,0,0,0,0,Passenger Car/Station Wagon,SANTA CLARA
9635486,2023-10-28,10,13,6,minor injury,0,1,traffic signs,sideswipe,no,yes,no,0,1,0,0,0,0,Bicycle,SANTA CLARA
9635487,2023-10-30,10,12,1,minor injury,0,1,automobile right of way,head-on,no,no,no,0,0,0,0,0,0,Passenger Car/Station Wagon,SUTTER
9635488,2023-10-31,10,21,2,severe injury,0,1,unsafe speed,overturned,no,no,yes,0,0,1,0,0,0,Motorcycle/Scooter,SUTTER
9635489,2023-10-29,10,12,7,possible injury,0,1,improper turning,broadside,no,no,no,0,0,0,0,0,0,Passenger Car/Station Wagon,SUTTER
9635490,2023-01-04,1,17,3,possible injury,0,1,unknown,sideswipe,no,no,no,0,0,0,0,0,0,Not Stated,SAN FRANCISCO
9635491,2023-03-26,3,18,7,possible injury,0,2,DUI,rear end,no,no,no,0,0,0,0,0,0,Passenger Car/Station Wagon,LOS ANGELES
9635493,2023-06-30,6,15,5,severe injury,0,1,improper turning,hit object,no,no,no,0,0,0,0,0,0,Other Vehicle,LOS ANGELES
9635494,2023-08-30,8,14,3,possible injury,0,1,improper turning,sideswipe,no,no,no,0,0,0,0,0,0,Passenger Car/Station Wagon,PLACER
9635495,2023-08-09,8,9,3,possible injury,0,1,improper passing,broadside,no,no,yes,0,0,0,0,0,0,Motorcycle/Scooter,SAN FRANCISCO
9635496,2023-08-24,8,10,4,minor injury,0,2,traffic signs,broadside,no,no,no,0,0,0,0,0,0,Passenger Car/Station Wagon,LOS ANGELES
9635497,2023-09-06,9,22,3,minor injury,0,1,DUI,head-on,no,no,no,0,0,0,0,0,0,Passenger Car/Station Wagon,SANTA CLARA
9635499,2023-09-21,9,17,4,minor injury,0,1,unsafe speed,hit object,no,no,no,0,0,0,0,0,0,Passenger Car/Station Wagon,VENTURA
9635500,2023-09-26,9,18,2,possible injury,0,1,automobile right of way,broadside,no,yes,no,0,1,0,0,0,0,Passenger Car/Station Wagon,SAN FRANCISCO
9635501,2023-09-21,9,12,4,possible injury,0,1,unsafe speed,rear end,no,no,no,0,0,0,0,0,0,Passenger Car/Station Wagon,LOS ANGELES
9635502,2023-09-03,9,2,7,minor injury,0,1,DUI,rear end,no,no,no,0,0,0,0,0,0,Passenger Car/Station Wagon,LOS ANGELES
9635503,2023-09-17,9,9,7,possible injury,0,1,automobile right of way,broadside,no,yes,no,0,1,0,0,0,0,Passenger Car/Station Wagon,LOS ANGELES
9635504,2023-07-14,7,12,5,minor injury,0,1,improper passing,broadside,no,no,yes,0,0,0,0,0,0,Motorcycle/Scooter,SAN BERNARDINO
9635506,2023-11-17,11,16,5,possible injury,0,1,unsafe speed,rear end,no,no,no,0,0,0,0,0,0,Pickup or Panel Truck,SAN BERNARDINO
9635511,2023-11-29,11,17,3,possible injury,0,1,wrong side of road,broadside,no,yes,no,0,1,0,0,0,0,Bicycle,SOLANO
9635516,2023-11-24,11,14,5,possible injury,0,1,automobile right of way,broadside,no,no,no,0,0,0,0,0,0,Passenger Car/Station Wagon,LOS ANGELES
9635518,2023-12-04,12,16,1,possible injury,0,1,pedestrian right of way,vehicle/pedestrian,yes,no,no,1,0,0,0,0,0,Pickup or Panel Truck,LOS ANGELES
9635521,2023-11-13,11,7,1,possible injury,0,1,pedestrian violation,vehicle/pedestrian,yes,no,no,1,0,0,0,0,0,Pedestrian,SACRAMENTO
9635522,2023-11-28,11,9,2,possible injury,0,1,DUI,rear end,no,no,no,0,0,0,0,0,0,Pickup or Panel Truck,SAN DIEGO
9635526,2023-11-23,11,9,4,minor injury,0,1,improper turning,hit object,no,no,no,0,0,0,0,0,0,Other Bus,NAPA
9635529,2023-10-25,10,15,3,possible injury,0,4,wrong side of road,head-on,no,no,no,0,0,0,0,0,0,Pickup or Panel Truck,SAN BERNARDINO
9635530,2023-11-06,11,8,1,possible injury,0,1,automobile right of way,broadside,no,no,no,0,0,0,0,0,0,Passenger Car/Station Wagon,NAPA
9635536,2023-11-01,11,12,3,possible injury,0,2,unknown,broadside,no,no,no,0,0,0,0,0,0,Not Stated,STANISLAUS
9635538,2023-11-30,11,12,4,minor injury,0,2,traffic signs,broadside,no,no,no,0,0,0,0,0,0,Pickup or Panel Truck,NAPA
9635541,2023-11-04,11,21,6,possible injury,0,2,DUI,rear end,no,no,no,0,0,0,0,0,0,Passenger Car/Station Wagon,SAN BERNARDINO
9635545,2023-12-02,12,0,6,severe injury,0,4,DUI,broadside,no,no,no,0,0,0,0,0,0,Passenger Car/Station Wagon,SAN DIEGO
9635546,2023-11-30,11,18,4,minor injury,0,2,DUI,head-on,no,no,no,0,0,0,0,0,0,Passenger Car/Station Wagon,NAPA
9635549,2023-11-30,11,17,4,possible injury,0,1,following too closely,rear end,no,no,no,0,0,0,0,0,0,Pickup or Panel Truck,SAN DIEGO
9635562,2023-11-22,11,13,3,severe injury,0,3,traffic signs,broadside,no,no,no,0,0,0,0,0,0,Passenger Car/Station Wagon,LOS ANGELES
9635564,2023-11-17,11,22,5,minor injury,0,4,unsafe speed,rear end,no,no,no,0,0,0,0,0,0,Pickup or Panel Truck,LOS ANGELES
9635570,2023-10-19,10,11,4,severe injury,0,3,traffic signs,broadside,no,no,no,0,0,0,0,0,0,Passenger Car/Station Wagon,LAKE
9635571,2023-11-14,11,11,2,severe injury,0,2,automobile right of way,broadside,no,no,no,0,0,0,0,0,0,Pickup or Panel Truck,LAKE
9635572,2023-11-14,11,18,2,severe injury,0,1,pedestrian right of way,vehicle/pedestrian,yes,no,no,1,0,0,0,0,0,Pickup or Panel Truck,LAKE
9635573,2023-11-27,11,7,1,severe injury,0,1,unknown,hit object,no,no,no,0,0,0,0,0,0,Not Stated,LAKE
9635582,2023-11-27,11,17,1,possible injury,0,1,unsafe speed,rear end,no,no,no,0,0,0,0,0,0,Passenger Car/Station Wagon,SAN DIEGO
9635586,2023-09-13,9,5,3,possible injury,0,1,unknown,rear end,no,no,no,0,0,0,0,0,0,Not Stated,SAN DIEGO
9635593,2023-10-23,10,9,1,possible injury,0,1,automobile right of way,broadside,no,no,no,0,0,0,0,0,0,Pickup or Panel Truck,SAN BERNARDINO
9635595,2023-11-29,11,8,3,possible injury,0,1,other than driver or pedestrian,rear end,no,no,no,0,0,0,0,0,0,Not Stated,STANISLAUS
9635596,2023-11-27,11,8,1,severe injury,0,1,automobile right of way,broadside,no,no,no,0,0,0,0,0,0,Passenger Car/Station Wagon,ALAMEDA
9635598,2023-11-16,11,6,4,severe injury,0,1,other hazardous violation,broadside,no,no,yes,0,0,1,0,0,0,Pickup or Panel Truck,SOLANO
9635606,2023-11-28,11,9,2,possible injury,0,3,automobile right of way,broadside,no,no,no,0,0,0,0,0,0,Passenger Car/Station Wagon,STANISLAUS
9635608,2023-11-29,11,10,3,possible injury,0,3,other hazardous violation,broadside,no,no,no,0,0,0,0,0,0,Passenger Car/Station Wagon,STANISLAUS
9635610,2023-11-13,11,11,1,minor injury,0,1,pedestrian right of way,vehicle/pedestrian,yes,no,no,1,0,0,0,0,0,Passenger Car/Station Wagon,STANISLAUS
9635611,2023-11-15,11,16,3,possible injury,0,2,improper turning,broadside,no,no,no,0,0,0,0,0,0,Passenger Car/Station Wagon,STANISLAUS
9635613,2023-11-28,11,15,2,minor injury,0,1,pedestrian violation,vehicle/pedestrian,yes,no,no,1,0,0,0,0,0,Pedestrian,STANISLAUS
9635621,2023-12-06,12,16,3,minor injury,0,1,unsafe speed,rear end,no,no,no,0,0,0,0,0,0,Passenger Car/Station Wagon,LOS ANGELES
9635622,2023-12-10,12,17,7,minor injury,0,3,unsafe speed,rear end,no,no,no,0,0,0,0,0,0,Not Stated,LOS ANGELES
9635623,2023-12-01,12,16,5,minor injury,0,2,automobile right of way,broadside,no,no,no,0,0,0,0,0,0,Passenger Car/Station Wagon,LOS ANGELES
9635624,2023-12-02,12,11,6,possible injury,0,2,unknown,broadside,no,no,no,0,0,0,0,0,0,Not Stated,LOS ANGELES
9635625,2023-12-02,12,14,6,minor injury,0,1,unknown,broadside,no,no,no,0,0,0,0,0,0,Not Stated,LOS ANGELES
9635626,2023-12-03,12,11,7,minor injury,0,1,improper turning,head-on,no,no,no,0,0,0,0,0,0,Passenger Car/Station Wagon,LOS ANGELES
9635627,2023-12-06,12,6,3,possible injury,0,2,traffic signs,broadside,no,no,no,0,0,0,0,0,0,Passenger Car/Station Wagon,LOS ANGELES
9635628,2023-12-06,12,11,3,minor injury,0,2,automobile right of way,broadside,no,no,no,0,0,0,0,0,0,Passenger Car/Station Wagon,LOS ANGELES
9635629,2023-12-01,12,17,5,severe injury,0,1,improper turning,hit object,no,no,yes,0,0,1,0,0,0,Passenger Car/Station Wagon,YOLO
9635630,2023-12-07,12,11,4,minor injury,0,1,unsafe speed,rear end,no,no,no,0,0,0,0,0,0,Passenger Car/Station Wagon,SAN BERNARDINO
9635631,2023-12-06,12,17,3,possible injury,0,1,traffic signs,broadside,no,no,no,0,0,0,0,0,0,Passenger Car/Station Wagon,SAN BERNARDINO
9635632,2023-12-09,12,17,6,minor injury,0,1,automobile right of way,broadside,no,no,no,0,0,0,0,0,0,Passenger Car/Station Wagon,NAPA
9635633,2023-12-14,12,8,4,minor injury,0,2,following too closely,rear end,no,no,no,0,0,0,0,0,0,Passenger Car/Station Wagon,NAPA
9635634,2023-12-11,12,14,1,minor injury,0,1,unsafe speed,overturned,no,yes,no,0,1,0,0,0,0,Bicycle,MONTEREY
9635635,2023-12-07,12,15,4,possible injury,0,1,unsafe speed,rear end,no,no,no,0,0,0,0,0,0,Passenger Car/Station Wagon,MONTEREY
9635636,2023-12-02,12,14,6,possible injury,0,1,unsafe speed,head-on,no,no,yes,0,0,1,0,0,0,Motorcycle/Scooter,SAN BERNARDINO
9635637,2023-12-09,12,4,6,possible injury,0,1,unsafe speed,overturned,no,no,no,0,0,0,0,0,0,Passenger Car/Station Wagon,SAN BERNARDINO
9635638,2023-12-07,12,16,4,minor injury,0,1,traffic signs,broadside,no,no,no,0,0,0,0,0,0,Passenger Car/Station Wagon,SAN BERNARDINO
9635639,2023-12-07,12,14,4,possible injury,0,2,automobile right of way,broadside,no,no,no,0,0,0,0,0,0,Passenger Car/Station Wagon,SAN BERNARDINO
9635640,2023-12-07,12,11,4,possible injury,0,1,unsafe speed,broadside,no,no,no,0,0,0,0,0,0,Passenger Car/Station Wagon,SAN BERNARDINO
9635641,2023-11-22,11,19,3,severe injury,0,3,automobile right of way,head-on,no,no,no,0,0,0,0,0,0,Passenger Car/Station Wagon,LOS ANGELES
9635642,2023-11-25,11,17,6,minor injury,0,1,traffic signs,sideswipe,no,no,no,0,0,0,0,0,0,Passenger Car/Station Wagon,LOS ANGELES
9635643,2023-11-20,11,17,1,severe injury,0,1,unknown,vehicle/pedestrian,yes,no,no,1,0,0,0,0,0,Not Stated,LOS ANGELES
9635644,2023-11-13,11,18,1,minor injury,0,2,automobile right of way,head-on,no,no,no,0,0,0,0,0,0,Passenger Car/Station Wagon,LOS ANGELES
9635645,2023-11-20,11,13,1,possible injury,0,9,unsafe speed,rear end,no,no,no,0,0,0,0,0,0,Passenger Car/Station Wagon,LOS ANGELES
9635646,2023-11-20,11,15,1,possible injury,0,3,automobile right of way,head-on,no,no,no,0,0,0,0,0,0,Passenger Car/Station Wagon,LOS ANGELES
9635647,2023-11-28,11,8,2,possible injury,0,1,pedestrian right of way,vehicle/pedestrian,yes,no,no,1,0,0,0,0,0,Passenger Car/Station Wagon,LOS ANGELES
9635648,2023-11-28,11,11,2,minor injury,0,1,unsafe speed,broadside,no,no,no,0,0,0,0,0,0,Passenger Car/Station Wagon,LOS ANGELES
9635649,2023-11-25,11,14,6,possible injury,0,1,unsafe speed,rear end,no,no,no,0,0,0,0,0,0,Passenger Car/Station Wagon,LOS ANGELES
9635650,2023-11-16,11,11,4,possible injury,0,1,unsafe speed,rear end,no,no,no,0,0,0,0,0,0,Passenger Car/Station Wagon,LOS ANGELES
9635651,2023-11-09,11,15,4,minor injury,0,1,unsafe speed,rear end,no,no,no,0,0,0,0,0,0,Passenger Car/Station Wagon,YOLO
9635652,2023-11-22,11,8,3,minor injury,0,1,improper turning,vehicle/pedestrian,yes,no,no,1,0,0,0,0,0,Passenger Car/Station Wagon,NAPA
9635654,2023-11-15,11,13,3,minor injury,0,2,improper turning,hit object,no,no,no,0,0,0,0,0,0,Passenger Car/Station Wagon,NAPA
9635655,2023-11-30,11,9,4,minor injury,0,1,wrong side of road,broadside,no,yes,no,0,1,0,0,0,0,Bicycle,NAPA
9635656,2023-11-25,11,20,6,minor injury,0,2,wrong side of road,head-on,no,no,no,0,0,0,0,0,0,Passenger Car/Station Wagon,SAN BERNARDINO
9635657,2023-11-10,11,13,5,minor injury,0,2,automobile right of way,broadside,no,no,no,0,0,0,0,0,0,Passenger Car/Station Wagon,LOS ANGELES
9635658,2023-11-13,11,17,1,possible injury,0,1,automobile right of way,broadside,no,no,no,0,0,0,0,0,0,Passenger Car/Station Wagon,LOS ANGELES
9635659,2023-11-10,11,14,5,severe injury,0,2,DUI,overturned,no,no,no,0,0,0,0,0,0,Passenger Car/Station Wagon,KINGS
9635660,2023-11-27,11,18,1,possible injury,0,1,following too closely,rear end,no,no,no,0,0,0,0,0,0,Passenger Car/Station Wagon,SAN DIEGO
9635694,2023-12-06,12,13,3,possible injury,0,2,automobile right of way,broadside,no,no,no,0,0,0,0,0,0,Passenger Car/Station Wagon,STANISLAUS
9635696,2023-12-08,12,10,5,possible injury,0,1,automobile right of way,broadside,no,no,no,0,0,0,0,0,0,Passenger Car/Station Wagon,STANISLAUS
9635697,2023-12-08,12,12,5,possible injury,0,1,unknown,sideswipe,no,no,no,0,0,0,0,0,0,Not Stated,STANISLAUS
9635698,2023-12-04,12,9,1,possible injury,0,2,unknown,rear end,no,no,no,0,0,0,0,0,0,Passenger Car/Station Wagon,STANISLAUS
9635699,2023-12-02,12,18,6,possible injury,0,1,unsafe speed,rear end,no,no,no,0,0,0,0,0,0,Passenger Car/Station Wagon,STANISLAUS
9635702,2023-11-11,11,12,6,minor injury,0,1,automobile right of way,broadside,no,no,no,0,0,0,0,0,0,Passenger Car/Station Wagon,LOS ANGELES
9635711,2023-11-07,11,5,2,minor injury,0,1,traffic signs,broadside,no,no,no,0,0,0,0,0,0,Passenger Car/Station Wagon,SAN BERNARDINO
9635716,2023-11-17,11,19,5,minor injury,0,1,DUI,rear end,no,no,no,0,0,0,0,0,0,Passenger Car/Station Wagon,KINGS
9635721,2023-11-23,11,21,4,severe injury,0,3,DUI,hit object,no,no,no,0,0,0,0,0,0,Not Stated,MADERA
9635722,2023-11-24,11,0,5,minor injury,0,2,unknown,head-on,no,no,no,0,0,0,0,0,0,Not Stated,CONTRA COSTA
9635723,2023-11-30,11,17,4,minor injury,0,1,unsafe speed,rear end,no,no,no,0,0,0,0,0,0,Passenger Car/Station Wagon,CONTRA COSTA
9635724,2023-11-29,11,21,3,minor injury,0,1,unknown,hit object,no,no,no,0,0,0,0,0,0,Passenger Car/Station Wagon,CONTRA COSTA
9635725,2023-11-08,11,20,3,minor injury,0,1,automobile right of way,broadside,no,no,yes,0,0,1,0,0,0,Passenger Car/Station Wagon,VENTURA
9635726,2023-11-20,11,10,1,possible injury,0,1,automobile right of way,head-on,no,no,no,0,0,0,0,0,0,Passenger Car/Station Wagon,VENTURA
9635727,2023-11-19,11,14,7,minor injury,0,1,automobile right of way,unknown,no,yes,no,0,1,0,0,0,0,Passenger Car/Station Wagon,VENTURA
9635728,2023-11-27,11,13,1,minor injury,0,1,traffic signs,broadside,no,no,no,0,0,0,0,0,0,Passenger Car/Station Wagon,VENTURA
9635729,2023-11-10,11,22,5,minor injury,0,1,unknown,vehicle/pedestrian,yes,no,no,1,0,0,0,0,0,Not Stated,VENTURA
9635730,2023-11-12,11,14,7,severe injury,0,1,pedestrian violation,vehicle/pedestrian,yes,no,no,1,0,0,0,0,0,Pedestrian,VENTURA
9635731,2023-11-13,11,14,1,minor injury,0,1,wrong side of road,broadside,no,yes,no,0,1,0,0,0,0,Not Stated,VENTURA
9635732,2023-11-19,11,18,7,severe injury,0,1,pedestrian right of way,vehicle/pedestrian,yes,no,no,1,0,0,0,0,0,Passenger Car/Station Wagon,VENTURA
9635733,2023-11-05,11,9,7,minor injury,0,1,unsafe speed,rear end,no,no,no,0,0,0,0,0,0,Passenger Car/Station Wagon,VENTURA
9635734,2023-11-18,11,14,6,minor injury,0,1,traffic signs,broadside,no,no,yes,0,0,1,0,0,0,Passenger Car/Station Wagon,VENTURA
9635735,2023-11-10,11,19,5,possible injury,0,1,unsafe speed,broadside,no,no,no,0,0,0,0,0,0,Passenger Car/Station Wagon,LOS ANGELES
9635736,2023-11-09,11,12,4,minor injury,0,4,unsafe speed,rear end,no,no,no,0,0,0,0,0,0,Passenger Car/Station Wagon,LOS ANGELES
9635737,2023-11-06,11,15,1,possible injury,0,2,traffic signs,broadside,no,no,no,0,0,0,0,0,0,Passenger Car/Station Wagon,LOS ANGELES
9635738,2023-11-29,11,12,3,possible injury,0,1,traffic signs,broadside,no,no,yes,0,0,1,0,0,0,Motorcycle/Scooter,SANTA CLARA
9635739,2023-11-24,11,16,5,severe injury,0,1,pedestrian violation,vehicle/pedestrian,yes,no,no,1,0,0,0,0,0,Pedestrian,SAN DIEGO
9635740,2023-11-18,11,8,6,minor injury,0,2,unsafe speed,rear end,no,no,no,0,0,0,0,0,0,Passenger Car/Station Wagon,SAN DIEGO
9635741,2023-10-17,10,7,2,possible injury,0,1,traffic signs,broadside,no,no,no,0,0,0,0,0,0,Passenger Car/Station Wagon,RIVERSIDE
9635742,2023-10-31,10,11,2,minor injury,0,1,traffic signs,broadside,no,yes,no,0,1,0,0,0,0,Passenger Car/Station Wagon,RIVERSIDE
9635743,2023-10-31,10,18,2,possible injury,0,1,automobile right of way,broadside,no,no,no,0,0,0,0,0,0,Passenger Car/Station Wagon,RIVERSIDE
9635744,2023-10-31,10,12,2,possible injury,0,2,unsafe speed,sideswipe,no,no,no,0,0,0,0,0,0,Passenger Car/Station Wagon,SAN BERNARDINO
9635745,2023-10-22,10,10,7,minor injury,0,5,traffic signs,broadside,no,no,no,0,0,0,0,0,0,Passenger Car/Station Wagon,KINGS
9635746,2023-10-04,10,14,3,possible injury,0,1,automobile right of way,broadside,no,no,no,0,0,0,0,0,0,Passenger Car/Station Wagon,KINGS
9635747,2023-10-20,10,8,5,possible injury,0,2,unsafe speed,rear end,no,no,no,0,0,0,0,0,0,Passenger Car/Station Wagon,LOS ANGELES
9635748,2023-10-23,10,13,1,minor injury,0,1,traffic signs,broadside,no,no,no,0,0,0,0,0,0,Pickup or Panel Truck,YOLO
9635749,2023-10-26,10,17,4,possible injury,0,1,unsafe lane change,rear end,no,no,no,0,0,0,0,0,0,Passenger Car/Station Wagon,LOS ANGELES
9635750,2023-10-03,10,17,2,possible injury,0,2,unsafe starting or backing,rear end,no,no,no,0,0,0,0,0,0,Passenger Car/Station Wagon,LOS ANGELES
9635752,2023-10-31,10,12,2,possible injury,0,2,unsafe speed,rear end,no,no,no,0,0,0,0,0,0,Passenger Car/Station Wagon,LOS ANGELES
9635753,2023-10-27,10,9,5,possible injury,0,1,pedestrian right of way,broadside,no,yes,no,0,1,0,0,0,0,Passenger Car/Station Wagon,LOS ANGELES
9635754,2023-10-26,10,13,4,possible injury,0,1,other than driver or pedestrian,other,no,no,no,0,0,0,0,0,0,Not Stated,LOS ANGELES
9635755,2023-10-26,10,12,4,possible injury,0,2,unknown,sideswipe,no,no,no,0,0,0,0,0,0,Not Stated,LOS ANGELES
9635756,2023-10-28,10,13,6,minor injury,0,4,traffic signs,broadside,no,no,no,0,0,0,0,0,0,Passenger Car/Station Wagon,SUTTER
9635757,2023-10-10,10,9,2,minor injury,0,2,other than driver or pedestrian,hit object,no,no,no,0,0,0,0,0,0,Not Stated,SANTA CLARA
9635758,2023-10-31,10,10,2,possible injury,0,1,DUI,head-on,no,no,no,0,0,0,0,0,0,Passenger Car/Station Wagon,LOS ANGELES
9635759,2023-10-31,10,17,2,severe injury,0,1,automobile right of way,broadside,no,yes,no,0,1,0,0,0,0,Bicycle,LOS ANGELES
9635760,2023-10-22,10,13,7,possible injury,0,1,improper turning,sideswipe,no,no,no,0,0,0,0,0,0,Not Stated,LOS ANGELES
9635763,2023-11-14,11,14,2,minor injury,0,1,pedestrian right of way,head-on,yes,no,no,1,0,0,0,0,0,Passenger Car/Station Wagon,MONTEREY
9635784,2023-10-10,10,21,2,possible injury,0,1,improper turning,hit object,no,no,yes,0,0,1,0,0,0,Motorcycle/Scooter,STANISLAUS
9635787,2023-10-10,10,13,2,minor injury,0,1,improper turning,sideswipe,no,yes,no,0,1,0,0,0,0,Pickup or Panel Truck,TEHAMA
9635821,2023-11-28,11,14,2,minor injury,0,2,automobile right of way,broadside,no,no,no,0,0,0,0,0,0,Passenger Car/Station Wagon,PLACER
9635822,2023-11-14,11,21,2,possible injury,0,1,unsafe lane change,sideswipe,no,yes,no,0,1,0,0,0,0,Passenger Car/Station Wagon,YOLO
9635823,2023-11-21,11,16,2,possible injury,0,1,improper turning,sideswipe,no,no,no,0,0,0,0,0,0,Passenger Car/Station Wagon,YOLO
9635824,2023-11-20,11,22,1,possible injury,0,2,traffic signs,broadside,no,no,no,0,0,0,0,0,0,Not Stated,SANTA CLARA
9635825,2023-11-13,11,15,1,possible injury,0,2,traffic signs,broadside,no,no,no,0,0,0,0,0,0,Not Stated,SANTA CLARA
9635826,2023-11-26,11,13,7,severe injury,0,1,unknown,rear end,no,no,yes,0,0,1,0,0,0,Motorcycle/Scooter,SAN DIEGO
9635827,2023-11-30,11,9,4,minor injury,0,2,traffic signs,broadside,no,no,no,0,0,0,0,0,0,Passenger Car/Station Wagon,ORANGE
9635828,2023-11-14,11,17,2,possible injury,0,1,pedestrian right of way,vehicle/pedestrian,yes,no,no,1,0,0,0,0,0,Passenger Car/Station Wagon,LOS ANGELES
9635829,2023-11-29,11,16,3,possible injury,0,2,automobile right of way,head-on,no,no,no,0,0,0,0,0,0,Passenger Car/Station Wagon,LOS ANGELES
9635830,2023-11-26,11,10,7,possible injury,0,1,unsafe speed,hit object,no,no,no,0,0,0,0,0,0,Passenger Car/Station Wagon,LOS ANGELES
9635831,2023-11-22,11,17,3,possible injury,0,1,improper turning,broadside,no,no,no,0,0,0,0,0,0,Passenger Car/Station Wagon,SAN DIEGO
9635832,2023-11-04,11,12,6,minor injury,0,1,DUI,sideswipe,no,no,no,0,0,0,0,0,0,Passenger Car/Station Wagon,RIVERSIDE
9635833,2023-11-15,11,16,3,severe injury,0,1,automobile right of way,broadside,no,no,yes,0,0,1,0,0,0,Passenger Car/Station Wagon,RIVERSIDE
9635834,2023-11-18,11,19,6,possible injury,0,1,automobile right of way,head-on,no,no,no,0,0,0,0,0,0,Passenger Car/Station Wagon,RIVERSIDE
9635835,2023-11-20,11,22,1,possible injury,0,1,DUI,hit object,no,no,no,0,0,0,0,0,0,Passenger Car/Station Wagon,RIVERSIDE
9635836,2023-11-23,11,15,4,possible injury,0,1,automobile right of way,broadside,no,no,no,0,0,0,0,0,0,Passenger Car/Station Wagon,LOS ANGELES
9635837,2023-11-19,11,23,7,minor injury,0,2,improper turning,broadside,no,no,no,0,0,0,0,0,0,Passenger Car/Station Wagon,LOS ANGELES
9635838,2023-11-07,11,10,2,possible injury,0,2,automobile right of way,broadside,no,no,no,0,0,0,0,0,0,Passenger Car/Station Wagon,LOS ANGELES
9635839,2023-11-16,11,12,4,possible injury,0,1,traffic signs,broadside,yes,no,no,1,0,0,0,0,0,Passenger Car/Station Wagon,LOS ANGELES
9635840,2023-10-24,10,22,2,possible injury,0,1,automobile right of way,broadside,no,no,no,0,0,0,0,0,0,Passenger Car/Station Wagon,LOS ANGELES
9635844,2023-12-18,12,21,1,possible injury,0,1,DUI,hit object,no,no,no,0,0,0,0,0,0,Passenger Car/Station Wagon,PLACER
9635853,2023-12-05,12,10,2,possible injury,0,1,other hazardous violation,broadside,no,yes,no,0,1,0,0,0,0,Bicycle,BUTTE
9635901,2023-12-08,12,15,5,possible injury,0,1,traffic signs,broadside,no,no,no,0,0,0,0,0,0,Passenger Car/Station Wagon,SOLANO
9635902,2023-12-17,12,9,7,minor injury,0,1,improper turning,sideswipe,no,no,no,0,0,0,0,0,0,Passenger Car/Station Wagon,VENTURA
9635903,2023-12-07,12,17,4,minor injury,0,1,unsafe speed,rear end,no,no,no,0,0,0,0,0,0,Passenger Car/Station Wagon,VENTURA
9635904,2023-12-08,12,7,5,minor injury,0,1,automobile right of way,broadside,no,no,no,0,0,0,0,0,0,Passenger Car/Station Wagon,SAN BERNARDINO
9635905,2023-12-05,12,16,2,possible injury,0,2,traffic signs,broadside,no,no,no,0,0,0,0,0,0,Passenger Car/Station Wagon,SANTA BARBARA
9635906,2023-12-05,12,8,2,possible injury,0,1,unsafe speed,rear end,no,no,no,0,0,0,0,0,0,Passenger Car/Station Wagon,SANTA BARBARA
9635907,2023-12-14,12,20,4,possible injury,0,1,automobile right of way,broadside,no,no,no,0,0,0,0,0,0,Passenger Car/Station Wagon,LOS ANGELES
9635908,2023-12-11,12,17,1,minor injury,0,3,other than driver or pedestrian,rear end,no,no,no,0,0,0,0,0,0,Not Stated,LOS ANGELES
9635909,2023-12-13,12,14,3,possible injury,0,1,unsafe speed,rear end,no,no,no,0,0,0,0,0,0,Passenger Car/Station Wagon,LOS ANGELES
9635910,2023-12-04,12,17,1,possible injury,0,1,unsafe speed,rear end,no,no,no,0,0,0,0,0,0,Passenger Car/Station Wagon,YOLO
9635911,2023-12-19,12,19,2,possible injury,0,2,traffic signs,broadside,no,no,no,0,0,0,0,0,0,Passenger Car/Station Wagon,YOLO
9635912,2023-12-10,12,22,7,possible injury,0,1,DUI,sideswipe,no,no,no,0,0,0,0,0,0,Passenger Car/Station Wagon,YOLO
9635913,2023-12-11,12,15,1,minor injury,0,1,pedestrian violation,vehicle/pedestrian,yes,no,no,1,0,0,0,0,0,Pedestrian,YOLO
9635914,2023-12-03,12,0,7,minor injury,0,1,following too closely,rear end,no,no,no,0,0,0,0,0,0,Passenger Car/Station Wagon,PLACER