CASE_ID,COLLISION_DATE,MONTH,HOUR,DAY_OF_WEEK,COLLISION_SEVERITY,NUMBER_KILLED,NUMBER_INJURED,PCF_VIOL_CATEGORY,TYPE_OF_COLLISION,PEDESTRIAN_ACCIDENT,BICYCLE_ACCIDENT,MOTORCYCLE_ACCIDENT,COUNT_PED_INJURED,COUNT_BICYCLIST_INJURED,COUNT_MC_INJURED,COUNT_PED_KILLED,COUNT_BICYCLIST_KILLED,COUNT_MC_KILLED,STWD_VEHTYPE_AT_FAULT,COUNTY
9635915,2023-12-13,12,8,3,possible injury,0,1,unsafe speed,rear end,no,no,no,0,0,0,0,0,0,Passenger Car/Station Wagon,PLACER
9635916,2023-12-20,12,12,3,possible injury,0,1,automobile right of way,broadside,no,no,no,0,0,0,0,0,0,Passenger Car/Station Wagon,PLACER
9635917,2023-12-21,12,13,4,possible injury,0,1,pedestrian right of way,vehicle/pedestrian,yes,no,no,1,0,0,0,0,0,Passenger Car/Station Wagon,PLACER
9635918,2023-12-17,12,14,7,minor injury,0,4,automobile right of way,broadside,no,no,no,0,0,0,0,0,0,Passenger Car/Station Wagon,PLACER
9635919,2023-12-18,12,23,1,possible injury,0,1,DUI,broadside,no,no,no,0,0,0,0,0,0,Passenger Car/Station Wagon,PLACER
9635920,2023-12-02,12,23,6,possible injury,0,1,unsafe speed,sideswipe,no,no,no,0,0,0,0,0,0,Passenger Car/Station Wagon,PLACER
9635928,2023-11-27,11,14,1,possible injury,0,3,DUI,rear end,no,no,no,0,0,0,0,0,0,Passenger Car/Station Wagon,MONTEREY
9635941,2023-12-05,12,18,2,minor injury,0,1,wrong side of road,other,no,yes,no,0,1,0,0,0,0,Bicycle,YOLO
9635942,2023-12-11,12,13,1,severe injury,0,1,improper turning,broadside,no,no,yes,0,0,1,0,0,0,Passenger Car/Station Wagon,YOLO
9635943,2023-12-06,12,8,3,possible injury,0,1,automobile right of way,broadside,no,no,no,0,0,0,0,0,0,Passenger Car/Station Wagon,TULARE
9635944,2023-12-13,12,22,3,severe injury,0,1,improper turning,rear end,no,no,no,0,0,0,0,0,0,Passenger Car/Station Wagon,ORANGE
9635945,2023-12-03,12,13,7,minor injury,0,1,wrong side of road,other,no,yes,no,0,1,0,0,0,0,Bicycle,LOS ANGELES
9635946,2023-12-01,12,20,5,possible injury,0,1,traffic signs,broadside,no,no,no,0,0,0,0,0,0,Passenger Car/Station Wagon,SANTA BARBARA
9635947,2023-12-06,12,18,3,minor injury,0,1,pedestrian right of way,vehicle/pedestrian,yes,no,no,1,0,0,0,0,0,Passenger Car/Station Wagon,SANTA BARBARA
9635948,2023-12-26,12,15,2,possible injury,0,2,automobile right of way,head-on,no,no,no,0,0,0,0,0,0,Passenger Car/Station Wagon,LOS ANGELES
9635949,2023-12-23,12,13,6,minor injury,0,1,automobile right of way,broadside,no,no,no,0,0,0,0,0,0,Passenger Car/Station Wagon,NEVADA
9635950,2023-12-28,12,14,4,possible injury,0,1,pedestrian right of way,vehicle/pedestrian,yes,no,no,1,0,0,0,0,0,Passenger Car/Station Wagon,MARIN
9635951,2023-12-27,12,23,3,minor injury,0,1,DUI,hit object,no,no,no,0,0,0,0,0,0,Passenger Car/Station Wagon,ORANGE
9635952,2023-12-15,12,16,5,possible injury,0,1,unsafe starting or backing,vehicle/pedestrian,yes,no,no,1,0,0,0,0,0,Passenger Car/Station Wagon,ORANGE
9635953,2023-12-01,12,9,5,possible injury,0,2,other hazardous violation,broadside,no,no,no,0,0,0,0,0,0,Passenger Car/Station Wagon,SAN BERNARDINO
9635954,2023-12-18,12,11,1,minor injury,0,1,pedestrian right of way,vehicle/pedestrian,yes,no,no,1,0,0,0,0,0,Passenger Car/Station Wagon,NAPA
9635955,2023-12-07,12,19,4,minor injury,0,1,traffic signs,other,no,yes,no,0,1,0,0,0,0,Bicycle,KINGS
9635956,2023-12-01,12,15,5,minor injury,0,1,unsafe speed,other,no,yes,no,0,1,0,0,0,0,Not Stated,SAN DIEGO
9635957,2023-12-11,12,17,1,minor injury,0,1,unsafe speed,rear end,no,no,no,0,0,0,0,0,0,Passenger Car/Station Wagon,VENTURA
9635958,2023-12-10,12,23,7,minor injury,0,1,improper turning,hit object,no,no,no,0,0,0,0,0,0,Passenger Car/Station Wagon,VENTURA
9635959,2023-12-11,12,18,1,possible injury,0,1,unsafe speed,unknown,no,no,no,0,0,0,0,0,0,Passenger Car/Station Wagon,VENTURA
9635960,2023-12-27,12,11,3,possible injury,0,1,improper turning,sideswipe,no,no,no,0,0,0,0,0,0,Passenger Car/Station Wagon,VENTURA
9635961,2023-12-06,12,21,3,possible injury,0,1,traffic signs,other,no,yes,no,0,1,0,0,0,0,Passenger Car/Station Wagon,VENTURA
9635962,2023-12-05,12,17,2,possible injury,0,3,improper turning,broadside,no,no,no,0,0,0,0,0,0,Passenger Car/Station Wagon,LOS ANGELES
9635963,2023-12-13,12,8,3,possible injury,0,2,automobile right of way,head-on,no,no,no,0,0,0,0,0,0,Passenger Car/Station Wagon,LOS ANGELES
9635964,2023-12-21,12,7,4,minor injury,0,1,traffic signs,broadside,no,no,no,0,0,0,0,0,0,Passenger Car/Station Wagon,LOS ANGELES
9635965,2023-12-22,12,2,5,possible injury,0,1,unsafe speed,overturned,no,no,no,0,0,0,0,0,0,Passenger Car/Station Wagon,LOS ANGELES
9635966,2023-12-23,12,22,6,minor injury,0,1,automobile right of way,head-on,no,no,no,0,0,0,0,0,0,Passenger Car/Station Wagon,LOS ANGELES
9635967,2023-12-24,12,17,7,possible injury,0,1,automobile right of way,broadside,no,no,no,0,0,0,0,0,0,Passenger Car/Station Wagon,LOS ANGELES
9635968,2023-12-19,12,8,2,severe injury,0,1,pedestrian violation,vehicle/pedestrian,yes,no,no,1,0,0,0,0,0,Pedestrian,LOS ANGELES
9635969,2023-12-21,12,16,4,possible injury,0,4,automobile right of way,broadside,no,no,no,0,0,0,0,0,0,Passenger Car/Station Wagon,LOS ANGELES
9635970,2023-12-22,12,5,5,minor injury,0,2,unsafe speed,rear end,no,no,no,0,0,0,0,0,0,Passenger Car/Station Wagon,LOS ANGELES
9635971,2023-12-29,12,15,5,possible injury,0,4,DUI,rear end,no,no,no,0,0,0,0,0,0,Passenger Car/Station Wagon,LOS ANGELES
9635972,2023-12-05,12,7,2,minor injury,0,1,wrong side of road,vehicle/pedestrian,no,no,no,0,0,0,0,0,0,Not Stated,MONTEREY
9635973,2023-12-04,12,7,1,possible injury,0,1,automobile right of way,broadside,no,no,no,0,0,0,0,0,0,Passenger Car/Station Wagon,MONTEREY
9635974,2023-12-27,12,14,3,minor injury,0,1,automobile right of way,broadside,no,no,no,0,0,0,0,0,0,Passenger Car/Station Wagon,SAN BERNARDINO
9635975,2023-12-26,12,6,2,minor injury,0,1,unsafe speed,rear end,no,no,no,0,0,0,0,0,0,Passenger Car/Station Wagon,SAN BERNARDINO
9635976,2023-12-24,12,19,7,possible injury,0,1,pedestrian violation,other,no,yes,no,0,1,0,0,0,0,Bicycle,SAN BERNARDINO
9635977,2023-12-22,12,15,5,minor injury,0,1,unsafe speed,rear end,no,no,no,0,0,0,0,0,0,Passenger Car/Station Wagon,SAN BERNARDINO
9635978,2023-12-21,12,17,4,possible injury,0,1,improper turning,other,no,no,yes,0,0,1,0,0,0,Motorcycle/Scooter,SAN BERNARDINO
9635979,2023-12-08,12,16,5,possible injury,0,1,automobile right of way,broadside,no,no,no,0,0,0,0,0,0,Passenger Car/Station Wagon,SAN BERNARDINO
9635980,2023-12-26,12,17,2,possible injury,0,1,improper turning,sideswipe,no,no,yes,0,0,1,0,0,0,Passenger Car/Station Wagon,SAN FRANCISCO
9635981,2023-12-25,12,20,1,minor injury,0,1,traffic signs,broadside,no,yes,no,0,1,0,0,0,0,Bicycle,SAN FRANCISCO
9635982,2023-12-25,12,16,1,possible injury,0,1,traffic signs,broadside,no,no,no,0,0,0,0,0,0,Passenger Car/Station Wagon,SAN FRANCISCO
9635983,2023-12-21,12,20,4,possible injury,0,1,following too closely,rear end,no,no,no,0,0,0,0,0,0,Passenger Car/Station Wagon,SAN FRANCISCO
9635985,2023-12-12,12,15,2,minor injury,0,1,traffic signs,broadside,no,yes,no,0,1,0,0,0,0,Bicycle,SAN FRANCISCO
9635987,2023-12-24,12,16,7,possible injury,0,1,improper passing,broadside,no,yes,no,0,1,0,0,0,0,Bicycle,SAN FRANCISCO
9635989,2023-12-19,12,6,2,possible injury,0,1,pedestrian right of way,vehicle/pedestrian,yes,no,no,1,0,0,0,0,0,Passenger Car/Station Wagon,SAN FRANCISCO
9635990,2023-12-20,12,10,3,possible injury,0,1,unsafe speed,broadside,no,no,no,0,0,0,0,0,0,Passenger Car/Station Wagon,SAN FRANCISCO
9635991,2023-12-22,12,15,5,minor injury,0,2,pedestrian right of way,vehicle/pedestrian,yes,no,no,2,0,0,0,0,0,Passenger Car/Station Wagon,SAN FRANCISCO
9635992,2023-12-23,12,17,6,minor injury,0,3,traffic signs,broadside,no,no,no,0,0,0,0,0,0,Passenger Car/Station Wagon,SAN FRANCISCO
9635993,2023-12-23,12,15,6,possible injury,0,1,pedestrian right of way,vehicle/pedestrian,yes,no,no,1,0,0,0,0,0,Passenger Car/Station Wagon,SAN FRANCISCO
9635994,2023-12-23,12,16,6,possible injury,0,2,unsafe starting or backing,rear end,no,no,no,0,0,0,0,0,0,Passenger Car/Station Wagon,SAN FRANCISCO
9635995,2023-12-23,12,15,6,possible injury,0,2,traffic signs,broadside,no,no,no,0,0,0,0,0,0,Passenger Car/Station Wagon,SAN FRANCISCO
9635996,2023-12-23,12,14,6,possible injury,0,1,improper passing,sideswipe,no,yes,no,0,1,0,0,0,0,Passenger Car/Station Wagon,SAN FRANCISCO
9635997,2023-12-23,12,11,6,possible injury,0,2,automobile right of way,broadside,no,no,yes,0,0,1,0,0,0,Passenger Car/Station Wagon,SAN FRANCISCO
9635998,2023-12-23,12,8,6,minor injury,0,2,traffic signs,broadside,no,no,no,0,0,0,0,0,0,Passenger Car/Station Wagon,SAN FRANCISCO
9635999,2023-12-22,12,20,5,possible injury,0,3,following too closely,rear end,no,no,no,0,0,0,0,0,0,Passenger Car/Station Wagon,SAN FRANCISCO
9636000,2023-12-22,12,16,5,minor injury,0,2,unsafe lane change,head-on,no,no,no,0,0,0,0,0,0,Passenger Car/Station Wagon,SAN FRANCISCO
9636002,2023-11-08,11,20,3,possible injury,0,1,automobile right of way,broadside,no,no,no,0,0,0,0,0,0,Passenger Car/Station Wagon,SAN BERNARDINO
9636003,2023-12-01,12,15,5,minor injury,0,1,unsafe speed,rear end,no,no,no,0,0,0,0,0,0,Passenger Car/Station Wagon,SOLANO
9636004,2023-12-04,12,9,1,possible injury,0,1,automobile right of way,broadside,no,no,no,0,0,0,0,0,0,Passenger Car/Station Wagon,SOLANO
9636005,2023-11-21,11,22,2,minor injury,0,2,following too closely,rear end,no,no,no,0,0,0,0,0,0,Passenger Car/Station Wagon,SACRAMENTO
9636006,2023-11-24,11,13,5,severe injury,0,2,unsafe speed,head-on,no,no,yes,0,0,1,0,0,0,Motorcycle/Scooter,SAN DIEGO
9636017,2023-11-30,11,18,4,possible injury,0,2,traffic signs,broadside,no,no,no,0,0,0,0,0,0,Passenger Car/Station Wagon,LOS ANGELES
9636021,2023-12-05,12,17,2,possible injury,0,2,following too closely,rear end,no,no,no,0,0,0,0,0,0,Passenger Car/Station Wagon,TULARE
9636023,2023-11-26,11,18,7,possible injury,0,1,DUI,rear end,no,no,no,0,0,0,0,0,0,Truck or Truck Tractor,LOS ANGELES
9636024,2023-11-10,11,18,5,possible injury,0,2,unsafe speed,rear end,no,no,no,0,0,0,0,0,0,Passenger Car/Station Wagon,RIVERSIDE
9636028,2023-11-20,11,15,1,possible injury,0,2,traffic signs,broadside,no,no,no,0,0,0,0,0,0,Truck or Truck Tractor,RIVERSIDE
9636029,2023-12-06,12,7,3,possible injury,0,1,traffic signs,broadside,no,no,no,0,0,0,0,0,0,Pickup or Panel Truck,LOS ANGELES
9636030,2023-11-22,11,10,3,possible injury,0,1,automobile right of way,broadside,no,no,no,0,0,0,0,0,0,Passenger Car/Station Wagon,LOS ANGELES
9636032,2023-09-14,9,12,4,possible injury,0,1,automobile right of way,broadside,no,no,no,0,0,0,0,0,0,Passenger Car/Station Wagon,LOS ANGELES
9636033,2023-11-28,11,6,2,possible injury,0,3,automobile right of way,broadside,no,no,no,0,0,0,0,0,0,Passenger Car/Station Wagon,SAN DIEGO
9636034,2023-11-05,11,23,7,minor injury,0,1,improper passing,rear end,no,yes,no,0,1,0,0,0,0,Pickup or Panel Truck,SAN BERNARDINO
9636036,2023-11-30,11,16,4,minor injury,0,1,automobile right of way,broadside,yes,no,no,1,0,0,0,0,0,Pickup or Panel Truck,LOS ANGELES
9636037,2023-12-05,12,7,2,possible injury,0,2,unsafe speed,rear end,no,no,no,0,0,0,0,0,0,Truck or Truck Tractor,SAN DIEGO
9636039,2023-11-29,11,10,3,possible injury,0,2,automobile right of way,unknown,no,no,no,0,0,0,0,0,0,Pickup or Panel Truck,LOS ANGELES
9636040,2023-12-04,12,8,1,minor injury,0,2,traffic signs,head-on,no,no,no,0,0,0,0,0,0,Pickup or Panel Truck,LOS ANGELES
9636042,2023-09-26,9,14,2,minor injury,0,1,automobile right of way,rear end,no,no,no,0,0,0,0,0,0,Passenger Car/Station Wagon,LOS ANGELES
9636044,2023-12-04,12,16,1,possible injury,0,1,unsafe lane change,sideswipe,no,no,no,0,0,0,0,0,0,Passenger Car/Station Wagon,LOS ANGELES
9636047,2023-11-30,11,8,4,minor injury,0,1,unknown,broadside,yes,no,no,1,0,0,0,0,0,Not Stated,LOS ANGELES
9636048,2023-11-21,11,18,2,severe injury,0,2,traffic signs,head-on,no,no,no,0,0,0,0,0,0,Passenger Car/Station Wagon,LOS ANGELES
9636051,2023-11-23,11,19,4,possible injury,0,1,traffic signs,broadside,no,no,no,0,0,0,0,0,0,Pickup or Panel Truck,LOS ANGELES
9636052,2023-12-08,12,2,5,possible injury,0,1,improper turning,hit object,no,no,no,0,0,0,0,0,0,Pickup or Panel Truck,LOS ANGELES
9636053,2023-12-05,12,18,2,minor injury,0,1,improper turning,sideswipe,no,no,no,0,0,0,0,0,0,Passenger Car/Station Wagon,SAN DIEGO
9636058,2023-11-04,11,0,6,minor injury,0,2,DUI,rear end,no,no,no,0,0,0,0,0,0,Pickup or Panel Truck,KINGS
9636063,2023-11-29,11,19,3,possible injury,0,1,automobile right of way,broadside,no,no,no,0,0,0,0,0,0,Pickup or Panel Truck,SAN BERNARDINO
9636064,2023-11-27,11,17,1,possible injury,0,1,traffic signs,broadside,no,no,no,0,0,0,0,0,0,Pickup or Panel Truck,LOS ANGELES
9636067,2023-12-09,12,8,6,possible injury,0,1,traffic signs,broadside,no,no,no,0,0,0,0,0,0,Pickup or Panel Truck,NAPA
9636069,2023-11-28,11,11,2,possible injury,0,1,other improper driving,rear end,no,no,no,0,0,0,0,0,0,Pickup or Panel Truck,SAN DIEGO
9636071,2023-12-04,12,15,1,minor injury,0,3,unsafe speed,rear end,no,no,no,0,0,0,0,0,0,Truck or Truck Tractor,YOLO
9636072,2023-12-02,12,15,6,possible injury,0,1,traffic signs,broadside,no,no,no,0,0,0,0,0,0,Pickup or Panel Truck,LOS ANGELES
9636073,2023-12-11,12,22,1,minor injury,0,1,traffic signs,broadside,no,no,yes,0,0,1,0,0,0,Motorcycle/Scooter,MARIN
9636076,2023-12-05,12,12,2,minor injury,0,1,following too closely,rear end,no,no,no,0,0,0,0,0,0,Passenger Car/Station Wagon,LOS ANGELES
9636077,2023-11-22,11,12,3,possible injury,0,2,following too closely,rear end,no,no,no,0,0,0,0,0,0,Truck or Truck Tractor,PLACER
9636079,2023-12-05,12,22,2,possible injury,0,1,unsafe speed,rear end,no,no,no,0,0,0,0,0,0,Pickup or Panel Truck,MONTEREY
9636080,2023-07-16,7,20,7,possible injury,0,1,automobile right of way,broadside,no,no,no,0,0,0,0,0,0,Passenger Car/Station Wagon,LOS ANGELES
9636087,2023-11-14,11,20,2,possible injury,0,1,traffic signs,broadside,no,no,no,0,0,0,0,0,0,Pickup or Panel Truck,VENTURA
9636088,2023-11-22,11,18,3,minor injury,0,1,unsafe speed,rear end,no,no,no,0,0,0,0,0,0,Pickup or Panel Truck,CONTRA COSTA
9636090,2023-11-24,11,20,5,severe injury,0,1,DUI,head-on,no,no,no,0,0,0,0,0,0,Pickup or Panel Truck,MONTEREY
9636093,2023-12-11,12,17,1,possible injury,0,1,automobile right of way,sideswipe,no,no,no,0,0,0,0,0,0,Passenger Car/Station Wagon,SANTA CRUZ
9636095,2023-11-09,11,7,4,minor injury,0,1,pedestrian right of way,vehicle/pedestrian,yes,no,no,1,0,0,0,0,0,Pickup or Panel Truck,VENTURA
9636097,2023-10-31,10,15,2,severe injury,0,4,improper turning,broadside,no,no,no,0,0,0,0,0,0,Passenger Car/Station Wagon,MADERA
9636098,2023-11-13,11,8,1,minor injury,0,4,traffic signs,broadside,no,no,no,0,0,0,0,0,0,Passenger Car/Station Wagon,LOS ANGELES
9636099,2023-11-25,11,15,6,minor injury,0,1,improper turning,unknown,no,yes,no,0,1,0,0,0,0,Bicycle,VENTURA
9636100,2023-10-20,10,15,5,minor injury,0,2,traffic signs,broadside,no,no,no,0,0,0,0,0,0,Pickup or Panel Truck,LOS ANGELES
9636103,2023-11-30,11,10,4,minor injury,0,2,improper turning,unknown,no,no,no,0,0,0,0,0,0,Passenger Car/Station Wagon,VENTURA
9636109,2023-11-13,11,13,1,possible injury,0,2,unsafe speed,rear end,no,no,no,0,0,0,0,0,0,Pickup or Panel Truck,SANTA CLARA
9636111,2023-11-16,11,18,4,possible injury,0,3,automobile right of way,broadside,no,no,no,0,0,0,0,0,0,Pickup or Panel Truck,SANTA CLARA
9636113,2023-11-11,11,16,6,possible injury,0,1,improper turning,broadside,no,no,no,0,0,0,0,0,0,Passenger Car/Station Wagon,SANTA CLARA
9636116,2023-11-26,11,22,7,severe injury,0,1,wrong side of road,hit object,no,no,no,0,0,0,0,0,0,Truck or Truck Tractor,YOLO
9636117,2023-11-12,11,20,7,possible injury,0,2,traffic signs,broadside,no,no,no,0,0,0,0,0,0,Passenger Car/Station Wagon,SAN FRANCISCO
9636118,2023-09-13,9,14,3,minor injury,0,1,following too closely,rear end,no,no,no,0,0,0,0,0,0,Pickup or Panel Truck,FRESNO
9636120,2023-11-17,11,11,5,possible injury,0,1,traffic signs,broadside,no,no,no,0,0,0,0,0,0,Pickup or Panel Truck,PLACER
9636121,2023-12-07,12,11,4,minor injury,0,1,unknown,hit object,no,no,no,0,0,0,0,0,0,Passenger Car/Station Wagon,SAN DIEGO
9636122,2023-12-11,12,14,1,possible injury,0,1,other hazardous violation,rear end,no,no,no,0,0,0,0,0,0,Passenger Car/Station Wagon,SAN DIEGO
9636123,2023-12-09,12,3,6,minor injury,0,1,DUI,hit object,no,no,no,0,0,0,0,0,0,Passenger Car/Station Wagon,SAN DIEGO
9636124,2023-12-11,12,7,1,minor injury,0,1,traffic signs,sideswipe,yes,no,no,1,0,0,0,0,0,Passenger Car/Station Wagon,ORANGE
9636125,2023-12-02,12,11,6,minor injury,0,2,traffic signs,broadside,no,no,no,0,0,0,0,0,0,Passenger Car/Station Wagon,ORANGE
9636126,2023-12-05,12,10,2,possible injury,0,1,pedestrian right of way,vehicle/pedestrian,yes,no,no,1,0,0,0,0,0,Passenger Car/Station Wagon,LOS ANGELES
9636127,2023-12-03,12,12,7,severe injury,0,1,unknown,other,no,yes,no,0,1,0,0,0,0,Not Stated,ALAMEDA
9636128,2023-12-10,12,12,7,possible injury,0,1,traffic signs,other,no,yes,no,0,1,0,0,0,0,Bicycle,MARIN
9636129,2023-12-08,12,17,5,minor injury,0,1,automobile right of way,other,no,no,yes,0,0,1,0,0,0,Passenger Car/Station Wagon,LOS ANGELES
9636130,2023-12-04,12,10,1,minor injury,0,1,unsafe starting or backing,hit object,no,no,yes,0,0,1,0,0,0,Motorcycle/Scooter,LOS ANGELES
9636131,2023-12-07,12,18,4,possible injury,0,1,automobile right of way,rear end,no,no,no,0,0,0,0,0,0,Passenger Car/Station Wagon,LOS ANGELES
9636132,2023-10-27,10,17,5,minor injury,0,2,automobile right of way,head-on,no,no,no,0,0,0,0,0,0,Passenger Car/Station Wagon,LOS ANGELES
9636133,2023-10-27,10,21,5,minor injury,0,1,DUI,head-on,no,no,no,0,0,0,0,0,0,Passenger Car/Station Wagon,LOS ANGELES
9636134,2023-10-18,10,21,3,minor injury,0,4,automobile right of way,head-on,no,no,no,0,0,0,0,0,0,Passenger Car/Station Wagon,LOS ANGELES
9636135,2023-10-20,10,20,5,severe injury,0,1,automobile right of way,broadside,no,yes,no,0,1,0,0,0,0,Passenger Car/Station Wagon,LOS ANGELES
9636136,2023-10-12,10,11,4,possible injury,0,1,automobile right of way,broadside,no,no,no,0,0,0,0,0,0,Passenger Car/Station Wagon,LOS ANGELES
9636137,2023-10-12,10,17,4,possible injury,0,1,automobile right of way,broadside,no,no,no,0,0,0,0,0,0,Passenger Car/Station Wagon,LOS ANGELES
9636138,2023-10-07,10,8,6,possible injury,0,1,unknown,broadside,no,no,no,0,0,0,0,0,0,Not Stated,LOS ANGELES
9636139,2023-10-03,10,10,2,possible injury,0,2,traffic signs,broadside,no,no,no,0,0,0,0,0,0,Passenger Car/Station Wagon,LOS ANGELES
9636140,2023-10-23,10,11,1,severe injury,0,1,DUI,other,no,no,yes,0,0,1,0,0,0,Motorcycle/Scooter,MADERA
9636141,2023-09-21,9,16,4,possible injury,0,1,DUI,broadside,no,no,yes,0,0,1,0,0,0,Motorcycle/Scooter,SAN BERNARDINO
9636142,2023-09-29,9,15,5,minor injury,0,1,unsafe speed,other,no,no,yes,0,0,1,0,0,0,Motorcycle/Scooter,LOS ANGELES
9636144,2023-09-01,9,10,5,minor injury,0,1,automobile right of way,broadside,no,no,yes,0,0,1,0,0,0,Passenger Car/Station Wagon,LOS ANGELES
9636145,2023-08-26,8,21,6,severe injury,0,1,pedestrian violation,vehicle/pedestrian,yes,no,no,1,0,0,0,0,0,Pedestrian,LOS ANGELES
9636201,2023-12-06,12,13,3,possible injury,0,1,improper turning,hit object,no,no,no,0,0,0,0,0,0,Passenger Car/Station Wagon,PLACER
9636202,2023-12-08,12,15,5,possible injury,0,1,unsafe speed,rear end,no,no,no,0,0,0,0,0,0,Passenger Car/Station Wagon,PLACER
9636203,2023-12-08,12,15,5,minor injury,0,1,unsafe speed,rear end,no,no,no,0,0,0,0,0,0,Passenger Car/Station Wagon,PLACER
9636204,2023-12-11,12,17,1,minor injury,0,1,pedestrian right of way,vehicle/pedestrian,yes,no,no,1,0,0,0,0,0,Passenger Car/Station Wagon,PLACER
9636205,2023-12-15,12,17,5,possible injury,0,1,automobile right of way,sideswipe,no,no,no,0,0,0,0,0,0,Passenger Car/Station Wagon,PLACER
9636207,2023-12-25,12,20,1,minor injury,0,5,traffic signs,broadside,no,no,no,0,0,0,0,0,0,Passenger Car/Station Wagon,PLACER
9636208,2023-12-28,12,22,4,minor injury,0,1,traffic signs,other,no,yes,no,0,1,0,0,0,0,Bicycle,PLACER
9636209,2023-12-20,12,16,3,minor injury,0,1,unsafe speed,rear end,no,no,no,0,0,0,0,0,0,Passenger Car/Station Wagon,PLACER
9636210,2023-12-19,12,21,2,possible injury,0,1,traffic signs,broadside,no,no,no,0,0,0,0,0,0,Passenger Car/Station Wagon,PLACER
9636211,2023-12-19,12,5,2,possible injury,0,2,improper turning,broadside,no,no,no,0,0,0,0,0,0,Passenger Car/Station Wagon,PLACER
9636213,2023-12-05,12,6,2,minor injury,0,1,unsafe speed,hit object,no,no,no,0,0,0,0,0,0,Passenger Car/Station Wagon,PLACER
9636214,2023-12-20,12,8,3,severe injury,0,2,automobile right of way,broadside,no,no,no,0,0,0,0,0,0,Passenger Car/Station Wagon,LOS ANGELES
9636215,2023-12-17,12,20,7,minor injury,0,4,traffic signs,broadside,no,no,no,0,0,0,0,0,0,Passenger Car/Station Wagon,LOS ANGELES
9636216,2023-12-20,12,23,3,minor injury,0,1,improper turning,sideswipe,no,no,no,0,0,0,0,0,0,Passenger Car/Station Wagon,LOS ANGELES
9636217,2023-12-12,12,20,2,minor injury,0,1,DUI,rear end,no,no,no,0,0,0,0,0,0,Passenger Car/Station Wagon,LOS ANGELES
9636218,2023-12-21,12,19,4,possible injury,0,3,DUI,rear end,no,no,no,0,0,0,0,0,0,Passenger Car/Station Wagon,LOS ANGELES
9636219,2023-12-01,12,14,5,minor injury,0,2,automobile right of way,broadside,no,no,no,0,0,0,0,0,0,Passenger Car/Station Wagon,LOS ANGELES
9636220,2023-12-04,12,17,1,possible injury,0,4,unsafe speed,rear end,no,no,no,0,0,0,0,0,0,Passenger Car/Station Wagon,LOS ANGELES
9636241,2023-12-22,12,14,5,possible injury,0,1,other hazardous violation,broadside,no,no,no,0,0,0,0,0,0,Other Vehicle,SAN FRANCISCO
9636242,2023-12-22,12,12,5,minor injury,0,1,pedestrian violation,vehicle/pedestrian,yes,no,no,1,0,0,0,0,0,Pedestrian,SAN FRANCISCO
9636243,2023-12-21,12,19,4,possible injury,0,1,automobile right of way,broadside,no,no,no,0,0,0,0,0,0,Passenger Car/Station Wagon,SAN FRANCISCO
9636244,2023-12-21,12,18,4,possible injury,0,1,other hazardous violation,rear end,no,no,yes,0,0,1,0,0,0,Motorcycle/Scooter,SAN FRANCISCO
9636245,2023-12-21,12,8,4,possible injury,0,1,hazardous parking,vehicle/pedestrian,yes,no,no,1,0,0,0,0,0,Other Bus,SAN FRANCISCO
9636246,2023-12-24,12,21,7,possible injury,0,1,unsafe speed,vehicle/pedestrian,yes,no,no,1,0,0,0,0,0,Not Stated,SAN FRANCISCO
9636247,2023-12-24,12,17,7,possible injury,0,1,pedestrian right of way,vehicle/pedestrian,yes,no,no,1,0,0,0,0,0,Passenger Car/Station Wagon,SAN FRANCISCO
9636248,2023-12-24,12,15,7,minor injury,0,1,unsafe speed,other,no,no,no,0,0,0,0,0,0,Other Vehicle,SAN FRANCISCO
9636249,2023-12-24,12,12,7,possible injury,0,2,DUI,rear end,no,no,no,0,0,0,0,0,0,Passenger Car/Station Wagon,SAN FRANCISCO
9636251,2023-12-23,12,23,6,possible injury,0,1,traffic signs,unknown,no,yes,no,0,1,0,0,0,0,Bicycle,SAN FRANCISCO
9636252,2023-12-23,12,23,6,minor injury,0,1,unsafe speed,sideswipe,no,no,no,0,0,0,0,0,0,Passenger Car/Station Wagon,SAN FRANCISCO
9636253,2023-12-20,12,14,3,possible injury,0,1,unknown,vehicle/pedestrian,yes,no,no,1,0,0,0,0,0,Not Stated,SAN FRANCISCO
9636254,2023-12-20,12,15,3,possible injury,0,1,unknown,overturned,no,no,no,0,0,0,0,0,0,Not Stated,SAN FRANCISCO
9636255,2023-12-19,12,21,2,possible injury,0,1,automobile right of way,sideswipe,no,no,yes,0,0,1,0,0,0,Passenger Car/Station Wagon,SAN FRANCISCO
9636256,2023-12-19,12,16,2,minor injury,0,1,traffic signs,other,no,no,no,0,0,0,0,0,0,Other Vehicle,SAN FRANCISCO
9636257,2023-12-19,12,20,2,possible injury,0,1,automobile right of way,broadside,no,no,no,0,0,0,0,0,0,Not Stated,SAN FRANCISCO
9636258,2023-12-20,12,12,3,possible injury,0,1,other than driver or pedestrian,other,no,no,no,0,0,0,0,0,0,Not Stated,SAN FRANCISCO