CASE_ID,COLLISION_DATE,MONTH,HOUR,DAY_OF_WEEK,COLLISION_SEVERITY,NUMBER_KILLED,NUMBER_INJURED,PCF_VIOL_CATEGORY,TYPE_OF_COLLISION,PEDESTRIAN_ACCIDENT,BICYCLE_ACCIDENT,MOTORCYCLE_ACCIDENT,COUNT_PED_INJURED,COUNT_BICYCLIST_INJURED,COUNT_MC_INJURED,COUNT_PED_KILLED,COUNT_BICYCLIST_KILLED,COUNT_MC_KILLED,STWD_VEHTYPE_AT_FAULT,COUNTY
9652715,2023-12-10,12,19,7,possible injury,0,2,wrong side of road,broadside,no,no,no,0,0,0,0,0,0,Passenger Car/Station Wagon,SAN DIEGO
9652716,2023-12-04,12,15,1,possible injury,0,1,automobile right of way,broadside,no,no,no,0,0,0,0,0,0,Passenger Car/Station Wagon,SAN DIEGO
9652717,2023-12-29,12,8,5,possible injury,0,1,traffic signs,broadside,no,no,no,0,0,0,0,0,0,Passenger Car/Station Wagon,SAN DIEGO
9652718,2023-12-01,12,13,5,minor injury,0,1,unsafe speed,broadside,no,no,no,0,0,0,0,0,0,Passenger Car/Station Wagon,SAN DIEGO
9652719,2023-12-07,12,16,4,possible injury,0,3,unsafe speed,rear end,no,no,no,0,0,0,0,0,0,Passenger Car/Station Wagon,SAN DIEGO
9652720,2023-12-13,12,13,3,possible injury,0,2,traffic signs,broadside,no,no,no,0,0,0,0,0,0,Passenger Car/Station Wagon,SAN DIEGO
9652721,2023-12-04,12,19,1,possible injury,0,1,improper turning,broadside,no,no,no,0,0,0,0,0,0,Passenger Car/Station Wagon,SACRAMENTO
9652722,2023-12-30,12,22,6,minor injury,0,2,unsafe lane change,hit object,no,no,no,0,0,0,0,0,0,Passenger Car/Station Wagon,LOS ANGELES
9652723,2023-12-27,12,18,3,minor injury,0,1,pedestrian right of way,vehicle/pedestrian,yes,no,no,1,0,0,0,0,0,Passenger Car/Station Wagon,SAN MATEO
9652724,2023-12-08,12,8,5,minor injury,0,1,unknown,vehicle/pedestrian,yes,no,no,1,0,0,0,0,0,Not Stated,SAN MATEO
9652725,2023-12-10,12,11,7,minor injury,0,1,unsafe speed,rear end,no,no,no,0,0,0,0,0,0,Passenger Car/Station Wagon,SAN MATEO
9652726,2023-12-01,12,14,5,minor injury,0,2,unknown,broadside,no,no,no,0,0,0,0,0,0,Not Stated,ORANGE
9652727,2023-12-14,12,7,4,minor injury,0,2,unsafe speed,broadside,no,no,no,0,0,0,0,0,0,Passenger Car/Station Wagon,ORANGE
9652728,2023-12-19,12,6,2,possible injury,0,1,unsafe speed,rear end,no,no,no,0,0,0,0,0,0,Passenger Car/Station Wagon,MONTEREY
9652729,2023-08-31,8,9,4,possible injury,0,2,wrong side of road,head-on,no,no,no,0,0,0,0,0,0,Passenger Car/Station Wagon,LOS ANGELES
9652730,2023-08-31,8,19,4,possible injury,0,1,unknown,rear end,no,no,no,0,0,0,0,0,0,Not Stated,LOS ANGELES
9652731,2023-09-15,9,16,5,possible injury,0,4,unknown,head-on,no,no,no,0,0,0,0,0,0,Not Stated,LOS ANGELES
9652732,2023-09-25,9,18,1,possible injury,0,1,unsafe speed,rear end,no,no,no,0,0,0,0,0,0,Passenger Car/Station Wagon,LOS ANGELES
9652733,2023-10-16,10,21,1,minor injury,0,1,improper turning,other,no,no,yes,0,0,1,0,0,0,Passenger Car/Station Wagon,SAN BERNARDINO
9652734,2023-10-25,10,15,3,possible injury,0,1,traffic signs,broadside,no,no,no,0,0,0,0,0,0,Passenger Car/Station Wagon,SUTTER
9652735,2023-10-25,10,13,3,possible injury,0,1,unsafe speed,rear end,no,no,no,0,0,0,0,0,0,Passenger Car/Station Wagon,SUTTER
9652736,2023-10-17,10,22,2,minor injury,0,1,pedestrian violation,vehicle/pedestrian,yes,no,no,1,0,0,0,0,0,Pedestrian,LOS ANGELES
9652737,2023-10-25,10,17,3,minor injury,0,1,improper turning,sideswipe,no,no,yes,0,0,1,0,0,0,Motorcycle/Scooter,LOS ANGELES
9652738,2023-10-31,10,4,2,minor injury,0,1,pedestrian violation,vehicle/pedestrian,yes,no,no,1,0,0,0,0,0,Pedestrian,LOS ANGELES
9652739,2023-11-16,11,8,4,possible injury,0,1,automobile right of way,broadside,no,no,no,0,0,0,0,0,0,Passenger Car/Station Wagon,LOS ANGELES
9652740,2023-11-23,11,23,4,severe injury,0,1,pedestrian violation,vehicle/pedestrian,yes,no,no,1,0,0,0,0,0,Pedestrian,LOS ANGELES
9652741,2023-11-19,11,16,7,minor injury,0,2,unknown,head-on,no,no,no,0,0,0,0,0,0,Passenger Car/Station Wagon,LOS ANGELES
9652742,2023-11-13,11,19,1,possible injury,0,1,unsafe speed,broadside,no,no,no,0,0,0,0,0,0,Passenger Car/Station Wagon,SAN BERNARDINO
9652743,2023-11-09,11,18,4,minor injury,0,1,automobile right of way,broadside,no,no,yes,0,0,1,0,0,0,Passenger Car/Station Wagon,LOS ANGELES
9652744,2023-11-08,11,20,3,possible injury,0,2,automobile right of way,broadside,no,no,no,0,0,0,0,0,0,Passenger Car/Station Wagon,LOS ANGELES
9652745,2023-11-08,11,6,3,possible injury,0,1,unsafe lane change,broadside,no,no,no,0,0,0,0,0,0,Passenger Car/Station Wagon,LOS ANGELES
9652754,2023-09-14,9,19,4,minor injury,0,1,wrong side of road,vehicle/pedestrian,no,yes,no,0,1,0,0,0,0,Bicycle,LOS ANGELES
9652759,2023-10-13,10,18,5,possible injury,0,2,improper turning,sideswipe,yes,no,no,1,0,0,0,0,0,Passenger Car/Station Wagon,LOS ANGELES
9652761,2023-11-02,11,17,4,minor injury,0,1,improper turning,broadside,no,no,no,0,0,0,0,0,0,Pickup or Panel Truck,SAN BERNARDINO
9652766,2023-10-01,10,17,7,minor injury,0,1,improper turning,sideswipe,no,no,no,0,0,0,0,0,0,Other Vehicle,LOS ANGELES
9652767,2023-12-18,12,23,1,minor injury,0,1,unsafe speed,broadside,no,no,no,0,0,0,0,0,0,Passenger Car/Station Wagon,LOS ANGELES
9652772,2023-10-16,10,11,1,minor injury,0,1,improper passing,sideswipe,no,no,no,0,0,0,0,0,0,Pickup or Panel Truck,LOS ANGELES
9652781,2023-11-09,11,20,4,severe injury,0,1,pedestrian right of way,vehicle/pedestrian,yes,no,no,1,0,0,0,0,0,Pickup or Panel Truck,LOS ANGELES
9652787,2023-11-10,11,6,5,possible injury,0,2,traffic signs,broadside,no,no,no,0,0,0,0,0,0,Pickup or Panel Truck,LOS ANGELES
9652788,2023-11-09,11,17,4,possible injury,0,1,automobile right of way,broadside,no,no,no,0,0,0,0,0,0,Passenger Car/Station Wagon,LOS ANGELES
9652798,2023-12-09,12,0,6,minor injury,0,2,traffic signs,broadside,no,no,no,0,0,0,0,0,0,Passenger Car/Station Wagon,SACRAMENTO
9652809,2023-12-15,12,17,5,minor injury,0,1,improper turning,rear end,no,no,no,0,0,0,0,0,0,Passenger Car/Station Wagon,SAN DIEGO
9652821,2023-12-15,12,23,5,severe injury,0,1,improper turning,sideswipe,no,no,no,0,0,0,0,0,0,Passenger Car/Station Wagon,SAN DIEGO
9652829,2023-10-19,10,17,4,minor injury,0,1,automobile right of way,vehicle/pedestrian,yes,no,no,1,0,0,0,0,0,Passenger Car/Station Wagon,SAN BERNARDINO
9652831,2023-12-06,12,12,3,minor injury,0,1,traffic signs,broadside,no,yes,no,0,1,0,0,0,0,Bicycle,ALAMEDA
9652832,2023-12-31,12,11,7,possible injury,0,1,improper turning,sideswipe,no,no,no,0,0,0,0,0,0,Pickup or Panel Truck,ALAMEDA
9652835,2023-12-04,12,15,1,minor injury,0,1,automobile right of way,broadside,no,yes,no,0,1,0,0,0,0,Bicycle,ALAMEDA
9652840,2023-12-22,12,18,5,minor injury,0,1,improper turning,sideswipe,no,no,no,0,0,0,0,0,0,Other Vehicle,ALAMEDA
9652844,2023-12-13,12,16,3,severe injury,0,1,automobile right of way,broadside,no,no,yes,0,0,1,0,0,0,Pickup or Panel Truck,ALAMEDA
9652846,2023-10-26,10,7,4,possible injury,0,2,unsafe speed,rear end,no,no,no,0,0,0,0,0,0,Passenger Car/Station Wagon,SAN DIEGO
9652847,2023-11-11,11,19,6,minor injury,0,1,unsafe speed,rear end,no,no,no,0,0,0,0,0,0,Pickup or Panel Truck,ALAMEDA
9652848,2023-12-28,12,14,4,minor injury,0,1,unsafe starting or backing,vehicle/pedestrian,yes,no,no,1,0,0,0,0,0,Passenger Car/Station Wagon,ALAMEDA
9652852,2023-12-14,12,20,4,minor injury,0,1,unsafe speed,sideswipe,no,no,no,0,0,0,0,0,0,Passenger Car/Station Wagon,ALAMEDA
9652854,2023-11-19,11,12,7,possible injury,0,1,automobile right of way,head-on,no,no,no,0,0,0,0,0,0,Pickup or Panel Truck,SAN DIEGO
9652879,2023-11-26,11,17,7,severe injury,0,2,automobile right of way,head-on,no,no,no,0,0,0,0,0,0,Passenger Car/Station Wagon,KINGS
9652880,2023-08-27,8,0,7,minor injury,0,1,other improper driving,head-on,yes,no,no,1,0,0,0,0,0,Passenger Car/Station Wagon,SAN BERNARDINO
9652892,2023-12-11,12,16,1,minor injury,0,1,automobile right of way,sideswipe,no,no,no,0,0,0,0,0,0,Passenger Car/Station Wagon,MERCED
9652894,2023-12-22,12,17,5,possible injury,0,1,automobile right of way,broadside,no,no,no,0,0,0,0,0,0,Passenger Car/Station Wagon,SAN DIEGO
9652901,2023-10-21,10,17,6,minor injury,0,5,unsafe speed,head-on,no,no,no,0,0,0,0,0,0,Pickup or Panel Truck,LOS ANGELES
9652910,2023-10-19,10,20,4,possible injury,0,1,pedestrian right of way,vehicle/pedestrian,yes,no,no,1,0,0,0,0,0,Pickup or Panel Truck,MADERA
9652921,2023-12-12,12,18,2,severe injury,0,4,traffic signs,broadside,no,no,no,0,0,0,0,0,0,Passenger Car/Station Wagon,SAN BERNARDINO
9652922,2023-12-15,12,15,5,possible injury,0,1,unsafe speed,rear end,no,no,no,0,0,0,0,0,0,Pickup or Panel Truck,SAN BERNARDINO
9652923,2023-09-28,9,7,4,minor injury,0,2,automobile right of way,broadside,no,no,no,0,0,0,0,0,0,Passenger Car/Station Wagon,SAN DIEGO
9652925,2023-12-12,12,7,2,possible injury,0,1,traffic signs,broadside,no,no,no,0,0,0,0,0,0,Passenger Car/Station Wagon,SAN DIEGO
9652926,2023-12-05,12,14,2,possible injury,0,1,automobile right of way,broadside,no,no,yes,0,0,1,0,0,0,Pickup or Panel Truck,SAN DIEGO
9652928,2023-12-05,12,17,2,possible injury,0,1,automobile right of way,broadside,no,no,no,0,0,0,0,0,0,Other Bus,SAN DIEGO
9652929,2023-12-07,12,17,4,possible injury,0,1,improper turning,broadside,no,no,no,0,0,0,0,0,0,Pickup or Panel Truck,SAN DIEGO
9652931,2023-12-16,12,18,6,possible injury,0,1,DUI,head-on,no,no,no,0,0,0,0,0,0,Passenger Car/Station Wagon,SAN DIEGO
9652932,2023-12-05,12,17,2,minor injury,0,2,automobile right of way,broadside,no,no,no,0,0,0,0,0,0,Pickup or Panel Truck,SAN DIEGO
9652941,2023-12-07,12,16,4,severe injury,0,3,automobile right of way,broadside,no,no,no,0,0,0,0,0,0,Passenger Car/Station Wagon,SAN JOAQUIN
9652957,2023-12-14,12,12,4,minor injury,0,1,automobile right of way,broadside,no,no,no,0,0,0,0,0,0,Passenger Car/Station Wagon,SAN JOAQUIN
9652962,2023-10-10,10,7,2,possible injury,0,1,unsafe speed,rear end,no,no,no,0,0,0,0,0,0,Pickup or Panel Truck,LOS ANGELES
9652980,2023-12-23,12,15,6,minor injury,0,1,DUI,hit object,no,no,no,0,0,0,0,0,0,Pickup or Panel Truck,SAN BERNARDINO
9652993,2023-12-17,12,15,7,minor injury,0,1,DUI,vehicle/pedestrian,no,yes,no,0,1,0,0,0,0,Passenger Car/Station Wagon,SUTTER
9652994,2023-12-28,12,16,4,minor injury,0,1,traffic signs,vehicle/pedestrian,no,yes,no,0,1,0,0,0,0,Bicycle,SUTTER
9652995,2023-12-28,12,21,4,minor injury,0,2,automobile right of way,broadside,no,no,no,0,0,0,0,0,0,Passenger Car/Station Wagon,CONTRA COSTA
9652996,2023-12-08,12,11,5,minor injury,0,3,traffic signs,broadside,no,no,no,0,0,0,0,0,0,Passenger Car/Station Wagon,RIVERSIDE
9652997,2023-12-12,12,9,2,minor injury,0,1,unknown,rear end,no,no,no,0,0,0,0,0,0,Passenger Car/Station Wagon,IMPERIAL
9653009,2023-10-06,10,8,5,possible injury,0,1,wrong side of road,head-on,no,yes,no,0,1,0,0,0,0,Bicycle,SACRAMENTO
9653011,2023-11-26,11,12,7,possible injury,0,1,unknown,other,no,yes,no,0,1,0,0,0,0,Pickup or Panel Truck,LOS ANGELES
9653015,2023-12-26,12,22,2,minor injury,0,2,improper turning,hit object,yes,no,no,2,0,0,0,0,0,Pickup or Panel Truck,LOS ANGELES
9653019,2023-12-02,12,9,6,minor injury,0,1,automobile right of way,other,no,yes,no,0,1,0,0,0,0,Pickup or Panel Truck,LOS ANGELES
9653039,2023-12-23,12,12,6,possible injury,0,1,automobile right of way,broadside,no,no,no,0,0,0,0,0,0,Passenger Car/Station Wagon,LOS ANGELES
9653073,2023-12-23,12,0,6,minor injury,0,1,automobile right of way,broadside,no,no,yes,0,0,1,0,0,0,Motorcycle/Scooter,MERCED
9653126,2023-12-08,12,7,5,possible injury,0,3,automobile right of way,broadside,no,no,no,0,0,0,0,0,0,Passenger Car/Station Wagon,LOS ANGELES
9653147,2023-11-23,11,14,4,minor injury,0,1,improper turning,hit object,no,no,no,0,0,0,0,0,0,Pickup or Panel Truck,SAN BERNARDINO
9653150,2023-08-13,8,14,7,possible injury,0,1,automobile right of way,broadside,no,no,no,0,0,0,0,0,0,Pickup or Panel Truck,VENTURA
9653159,2023-11-24,11,10,5,possible injury,0,1,unsafe speed,rear end,no,no,no,0,0,0,0,0,0,Pickup or Panel Truck,SAN BERNARDINO
9653162,2023-11-27,11,13,1,minor injury,0,3,traffic signs,broadside,no,no,no,0,0,0,0,0,0,Pickup or Panel Truck,SAN BERNARDINO
9653180,2023-11-03,11,20,5,severe injury,0,1,other hazardous violation,other,no,yes,no,0,1,0,0,0,0,Pickup or Panel Truck,LOS ANGELES
9653181,2023-11-17,11,2,5,minor injury,0,3,DUI,head-on,no,no,no,0,0,0,0,0,0,Truck or Truck Tractor,LOS ANGELES
9653186,2023-11-18,11,17,6,fatal injury,1,0,pedestrian violation,vehicle/pedestrian,yes,no,no,0,0,0,1,0,0,Pickup or Panel Truck,LOS ANGELES
9653190,2023-11-03,11,6,5,possible injury,0,1,pedestrian right of way,vehicle/pedestrian,yes,no,no,1,0,0,0,0,0,Passenger Car/Station Wagon,LOS ANGELES
9653191,2023-11-09,11,22,4,possible injury,0,3,DUI,sideswipe,no,no,no,0,0,0,0,0,0,Pickup or Panel Truck,LOS ANGELES
9653193,2023-06-21,6,10,3,possible injury,0,3,unsafe speed,rear end,no,no,no,0,0,0,0,0,0,Passenger Car/Station Wagon,LOS ANGELES
9653199,2023-10-14,10,2,6,minor injury,0,1,DUI,hit object,no,no,no,0,0,0,0,0,0,Pickup or Panel Truck,LOS ANGELES
9653212,2023-11-24,11,19,5,possible injury,0,2,automobile right of way,broadside,no,no,no,0,0,0,0,0,0,Passenger Car/Station Wagon,ORANGE
9653214,2023-03-30,3,7,4,minor injury,0,2,traffic signs,broadside,no,no,no,0,0,0,0,0,0,Pickup or Panel Truck,ORANGE
9653224,2023-12-08,12,13,5,possible injury,0,1,following too closely,rear end,no,no,no,0,0,0,0,0,0,Truck or Truck Tractor,LOS ANGELES
9653230,2023-12-02,12,13,6,minor injury,0,1,unsafe speed,rear end,no,no,no,0,0,0,0,0,0,Pickup or Panel Truck,SANTA BARBARA
9653231,2023-10-05,10,19,4,minor injury,0,1,improper turning,vehicle/pedestrian,yes,no,no,1,0,0,0,0,0,Pickup or Panel Truck,SANTA BARBARA
9653232,2023-12-09,12,17,6,possible injury,0,1,unknown,other,no,yes,no,0,1,0,0,0,0,Not Stated,SANTA BARBARA
9653234,2023-11-27,11,11,1,possible injury,0,2,automobile right of way,broadside,no,no,no,0,0,0,0,0,0,Truck or Truck Tractor,SANTA BARBARA
9653236,2023-12-03,12,7,7,minor injury,0,2,other hazardous violation,broadside,no,no,no,0,0,0,0,0,0,Truck or Truck Tractor,VENTURA
9653240,2023-11-24,11,14,5,possible injury,0,1,following too closely,rear end,no,no,no,0,0,0,0,0,0,Passenger Car/Station Wagon,VENTURA
9653242,2023-12-17,12,18,7,possible injury,0,1,improper turning,sideswipe,no,no,no,0,0,0,0,0,0,Passenger Car/Station Wagon,LOS ANGELES
9653243,2023-12-26,12,13,2,possible injury,0,1,unsafe speed,broadside,no,no,no,0,0,0,0,0,0,Pickup or Panel Truck,YOLO
9653244,2023-12-24,12,13,7,possible injury,0,1,automobile right of way,broadside,no,no,no,0,0,0,0,0,0,Passenger Car/Station Wagon,YOLO
9653246,2023-11-09,11,16,4,possible injury,0,1,automobile right of way,broadside,no,no,no,0,0,0,0,0,0,Passenger Car/Station Wagon,LOS ANGELES
9653251,2023-11-23,11,15,4,minor injury,0,1,automobile right of way,broadside,no,no,yes,0,0,1,0,0,0,Pickup or Panel Truck,LOS ANGELES
9653254,2023-12-09,12,1,6,severe injury,0,1,automobile right of way,broadside,no,no,no,0,0,0,0,0,0,Truck or Truck Tractor,SAN DIEGO
9653255,2023-12-22,12,21,5,minor injury,0,2,traffic signs,broadside,no,no,no,0,0,0,0,0,0,Pickup or Panel Truck,SAN DIEGO
9653263,2023-10-17,10,10,2,minor injury,0,1,unsafe speed,rear end,no,no,no,0,0,0,0,0,0,Pickup or Panel Truck,SONOMA
9653272,2023-11-29,11,14,3,possible injury,0,2,unknown,broadside,no,no,no,0,0,0,0,0,0,Not Stated,LOS ANGELES
9653275,2023-12-21,12,10,4,minor injury,0,2,improper turning,sideswipe,no,no,no,0,0,0,0,0,0,Truck or Truck Tractor,LOS ANGELES
9653277,2023-11-20,11,13,1,possible injury,0,1,unsafe lane change,head-on,no,no,no,0,0,0,0,0,0,Not Stated,VENTURA
9653279,2023-11-17,11,7,5,possible injury,0,1,unsafe speed,rear end,no,no,no,0,0,0,0,0,0,Passenger Car/Station Wagon,LOS ANGELES
9653288,2023-11-29,11,16,3,minor injury,0,1,automobile right of way,broadside,no,no,no,0,0,0,0,0,0,Passenger Car/Station Wagon,LOS ANGELES
9653292,2023-11-20,11,4,1,possible injury,0,1,automobile right of way,vehicle/pedestrian,yes,no,no,1,0,0,0,0,0,Passenger Car/Station Wagon,SAN DIEGO
9653294,2023-11-20,11,8,1,possible injury,0,1,unknown,vehicle/pedestrian,yes,no,no,1,0,0,0,0,0,Not Stated,FRESNO
9653295,2023-11-28,11,20,2,possible injury,0,2,automobile right of way,broadside,no,no,no,0,0,0,0,0,0,Passenger Car/Station Wagon,LOS ANGELES
9653296,2023-11-26,11,17,7,possible injury,0,1,unsafe speed,rear end,no,no,no,0,0,0,0,0,0,Passenger Car/Station Wagon,LOS ANGELES
9653300,2023-11-18,11,23,6,minor injury,0,1,unsafe speed,broadside,no,no,no,0,0,0,0,0,0,Passenger Car/Station Wagon,LOS ANGELES
9653303,2023-11-23,11,15,4,minor injury,0,2,traffic signs,broadside,no,no,no,0,0,0,0,0,0,Passenger Car/Station Wagon,LOS ANGELES
9653304,2023-11-17,11,12,5,possible injury,0,1,pedestrian right of way,vehicle/pedestrian,yes,no,no,1,0,0,0,0,0,Passenger Car/Station Wagon,FRESNO
9653306,2023-11-20,11,17,1,possible injury,0,1,unsafe speed,sideswipe,no,no,no,0,0,0,0,0,0,Not Stated,LOS ANGELES
9653307,2023-11-28,11,22,2,minor injury,0,1,traffic signs,sideswipe,no,no,no,0,0,0,0,0,0,Passenger Car/Station Wagon,LOS ANGELES
9653308,2023-11-26,11,9,7,possible injury,0,1,traffic signs,broadside,no,no,no,0,0,0,0,0,0,Passenger Car/Station Wagon,FRESNO
9653310,2023-11-29,11,12,3,possible injury,0,1,improper turning,vehicle/pedestrian,yes,no,no,1,0,0,0,0,0,Not Stated,LOS ANGELES
9653311,2023-11-25,11,18,6,possible injury,0,1,traffic signs,broadside,no,no,yes,0,0,1,0,0,0,Passenger Car/Station Wagon,FRESNO
9653312,2023-11-21,11,14,2,minor injury,0,3,improper turning,rear end,no,no,no,0,0,0,0,0,0,Passenger Car/Station Wagon,LOS ANGELES
9653314,2023-11-26,11,14,7,possible injury,0,1,automobile right of way,head-on,no,no,no,0,0,0,0,0,0,Passenger Car/Station Wagon,LOS ANGELES
9653315,2023-11-24,11,12,5,minor injury,0,2,unsafe speed,rear end,no,no,no,0,0,0,0,0,0,Passenger Car/Station Wagon,LOS ANGELES
9653316,2023-11-07,11,21,2,minor injury,0,1,unsafe lane change,rear end,no,no,no,0,0,0,0,0,0,Passenger Car/Station Wagon,LOS ANGELES
9653318,2023-11-05,11,12,7,minor injury,0,1,pedestrian violation,vehicle/pedestrian,yes,no,no,1,0,0,0,0,0,Pedestrian,LOS ANGELES
9653319,2023-11-07,11,20,2,minor injury,0,3,unsafe lane change,sideswipe,yes,no,no,3,0,0,0,0,0,Passenger Car/Station Wagon,LOS ANGELES
9653320,2023-11-22,11,19,3,possible injury,0,4,DUI,broadside,no,no,no,0,0,0,0,0,0,Passenger Car/Station Wagon,LOS ANGELES
9653322,2023-11-24,11,14,5,severe injury,0,1,improper turning,hit object,no,no,yes,0,0,1,0,0,0,Motorcycle/Scooter,MERCED
9653323,2023-11-26,11,11,7,minor injury,0,2,pedestrian right of way,vehicle/pedestrian,yes,no,no,2,0,0,0,0,0,Passenger Car/Station Wagon,LOS ANGELES
9653324,2023-11-18,11,13,6,possible injury,0,1,improper turning,head-on,no,no,no,0,0,0,0,0,0,Passenger Car/Station Wagon,LOS ANGELES
9653326,2023-11-13,11,15,1,possible injury,0,1,automobile right of way,broadside,no,no,no,0,0,0,0,0,0,Passenger Car/Station Wagon,LOS ANGELES
9653327,2023-11-25,11,19,6,possible injury,0,1,pedestrian violation,broadside,no,no,no,0,0,0,0,0,0,Passenger Car/Station Wagon,LOS ANGELES
9653328,2023-11-16,11,16,4,minor injury,0,1,automobile right of way,broadside,no,no,yes,0,0,1,0,0,0,Passenger Car/Station Wagon,LOS ANGELES
9653330,2023-11-30,11,2,4,possible injury,0,1,improper turning,hit object,no,no,no,0,0,0,0,0,0,Passenger Car/Station Wagon,LOS ANGELES
9653331,2023-11-29,11,1,3,possible injury,0,1,DUI,sideswipe,no,no,no,0,0,0,0,0,0,Passenger Car/Station Wagon,LOS ANGELES
9653332,2023-11-23,11,19,4,possible injury,0,3,traffic signs,broadside,no,no,no,0,0,0,0,0,0,Passenger Car/Station Wagon,LOS ANGELES
9653334,2023-11-29,11,1,3,possible injury,0,1,DUI,sideswipe,no,no,no,0,0,0,0,0,0,Passenger Car/Station Wagon,LOS ANGELES
9653335,2023-11-22,11,21,3,severe injury,0,1,pedestrian violation,vehicle/pedestrian,yes,no,no,1,0,0,0,0,0,Pedestrian,LOS ANGELES
9653338,2023-11-30,11,16,4,minor injury,0,1,unsafe speed,rear end,no,no,no,0,0,0,0,0,0,Not Stated,LOS ANGELES
9653340,2023-11-28,11,12,2,possible injury,0,1,traffic signs,broadside,no,no,no,0,0,0,0,0,0,Passenger Car/Station Wagon,LOS ANGELES
9653341,2023-11-14,11,6,2,possible injury,0,1,other than driver or pedestrian,head-on,no,no,no,0,0,0,0,0,0,Not Stated,LOS ANGELES
9653342,2023-11-18,11,1,6,possible injury,0,1,DUI,hit object,no,no,no,0,0,0,0,0,0,Passenger Car/Station Wagon,SAN DIEGO
9653343,2023-11-29,11,17,3,possible injury,0,2,automobile right of way,broadside,no,no,no,0,0,0,0,0,0,Passenger Car/Station Wagon,SAN DIEGO
9653344,2023-11-29,11,23,3,possible injury,0,1,unsafe speed,head-on,no,no,no,0,0,0,0,0,0,Passenger Car/Station Wagon,SAN DIEGO
9653345,2023-11-11,11,13,6,minor injury,0,1,unsafe speed,overturned,no,no,no,0,0,0,0,0,0,Passenger Car/Station Wagon,SAN DIEGO
9653346,2023-11-25,11,23,6,minor injury,0,4,unsafe speed,hit object,no,no,no,0,0,0,0,0,0,Passenger Car/Station Wagon,SAN MATEO
9653348,2023-11-27,11,17,1,possible injury,0,1,traffic signs,broadside,no,no,no,0,0,0,0,0,0,Passenger Car/Station Wagon,LOS ANGELES
9653350,2023-11-20,11,10,1,minor injury,0,2,unsafe speed,rear end,no,no,no,0,0,0,0,0,0,Passenger Car/Station Wagon,LOS ANGELES
9653351,2023-11-19,11,21,7,possible injury,0,2,automobile right of way,broadside,no,no,no,0,0,0,0,0,0,Passenger Car/Station Wagon,LOS ANGELES
9653352,2023-11-25,11,1,6,minor injury,0,1,DUI,head-on,no,no,no,0,0,0,0,0,0,Not Stated,LOS ANGELES
9653353,2023-11-24,11,20,5,minor injury,0,2,DUI,rear end,no,no,no,0,0,0,0,0,0,Passenger Car/Station Wagon,LOS ANGELES
9653354,2023-11-24,11,23,5,possible injury,0,2,DUI,head-on,no,no,no,0,0,0,0,0,0,Not Stated,LOS ANGELES
9653356,2023-11-16,11,17,4,possible injury,0,2,traffic signs,sideswipe,no,no,no,0,0,0,0,0,0,Not Stated,LOS ANGELES
9653357,2023-11-19,11,15,7,possible injury,0,3,automobile right of way,broadside,no,no,no,0,0,0,0,0,0,Passenger Car/Station Wagon,LOS ANGELES
9653358,2023-11-22,11,6,3,possible injury,0,2,automobile right of way,sideswipe,no,no,no,0,0,0,0,0,0,Passenger Car/Station Wagon,LOS ANGELES
9653359,2023-11-27,11,13,1,possible injury,0,1,unsafe speed,hit object,no,no,no,0,0,0,0,0,0,Passenger Car/Station Wagon,RIVERSIDE
9653376,2023-12-06,12,14,3,possible injury,0,1,unsafe speed,rear end,no,no,no,0,0,0,0,0,0,Passenger Car/Station Wagon,SAN DIEGO
9653387,2023-12-01,12,7,5,severe injury,0,1,automobile right of way,broadside,no,no,yes,0,0,0,0,0,0,Passenger Car/Station Wagon,LOS ANGELES
9653402,2023-12-06,12,23,3,minor injury,0,2,improper turning,hit object,no,no,no,0,0,0,0,0,0,Passenger Car/Station Wagon,SOLANO
9653410,2023-12-12,12,15,2,minor injury,0,1,pedestrian right of way,vehicle/pedestrian,yes,yes,no,1,0,0,0,0,0,Passenger Car/Station Wagon,LOS ANGELES
9653411,2023-12-14,12,15,4,minor injury,0,1,automobile right of way,broadside,no,yes,no,0,1,0,0,0,0,Bicycle,LOS ANGELES
9653412,2023-12-15,12,22,5,minor injury,0,1,following too closely,rear end,no,no,no,0,0,0,0,0,0,Passenger Car/Station Wagon,LOS ANGELES
9653441,2023-12-20,12,22,3,possible injury,0,1,improper turning,overturned,no,no,no,0,0,0,0,0,0,Passenger Car/Station Wagon,SAN DIEGO
9653442,2023-12-08,12,6,5,minor injury,0,1,DUI,broadside,no,no,no,0,0,0,0,0,0,Passenger Car/Station Wagon,TULARE
9653443,2023-12-14,12,11,4,minor injury,0,1,pedestrian right of way,vehicle/pedestrian,yes,no,no,1,0,0,0,0,0,Passenger Car/Station Wagon,LOS ANGELES
9653444,2023-12-05,12,8,2,minor injury,0,2,automobile right of way,broadside,no,no,no,0,0,0,0,0,0,Passenger Car/Station Wagon,LOS ANGELES
9653445,2023-12-20,12,12,3,possible injury,0,1,automobile right of way,broadside,no,no,no,0,0,0,0,0,0,Passenger Car/Station Wagon,SAN DIEGO
9653446,2023-12-10,12,14,7,minor injury,0,3,automobile right of way,broadside,no,no,no,0,0,0,0,0,0,Passenger Car/Station Wagon,TULARE