CASE_ID,COLLISION_DATE,MONTH,HOUR,DAY_OF_WEEK,COLLISION_SEVERITY,NUMBER_KILLED,NUMBER_INJURED,PCF_VIOL_CATEGORY,TYPE_OF_COLLISION,PEDESTRIAN_ACCIDENT,BICYCLE_ACCIDENT,MOTORCYCLE_ACCIDENT,COUNT_PED_INJURED,COUNT_BICYCLIST_INJURED,COUNT_MC_INJURED,COUNT_PED_KILLED,COUNT_BICYCLIST_KILLED,COUNT_MC_KILLED,STWD_VEHTYPE_AT_FAULT,COUNTY
9653448,2023-12-08,12,14,5,possible injury,0,1,automobile right of way,broadside,no,no,no,0,0,0,0,0,0,Passenger Car/Station Wagon,MERCED
9653450,2023-12-11,12,15,1,possible injury,0,1,automobile right of way,broadside,no,no,yes,0,0,1,0,0,0,Passenger Car/Station Wagon,TULARE
9653451,2023-12-18,12,15,1,possible injury,0,1,other than driver or pedestrian,hit object,no,no,no,0,0,0,0,0,0,Not Stated,LOS ANGELES
9653452,2023-12-16,12,8,6,minor injury,0,3,other hazardous violation,rear end,no,no,no,0,0,0,0,0,0,Passenger Car/Station Wagon,LOS ANGELES
9653453,2023-12-21,12,0,4,minor injury,0,1,improper turning,hit object,no,no,no,0,0,0,0,0,0,Passenger Car/Station Wagon,SAN DIEGO
9653454,2023-12-11,12,15,1,possible injury,0,1,automobile right of way,broadside,no,no,no,0,0,0,0,0,0,Passenger Car/Station Wagon,TULARE
9653455,2023-12-09,12,15,6,minor injury,0,1,automobile right of way,broadside,no,no,no,0,0,0,0,0,0,Passenger Car/Station Wagon,SAN MATEO
9653457,2023-12-19,12,19,2,possible injury,0,1,traffic signs,broadside,no,no,no,0,0,0,0,0,0,Passenger Car/Station Wagon,SAN DIEGO
9653458,2023-12-08,12,17,5,possible injury,0,2,automobile right of way,broadside,no,no,no,0,0,0,0,0,0,Passenger Car/Station Wagon,LOS ANGELES
9653459,2023-12-15,12,5,5,possible injury,0,1,lights,broadside,no,yes,no,0,1,0,0,0,0,Bicycle,ORANGE
9653460,2023-12-13,12,9,3,possible injury,0,1,improper turning,broadside,no,no,no,0,0,0,0,0,0,Passenger Car/Station Wagon,SAN DIEGO
9653461,2023-12-18,12,8,1,possible injury,0,1,traffic signs,broadside,no,no,yes,0,0,1,0,0,0,Passenger Car/Station Wagon,SAN DIEGO
9653462,2023-12-08,12,13,5,possible injury,0,1,wrong side of road,other,no,yes,no,0,1,0,0,0,0,Bicycle,LOS ANGELES
9653464,2023-12-21,12,0,4,possible injury,0,2,improper turning,broadside,no,no,no,0,0,0,0,0,0,Passenger Car/Station Wagon,SAN DIEGO
9653465,2023-12-14,12,12,4,minor injury,0,3,traffic signs,broadside,no,no,no,0,0,0,0,0,0,Passenger Car/Station Wagon,SAN DIEGO
9653468,2023-12-21,12,11,4,minor injury,0,1,unsafe speed,overturned,no,no,no,0,0,0,0,0,0,Passenger Car/Station Wagon,SAN DIEGO
9653469,2023-12-12,12,13,2,possible injury,0,1,automobile right of way,broadside,no,no,no,0,0,0,0,0,0,Passenger Car/Station Wagon,SAN DIEGO
9653470,2023-12-07,12,16,4,minor injury,0,1,pedestrian right of way,sideswipe,no,yes,no,0,1,0,0,0,0,Passenger Car/Station Wagon,RIVERSIDE
9653471,2023-12-01,12,9,5,possible injury,0,2,improper turning,rear end,no,no,no,0,0,0,0,0,0,Passenger Car/Station Wagon,ORANGE
9653472,2023-12-14,12,16,4,possible injury,0,1,unsafe speed,rear end,no,no,no,0,0,0,0,0,0,Passenger Car/Station Wagon,SAN DIEGO
9653473,2023-12-18,12,10,1,minor injury,0,2,improper passing,sideswipe,no,no,yes,0,0,1,0,0,0,Motorcycle/Scooter,SAN DIEGO
9653474,2023-12-13,12,14,3,possible injury,0,3,traffic signs,broadside,no,no,no,0,0,0,0,0,0,Passenger Car/Station Wagon,MERCED
9653476,2023-12-16,12,9,6,possible injury,0,2,unsafe lane change,sideswipe,no,no,no,0,0,0,0,0,0,Passenger Car/Station Wagon,SAN DIEGO
9653477,2023-12-15,12,9,5,minor injury,0,1,improper turning,vehicle/pedestrian,yes,no,no,1,0,0,0,0,0,Passenger Car/Station Wagon,SAN DIEGO
9653478,2023-12-04,12,12,1,possible injury,0,1,unsafe speed,rear end,no,no,no,0,0,0,0,0,0,Other Bus,MERCED
9653479,2023-12-10,12,7,7,possible injury,0,2,automobile right of way,broadside,no,no,no,0,0,0,0,0,0,Passenger Car/Station Wagon,LOS ANGELES
9653480,2023-12-14,12,8,4,possible injury,0,1,improper turning,broadside,no,no,no,0,0,0,0,0,0,Passenger Car/Station Wagon,SAN DIEGO
9653481,2023-12-19,12,16,2,possible injury,0,1,improper turning,sideswipe,no,no,yes,0,0,1,0,0,0,Passenger Car/Station Wagon,SAN DIEGO
9653482,2023-12-04,12,8,1,possible injury,0,1,improper turning,hit object,no,no,no,0,0,0,0,0,0,Passenger Car/Station Wagon,MERCED
9653483,2023-12-19,12,9,2,possible injury,0,2,traffic signs,broadside,no,no,no,0,0,0,0,0,0,Passenger Car/Station Wagon,SAN DIEGO
9653486,2023-12-05,12,14,2,possible injury,0,2,automobile right of way,broadside,no,no,no,0,0,0,0,0,0,Not Stated,MERCED
9653487,2023-12-01,12,19,5,possible injury,0,1,automobile right of way,broadside,no,no,no,0,0,0,0,0,0,Not Stated,LOS ANGELES
9653488,2023-12-03,12,16,7,severe injury,0,1,automobile right of way,vehicle/pedestrian,yes,no,no,1,0,0,0,0,0,Passenger Car/Station Wagon,LOS ANGELES
9653489,2023-12-07,12,16,4,possible injury,0,1,improper turning,hit object,no,no,no,0,0,0,0,0,0,Passenger Car/Station Wagon,TULARE
9653490,2023-12-07,12,20,4,possible injury,0,3,automobile right of way,broadside,no,no,no,0,0,0,0,0,0,Passenger Car/Station Wagon,MERCED
9653491,2023-12-21,12,19,4,minor injury,0,1,traffic signs,broadside,no,no,no,0,0,0,0,0,0,Passenger Car/Station Wagon,FRESNO
9653492,2023-12-12,12,19,2,minor injury,0,2,unsafe lane change,broadside,no,no,no,0,0,0,0,0,0,Passenger Car/Station Wagon,PLACER
9653493,2023-12-13,12,22,3,possible injury,0,1,traffic signs,broadside,no,no,no,0,0,0,0,0,0,Passenger Car/Station Wagon,LOS ANGELES
9653494,2023-12-19,12,23,2,minor injury,0,2,traffic signs,broadside,no,no,no,0,0,0,0,0,0,Passenger Car/Station Wagon,SAN DIEGO
9653495,2023-12-11,12,17,1,minor injury,0,3,unsafe speed,rear end,no,no,no,0,0,0,0,0,0,Passenger Car/Station Wagon,PLACER
9653496,2023-12-14,12,17,4,possible injury,0,2,traffic signs,head-on,no,no,no,0,0,0,0,0,0,Passenger Car/Station Wagon,PLACER
9653499,2023-12-14,12,16,4,possible injury,0,1,DUI,rear end,no,no,no,0,0,0,0,0,0,Passenger Car/Station Wagon,SAN DIEGO
9653500,2023-12-11,12,15,1,minor injury,0,1,wrong side of road,vehicle/pedestrian,no,yes,no,0,1,0,0,0,0,Bicycle,PLACER
9653501,2023-12-03,12,15,7,possible injury,0,2,unsafe speed,rear end,no,no,no,0,0,0,0,0,0,Passenger Car/Station Wagon,FRESNO
9653502,2023-12-12,12,10,2,possible injury,0,1,automobile right of way,broadside,no,no,no,0,0,0,0,0,0,Passenger Car/Station Wagon,LOS ANGELES
9653503,2023-12-17,12,21,7,possible injury,0,2,DUI,head-on,no,no,no,0,0,0,0,0,0,Passenger Car/Station Wagon,LOS ANGELES
9653505,2023-12-06,12,7,3,possible injury,0,3,unsafe speed,rear end,no,no,no,0,0,0,0,0,0,Passenger Car/Station Wagon,SAN DIEGO
9653506,2023-12-01,12,13,5,possible injury,0,1,pedestrian right of way,vehicle/pedestrian,yes,no,no,1,0,0,0,0,0,Passenger Car/Station Wagon,SAN DIEGO
9653507,2023-12-01,12,10,5,possible injury,0,2,traffic signs,broadside,no,no,no,0,0,0,0,0,0,Passenger Car/Station Wagon,SAN DIEGO
9653522,2023-12-09,12,11,6,possible injury,0,1,improper passing,sideswipe,no,no,yes,0,0,1,0,0,0,Motorcycle/Scooter,SAN BERNARDINO
9653528,2023-12-03,12,20,7,possible injury,0,1,traffic signs,head-on,no,no,no,0,0,0,0,0,0,Passenger Car/Station Wagon,VENTURA
9653572,2023-11-30,11,13,4,possible injury,0,2,following too closely,rear end,no,no,no,0,0,0,0,0,0,Passenger Car/Station Wagon,SAN DIEGO
9653578,2023-12-12,12,19,2,severe injury,0,1,automobile right of way,broadside,no,no,yes,0,0,1,0,0,0,Passenger Car/Station Wagon,SAN DIEGO
9653580,2023-12-02,12,19,6,possible injury,0,1,other hazardous violation,head-on,no,no,no,0,0,0,0,0,0,Passenger Car/Station Wagon,SAN DIEGO
9653581,2023-12-09,12,5,6,possible injury,0,1,wrong side of road,broadside,no,yes,no,0,1,0,0,0,0,Bicycle,LOS ANGELES
9653582,2023-12-14,12,9,4,possible injury,0,1,improper turning,broadside,no,no,no,0,0,0,0,0,0,Passenger Car/Station Wagon,LOS ANGELES
9653583,2023-12-08,12,18,5,minor injury,0,1,following too closely,rear end,no,no,no,0,0,0,0,0,0,Passenger Car/Station Wagon,LOS ANGELES
9653584,2023-12-20,12,17,3,severe injury,0,1,pedestrian right of way,vehicle/pedestrian,yes,no,no,1,0,0,0,0,0,Passenger Car/Station Wagon,SAN DIEGO
9653585,2023-12-01,12,12,5,minor injury,0,1,traffic signs,sideswipe,no,no,no,0,0,0,0,0,0,Not Stated,LOS ANGELES
9653586,2023-12-01,12,14,5,minor injury,0,1,improper turning,sideswipe,no,no,no,0,0,0,0,0,0,Other Vehicle,LOS ANGELES
9653587,2023-12-14,12,9,4,minor injury,0,1,improper turning,hit object,no,no,no,0,0,0,0,0,0,Passenger Car/Station Wagon,LOS ANGELES
9653588,2023-12-05,12,13,2,possible injury,0,1,pedestrian right of way,vehicle/pedestrian,yes,no,no,1,0,0,0,0,0,Passenger Car/Station Wagon,LOS ANGELES
9653589,2023-12-11,12,7,1,minor injury,0,1,traffic signs,broadside,no,yes,no,0,1,0,0,0,0,Bicycle,SAN BERNARDINO
9653590,2023-12-09,12,15,6,severe injury,0,1,automobile right of way,broadside,no,no,no,0,0,0,0,0,0,Passenger Car/Station Wagon,SAN BERNARDINO
9653591,2023-12-14,12,19,4,minor injury,0,2,automobile right of way,head-on,no,no,no,0,0,0,0,0,0,Passenger Car/Station Wagon,SAN BERNARDINO
9653592,2023-12-15,12,0,5,possible injury,0,1,automobile right of way,broadside,no,no,no,0,0,0,0,0,0,Passenger Car/Station Wagon,SAN BERNARDINO
9653594,2023-12-11,12,8,1,possible injury,0,1,unknown,broadside,no,no,no,0,0,0,0,0,0,Not Stated,CONTRA COSTA
9653595,2023-12-12,12,8,2,possible injury,0,1,wrong side of road,broadside,no,yes,no,0,1,0,0,0,0,Bicycle,CONTRA COSTA
9653596,2023-12-13,12,17,3,possible injury,0,1,pedestrian right of way,vehicle/pedestrian,yes,no,no,1,0,0,0,0,0,Passenger Car/Station Wagon,CONTRA COSTA
9653597,2023-12-04,12,14,1,severe injury,0,2,improper turning,hit object,no,no,no,0,0,0,0,0,0,Passenger Car/Station Wagon,SANTA CRUZ
9653598,2023-12-01,12,19,5,minor injury,0,1,pedestrian violation,vehicle/pedestrian,yes,no,no,1,0,0,0,0,0,Pedestrian,SANTA CRUZ
9653600,2023-12-16,12,15,6,possible injury,0,1,wrong side of road,broadside,no,yes,no,0,1,0,0,0,0,Bicycle,ORANGE
9653601,2023-12-14,12,19,4,minor injury,0,1,unknown,broadside,no,no,no,0,0,0,0,0,0,Passenger Car/Station Wagon,LOS ANGELES
9653602,2023-12-12,12,7,2,minor injury,0,3,automobile right of way,head-on,no,no,no,0,0,0,0,0,0,Passenger Car/Station Wagon,LOS ANGELES
9653603,2023-12-17,12,17,7,minor injury,0,1,automobile right of way,broadside,no,no,yes,0,0,1,0,0,0,Passenger Car/Station Wagon,LOS ANGELES
9653604,2023-12-05,12,0,2,possible injury,0,1,automobile right of way,head-on,no,no,no,0,0,0,0,0,0,Passenger Car/Station Wagon,LOS ANGELES
9653605,2023-12-04,12,17,1,possible injury,0,2,unsafe speed,head-on,no,no,no,0,0,0,0,0,0,Passenger Car/Station Wagon,SAN BERNARDINO
9653606,2023-12-16,12,22,6,severe injury,0,2,DUI,head-on,no,no,no,0,0,0,0,0,0,Passenger Car/Station Wagon,SAN BERNARDINO
9653608,2023-12-13,12,13,3,possible injury,0,1,following too closely,rear end,no,no,no,0,0,0,0,0,0,Not Stated,SAN DIEGO
9653609,2023-12-07,12,15,4,possible injury,0,1,pedestrian right of way,vehicle/pedestrian,yes,no,no,1,0,0,0,0,0,Passenger Car/Station Wagon,SAN DIEGO
9653610,2023-12-14,12,14,4,minor injury,0,1,unsafe speed,other,no,no,yes,0,0,1,0,0,0,Motorcycle/Scooter,SAN DIEGO
9653611,2023-12-08,12,0,5,possible injury,0,1,improper turning,rear end,no,no,no,0,0,0,0,0,0,Passenger Car/Station Wagon,SAN DIEGO
9653612,2023-12-20,12,17,3,minor injury,0,1,automobile right of way,broadside,no,no,no,0,0,0,0,0,0,Passenger Car/Station Wagon,LOS ANGELES
9653613,2023-12-18,12,19,1,possible injury,0,1,wrong side of road,sideswipe,no,no,no,0,0,0,0,0,0,Passenger Car/Station Wagon,LOS ANGELES
9653614,2023-12-17,12,11,7,minor injury,0,2,unsafe speed,rear end,no,no,no,0,0,0,0,0,0,Passenger Car/Station Wagon,SAN BERNARDINO
9653616,2023-12-05,12,17,2,possible injury,0,1,unsafe speed,vehicle/pedestrian,yes,no,no,1,0,0,0,0,0,Not Stated,LOS ANGELES
9653618,2023-12-08,12,8,5,minor injury,0,1,traffic signs,broadside,no,no,no,0,0,0,0,0,0,Not Stated,LOS ANGELES
9653619,2023-12-12,12,18,2,minor injury,0,2,wrong side of road,head-on,no,no,no,0,0,0,0,0,0,Passenger Car/Station Wagon,LOS ANGELES
9653620,2023-12-14,12,15,4,possible injury,0,1,pedestrian right of way,vehicle/pedestrian,yes,no,no,1,0,0,0,0,0,Passenger Car/Station Wagon,LOS ANGELES
9653621,2023-12-11,12,19,1,minor injury,0,1,automobile right of way,other,no,no,yes,0,0,1,0,0,0,Not Stated,LOS ANGELES
9653622,2023-12-05,12,22,2,minor injury,0,1,wrong side of road,head-on,no,no,no,0,0,0,0,0,0,Passenger Car/Station Wagon,LOS ANGELES
9653623,2023-12-12,12,18,2,minor injury,0,1,pedestrian violation,vehicle/pedestrian,yes,no,no,1,0,0,0,0,0,Pedestrian,LOS ANGELES
9653624,2023-12-01,12,12,5,possible injury,0,1,automobile right of way,broadside,no,no,no,0,0,0,0,0,0,Not Stated,LOS ANGELES
9653625,2023-12-05,12,16,2,possible injury,0,1,unsafe speed,rear end,no,no,no,0,0,0,0,0,0,Passenger Car/Station Wagon,VENTURA
9653626,2023-12-05,12,13,2,possible injury,0,1,unsafe starting or backing,rear end,no,no,no,0,0,0,0,0,0,Passenger Car/Station Wagon,VENTURA
9653627,2023-12-04,12,14,1,possible injury,0,1,improper turning,broadside,no,yes,no,0,1,0,0,0,0,Bicycle,VENTURA
9653629,2023-12-17,12,20,7,minor injury,0,1,wrong side of road,head-on,no,yes,no,0,1,0,0,0,0,Bicycle,LOS ANGELES
9653631,2023-12-06,12,18,3,possible injury,0,1,improper turning,broadside,no,no,no,0,0,0,0,0,0,Passenger Car/Station Wagon,VENTURA
9653632,2023-12-01,12,15,5,minor injury,0,1,automobile right of way,broadside,no,yes,no,0,1,0,0,0,0,Bicycle,VENTURA
9653633,2023-12-01,12,16,5,possible injury,0,1,improper turning,head-on,no,no,no,0,0,0,0,0,0,Passenger Car/Station Wagon,VENTURA
9653634,2023-12-03,12,0,7,possible injury,0,1,unsafe speed,rear end,no,no,no,0,0,0,0,0,0,Passenger Car/Station Wagon,VENTURA
9653635,2023-12-09,12,0,6,minor injury,0,1,unsafe lane change,rear end,no,no,no,0,0,0,0,0,0,Passenger Car/Station Wagon,LOS ANGELES
9653636,2023-12-16,12,2,6,possible injury,0,1,improper turning,sideswipe,no,no,no,0,0,0,0,0,0,Passenger Car/Station Wagon,LOS ANGELES
9653637,2023-12-14,12,17,4,possible injury,0,2,automobile right of way,broadside,no,no,no,0,0,0,0,0,0,Passenger Car/Station Wagon,LOS ANGELES
9653638,2023-12-08,12,11,5,possible injury,0,1,DUI,broadside,no,no,no,0,0,0,0,0,0,Passenger Car/Station Wagon,ORANGE
9653639,2023-12-05,12,10,2,minor injury,0,1,unknown,hit object,no,no,no,0,0,0,0,0,0,Not Stated,ORANGE
9653640,2023-12-04,12,15,1,possible injury,0,1,unsafe starting or backing,rear end,no,no,no,0,0,0,0,0,0,Passenger Car/Station Wagon,ORANGE
9653641,2023-12-17,12,17,7,possible injury,0,1,unknown,broadside,no,no,no,0,0,0,0,0,0,Not Stated,ORANGE
9653642,2023-12-01,12,21,5,minor injury,0,1,other improper driving,vehicle/pedestrian,yes,no,no,1,0,0,0,0,0,Passenger Car/Station Wagon,ORANGE
9653643,2023-12-05,12,20,2,possible injury,0,2,automobile right of way,broadside,no,no,no,0,0,0,0,0,0,Passenger Car/Station Wagon,ORANGE
9653644,2023-12-02,12,18,6,possible injury,0,2,unsafe starting or backing,rear end,no,no,no,0,0,0,0,0,0,Passenger Car/Station Wagon,ORANGE
9653645,2023-12-02,12,3,6,minor injury,0,1,DUI,overturned,no,no,no,0,0,0,0,0,0,Passenger Car/Station Wagon,KERN
9653646,2023-12-11,12,17,1,minor injury,0,1,unsafe speed,rear end,no,no,no,0,0,0,0,0,0,Passenger Car/Station Wagon,LOS ANGELES
9653647,2023-12-23,12,9,6,minor injury,0,1,improper turning,sideswipe,no,yes,no,0,1,0,0,0,0,Passenger Car/Station Wagon,LOS ANGELES
9653648,2023-12-10,12,5,7,minor injury,0,1,DUI,head-on,no,no,no,0,0,0,0,0,0,Passenger Car/Station Wagon,LOS ANGELES
9653649,2023-12-15,12,17,5,possible injury,0,2,unsafe speed,rear end,no,no,no,0,0,0,0,0,0,Passenger Car/Station Wagon,LOS ANGELES
9653650,2023-12-16,12,12,6,possible injury,0,2,automobile right of way,broadside,no,no,no,0,0,0,0,0,0,Passenger Car/Station Wagon,LOS ANGELES
9653651,2023-12-15,12,18,5,possible injury,0,3,unsafe speed,rear end,no,no,no,0,0,0,0,0,0,Passenger Car/Station Wagon,LOS ANGELES
9653652,2023-12-03,12,12,7,minor injury,0,1,unsafe speed,rear end,no,yes,no,0,1,0,0,0,0,Bicycle,LOS ANGELES
9653653,2023-12-07,12,21,4,possible injury,0,1,unsafe speed,rear end,no,yes,no,0,1,0,0,0,0,Passenger Car/Station Wagon,LOS ANGELES
9653691,2023-12-01,12,21,5,possible injury,0,2,automobile right of way,head-on,no,no,no,0,0,0,0,0,0,Passenger Car/Station Wagon,LOS ANGELES
9653707,2023-12-24,12,16,7,possible injury,0,1,DUI,broadside,no,no,no,0,0,0,0,0,0,Passenger Car/Station Wagon,LOS ANGELES
9653709,2023-12-11,12,14,1,minor injury,0,3,unsafe speed,rear end,no,no,no,0,0,0,0,0,0,Passenger Car/Station Wagon,LOS ANGELES
9653710,2023-12-27,12,19,3,possible injury,0,1,automobile right of way,broadside,no,no,no,0,0,0,0,0,0,Passenger Car/Station Wagon,LOS ANGELES
9653711,2023-12-16,12,9,6,possible injury,0,1,unsafe speed,sideswipe,yes,no,no,1,0,0,0,0,0,Passenger Car/Station Wagon,ORANGE
9653715,2023-12-20,12,11,3,minor injury,0,1,unsafe speed,hit object,no,no,no,0,0,0,0,0,0,Passenger Car/Station Wagon,LOS ANGELES
9653717,2023-12-08,12,10,5,possible injury,0,1,automobile right of way,broadside,no,no,no,0,0,0,0,0,0,Passenger Car/Station Wagon,LOS ANGELES
9653718,2023-12-15,12,14,5,possible injury,0,1,unsafe starting or backing,vehicle/pedestrian,yes,no,no,1,0,0,0,0,0,Passenger Car/Station Wagon,LOS ANGELES
9653719,2023-12-29,12,23,5,minor injury,0,2,unsafe speed,broadside,no,no,no,0,0,0,0,0,0,Passenger Car/Station Wagon,LOS ANGELES
9653720,2023-12-05,12,5,2,possible injury,0,1,pedestrian violation,vehicle/pedestrian,yes,no,no,1,0,0,0,0,0,Pedestrian,LOS ANGELES
9653721,2023-12-14,12,9,4,minor injury,0,2,unsafe speed,rear end,no,no,no,0,0,0,0,0,0,Passenger Car/Station Wagon,SAN MATEO
9653722,2023-12-20,12,11,3,severe injury,0,2,traffic signs,broadside,no,no,no,0,0,0,0,0,0,Passenger Car/Station Wagon,SAN MATEO
9653751,2023-09-13,9,8,3,possible injury,0,1,automobile right of way,broadside,no,yes,no,0,1,0,0,0,0,Pickup or Panel Truck,LOS ANGELES
9653781,2023-11-28,11,20,2,minor injury,0,1,traffic signs,broadside,no,yes,no,0,1,0,0,0,0,Bicycle,VENTURA
9653813,2023-12-05,12,3,2,minor injury,0,1,unsafe starting or backing,vehicle/pedestrian,yes,no,no,1,0,0,0,0,0,Passenger Car/Station Wagon,LOS ANGELES
9653814,2023-12-18,12,21,1,minor injury,0,2,traffic signs,broadside,no,no,no,0,0,0,0,0,0,Not Stated,LOS ANGELES
9653815,2023-12-14,12,13,4,severe injury,0,1,automobile right of way,broadside,no,no,yes,0,0,1,0,0,0,Passenger Car/Station Wagon,SANTA CLARA
9653816,2023-12-23,12,17,6,minor injury,0,2,unsafe speed,rear end,no,no,no,0,0,0,0,0,0,Passenger Car/Station Wagon,LOS ANGELES
9653821,2023-12-20,12,16,3,possible injury,0,1,unsafe speed,hit object,no,no,no,0,0,0,0,0,0,Passenger Car/Station Wagon,SANTA CLARA
9653822,2023-12-14,12,16,4,possible injury,0,1,unsafe speed,rear end,yes,no,no,1,0,0,0,0,0,Passenger Car/Station Wagon,LOS ANGELES
9653823,2023-12-13,12,20,3,possible injury,0,1,unsafe speed,rear end,no,no,no,0,0,0,0,0,0,Not Stated,LOS ANGELES
9653824,2023-12-03,12,12,7,possible injury,0,1,unsafe speed,overturned,no,no,no,0,0,0,0,0,0,Not Stated,VENTURA
9653825,2023-12-02,12,10,6,possible injury,0,1,unsafe speed,rear end,no,no,no,0,0,0,0,0,0,Passenger Car/Station Wagon,VENTURA
9653826,2023-12-03,12,15,7,possible injury,0,4,traffic signs,head-on,no,no,no,0,0,0,0,0,0,Passenger Car/Station Wagon,VENTURA
9653827,2023-12-03,12,19,7,possible injury,0,2,traffic signs,broadside,no,no,no,0,0,0,0,0,0,Passenger Car/Station Wagon,VENTURA
9653828,2023-12-14,12,13,4,minor injury,0,1,improper turning,other,no,yes,no,0,1,0,0,0,0,Passenger Car/Station Wagon,SANTA BARBARA
9653829,2023-12-01,12,17,5,minor injury,0,1,wrong side of road,sideswipe,no,yes,no,0,1,0,0,0,0,Bicycle,LOS ANGELES
9653831,2023-12-09,12,17,6,possible injury,0,1,unknown,other,no,yes,no,0,1,0,0,0,0,Not Stated,SANTA BARBARA
9653832,2023-12-14,12,13,4,minor injury,0,1,automobile right of way,vehicle/pedestrian,yes,no,no,1,0,0,0,0,0,Passenger Car/Station Wagon,SANTA BARBARA
9653833,2023-12-08,12,8,5,minor injury,0,1,pedestrian violation,vehicle/pedestrian,yes,no,no,1,0,0,0,0,0,Pedestrian,SANTA BARBARA
9653835,2023-12-12,12,15,2,minor injury,0,1,automobile right of way,vehicle/pedestrian,yes,no,no,1,0,0,0,0,0,Passenger Car/Station Wagon,SAN BERNARDINO
9653836,2023-12-06,12,9,3,minor injury,0,1,automobile right of way,vehicle/pedestrian,yes,no,no,1,0,0,0,0,0,Passenger Car/Station Wagon,SAN BERNARDINO
9653837,2023-12-01,12,23,5,minor injury,0,2,unsafe lane change,broadside,no,no,no,0,0,0,0,0,0,Passenger Car/Station Wagon,SAN BERNARDINO
9653838,2023-12-14,12,17,4,possible injury,0,1,unsafe speed,rear end,no,no,no,0,0,0,0,0,0,Passenger Car/Station Wagon,MADERA
9653839,2023-12-15,12,6,5,possible injury,0,1,traffic signs,broadside,no,no,no,0,0,0,0,0,0,Passenger Car/Station Wagon,MADERA
9653840,2023-12-20,12,12,3,possible injury,0,1,traffic signs,broadside,no,no,no,0,0,0,0,0,0,Not Stated,LOS ANGELES
9653891,2023-12-16,12,18,6,possible injury,0,1,DUI,rear end,no,no,no,0,0,0,0,0,0,Passenger Car/Station Wagon,LOS ANGELES
9653892,2023-12-17,12,19,7,severe injury,0,2,improper turning,hit object,no,no,no,0,0,0,0,0,0,Passenger Car/Station Wagon,SONOMA
9653893,2023-12-19,12,15,2,possible injury,0,1,improper turning,sideswipe,no,no,no,0,0,0,0,0,0,Passenger Car/Station Wagon,SAN DIEGO
9653894,2023-12-27,12,19,3,possible injury,0,2,unknown,broadside,no,no,no,0,0,0,0,0,0,Not Stated,SAN DIEGO
9653895,2023-12-11,12,17,1,possible injury,0,1,automobile right of way,head-on,no,no,no,0,0,0,0,0,0,Passenger Car/Station Wagon,SANTA CLARA
9653896,2023-12-07,12,15,4,possible injury,0,1,unknown,vehicle/pedestrian,yes,no,no,1,0,0,0,0,0,Not Stated,LOS ANGELES
9653897,2023-12-15,12,11,5,possible injury,0,1,improper turning,broadside,no,no,no,0,0,0,0,0,0,Not Stated,SAN DIEGO
9653898,2023-12-14,12,8,4,minor injury,0,2,automobile right of way,broadside,no,no,no,0,0,0,0,0,0,Passenger Car/Station Wagon,SANTA CLARA
9653899,2023-12-03,12,15,7,possible injury,0,1,unsafe speed,rear end,no,no,no,0,0,0,0,0,0,Passenger Car/Station Wagon,SANTA BARBARA
9653900,2023-12-03,12,19,7,possible injury,0,1,traffic signs,head-on,no,no,no,0,0,0,0,0,0,Passenger Car/Station Wagon,SANTA CLARA
9653901,2023-12-16,12,9,6,minor injury,0,2,unsafe speed,other,no,yes,no,0,2,0,0,0,0,Bicycle,SANTA BARBARA
9653902,2023-12-19,12,15,2,possible injury,0,1,pedestrian right of way,vehicle/pedestrian,yes,no,no,1,0,0,0,0,0,Passenger Car/Station Wagon,SANTA BARBARA
9653903,2023-12-15,12,18,5,minor injury,0,1,unsafe speed,rear end,no,no,no,0,0,0,0,0,0,Passenger Car/Station Wagon,LOS ANGELES
9653904,2023-12-08,12,14,5,possible injury,0,1,automobile right of way,broadside,no,no,no,0,0,0,0,0,0,Passenger Car/Station Wagon,LOS ANGELES
9653905,2023-12-09,12,16,6,minor injury,0,1,following too closely,rear end,no,no,no,0,0,0,0,0,0,Passenger Car/Station Wagon,LOS ANGELES
9653906,2023-12-07,12,14,4,severe injury,0,1,pedestrian right of way,vehicle/pedestrian,yes,no,no,1,0,0,0,0,0,Passenger Car/Station Wagon,LOS ANGELES
9653907,2023-12-08,12,15,5,possible injury,0,1,wrong side of road,broadside,no,yes,no,0,1,0,0,0,0,Bicycle,SANTA BARBARA
9653908,2023-12-20,12,8,3,minor injury,0,1,automobile right of way,broadside,no,no,no,0,0,0,0,0,0,Passenger Car/Station Wagon,LOS ANGELES
9653909,2023-12-04,12,23,1,minor injury,0,1,pedestrian violation,broadside,yes,no,no,1,0,0,0,0,0,Pedestrian,SONOMA
9653910,2023-12-14,12,17,4,possible injury,0,1,unknown,vehicle/pedestrian,yes,no,no,1,0,0,0,0,0,Pedestrian,LOS ANGELES
9653912,2023-06-13,6,2,2,minor injury,0,1,unsafe speed,other,no,yes,no,0,1,0,0,0,0,Not Stated,LOS ANGELES