CASE_ID,COLLISION_DATE,MONTH,HOUR,DAY_OF_WEEK,COLLISION_SEVERITY,NUMBER_KILLED,NUMBER_INJURED,PCF_VIOL_CATEGORY,TYPE_OF_COLLISION,PEDESTRIAN_ACCIDENT,BICYCLE_ACCIDENT,MOTORCYCLE_ACCIDENT,COUNT_PED_INJURED,COUNT_BICYCLIST_INJURED,COUNT_MC_INJURED,COUNT_PED_KILLED,COUNT_BICYCLIST_KILLED,COUNT_MC_KILLED,STWD_VEHTYPE_AT_FAULT,COUNTY
9654815,2023-11-08,11,20,3,possible injury,0,2,improper turning,rear end,no,no,no,0,0,0,0,0,0,Passenger Car/Station Wagon,ORANGE
9654824,2023-09-03,9,16,7,minor injury,0,1,automobile right of way,broadside,no,no,no,0,0,0,0,0,0,Passenger Car/Station Wagon,SAN BERNARDINO
9654874,2023-12-04,12,17,1,possible injury,0,1,following too closely,rear end,no,no,no,0,0,0,0,0,0,Passenger Car/Station Wagon,RIVERSIDE
9654875,2023-12-04,12,15,1,possible injury,0,1,DUI,broadside,no,no,yes,0,0,1,0,0,0,Motorcycle/Scooter,RIVERSIDE
9654876,2023-12-31,12,22,7,possible injury,0,2,traffic signs,broadside,no,no,no,0,0,0,0,0,0,Passenger Car/Station Wagon,SAN DIEGO
9654877,2023-12-30,12,14,6,possible injury,0,1,unknown,rear end,no,no,no,0,0,0,0,0,0,Not Stated,SAN DIEGO
9654878,2023-12-27,12,18,3,possible injury,0,2,improper turning,broadside,no,no,no,0,0,0,0,0,0,Passenger Car/Station Wagon,SAN DIEGO
9654880,2023-12-29,12,8,5,severe injury,0,2,traffic signs,rear end,yes,no,no,1,0,0,0,0,0,Passenger Car/Station Wagon,LOS ANGELES
9654933,2023-12-30,12,21,6,minor injury,0,1,pedestrian violation,vehicle/pedestrian,yes,no,no,1,0,0,0,0,0,Pedestrian,SAN DIEGO
9654934,2023-12-29,12,9,5,possible injury,0,3,traffic signs,broadside,no,no,no,0,0,0,0,0,0,Passenger Car/Station Wagon,SAN DIEGO
9654935,2023-12-28,12,17,4,minor injury,0,1,traffic signs,broadside,no,no,no,0,0,0,0,0,0,Passenger Car/Station Wagon,SAN DIEGO
9654936,2023-12-22,12,0,5,severe injury,0,1,improper turning,hit object,no,no,no,0,0,0,0,0,0,Passenger Car/Station Wagon,SAN DIEGO
9654937,2023-12-06,12,17,3,severe injury,0,1,pedestrian violation,vehicle/pedestrian,yes,no,no,1,0,0,0,0,0,Pedestrian,SAN DIEGO
9654938,2023-12-29,12,22,5,possible injury,0,2,unsafe speed,hit object,no,no,no,0,0,0,0,0,0,Passenger Car/Station Wagon,CONTRA COSTA
9654940,2023-12-08,12,14,5,possible injury,0,1,automobile right of way,broadside,no,no,yes,0,0,0,0,0,0,Passenger Car/Station Wagon,LOS ANGELES
9654941,2023-12-08,12,19,5,possible injury,0,1,following too closely,rear end,no,no,no,0,0,0,0,0,0,Passenger Car/Station Wagon,LOS ANGELES
9654942,2023-12-12,12,17,2,severe injury,0,1,pedestrian violation,vehicle/pedestrian,yes,no,no,1,0,0,0,0,0,Pedestrian,LOS ANGELES
9654943,2023-12-12,12,13,2,possible injury,0,1,unsafe speed,rear end,no,no,no,0,0,0,0,0,0,Passenger Car/Station Wagon,LOS ANGELES
9654944,2023-12-13,12,16,3,possible injury,0,1,improper passing,broadside,no,no,yes,0,0,1,0,0,0,Passenger Car/Station Wagon,LOS ANGELES
9654945,2023-12-15,12,6,5,possible injury,0,1,improper turning,sideswipe,no,no,yes,0,0,0,0,0,0,Motorcycle/Scooter,LOS ANGELES
9654946,2023-12-17,12,23,7,possible injury,0,1,traffic signs,vehicle/pedestrian,yes,no,no,1,0,0,0,0,0,Pedestrian,LOS ANGELES
9654947,2023-12-13,12,12,3,possible injury,0,1,unsafe speed,broadside,no,no,no,0,0,0,0,0,0,Passenger Car/Station Wagon,LOS ANGELES
9654948,2023-12-10,12,12,7,minor injury,0,1,wrong side of road,vehicle/pedestrian,no,yes,no,0,1,0,0,0,0,Bicycle,LOS ANGELES
9654949,2023-12-22,12,11,5,minor injury,0,1,wrong side of road,head-on,no,no,no,0,0,0,0,0,0,Other Vehicle,CONTRA COSTA
9654950,2023-12-27,12,18,3,possible injury,0,2,unsafe speed,broadside,no,no,no,0,0,0,0,0,0,Not Stated,CONTRA COSTA
9654951,2023-08-01,8,14,2,minor injury,0,1,unsafe speed,rear end,no,no,no,0,0,0,0,0,0,Passenger Car/Station Wagon,RIVERSIDE
9654952,2023-08-17,8,0,4,possible injury,0,1,DUI,broadside,no,no,no,0,0,0,0,0,0,Passenger Car/Station Wagon,LOS ANGELES
9654953,2023-09-30,9,16,6,possible injury,0,2,unsafe speed,rear end,no,no,no,0,0,0,0,0,0,Passenger Car/Station Wagon,LOS ANGELES
9654954,2023-09-09,9,2,6,possible injury,0,1,traffic signs,broadside,no,no,no,0,0,0,0,0,0,Passenger Car/Station Wagon,NAPA
9654955,2023-09-28,9,19,4,severe injury,0,1,unsafe starting or backing,broadside,no,no,yes,0,0,1,0,0,0,Passenger Car/Station Wagon,LOS ANGELES
9654956,2023-09-29,9,20,5,possible injury,0,2,traffic signs,broadside,no,no,no,0,0,0,0,0,0,Passenger Car/Station Wagon,LOS ANGELES
9654957,2023-09-07,9,17,4,minor injury,0,1,unsafe speed,head-on,no,no,no,0,0,0,0,0,0,Passenger Car/Station Wagon,LOS ANGELES
9654975,2023-09-28,9,14,4,possible injury,0,1,automobile right of way,broadside,no,no,no,0,0,0,0,0,0,Passenger Car/Station Wagon,ALAMEDA
9654994,2023-09-05,9,8,2,possible injury,0,3,traffic signs,broadside,no,no,no,0,0,0,0,0,0,Passenger Car/Station Wagon,ALAMEDA
9654995,2023-09-23,9,11,6,minor injury,0,2,improper turning,sideswipe,no,no,no,0,0,0,0,0,0,Passenger Car/Station Wagon,ALAMEDA
9654996,2023-09-23,9,21,6,possible injury,0,1,unsafe speed,head-on,no,no,no,0,0,0,0,0,0,Passenger Car/Station Wagon,ALAMEDA
9654997,2023-09-21,9,21,4,severe injury,0,1,unsafe speed,vehicle/pedestrian,yes,no,no,1,0,0,0,0,0,Not Stated,ALAMEDA
9654998,2023-09-08,9,10,5,possible injury,0,1,unsafe speed,broadside,no,no,no,0,0,0,0,0,0,Passenger Car/Station Wagon,ALAMEDA
9654999,2023-09-30,9,20,6,minor injury,0,1,unknown,broadside,no,no,no,0,0,0,0,0,0,Not Stated,ALAMEDA
9655000,2023-09-24,9,2,7,possible injury,0,2,improper turning,rear end,no,no,no,0,0,0,0,0,0,Passenger Car/Station Wagon,LOS ANGELES
9655001,2023-09-14,9,16,4,minor injury,0,1,traffic signs,sideswipe,no,yes,no,0,1,0,0,0,0,Passenger Car/Station Wagon,LOS ANGELES
9655002,2023-09-05,9,20,2,possible injury,0,2,unknown,sideswipe,no,no,no,0,0,0,0,0,0,Not Stated,SAN BERNARDINO
9655003,2023-09-19,9,18,2,minor injury,0,1,unsafe starting or backing,vehicle/pedestrian,yes,no,no,1,0,0,0,0,0,Passenger Car/Station Wagon,LOS ANGELES
9655005,2023-09-12,9,12,2,minor injury,0,1,wrong side of road,broadside,no,yes,no,0,1,0,0,0,0,Bicycle,LOS ANGELES
9655006,2023-09-16,9,12,6,minor injury,0,1,automobile right of way,broadside,no,no,no,0,0,0,0,0,0,Passenger Car/Station Wagon,LOS ANGELES
9655007,2023-09-24,9,19,7,minor injury,0,1,automobile right of way,broadside,no,no,no,0,0,0,0,0,0,Passenger Car/Station Wagon,LOS ANGELES
9655008,2023-09-25,9,13,1,possible injury,0,2,improper turning,broadside,no,no,no,0,0,0,0,0,0,Passenger Car/Station Wagon,LOS ANGELES
9655009,2023-09-29,9,15,5,possible injury,0,1,automobile right of way,broadside,no,no,no,0,0,0,0,0,0,Passenger Car/Station Wagon,LOS ANGELES
9655010,2023-10-26,10,8,4,possible injury,0,1,automobile right of way,other,no,yes,no,0,1,0,0,0,0,Not Stated,SANTA CLARA
9655011,2023-10-15,10,12,7,minor injury,0,1,DUI,head-on,no,no,no,0,0,0,0,0,0,Passenger Car/Station Wagon,LOS ANGELES
9655012,2023-10-31,10,17,2,minor injury,0,2,traffic signs,broadside,no,no,no,0,0,0,0,0,0,Passenger Car/Station Wagon,LOS ANGELES
9655013,2023-10-30,10,19,1,possible injury,0,2,improper passing,sideswipe,no,no,no,0,0,0,0,0,0,Not Stated,LOS ANGELES
9655014,2023-10-28,10,18,6,minor injury,0,2,unknown,broadside,no,no,no,0,0,0,0,0,0,Not Stated,LOS ANGELES
9655015,2023-10-27,10,18,5,possible injury,0,3,automobile right of way,broadside,no,no,no,0,0,0,0,0,0,Passenger Car/Station Wagon,LOS ANGELES
9655016,2023-10-03,10,8,2,possible injury,0,1,pedestrian right of way,other,yes,no,no,1,0,0,0,0,0,Not Stated,ALAMEDA
9655017,2023-10-04,10,15,3,possible injury,0,1,unsafe speed,broadside,no,no,yes,0,0,1,0,0,0,Motorcycle/Scooter,ALAMEDA
9655018,2023-10-06,10,1,5,possible injury,0,1,traffic signs,broadside,no,no,no,0,0,0,0,0,0,Passenger Car/Station Wagon,ALAMEDA
9655019,2023-10-02,10,11,1,possible injury,0,1,traffic signs,head-on,no,yes,no,0,1,0,0,0,0,Not Stated,ALAMEDA
9655020,2023-10-02,10,16,1,possible injury,0,1,improper turning,broadside,no,no,no,0,0,0,0,0,0,Passenger Car/Station Wagon,ALAMEDA
9655021,2023-10-09,10,15,1,possible injury,0,1,traffic signs,broadside,no,no,no,0,0,0,0,0,0,Passenger Car/Station Wagon,ALAMEDA
9655022,2023-10-09,10,17,1,possible injury,0,1,unsafe speed,rear end,no,no,no,0,0,0,0,0,0,Passenger Car/Station Wagon,ALAMEDA
9655023,2023-10-28,10,22,6,possible injury,0,1,unsafe lane change,sideswipe,no,no,no,0,0,0,0,0,0,Passenger Car/Station Wagon,CONTRA COSTA
9655024,2023-10-03,10,7,2,minor injury,0,1,other improper driving,broadside,no,yes,no,0,1,0,0,0,0,Bicycle,ORANGE
9655025,2023-08-28,8,6,1,possible injury,0,1,pedestrian right of way,vehicle/pedestrian,yes,no,no,1,0,0,0,0,0,Passenger Car/Station Wagon,ORANGE
9655026,2023-08-20,8,21,7,minor injury,0,1,improper turning,sideswipe,yes,no,no,1,0,0,0,0,0,Not Stated,ALAMEDA
9655027,2023-01-04,1,14,3,minor injury,0,1,automobile right of way,other,no,no,yes,0,0,1,0,0,0,Not Stated,CONTRA COSTA
9655028,2023-01-02,1,11,1,possible injury,0,1,unknown,sideswipe,no,no,no,0,0,0,0,0,0,Not Stated,SAN DIEGO
9655029,2023-01-09,1,4,1,minor injury,0,1,unknown,hit object,no,no,no,0,0,0,0,0,0,Not Stated,NAPA
9655031,2023-07-19,7,5,3,possible injury,0,1,unsafe speed,rear end,no,no,no,0,0,0,0,0,0,Passenger Car/Station Wagon,ALAMEDA
9655032,2023-07-23,7,19,7,possible injury,0,2,traffic signs,broadside,no,no,no,0,0,0,0,0,0,Not Stated,ALAMEDA
9655033,2023-11-24,11,12,5,possible injury,0,1,unknown,other,no,no,no,0,0,0,0,0,0,Not Stated,SANTA CLARA
9655048,2023-12-20,12,22,3,minor injury,0,1,unknown,sideswipe,no,no,no,0,0,0,0,0,0,Passenger Car/Station Wagon,SAN MATEO
9655071,2023-12-27,12,12,3,minor injury,0,2,automobile right of way,broadside,no,no,no,0,0,0,0,0,0,Passenger Car/Station Wagon,LOS ANGELES
9655079,2023-12-26,12,6,2,minor injury,0,2,other hazardous violation,unknown,yes,no,no,2,0,0,0,0,0,Passenger Car/Station Wagon,LOS ANGELES
9655080,2023-12-16,12,22,6,possible injury,0,3,DUI,rear end,no,no,no,0,0,0,0,0,0,Passenger Car/Station Wagon,LOS ANGELES
9655083,2023-12-27,12,18,3,minor injury,0,1,automobile right of way,broadside,no,no,no,0,0,0,0,0,0,Passenger Car/Station Wagon,LOS ANGELES
9655084,2023-12-18,12,19,1,minor injury,0,1,improper turning,hit object,no,no,no,0,0,0,0,0,0,Passenger Car/Station Wagon,SAN BERNARDINO
9655092,2023-12-27,12,11,3,possible injury,0,1,improper turning,broadside,no,no,no,0,0,0,0,0,0,Passenger Car/Station Wagon,SAN BERNARDINO
9655095,2023-12-04,12,14,1,possible injury,0,1,automobile right of way,broadside,no,no,no,0,0,0,0,0,0,Passenger Car/Station Wagon,SAN BERNARDINO
9655096,2023-12-24,12,18,7,possible injury,0,2,automobile right of way,head-on,no,no,no,0,0,0,0,0,0,Passenger Car/Station Wagon,SAN BERNARDINO
9655099,2023-12-03,12,1,7,possible injury,0,2,improper turning,sideswipe,no,no,no,0,0,0,0,0,0,Passenger Car/Station Wagon,SAN BERNARDINO
9655100,2023-12-04,12,17,1,possible injury,0,2,unsafe speed,rear end,no,no,no,0,0,0,0,0,0,Passenger Car/Station Wagon,SAN BERNARDINO
9655104,2023-12-11,12,17,1,severe injury,0,2,unsafe speed,vehicle/pedestrian,yes,no,no,2,0,0,0,0,0,Other Vehicle,SAN BERNARDINO
9655107,2023-12-14,12,15,4,minor injury,0,2,unknown,head-on,no,no,no,0,0,0,0,0,0,Not Stated,LOS ANGELES
9655111,2023-12-28,12,11,4,minor injury,0,3,traffic signs,broadside,no,no,no,0,0,0,0,0,0,Passenger Car/Station Wagon,LOS ANGELES
9655112,2023-12-29,12,11,5,possible injury,0,1,automobile right of way,broadside,no,no,no,0,0,0,0,0,0,Passenger Car/Station Wagon,LOS ANGELES
9655115,2023-12-26,12,18,2,possible injury,0,1,improper turning,hit object,no,no,no,0,0,0,0,0,0,Passenger Car/Station Wagon,LOS ANGELES
9655118,2023-12-04,12,13,1,minor injury,0,3,automobile right of way,broadside,no,no,no,0,0,0,0,0,0,Passenger Car/Station Wagon,SAN BERNARDINO
9655119,2023-12-26,12,11,2,minor injury,0,1,unsafe speed,rear end,no,no,no,0,0,0,0,0,0,Passenger Car/Station Wagon,LOS ANGELES
9655120,2023-12-21,12,12,4,minor injury,0,1,improper passing,sideswipe,no,no,yes,0,0,1,0,0,0,Motorcycle/Scooter,LOS ANGELES
9655121,2023-12-26,12,10,2,severe injury,0,1,improper turning,overturned,no,no,no,0,0,0,0,0,0,Passenger Car/Station Wagon,LOS ANGELES
9655122,2023-12-23,12,7,6,minor injury,0,2,unknown,broadside,no,no,no,0,0,0,0,0,0,Not Stated,LOS ANGELES
9655123,2023-12-20,12,17,3,minor injury,0,1,pedestrian right of way,vehicle/pedestrian,yes,no,no,1,0,0,0,0,0,Pedestrian,LOS ANGELES
9655124,2023-12-13,12,16,3,possible injury,0,1,unsafe lane change,sideswipe,no,no,no,0,0,0,0,0,0,Passenger Car/Station Wagon,LOS ANGELES
9655125,2023-12-08,12,19,5,possible injury,0,1,automobile right of way,broadside,no,no,no,0,0,0,0,0,0,Not Stated,SAN DIEGO
9655126,2023-12-03,12,22,7,possible injury,0,1,automobile right of way,head-on,no,no,no,0,0,0,0,0,0,Not Stated,SAN DIEGO
9655127,2023-12-03,12,19,7,minor injury,0,4,DUI,broadside,no,no,no,0,0,0,0,0,0,Passenger Car/Station Wagon,SAN DIEGO
9655133,2023-12-18,12,8,1,minor injury,0,1,unsafe speed,hit object,no,no,no,0,0,0,0,0,0,Passenger Car/Station Wagon,STANISLAUS
9655137,2023-12-14,12,23,4,possible injury,0,1,unsafe speed,rear end,no,no,yes,0,0,0,0,0,0,Motorcycle/Scooter,MARIN
9655138,2023-12-08,12,8,5,possible injury,0,1,unsafe speed,rear end,no,no,no,0,0,0,0,0,0,Passenger Car/Station Wagon,MARIN
9655139,2023-12-17,12,19,7,possible injury,0,1,improper turning,sideswipe,no,no,no,0,0,0,0,0,0,Passenger Car/Station Wagon,YOLO
9655140,2023-12-10,12,14,7,possible injury,0,1,traffic signs,broadside,no,no,no,0,0,0,0,0,0,Passenger Car/Station Wagon,YOLO
9655141,2023-12-30,12,20,6,possible injury,0,1,unsafe speed,rear end,no,no,no,0,0,0,0,0,0,Passenger Car/Station Wagon,TULARE
9655142,2023-12-28,12,17,4,possible injury,0,1,traffic signs,broadside,no,no,no,0,0,0,0,0,0,Passenger Car/Station Wagon,TULARE
9655143,2023-12-14,12,12,4,possible injury,0,1,improper passing,sideswipe,no,no,yes,0,0,1,0,0,0,Not Stated,SAN FRANCISCO
9655144,2023-12-11,12,15,1,possible injury,0,1,pedestrian violation,vehicle/pedestrian,yes,no,no,1,0,0,0,0,0,Pedestrian,SAN FRANCISCO
9655145,2023-12-12,12,20,2,possible injury,0,1,unknown,unknown,no,yes,no,0,1,0,0,0,0,Not Stated,SAN FRANCISCO
9655146,2023-11-19,11,17,7,possible injury,0,2,improper turning,unknown,no,no,no,0,0,0,0,0,0,Passenger Car/Station Wagon,MENDOCINO
9655155,2023-11-21,11,0,2,minor injury,0,1,DUI,hit object,no,no,no,0,0,0,0,0,0,Passenger Car/Station Wagon,ALAMEDA
9655165,2023-11-19,11,18,7,possible injury,0,1,automobile right of way,vehicle/pedestrian,yes,no,no,1,0,0,0,0,0,Passenger Car/Station Wagon,LOS ANGELES
9655166,2023-11-13,11,1,1,minor injury,0,1,DUI,rear end,no,no,no,0,0,0,0,0,0,Passenger Car/Station Wagon,LOS ANGELES
9655167,2023-11-30,11,8,4,minor injury,0,1,automobile right of way,head-on,no,no,no,0,0,0,0,0,0,Passenger Car/Station Wagon,RIVERSIDE
9655168,2023-11-11,11,0,6,minor injury,0,1,improper turning,head-on,no,no,no,0,0,0,0,0,0,Passenger Car/Station Wagon,ALAMEDA
9655169,2023-11-22,11,21,3,minor injury,0,1,DUI,other,no,no,no,0,0,0,0,0,0,Passenger Car/Station Wagon,SAN DIEGO
9655170,2023-11-09,11,5,4,possible injury,0,1,automobile right of way,broadside,no,no,no,0,0,0,0,0,0,Passenger Car/Station Wagon,SAN DIEGO
9655172,2023-11-23,11,21,4,possible injury,0,1,DUI,broadside,no,no,no,0,0,0,0,0,0,Passenger Car/Station Wagon,SAN DIEGO
9655173,2023-11-22,11,19,3,possible injury,0,2,improper turning,broadside,no,no,no,0,0,0,0,0,0,Not Stated,SAN DIEGO
9655174,2023-10-01,10,22,7,possible injury,0,1,unknown,broadside,no,no,no,0,0,0,0,0,0,Not Stated,LOS ANGELES
9655175,2023-10-05,10,18,4,possible injury,0,1,improper turning,sideswipe,no,no,no,0,0,0,0,0,0,Passenger Car/Station Wagon,MENDOCINO
9655176,2023-10-05,10,21,4,severe injury,0,1,improper turning,vehicle/pedestrian,yes,no,no,1,0,0,0,0,0,Passenger Car/Station Wagon,MENDOCINO
9655177,2023-10-23,10,15,1,possible injury,0,1,pedestrian right of way,vehicle/pedestrian,yes,no,no,1,0,0,0,0,0,Passenger Car/Station Wagon,ALAMEDA
9655178,2023-10-11,10,8,3,minor injury,0,1,automobile right of way,broadside,no,no,yes,0,0,1,0,0,0,Passenger Car/Station Wagon,ALAMEDA
9655179,2023-10-24,10,15,2,minor injury,0,1,automobile right of way,broadside,no,no,no,0,0,0,0,0,0,Passenger Car/Station Wagon,ALAMEDA
9655180,2023-10-29,10,12,7,possible injury,0,1,traffic signs,sideswipe,no,no,no,0,0,0,0,0,0,Passenger Car/Station Wagon,ALAMEDA
9655181,2023-10-29,10,9,7,minor injury,0,1,traffic signs,other,no,yes,no,0,1,0,0,0,0,Not Stated,ALAMEDA
9655182,2023-10-04,10,15,3,minor injury,0,2,unsafe speed,rear end,no,no,no,0,0,0,0,0,0,Passenger Car/Station Wagon,ALAMEDA
9655183,2023-10-23,10,12,1,possible injury,0,2,unsafe starting or backing,sideswipe,no,no,no,0,0,0,0,0,0,Passenger Car/Station Wagon,LOS ANGELES
9655184,2023-10-22,10,21,7,minor injury,0,1,pedestrian violation,vehicle/pedestrian,yes,no,no,1,0,0,0,0,0,Pedestrian,LOS ANGELES
9655185,2023-10-30,10,16,1,minor injury,0,1,unsafe speed,rear end,no,no,no,0,0,0,0,0,0,Passenger Car/Station Wagon,LOS ANGELES
9655186,2023-10-10,10,6,2,minor injury,0,1,pedestrian right of way,vehicle/pedestrian,yes,no,no,1,0,0,0,0,0,Passenger Car/Station Wagon,PLACER
9655187,2023-10-25,10,17,3,possible injury,0,4,unsafe speed,rear end,no,no,no,0,0,0,0,0,0,Passenger Car/Station Wagon,LOS ANGELES
9655188,2023-10-22,10,19,7,minor injury,0,2,automobile right of way,sideswipe,no,no,no,0,0,0,0,0,0,Not Stated,LOS ANGELES
9655194,2023-10-31,10,14,2,minor injury,0,2,automobile right of way,head-on,no,no,no,0,0,0,0,0,0,Passenger Car/Station Wagon,MENDOCINO
9655223,2023-12-17,12,16,7,possible injury,0,1,improper passing,broadside,no,no,no,0,0,0,0,0,0,Passenger Car/Station Wagon,STANISLAUS
9655281,2023-11-26,11,17,7,minor injury,0,1,other hazardous violation,broadside,no,no,no,0,0,0,0,0,0,Other Vehicle,ALAMEDA
9655282,2023-11-08,11,18,3,minor injury,0,1,improper turning,hit object,no,no,no,0,0,0,0,0,0,Passenger Car/Station Wagon,ALAMEDA
9655283,2023-11-03,11,14,5,minor injury,0,1,unsafe lane change,sideswipe,no,no,no,0,0,0,0,0,0,Passenger Car/Station Wagon,ALAMEDA
9655284,2023-11-07,11,7,2,possible injury,0,1,pedestrian right of way,vehicle/pedestrian,no,no,no,0,0,0,0,0,0,Passenger Car/Station Wagon,ALAMEDA
9655285,2023-11-26,11,0,7,minor injury,0,1,pedestrian right of way,vehicle/pedestrian,yes,no,no,1,0,0,0,0,0,Passenger Car/Station Wagon,ALAMEDA
9655286,2023-11-01,11,19,3,possible injury,0,1,traffic signs,vehicle/pedestrian,no,yes,no,0,1,0,0,0,0,Bicycle,ALAMEDA
9655287,2023-11-03,11,9,5,possible injury,0,2,traffic signs,broadside,no,no,no,0,0,0,0,0,0,Passenger Car/Station Wagon,ALAMEDA
9655288,2023-11-03,11,21,5,possible injury,0,2,traffic signs,broadside,no,no,no,0,0,0,0,0,0,Passenger Car/Station Wagon,ALAMEDA
9655289,2023-11-23,11,13,4,minor injury,0,1,traffic signs,overturned,no,no,no,0,0,0,0,0,0,Passenger Car/Station Wagon,ALAMEDA
9655290,2023-11-16,11,21,4,minor injury,0,1,traffic signs,broadside,no,no,yes,0,0,1,0,0,0,Motorcycle/Scooter,ALAMEDA
9655291,2023-11-30,11,6,4,possible injury,0,2,following too closely,rear end,no,no,no,0,0,0,0,0,0,Passenger Car/Station Wagon,ALAMEDA
9655292,2023-11-16,11,18,4,possible injury,0,1,unsafe speed,other,no,yes,no,0,1,0,0,0,0,Bicycle,ALAMEDA
9655293,2023-11-28,11,7,2,possible injury,0,1,unsafe speed,other,no,yes,no,0,1,0,0,0,0,Passenger Car/Station Wagon,ALAMEDA
9655294,2023-11-16,11,15,4,minor injury,0,1,unsafe speed,rear end,no,no,yes,0,0,1,0,0,0,Motorcycle/Scooter,ALAMEDA
9655295,2023-11-19,11,17,7,minor injury,0,1,wrong side of road,head-on,no,no,no,0,0,0,0,0,0,Passenger Car/Station Wagon,LOS ANGELES
9655296,2023-11-14,11,20,2,minor injury,0,1,automobile right of way,broadside,no,no,no,0,0,0,0,0,0,Passenger Car/Station Wagon,LOS ANGELES
9655297,2023-11-20,11,9,1,minor injury,0,1,unsafe speed,rear end,no,no,no,0,0,0,0,0,0,Passenger Car/Station Wagon,SAN MATEO
9655298,2023-11-05,11,21,7,possible injury,0,3,automobile right of way,broadside,no,no,no,0,0,0,0,0,0,Passenger Car/Station Wagon,LOS ANGELES
9655299,2023-11-11,11,9,6,possible injury,0,1,traffic signs,head-on,no,no,no,0,0,0,0,0,0,Not Stated,SAN DIEGO
9655300,2023-11-22,11,18,3,possible injury,0,1,unsafe speed,sideswipe,no,no,no,0,0,0,0,0,0,Passenger Car/Station Wagon,ALAMEDA
9655308,2023-12-23,12,22,6,minor injury,0,1,pedestrian right of way,vehicle/pedestrian,yes,no,no,1,0,0,0,0,0,Passenger Car/Station Wagon,SAN MATEO
9655311,2023-11-10,11,13,5,possible injury,0,1,pedestrian right of way,vehicle/pedestrian,yes,no,no,1,0,0,0,0,0,Truck or Truck Tractor,LOS ANGELES
9655324,2023-09-08,9,15,5,possible injury,0,4,unsafe speed,rear end,no,no,no,0,0,0,0,0,0,Pickup or Panel Truck,LOS ANGELES
9655336,2023-12-05,12,17,2,possible injury,0,1,automobile right of way,broadside,no,no,no,0,0,0,0,0,0,Passenger Car/Station Wagon,ORANGE
9655338,2023-12-02,12,11,6,possible injury,0,1,traffic signs,broadside,no,no,no,0,0,0,0,0,0,Truck or Truck Tractor,LOS ANGELES
9655343,2023-11-28,11,14,2,possible injury,0,1,following too closely,rear end,no,no,yes,0,0,1,0,0,0,Motorcycle/Scooter,ORANGE
9655350,2023-12-22,12,17,5,possible injury,0,1,other than driver or pedestrian,head-on,no,no,no,0,0,0,0,0,0,Not Stated,LOS ANGELES
9655351,2023-10-30,10,8,1,possible injury,0,1,improper turning,sideswipe,no,no,no,0,0,0,0,0,0,Truck or Truck Tractor with Trailer,LOS ANGELES
9655353,2023-10-06,10,13,5,possible injury,0,1,unknown,broadside,no,no,no,0,0,0,0,0,0,Not Stated,LOS ANGELES
9655356,2023-12-18,12,13,1,minor injury,0,2,unknown,head-on,no,no,no,0,0,0,0,0,0,Not Stated,LOS ANGELES
9655357,2023-10-22,10,11,7,possible injury,0,1,unsafe lane change,sideswipe,no,no,no,0,0,0,0,0,0,Passenger Car/Station Wagon,LOS ANGELES
9655359,2023-09-04,9,16,1,possible injury,0,1,automobile right of way,broadside,no,yes,no,0,1,0,0,0,0,Pickup or Panel Truck,LOS ANGELES
9655364,2023-12-01,12,12,5,severe injury,0,1,unsafe speed,broadside,no,no,yes,0,0,1,0,0,0,Motorcycle/Scooter,SAN BERNARDINO
9655367,2023-10-04,10,8,3,possible injury,0,1,unsafe speed,rear end,no,no,no,0,0,0,0,0,0,Pickup or Panel Truck,SAN BERNARDINO
9655368,2023-11-29,11,8,3,possible injury,0,1,unsafe speed,rear end,no,no,no,0,0,0,0,0,0,Passenger Car/Station Wagon,SAN BERNARDINO
9655373,2023-12-19,12,8,2,minor injury,0,1,automobile right of way,broadside,no,no,no,0,0,0,0,0,0,Passenger Car/Station Wagon,VENTURA
9655376,2023-12-01,12,23,5,severe injury,0,1,improper turning,hit object,no,no,no,0,0,0,0,0,0,Pickup or Panel Truck,SAN BERNARDINO
9655383,2023-12-31,12,0,7,possible injury,0,1,traffic signs,broadside,no,no,no,0,0,0,0,0,0,Passenger Car/Station Wagon,SAN DIEGO
9655389,2023-12-16,12,14,6,severe injury,0,2,improper passing,broadside,no,no,yes,0,0,2,0,0,0,Motorcycle/Scooter,LOS ANGELES
9655397,2023-12-05,12,19,2,possible injury,0,1,traffic signs,sideswipe,no,no,no,0,0,0,0,0,0,Passenger Car/Station Wagon,LOS ANGELES
9655398,2023-12-18,12,12,1,possible injury,0,1,automobile right of way,broadside,no,no,no,0,0,0,0,0,0,Pickup or Panel Truck,SANTA CLARA
9655404,2023-12-11,12,7,1,possible injury,0,1,automobile right of way,broadside,no,no,no,0,0,0,0,0,0,Passenger Car/Station Wagon,SAN BERNARDINO
9655412,2023-12-11,12,9,1,possible injury,0,2,unsafe speed,rear end,no,no,no,0,0,0,0,0,0,Pickup or Panel Truck,SAN BERNARDINO
9655416,2023-12-10,12,12,7,severe injury,0,1,wrong side of road,head-on,no,no,no,0,0,0,0,0,0,Passenger Car/Station Wagon,SAN BERNARDINO
9655431,2023-12-09,12,8,6,minor injury,0,1,traffic signs,broadside,no,no,no,0,0,0,0,0,0,Not Stated,SAN BERNARDINO
9655432,2023-12-06,12,7,3,possible injury,0,1,unsafe speed,rear end,no,no,no,0,0,0,0,0,0,Pickup or Panel Truck,SAN BERNARDINO