CASE_ID,COLLISION_DATE,MONTH,HOUR,DAY_OF_WEEK,COLLISION_SEVERITY,NUMBER_KILLED,NUMBER_INJURED,PCF_VIOL_CATEGORY,TYPE_OF_COLLISION,PEDESTRIAN_ACCIDENT,BICYCLE_ACCIDENT,MOTORCYCLE_ACCIDENT,COUNT_PED_INJURED,COUNT_BICYCLIST_INJURED,COUNT_MC_INJURED,COUNT_PED_KILLED,COUNT_BICYCLIST_KILLED,COUNT_MC_KILLED,STWD_VEHTYPE_AT_FAULT,COUNTY
9656020,2023-12-05,12,11,2,possible injury,0,1,unsafe speed,other,no,no,yes,0,0,1,0,0,0,Motorcycle/Scooter,SAN DIEGO
9656023,2023-11-29,11,6,3,possible injury,0,1,unsafe speed,rear end,no,no,no,0,0,0,0,0,0,Passenger Car/Station Wagon,SAN DIEGO
9656024,2023-12-05,12,23,2,minor injury,0,1,improper turning,hit object,no,no,no,0,0,0,0,0,0,Passenger Car/Station Wagon,SAN DIEGO
9656026,2023-12-03,12,9,7,minor injury,0,1,traffic signs,unknown,no,no,no,0,0,0,0,0,0,Passenger Car/Station Wagon,ALAMEDA
9656027,2023-11-01,11,14,3,possible injury,0,1,unsafe speed,rear end,no,no,no,0,0,0,0,0,0,Passenger Car/Station Wagon,PLACER
9656028,2023-12-06,12,1,3,minor injury,0,2,improper turning,sideswipe,no,no,no,0,0,0,0,0,0,Passenger Car/Station Wagon,SAN DIEGO
9656031,2023-11-23,11,18,4,severe injury,0,1,pedestrian violation,head-on,yes,no,no,1,0,0,0,0,0,Pedestrian,LOS ANGELES
9656032,2023-12-06,12,8,3,possible injury,0,1,improper turning,broadside,no,no,no,0,0,0,0,0,0,Passenger Car/Station Wagon,SAN DIEGO
9656034,2023-07-05,7,23,3,minor injury,0,1,DUI,hit object,no,no,no,0,0,0,0,0,0,Passenger Car/Station Wagon,ALAMEDA
9656035,2023-11-09,11,6,4,possible injury,0,1,improper turning,head-on,no,no,no,0,0,0,0,0,0,Passenger Car/Station Wagon,KERN
9656036,2023-12-06,12,15,3,possible injury,0,1,improper turning,head-on,yes,no,no,1,0,0,0,0,0,Passenger Car/Station Wagon,SAN DIEGO
9656038,2023-10-22,10,13,7,possible injury,0,2,unsafe speed,rear end,no,no,no,0,0,0,0,0,0,Passenger Car/Station Wagon,ORANGE
9656039,2023-11-19,11,7,7,severe injury,0,1,automobile right of way,vehicle/pedestrian,yes,no,no,1,0,0,0,0,0,Passenger Car/Station Wagon,LOS ANGELES
9656042,2023-10-10,10,20,2,minor injury,0,1,pedestrian right of way,vehicle/pedestrian,yes,no,no,1,0,0,0,0,0,Passenger Car/Station Wagon,ALAMEDA
9656043,2023-11-07,11,9,2,minor injury,0,1,automobile right of way,broadside,no,no,no,0,0,0,0,0,0,Passenger Car/Station Wagon,LOS ANGELES
9656044,2023-07-03,7,21,1,possible injury,0,1,unsafe speed,hit object,no,no,no,0,0,0,0,0,0,Passenger Car/Station Wagon,SAN BERNARDINO
9656047,2023-11-10,11,11,5,possible injury,0,1,traffic signs,broadside,no,yes,no,0,1,0,0,0,0,Bicycle,AMADOR
9656048,2023-08-11,8,15,5,possible injury,0,2,following too closely,rear end,no,no,no,0,0,0,0,0,0,Passenger Car/Station Wagon,LOS ANGELES
9656050,2023-10-05,10,15,4,possible injury,0,2,automobile right of way,broadside,no,no,no,0,0,0,0,0,0,Passenger Car/Station Wagon,LOS ANGELES
9656051,2023-11-22,11,16,3,minor injury,0,1,other hazardous violation,other,no,yes,no,0,1,0,0,0,0,Bicycle,STANISLAUS
9656052,2023-09-03,9,23,7,minor injury,0,2,traffic signs,broadside,no,no,no,0,0,0,0,0,0,Not Stated,LOS ANGELES
9656054,2023-10-12,10,18,4,minor injury,0,1,unsafe speed,rear end,no,no,no,0,0,0,0,0,0,Passenger Car/Station Wagon,SAN BERNARDINO
9656055,2023-11-17,11,16,5,possible injury,0,1,other than driver or pedestrian,hit object,no,no,no,0,0,0,0,0,0,Not Stated,LOS ANGELES
9656056,2023-09-01,9,18,5,possible injury,0,1,unsafe speed,rear end,no,no,no,0,0,0,0,0,0,Passenger Car/Station Wagon,LOS ANGELES
9656058,2023-10-18,10,17,3,possible injury,0,2,automobile right of way,sideswipe,no,no,no,0,0,0,0,0,0,Passenger Car/Station Wagon,SAN BERNARDINO
9656059,2023-11-19,11,13,7,minor injury,0,2,improper turning,broadside,no,no,no,0,0,0,0,0,0,Passenger Car/Station Wagon,AMADOR
9656060,2023-10-15,10,4,7,severe injury,0,4,unsafe speed,vehicle/pedestrian,yes,no,no,1,0,0,0,0,0,Passenger Car/Station Wagon,LOS ANGELES
9656061,2023-11-02,11,11,4,minor injury,0,5,automobile right of way,broadside,no,no,no,0,0,0,0,0,0,Passenger Car/Station Wagon,KERN
9656062,2023-10-23,10,17,1,minor injury,0,1,unsafe speed,rear end,no,no,no,0,0,0,0,0,0,Passenger Car/Station Wagon,LOS ANGELES
9656063,2023-11-21,11,5,2,possible injury,0,1,automobile right of way,broadside,no,no,no,0,0,0,0,0,0,Passenger Car/Station Wagon,KERN
9656064,2023-10-30,10,16,1,possible injury,0,1,following too closely,rear end,no,no,no,0,0,0,0,0,0,Not Stated,SANTA CLARA
9656065,2023-11-08,11,18,3,possible injury,0,1,automobile right of way,other,no,no,no,0,0,0,0,0,0,Pickup or Panel Truck,KERN
9656066,2023-10-23,10,8,1,minor injury,0,1,unsafe speed,rear end,no,no,no,0,0,0,0,0,0,Not Stated,IMPERIAL
9656067,2023-11-30,11,7,4,possible injury,0,1,DUI,head-on,no,no,no,0,0,0,0,0,0,Passenger Car/Station Wagon,LOS ANGELES
9656068,2023-10-07,10,13,6,minor injury,0,1,pedestrian violation,vehicle/pedestrian,yes,no,no,1,0,0,0,0,0,Pedestrian,SAN DIEGO
9656070,2023-10-27,10,19,5,minor injury,0,1,unsafe speed,hit object,no,no,no,0,0,0,0,0,0,Passenger Car/Station Wagon,LOS ANGELES
9656071,2023-11-21,11,19,2,minor injury,0,1,traffic signs,broadside,no,no,no,0,0,0,0,0,0,Passenger Car/Station Wagon,LOS ANGELES
9656072,2023-10-20,10,15,5,possible injury,0,1,unsafe speed,rear end,no,no,no,0,0,0,0,0,0,Passenger Car/Station Wagon,LOS ANGELES
9656074,2023-10-30,10,23,1,minor injury,0,1,DUI,hit object,no,no,no,0,0,0,0,0,0,Not Stated,VENTURA
9656075,2023-11-16,11,18,4,minor injury,0,1,unsafe lane change,sideswipe,no,no,yes,0,0,1,0,0,0,Motorcycle/Scooter,LOS ANGELES
9656076,2023-10-29,10,3,7,possible injury,0,1,improper turning,hit object,no,no,no,0,0,0,0,0,0,Passenger Car/Station Wagon,LOS ANGELES
9656078,2023-10-16,10,13,1,possible injury,0,1,following too closely,rear end,no,no,no,0,0,0,0,0,0,Passenger Car/Station Wagon,LAKE
9656079,2023-11-06,11,12,1,minor injury,0,2,unsafe speed,rear end,no,no,no,0,0,0,0,0,0,Passenger Car/Station Wagon,KERN
9656081,2023-11-12,11,3,7,possible injury,0,1,traffic signs,broadside,no,no,no,0,0,0,0,0,0,Passenger Car/Station Wagon,SAN DIEGO
9656082,2023-11-29,11,21,3,minor injury,0,1,unsafe speed,head-on,no,no,no,0,0,0,0,0,0,Passenger Car/Station Wagon,VENTURA
9656083,2023-12-06,12,20,3,minor injury,0,1,DUI,overturned,no,no,no,0,0,0,0,0,0,Passenger Car/Station Wagon,LOS ANGELES
9656085,2023-11-28,11,15,2,possible injury,0,1,automobile right of way,broadside,no,no,no,0,0,0,0,0,0,Passenger Car/Station Wagon,SOLANO
9656087,2023-12-01,12,6,5,possible injury,0,1,other than driver or pedestrian,hit object,no,no,no,0,0,0,0,0,0,Not Stated,ORANGE
9656089,2023-11-01,11,15,3,minor injury,0,1,following too closely,rear end,no,no,no,0,0,0,0,0,0,Passenger Car/Station Wagon,PLACER
9656090,2023-11-17,11,17,5,possible injury,0,3,automobile right of way,broadside,no,no,no,0,0,0,0,0,0,Passenger Car/Station Wagon,ORANGE
9656091,2023-12-04,12,14,1,minor injury,0,1,traffic signs,broadside,no,no,no,0,0,0,0,0,0,Passenger Car/Station Wagon,ORANGE
9656093,2023-11-16,11,12,4,minor injury,0,2,unsafe speed,rear end,no,no,no,0,0,0,0,0,0,Passenger Car/Station Wagon,PLACER
9656094,2023-11-26,11,1,7,minor injury,0,1,DUI,rear end,no,no,no,0,0,0,0,0,0,Passenger Car/Station Wagon,LOS ANGELES
9656095,2023-12-05,12,14,2,minor injury,0,1,automobile right of way,sideswipe,no,no,yes,0,0,1,0,0,0,Passenger Car/Station Wagon,ORANGE
9656097,2023-11-20,11,22,1,minor injury,0,1,unsafe speed,hit object,no,no,no,0,0,0,0,0,0,Passenger Car/Station Wagon,ORANGE
9656098,2023-11-25,11,10,6,minor injury,0,1,traffic signs,broadside,no,no,no,0,0,0,0,0,0,Passenger Car/Station Wagon,LOS ANGELES
9656099,2023-12-04,12,16,1,possible injury,0,1,automobile right of way,broadside,no,yes,no,0,1,0,0,0,0,Bicycle,SANTA CRUZ
9656101,2023-11-25,11,17,6,possible injury,0,1,traffic signs,broadside,no,no,no,0,0,0,0,0,0,Passenger Car/Station Wagon,SAN MATEO
9656102,2023-12-03,12,14,7,possible injury,0,1,other than driver or pedestrian,unknown,no,no,yes,0,0,1,0,0,0,Not Stated,SAN DIEGO
9656103,2023-12-06,12,19,3,minor injury,0,1,pedestrian right of way,vehicle/pedestrian,yes,no,no,1,0,0,0,0,0,Passenger Car/Station Wagon,LOS ANGELES
9656105,2023-11-18,11,18,6,severe injury,0,1,improper turning,broadside,no,no,yes,0,0,1,0,0,0,Motorcycle/Scooter,LOS ANGELES
9656106,2023-12-10,12,18,7,minor injury,0,1,unknown,broadside,no,no,no,0,0,0,0,0,0,Not Stated,SAN DIEGO
9656108,2023-11-13,11,20,1,possible injury,0,1,wrong side of road,broadside,no,yes,no,0,1,0,0,0,0,Bicycle,SAN MATEO
9656109,2023-11-11,11,16,6,possible injury,0,4,unsafe speed,rear end,no,no,no,0,0,0,0,0,0,Passenger Car/Station Wagon,YUBA
9656110,2023-12-06,12,11,3,possible injury,0,1,unsafe speed,rear end,no,no,no,0,0,0,0,0,0,Passenger Car/Station Wagon,ORANGE
9656113,2023-11-15,11,7,3,possible injury,0,2,automobile right of way,head-on,no,no,no,0,0,0,0,0,0,Passenger Car/Station Wagon,SAN BERNARDINO
9656114,2023-12-06,12,11,3,possible injury,0,1,unsafe speed,rear end,no,no,no,0,0,0,0,0,0,Passenger Car/Station Wagon,ORANGE
9656118,2023-12-08,12,7,5,possible injury,0,1,automobile right of way,broadside,no,no,no,0,0,0,0,0,0,Passenger Car/Station Wagon,ORANGE
9656121,2023-11-28,11,3,2,minor injury,0,1,DUI,overturned,no,no,no,0,0,0,0,0,0,Passenger Car/Station Wagon,SAN BERNARDINO
9656122,2023-12-04,12,13,1,possible injury,0,2,unsafe lane change,sideswipe,no,no,no,0,0,0,0,0,0,Passenger Car/Station Wagon,LOS ANGELES
9656125,2023-11-20,11,18,1,minor injury,0,3,DUI,broadside,no,no,no,0,0,0,0,0,0,Passenger Car/Station Wagon,SAN BERNARDINO
9656126,2023-12-05,12,17,2,possible injury,0,3,unsafe speed,rear end,no,no,no,0,0,0,0,0,0,Passenger Car/Station Wagon,LOS ANGELES
9656129,2023-11-12,11,14,7,minor injury,0,2,traffic signs,broadside,no,no,no,0,0,0,0,0,0,Passenger Car/Station Wagon,CONTRA COSTA
9656130,2023-12-11,12,11,1,possible injury,0,1,automobile right of way,broadside,no,no,no,0,0,0,0,0,0,Passenger Car/Station Wagon,SAN DIEGO
9656133,2023-11-26,11,5,7,minor injury,0,1,pedestrian violation,vehicle/pedestrian,yes,no,no,1,0,0,0,0,0,Pedestrian,SAN DIEGO
9656134,2023-12-07,12,16,4,severe injury,0,1,improper turning,vehicle/pedestrian,yes,no,no,1,0,0,0,0,0,Passenger Car/Station Wagon,SAN DIEGO
9656137,2023-11-30,11,8,4,minor injury,0,2,wrong side of road,head-on,no,yes,no,0,2,0,0,0,0,Bicycle,SAN DIEGO
9656138,2023-12-07,12,18,4,possible injury,0,1,following too closely,rear end,no,no,no,0,0,0,0,0,0,Passenger Car/Station Wagon,SAN DIEGO
9656141,2023-11-27,11,15,1,possible injury,0,1,automobile right of way,broadside,no,no,no,0,0,0,0,0,0,Passenger Car/Station Wagon,LOS ANGELES
9656142,2023-12-10,12,19,7,possible injury,0,1,unsafe speed,rear end,no,no,no,0,0,0,0,0,0,Passenger Car/Station Wagon,SAN DIEGO
9656145,2023-11-02,11,13,4,possible injury,0,2,automobile right of way,broadside,no,no,no,0,0,0,0,0,0,Passenger Car/Station Wagon,LOS ANGELES
9656146,2023-12-05,12,18,2,possible injury,0,2,unsafe speed,rear end,no,no,no,0,0,0,0,0,0,Passenger Car/Station Wagon,SAN DIEGO
9656149,2023-11-03,11,16,5,possible injury,0,1,traffic signs,broadside,no,no,no,0,0,0,0,0,0,Passenger Car/Station Wagon,LOS ANGELES
9656150,2023-12-08,12,19,5,minor injury,0,1,pedestrian violation,vehicle/pedestrian,yes,no,no,1,0,0,0,0,0,Pedestrian,LOS ANGELES
9656153,2023-11-05,11,4,7,minor injury,0,1,traffic signs,broadside,no,no,no,0,0,0,0,0,0,Passenger Car/Station Wagon,LOS ANGELES
9656154,2023-12-05,12,18,2,possible injury,0,1,unsafe speed,rear end,no,no,no,0,0,0,0,0,0,Not Stated,SAN BERNARDINO
9656157,2023-11-22,11,20,3,possible injury,0,3,DUI,rear end,no,no,no,0,0,0,0,0,0,Passenger Car/Station Wagon,LOS ANGELES
9656158,2023-12-03,12,12,7,possible injury,0,2,unsafe speed,sideswipe,no,no,no,0,0,0,0,0,0,Passenger Car/Station Wagon,LOS ANGELES
9656170,2023-10-12,10,6,4,possible injury,0,1,improper turning,head-on,no,no,no,0,0,0,0,0,0,Passenger Car/Station Wagon,VENTURA
9656174,2023-10-06,10,17,5,minor injury,0,2,pedestrian right of way,other,no,yes,no,0,1,0,0,0,0,Pickup or Panel Truck,ORANGE
9656178,2023-11-18,11,21,6,minor injury,0,1,pedestrian right of way,vehicle/pedestrian,yes,no,no,1,0,0,0,0,0,Passenger Car/Station Wagon,ALAMEDA
9656179,2023-09-01,9,12,5,possible injury,0,1,unsafe speed,rear end,no,no,no,0,0,0,0,0,0,Passenger Car/Station Wagon,VENTURA
9656182,2023-11-15,11,17,3,minor injury,0,1,traffic signs,vehicle/pedestrian,yes,no,no,1,0,0,0,0,0,Not Stated,LOS ANGELES
9656186,2023-11-18,11,8,6,minor injury,0,1,unsafe speed,overturned,no,no,no,0,0,0,0,0,0,Passenger Car/Station Wagon,SANTA CLARA
9656190,2023-11-19,11,3,7,minor injury,0,1,improper turning,hit object,no,no,no,0,0,0,0,0,0,Passenger Car/Station Wagon,SANTA CLARA
9656194,2023-11-29,11,9,3,minor injury,0,1,improper turning,broadside,no,no,no,0,0,0,0,0,0,Passenger Car/Station Wagon,ALAMEDA
9656198,2023-11-19,11,18,7,minor injury,0,1,traffic signs,broadside,no,yes,no,0,1,0,0,0,0,Bicycle,ALAMEDA
9656202,2023-12-02,12,8,6,severe injury,0,1,automobile right of way,broadside,no,no,yes,0,0,1,0,0,0,Passenger Car/Station Wagon,SAN DIEGO
9656206,2023-12-17,12,17,7,possible injury,0,2,unknown,rear end,no,no,no,0,0,0,0,0,0,Passenger Car/Station Wagon,MADERA
9656207,2023-11-04,11,12,6,possible injury,0,1,pedestrian violation,vehicle/pedestrian,yes,no,no,1,0,0,0,0,0,Pedestrian,TULARE
9656210,2023-12-09,12,7,6,minor injury,0,2,automobile right of way,broadside,no,no,no,0,0,0,0,0,0,Passenger Car/Station Wagon,SAN MATEO
9656214,2023-12-14,12,18,4,severe injury,0,2,traffic signs,head-on,no,no,no,0,0,0,0,0,0,Passenger Car/Station Wagon,EL DORADO
9656218,2023-12-06,12,23,3,severe injury,0,1,pedestrian violation,vehicle/pedestrian,yes,no,no,1,0,0,0,0,0,Pedestrian,LOS ANGELES
9656222,2023-12-12,12,13,2,possible injury,0,1,improper turning,sideswipe,no,no,no,0,0,0,0,0,0,Passenger Car/Station Wagon,ORANGE
9656226,2023-12-16,12,18,6,possible injury,0,1,unsafe speed,vehicle/pedestrian,yes,no,no,1,0,0,0,0,0,Passenger Car/Station Wagon,LOS ANGELES
9656230,2023-12-09,12,12,6,minor injury,0,3,traffic signs,broadside,no,no,no,0,0,0,0,0,0,Passenger Car/Station Wagon,ORANGE
9656242,2023-11-09,11,11,4,minor injury,0,1,traffic signs,broadside,no,no,no,0,0,0,0,0,0,Passenger Car/Station Wagon,ALAMEDA
9656243,2023-11-26,11,13,7,possible injury,0,2,unsafe speed,rear end,no,no,no,0,0,0,0,0,0,Passenger Car/Station Wagon,ORANGE
9656244,2023-12-17,12,9,7,minor injury,0,1,automobile right of way,broadside,no,no,no,0,0,0,0,0,0,Passenger Car/Station Wagon,CONTRA COSTA
9656246,2023-11-03,11,23,5,minor injury,0,3,DUI,broadside,no,no,no,0,0,0,0,0,0,Passenger Car/Station Wagon,ALAMEDA
9656247,2023-11-29,11,21,3,possible injury,0,1,automobile right of way,broadside,no,no,yes,0,0,1,0,0,0,Passenger Car/Station Wagon,LOS ANGELES
9656248,2023-12-11,12,9,1,possible injury,0,1,improper turning,rear end,no,no,no,0,0,0,0,0,0,Passenger Car/Station Wagon,CONTRA COSTA
9656250,2023-11-25,11,2,6,minor injury,0,1,automobile right of way,broadside,no,no,no,0,0,0,0,0,0,Passenger Car/Station Wagon,ALAMEDA
9656251,2023-11-24,11,22,5,minor injury,0,1,unsafe speed,head-on,no,no,yes,0,0,1,0,0,0,Motorcycle/Scooter,LOS ANGELES
9656254,2023-11-26,11,10,7,possible injury,0,1,improper turning,broadside,no,yes,no,0,1,0,0,0,0,Passenger Car/Station Wagon,ALAMEDA
9656255,2023-12-11,12,2,1,possible injury,0,1,traffic signs,broadside,no,no,no,0,0,0,0,0,0,Passenger Car/Station Wagon,SANTA CRUZ
9656256,2023-12-06,12,15,3,possible injury,0,1,unsafe speed,rear end,no,no,no,0,0,0,0,0,0,Passenger Car/Station Wagon,LOS ANGELES
9656258,2023-11-28,11,17,2,severe injury,0,1,automobile right of way,broadside,no,no,yes,0,0,1,0,0,0,Passenger Car/Station Wagon,ALAMEDA
9656259,2023-12-14,12,7,4,minor injury,0,2,automobile right of way,broadside,no,no,no,0,0,0,0,0,0,Passenger Car/Station Wagon,LOS ANGELES
9656262,2023-11-17,11,17,5,possible injury,0,1,wrong side of road,broadside,no,yes,no,0,1,0,0,0,0,Bicycle,SAN DIEGO
9656263,2023-12-09,12,20,6,possible injury,0,1,unsafe lane change,sideswipe,no,no,no,0,0,0,0,0,0,Passenger Car/Station Wagon,SAN DIEGO
9656264,2023-12-15,12,16,5,possible injury,0,1,improper turning,hit object,no,no,no,0,0,0,0,0,0,Passenger Car/Station Wagon,LOS ANGELES
9656265,2023-06-12,6,19,1,minor injury,0,2,automobile right of way,broadside,no,no,no,0,0,0,0,0,0,Passenger Car/Station Wagon,LOS ANGELES
9656266,2023-11-22,11,14,3,possible injury,0,1,unknown,broadside,no,no,no,0,0,0,0,0,0,Not Stated,LOS ANGELES
9656267,2023-12-12,12,6,2,possible injury,0,1,unsafe lane change,sideswipe,no,no,yes,0,0,1,0,0,0,Motorcycle/Scooter,SAN DIEGO
9656268,2023-12-01,12,20,5,minor injury,0,2,traffic signs,broadside,no,no,yes,0,0,2,0,0,0,Passenger Car/Station Wagon,SAN DIEGO
9656269,2023-08-03,8,0,4,minor injury,0,3,traffic signs,broadside,no,no,no,0,0,0,0,0,0,Passenger Car/Station Wagon,ALAMEDA
9656270,2023-11-29,11,16,3,possible injury,0,2,unsafe lane change,rear end,no,no,no,0,0,0,0,0,0,Passenger Car/Station Wagon,LOS ANGELES
9656271,2023-12-04,12,15,1,minor injury,0,1,traffic signs,broadside,no,no,no,0,0,0,0,0,0,Passenger Car/Station Wagon,LOS ANGELES
9656274,2023-11-20,11,6,1,possible injury,0,1,automobile right of way,broadside,no,no,no,0,0,0,0,0,0,Passenger Car/Station Wagon,KERN
9656275,2023-12-01,12,18,5,possible injury,0,4,wrong side of road,broadside,no,no,no,0,0,0,0,0,0,Passenger Car/Station Wagon,LOS ANGELES
9656277,2023-10-21,10,9,6,severe injury,0,1,unsafe speed,hit object,no,no,no,0,0,0,0,0,0,Passenger Car/Station Wagon,SACRAMENTO
9656278,2023-11-28,11,21,2,possible injury,0,1,improper turning,sideswipe,no,no,no,0,0,0,0,0,0,Passenger Car/Station Wagon,SAN BERNARDINO
9656279,2023-12-07,12,20,4,minor injury,0,2,automobile right of way,broadside,no,no,no,0,0,0,0,0,0,Passenger Car/Station Wagon,LOS ANGELES
9656282,2023-11-12,11,13,7,minor injury,0,2,pedestrian violation,vehicle/pedestrian,yes,yes,no,1,1,0,0,0,0,Pedestrian,SANTA CRUZ
9656283,2023-12-05,12,11,2,possible injury,0,3,automobile right of way,sideswipe,no,no,no,0,0,0,0,0,0,Passenger Car/Station Wagon,LOS ANGELES
9656285,2023-10-31,10,11,2,possible injury,0,1,traffic signs,broadside,no,yes,no,0,1,0,0,0,0,Bicycle,ALAMEDA
9656286,2023-11-09,11,17,4,minor injury,0,1,pedestrian violation,head-on,yes,no,no,1,0,0,0,0,0,Pedestrian,SANTA CRUZ
9656287,2023-12-01,12,17,5,minor injury,0,2,automobile right of way,broadside,no,no,no,0,0,0,0,0,0,Passenger Car/Station Wagon,KERN
9656289,2023-10-17,10,19,2,possible injury,0,1,pedestrian right of way,vehicle/pedestrian,yes,no,no,1,0,0,0,0,0,Passenger Car/Station Wagon,ORANGE
9656290,2023-11-01,11,1,3,possible injury,0,2,unknown,broadside,no,no,no,0,0,0,0,0,0,Passenger Car/Station Wagon,ALAMEDA
9656293,2023-10-12,10,19,4,minor injury,0,1,unknown,overturned,no,no,yes,0,0,1,0,0,0,Not Stated,SANTA BARBARA
9656294,2023-11-16,11,18,4,possible injury,0,3,DUI,rear end,no,no,no,0,0,0,0,0,0,Pickup or Panel Truck,SAN DIEGO
9656295,2023-12-09,12,15,6,possible injury,0,2,improper turning,sideswipe,no,no,no,0,0,0,0,0,0,Passenger Car/Station Wagon,SANTA CLARA
9656297,2023-10-31,10,11,2,possible injury,0,4,automobile right of way,broadside,no,no,no,0,0,0,0,0,0,Passenger Car/Station Wagon,ORANGE
9656298,2023-11-04,11,12,6,minor injury,0,1,traffic signs,broadside,no,no,no,0,0,0,0,0,0,Passenger Car/Station Wagon,SAN DIEGO
9656299,2023-12-06,12,18,3,minor injury,0,1,unsafe lane change,rear end,no,no,yes,0,0,1,0,0,0,Passenger Car/Station Wagon,SANTA CLARA
9656301,2023-10-04,10,21,3,possible injury,0,3,unsafe speed,rear end,no,no,no,0,0,0,0,0,0,Passenger Car/Station Wagon,ORANGE
9656302,2023-11-22,11,19,3,possible injury,0,1,improper turning,hit object,no,no,no,0,0,0,0,0,0,Passenger Car/Station Wagon,ORANGE
9656303,2023-12-08,12,18,5,possible injury,0,1,unsafe speed,rear end,no,no,no,0,0,0,0,0,0,Passenger Car/Station Wagon,SAN DIEGO
9656305,2023-11-21,11,16,2,minor injury,0,1,pedestrian violation,head-on,yes,no,no,1,0,0,0,0,0,Pedestrian,LOS ANGELES
9656306,2023-11-24,11,15,5,possible injury,0,1,DUI,head-on,no,no,no,0,0,0,0,0,0,Passenger Car/Station Wagon,ORANGE
9656307,2023-12-05,12,3,2,minor injury,0,2,unsafe speed,head-on,no,no,no,0,0,0,0,0,0,Passenger Car/Station Wagon,ORANGE
9656310,2023-11-14,11,6,2,severe injury,0,1,improper passing,sideswipe,no,no,no,0,0,0,0,0,0,Not Stated,ORANGE
9656311,2023-12-19,12,12,2,possible injury,0,1,traffic signs,broadside,no,no,no,0,0,0,0,0,0,Passenger Car/Station Wagon,SAN DIEGO
9656313,2023-11-19,11,17,7,severe injury,0,1,other than driver or pedestrian,other,no,yes,no,0,1,0,0,0,0,Not Stated,ALAMEDA
9656314,2023-11-13,11,13,1,minor injury,0,1,automobile right of way,head-on,no,yes,no,0,1,0,0,0,0,Passenger Car/Station Wagon,ORANGE
9656315,2023-12-13,12,17,3,possible injury,0,1,unsafe speed,rear end,no,no,no,0,0,0,0,0,0,Passenger Car/Station Wagon,SAN MATEO
9656316,2023-11-01,11,16,3,possible injury,0,1,unsafe speed,rear end,no,no,no,0,0,0,0,0,0,Pickup or Panel Truck,ORANGE
9656317,2023-11-16,11,13,4,minor injury,0,1,DUI,sideswipe,no,no,no,0,0,0,0,0,0,Passenger Car/Station Wagon,ALAMEDA
9656318,2023-11-20,11,20,1,possible injury,0,1,unsafe speed,rear end,no,no,no,0,0,0,0,0,0,Passenger Car/Station Wagon,ORANGE
9656319,2023-12-14,12,13,4,minor injury,0,1,wrong side of road,broadside,no,yes,no,0,1,0,0,0,0,Bicycle,ORANGE
9656323,2023-11-24,11,17,5,minor injury,0,1,following too closely,rear end,no,no,no,0,0,0,0,0,0,Passenger Car/Station Wagon,SAN MATEO
9656327,2023-11-24,11,23,5,possible injury,0,1,traffic signs,broadside,no,no,no,0,0,0,0,0,0,Passenger Car/Station Wagon,VENTURA
9656328,2023-12-21,12,7,4,possible injury,0,1,unsafe lane change,rear end,no,no,no,0,0,0,0,0,0,Passenger Car/Station Wagon,SAN DIEGO
9656331,2023-11-24,11,13,5,possible injury,0,1,unsafe speed,head-on,no,no,no,0,0,0,0,0,0,Passenger Car/Station Wagon,VENTURA
9656332,2023-12-21,12,5,4,minor injury,0,1,unknown,other,no,no,yes,0,0,1,0,0,0,Not Stated,SAN DIEGO
9656335,2023-11-14,11,11,2,possible injury,0,1,DUI,sideswipe,no,no,no,0,0,0,0,0,0,Passenger Car/Station Wagon,KERN
9656336,2023-12-13,12,17,3,severe injury,0,1,other than driver or pedestrian,overturned,no,no,no,0,0,0,0,0,0,Not Stated,SAN DIEGO
9656339,2023-11-30,11,9,4,possible injury,0,2,unsafe speed,rear end,no,no,no,0,0,0,0,0,0,Passenger Car/Station Wagon,FRESNO
9656340,2023-12-15,12,11,5,minor injury,0,3,unsafe speed,rear end,no,no,no,0,0,0,0,0,0,Passenger Car/Station Wagon,SAN DIEGO
9656343,2023-11-04,11,15,6,minor injury,0,1,DUI,broadside,no,no,no,0,0,0,0,0,0,Passenger Car/Station Wagon,SAN JOAQUIN
9656344,2023-12-04,12,12,1,minor injury,0,1,improper turning,hit object,no,no,no,0,0,0,0,0,0,Passenger Car/Station Wagon,SAN MATEO
9656346,2023-04-17,4,22,1,minor injury,0,1,unknown,vehicle/pedestrian,yes,no,no,1,0,0,0,0,0,Not Stated,LOS ANGELES
9656348,2023-12-07,12,15,4,possible injury,0,1,DUI,head-on,no,no,no,0,0,0,0,0,0,Passenger Car/Station Wagon,VENTURA
9656350,2023-06-03,6,10,6,minor injury,0,1,unknown,sideswipe,no,no,no,0,0,0,0,0,0,Not Stated,LOS ANGELES
9656351,2023-11-22,11,15,3,minor injury,0,1,automobile right of way,vehicle/pedestrian,no,yes,no,0,1,0,0,0,0,Not Stated,ORANGE
9656352,2023-12-20,12,12,3,minor injury,0,1,unknown,broadside,no,yes,no,0,1,0,0,0,0,Not Stated,SAN DIEGO
9656354,2023-06-14,6,8,3,minor injury,0,1,pedestrian violation,vehicle/pedestrian,yes,no,no,1,0,0,0,0,0,Pedestrian,LOS ANGELES
9656355,2023-11-18,11,19,6,minor injury,0,2,DUI,head-on,no,no,no,0,0,0,0,0,0,Passenger Car/Station Wagon,LOS ANGELES