CASE_ID,COLLISION_DATE,MONTH,HOUR,DAY_OF_WEEK,COLLISION_SEVERITY,NUMBER_KILLED,NUMBER_INJURED,PCF_VIOL_CATEGORY,TYPE_OF_COLLISION,PEDESTRIAN_ACCIDENT,BICYCLE_ACCIDENT,MOTORCYCLE_ACCIDENT,COUNT_PED_INJURED,COUNT_BICYCLIST_INJURED,COUNT_MC_INJURED,COUNT_PED_KILLED,COUNT_BICYCLIST_KILLED,COUNT_MC_KILLED,STWD_VEHTYPE_AT_FAULT,COUNTY
9656807,2023-11-03,11,19,5,possible injury,0,1,automobile right of way,broadside,no,no,no,0,0,0,0,0,0,Passenger Car/Station Wagon,LOS ANGELES
9656808,2023-11-02,11,16,4,minor injury,0,3,improper turning,rear end,no,no,no,0,0,0,0,0,0,Passenger Car/Station Wagon,LOS ANGELES
9656809,2023-11-16,11,16,4,minor injury,0,1,unsafe speed,rear end,no,no,no,0,0,0,0,0,0,Passenger Car/Station Wagon,LOS ANGELES
9656810,2023-11-04,11,12,6,possible injury,0,1,unknown,vehicle/pedestrian,yes,no,no,1,0,0,0,0,0,Passenger Car/Station Wagon,LOS ANGELES
9656811,2023-11-21,11,22,2,possible injury,0,3,unsafe speed,rear end,no,no,no,0,0,0,0,0,0,Other Bus,LOS ANGELES
9656812,2023-11-16,11,21,4,minor injury,0,1,unsafe speed,rear end,no,no,no,0,0,0,0,0,0,Passenger Car/Station Wagon,LOS ANGELES
9656813,2023-11-25,11,19,6,severe injury,0,1,DUI,sideswipe,no,no,no,0,0,0,0,0,0,Passenger Car/Station Wagon,LOS ANGELES
9656814,2023-11-25,11,14,6,minor injury,0,2,traffic signs,broadside,no,no,no,0,0,0,0,0,0,Passenger Car/Station Wagon,LOS ANGELES
9656815,2023-11-16,11,21,4,possible injury,0,1,pedestrian violation,vehicle/pedestrian,yes,no,no,1,0,0,0,0,0,Pedestrian,LOS ANGELES
9656816,2023-11-19,11,20,7,severe injury,0,1,pedestrian violation,unknown,yes,no,no,1,0,0,0,0,0,Pedestrian,SAN DIEGO
9656817,2023-12-30,12,12,6,minor injury,0,1,traffic signs,broadside,no,no,no,0,0,0,0,0,0,Passenger Car/Station Wagon,VENTURA
9656818,2023-12-31,12,16,7,minor injury,0,1,unsafe speed,rear end,no,yes,no,0,1,0,0,0,0,Bicycle,VENTURA
9656819,2023-12-26,12,3,2,possible injury,0,1,improper turning,other,no,no,yes,0,0,1,0,0,0,Motorcycle/Scooter,VENTURA
9656820,2023-12-31,12,9,7,minor injury,0,1,unsafe speed,rear end,no,no,no,0,0,0,0,0,0,Passenger Car/Station Wagon,VENTURA
9656821,2023-12-08,12,22,5,minor injury,0,1,unsafe speed,other,no,yes,no,0,1,0,0,0,0,Not Stated,LOS ANGELES
9656822,2023-12-25,12,17,1,possible injury,0,1,unsafe speed,rear end,no,no,no,0,0,0,0,0,0,Passenger Car/Station Wagon,LOS ANGELES
9656823,2023-12-07,12,8,4,minor injury,0,1,automobile right of way,hit object,no,no,no,0,0,0,0,0,0,Not Stated,LOS ANGELES
9656824,2023-12-09,12,18,6,minor injury,0,1,pedestrian violation,vehicle/pedestrian,yes,no,no,1,0,0,0,0,0,Pedestrian,LOS ANGELES
9656825,2023-12-07,12,3,4,possible injury,0,1,traffic signs,broadside,no,no,no,0,0,0,0,0,0,Passenger Car/Station Wagon,LOS ANGELES
9656826,2023-12-31,12,23,7,possible injury,0,1,DUI,rear end,no,no,no,0,0,0,0,0,0,Passenger Car/Station Wagon,LOS ANGELES
9656827,2023-12-01,12,20,5,possible injury,0,1,improper turning,other,no,yes,no,0,1,0,0,0,0,Not Stated,LOS ANGELES
9656828,2023-12-01,12,20,5,possible injury,0,1,pedestrian right of way,vehicle/pedestrian,yes,no,no,1,0,0,0,0,0,Not Stated,LOS ANGELES
9656829,2023-12-30,12,8,6,possible injury,0,1,following too closely,rear end,no,no,no,0,0,0,0,0,0,Not Stated,LOS ANGELES
9656830,2023-12-10,12,13,7,severe injury,0,5,automobile right of way,broadside,no,no,no,0,0,0,0,0,0,Passenger Car/Station Wagon,LOS ANGELES
9656832,2023-12-31,12,2,7,possible injury,0,1,pedestrian violation,head-on,yes,no,no,1,0,0,0,0,0,Pedestrian,LOS ANGELES
9656833,2023-12-14,12,20,4,severe injury,0,1,improper turning,broadside,no,no,yes,0,0,1,0,0,0,Passenger Car/Station Wagon,LOS ANGELES
9656834,2023-12-17,12,12,7,minor injury,0,1,traffic signs,vehicle/pedestrian,yes,no,no,1,0,0,0,0,0,Not Stated,LOS ANGELES
9656835,2023-12-23,12,9,6,severe injury,0,1,DUI,rear end,no,no,no,0,0,0,0,0,0,Passenger Car/Station Wagon,LOS ANGELES
9656836,2023-12-08,12,19,5,possible injury,0,3,unsafe speed,sideswipe,no,no,no,0,0,0,0,0,0,Passenger Car/Station Wagon,LOS ANGELES
9656837,2023-12-16,12,17,6,severe injury,0,1,automobile right of way,broadside,no,no,yes,0,0,1,0,0,0,Passenger Car/Station Wagon,LOS ANGELES
9656838,2023-12-05,12,22,2,severe injury,0,1,pedestrian right of way,vehicle/pedestrian,yes,no,no,1,0,0,0,0,0,Not Stated,LOS ANGELES
9656839,2023-12-24,12,12,7,possible injury,0,1,DUI,broadside,no,no,no,0,0,0,0,0,0,Passenger Car/Station Wagon,LOS ANGELES
9656840,2023-12-26,12,19,2,severe injury,0,3,DUI,head-on,no,no,no,0,0,0,0,0,0,Passenger Car/Station Wagon,LOS ANGELES
9656841,2023-12-18,12,6,1,severe injury,0,1,pedestrian right of way,vehicle/pedestrian,yes,no,no,1,0,0,0,0,0,Not Stated,LOS ANGELES
9656842,2023-12-19,12,16,2,severe injury,0,1,unsafe speed,hit object,no,no,no,0,0,0,0,0,0,Passenger Car/Station Wagon,LOS ANGELES
9656843,2023-12-27,12,15,3,severe injury,0,1,automobile right of way,broadside,no,no,yes,0,0,1,0,0,0,Motorcycle/Scooter,LOS ANGELES
9656844,2023-12-27,12,21,3,minor injury,0,1,automobile right of way,broadside,no,yes,no,0,1,0,0,0,0,Passenger Car/Station Wagon,LOS ANGELES
9656845,2023-12-20,12,18,3,severe injury,0,1,traffic signs,vehicle/pedestrian,yes,no,no,1,0,0,0,0,0,Not Stated,LOS ANGELES
9656846,2023-12-28,12,23,4,severe injury,0,1,automobile right of way,broadside,no,no,yes,0,0,1,0,0,0,Passenger Car/Station Wagon,LOS ANGELES
9656847,2023-12-30,12,17,6,severe injury,0,1,unknown,sideswipe,no,yes,no,0,1,0,0,0,0,Passenger Car/Station Wagon,LOS ANGELES
9656848,2023-12-29,12,18,5,possible injury,0,1,DUI,rear end,no,no,no,0,0,0,0,0,0,Passenger Car/Station Wagon,LOS ANGELES
9656849,2023-12-30,12,11,6,possible injury,0,1,automobile right of way,broadside,no,no,no,0,0,0,0,0,0,Passenger Car/Station Wagon,LOS ANGELES
9656850,2023-12-24,12,14,7,severe injury,0,1,pedestrian right of way,vehicle/pedestrian,yes,no,no,1,0,0,0,0,0,Passenger Car/Station Wagon,LOS ANGELES
9656851,2023-12-20,12,15,3,possible injury,0,2,unknown,rear end,no,no,no,0,0,0,0,0,0,Not Stated,LOS ANGELES
9656852,2023-12-22,12,8,5,possible injury,0,3,improper turning,head-on,no,no,no,0,0,0,0,0,0,Passenger Car/Station Wagon,LOS ANGELES
9656853,2023-12-11,12,22,1,severe injury,0,1,traffic signs,vehicle/pedestrian,yes,no,no,1,0,0,0,0,0,Not Stated,LOS ANGELES
9656854,2023-12-31,12,12,7,possible injury,0,1,unsafe speed,rear end,no,no,no,0,0,0,0,0,0,Not Stated,LOS ANGELES
9656855,2023-12-05,12,21,2,severe injury,0,1,improper turning,rear end,no,no,no,0,0,0,0,0,0,Passenger Car/Station Wagon,LOS ANGELES
9656856,2023-12-15,12,13,5,severe injury,0,1,pedestrian violation,vehicle/pedestrian,yes,no,no,1,0,0,0,0,0,Pedestrian,LOS ANGELES
9656862,2023-11-16,11,13,4,possible injury,0,1,following too closely,rear end,no,no,no,0,0,0,0,0,0,Passenger Car/Station Wagon,LOS ANGELES
9656994,2023-12-19,12,17,2,possible injury,0,1,unknown,broadside,no,no,no,0,0,0,0,0,0,Passenger Car/Station Wagon,LOS ANGELES
9657021,2023-12-14,12,17,4,severe injury,0,1,automobile right of way,rear end,no,no,yes,0,0,1,0,0,0,Not Stated,LOS ANGELES
9657022,2023-12-19,12,17,2,severe injury,0,1,unsafe speed,sideswipe,no,no,no,0,0,0,0,0,0,Passenger Car/Station Wagon,LOS ANGELES
9657023,2023-12-13,12,17,3,severe injury,0,1,automobile right of way,broadside,no,yes,no,0,1,0,0,0,0,Not Stated,LOS ANGELES
9657024,2023-12-12,12,0,2,severe injury,0,2,traffic signs,broadside,no,no,no,0,0,0,0,0,0,Not Stated,LOS ANGELES
9657025,2023-12-14,12,19,4,severe injury,0,2,unsafe speed,head-on,no,no,no,0,0,0,0,0,0,Passenger Car/Station Wagon,LOS ANGELES
9657026,2023-12-15,12,17,5,severe injury,0,2,automobile right of way,head-on,no,no,no,0,0,0,0,0,0,Passenger Car/Station Wagon,LOS ANGELES
9657027,2023-12-17,12,2,7,severe injury,0,1,unsafe speed,rear end,no,no,yes,0,0,1,0,0,0,Not Stated,LOS ANGELES
9657028,2023-12-15,12,17,5,severe injury,0,1,unsafe speed,vehicle/pedestrian,yes,no,no,1,0,0,0,0,0,Not Stated,LOS ANGELES
9657029,2023-12-20,12,22,3,minor injury,0,2,automobile right of way,sideswipe,no,no,no,0,0,0,0,0,0,Passenger Car/Station Wagon,LOS ANGELES
9657030,2023-12-01,12,19,5,minor injury,0,1,traffic signs,other,no,yes,no,0,1,0,0,0,0,Not Stated,LOS ANGELES
9657031,2023-12-20,12,21,3,minor injury,0,1,unsafe speed,rear end,no,no,no,0,0,0,0,0,0,Passenger Car/Station Wagon,LOS ANGELES
9657032,2023-12-01,12,12,5,minor injury,0,1,automobile right of way,broadside,no,no,no,0,0,0,0,0,0,Passenger Car/Station Wagon,LOS ANGELES
9657033,2023-12-28,12,20,4,minor injury,0,1,automobile right of way,broadside,no,yes,no,0,1,0,0,0,0,Not Stated,SANTA CLARA
9657034,2023-12-21,12,23,4,minor injury,0,1,automobile right of way,broadside,no,no,no,0,0,0,0,0,0,Passenger Car/Station Wagon,SANTA CLARA
9657035,2023-12-21,12,21,4,minor injury,0,5,traffic signs,broadside,no,no,no,0,0,0,0,0,0,Passenger Car/Station Wagon,LOS ANGELES
9657036,2023-12-28,12,15,4,possible injury,0,1,traffic signs,unknown,no,no,no,0,0,0,0,0,0,Passenger Car/Station Wagon,SANTA CLARA
9657037,2023-12-08,12,14,5,possible injury,0,1,unsafe speed,head-on,no,no,no,0,0,0,0,0,0,Passenger Car/Station Wagon,LOS ANGELES
9657038,2023-12-26,12,16,2,minor injury,0,1,wrong side of road,vehicle/pedestrian,no,yes,no,0,1,0,0,0,0,Bicycle,LOS ANGELES
9657039,2023-12-17,12,20,7,possible injury,0,2,improper turning,broadside,no,no,no,0,0,0,0,0,0,Passenger Car/Station Wagon,LOS ANGELES
9657040,2023-12-31,12,12,7,minor injury,0,1,automobile right of way,broadside,no,no,yes,0,0,1,0,0,0,Passenger Car/Station Wagon,LOS ANGELES
9657050,2023-11-27,11,15,1,possible injury,0,2,unknown,head-on,no,no,no,0,0,0,0,0,0,Not Stated,LOS ANGELES
9657051,2023-11-02,11,7,4,possible injury,0,2,unsafe speed,rear end,no,no,no,0,0,0,0,0,0,Passenger Car/Station Wagon,LOS ANGELES
9657052,2023-11-16,11,18,4,possible injury,0,1,improper turning,broadside,no,yes,no,0,1,0,0,0,0,Passenger Car/Station Wagon,LOS ANGELES
9657053,2023-12-30,12,14,6,possible injury,0,1,unsafe speed,rear end,no,no,no,0,0,0,0,0,0,Passenger Car/Station Wagon,ORANGE
9657054,2023-12-30,12,3,6,minor injury,0,1,DUI,hit object,no,no,no,0,0,0,0,0,0,Passenger Car/Station Wagon,ORANGE
9657055,2023-12-21,12,20,4,possible injury,0,1,traffic signs,broadside,no,no,no,0,0,0,0,0,0,Passenger Car/Station Wagon,ORANGE
9657056,2023-12-10,12,16,7,minor injury,0,1,wrong side of road,unknown,no,yes,no,0,1,0,0,0,0,Bicycle,LOS ANGELES
9657057,2023-12-06,12,14,3,minor injury,0,3,unsafe speed,rear end,no,no,no,0,0,0,0,0,0,Passenger Car/Station Wagon,ORANGE
9657059,2023-12-04,12,15,1,possible injury,0,1,unsafe speed,rear end,no,no,no,0,0,0,0,0,0,Passenger Car/Station Wagon,ORANGE
9657060,2023-12-17,12,11,7,possible injury,0,1,unsafe speed,rear end,no,no,no,0,0,0,0,0,0,Passenger Car/Station Wagon,SAN DIEGO
9657069,2023-11-05,11,23,7,possible injury,0,1,improper turning,broadside,no,no,no,0,0,0,0,0,0,Passenger Car/Station Wagon,LOS ANGELES
9657070,2023-11-28,11,9,2,minor injury,0,1,automobile right of way,head-on,no,no,no,0,0,0,0,0,0,Passenger Car/Station Wagon,LOS ANGELES
9657071,2023-11-25,11,15,6,possible injury,0,1,improper turning,head-on,no,no,no,0,0,0,0,0,0,Passenger Car/Station Wagon,ORANGE
9657072,2023-11-24,11,14,5,minor injury,0,1,improper turning,other,no,yes,no,0,1,0,0,0,0,Passenger Car/Station Wagon,ORANGE
9657073,2023-11-22,11,9,3,minor injury,0,3,traffic signs,broadside,no,no,no,0,0,0,0,0,0,Passenger Car/Station Wagon,ORANGE
9657074,2023-11-23,11,13,4,minor injury,0,1,automobile right of way,broadside,no,no,yes,0,0,1,0,0,0,Passenger Car/Station Wagon,ORANGE
9657075,2023-11-19,11,10,7,severe injury,0,1,improper turning,hit object,no,yes,no,0,1,0,0,0,0,Other Vehicle,ORANGE
9657076,2023-11-21,11,17,2,possible injury,0,1,wrong side of road,head-on,no,no,no,0,0,0,0,0,0,Passenger Car/Station Wagon,ORANGE
9657081,2023-11-27,11,22,1,minor injury,0,1,wrong side of road,hit object,no,no,no,0,0,0,0,0,0,Passenger Car/Station Wagon,SAN BERNARDINO
9657082,2023-11-28,11,3,2,minor injury,0,1,traffic signs,broadside,no,no,no,0,0,0,0,0,0,Passenger Car/Station Wagon,SAN BERNARDINO
9657083,2023-11-27,11,9,1,minor injury,0,2,unsafe speed,rear end,no,no,no,0,0,0,0,0,0,Passenger Car/Station Wagon,ORANGE
9657084,2023-11-27,11,17,1,minor injury,0,1,traffic signs,broadside,no,no,no,0,0,0,0,0,0,Not Stated,SAN BERNARDINO
9657109,2023-10-06,10,17,5,minor injury,0,2,unsafe speed,broadside,no,no,no,0,0,0,0,0,0,Other Vehicle,ORANGE
9657110,2023-10-03,10,19,2,possible injury,0,1,unsafe speed,rear end,no,no,no,0,0,0,0,0,0,Passenger Car/Station Wagon,LOS ANGELES
9657111,2023-10-08,10,14,7,minor injury,0,1,unsafe speed,overturned,no,no,yes,0,0,1,0,0,0,Motorcycle/Scooter,ORANGE
9657112,2023-10-04,10,7,3,minor injury,0,1,other hazardous violation,broadside,no,no,no,0,0,0,0,0,0,Passenger Car/Station Wagon,ORANGE
9657113,2023-10-13,10,14,5,minor injury,0,1,automobile right of way,broadside,no,no,no,0,0,0,0,0,0,Passenger Car/Station Wagon,LOS ANGELES
9657114,2023-10-22,10,16,7,possible injury,0,1,traffic signs,broadside,no,no,no,0,0,0,0,0,0,Passenger Car/Station Wagon,SAN DIEGO
9657115,2023-10-28,10,5,6,severe injury,0,1,traffic signs,broadside,no,yes,no,0,1,0,0,0,0,Bicycle,LOS ANGELES
9657116,2023-10-20,10,20,5,possible injury,0,1,automobile right of way,broadside,no,no,yes,0,0,1,0,0,0,Motorcycle/Scooter,LOS ANGELES
9657117,2023-10-27,10,19,5,minor injury,0,3,automobile right of way,broadside,no,no,no,0,0,0,0,0,0,Passenger Car/Station Wagon,SAN BERNARDINO
9657118,2023-10-08,10,1,7,possible injury,0,1,improper turning,broadside,no,no,no,0,0,0,0,0,0,Passenger Car/Station Wagon,LOS ANGELES
9657119,2023-10-26,10,17,4,minor injury,0,1,traffic signs,broadside,no,no,no,0,0,0,0,0,0,Not Stated,SAN BERNARDINO
9657120,2023-10-27,10,5,5,severe injury,0,1,unsafe lane change,vehicle/pedestrian,no,yes,no,0,1,0,0,0,0,Passenger Car/Station Wagon,SAN BERNARDINO
9657129,2023-12-21,12,19,4,severe injury,0,1,wrong side of road,other,no,no,yes,0,0,1,0,0,0,Motorcycle/Scooter,STANISLAUS
9657130,2023-12-26,12,17,2,possible injury,0,1,automobile right of way,sideswipe,no,no,no,0,0,0,0,0,0,Passenger Car/Station Wagon,STANISLAUS
9657181,2023-12-15,12,8,5,possible injury,0,1,wrong side of road,other,no,yes,no,0,1,0,0,0,0,Bicycle,ORANGE
9657182,2023-12-05,12,21,2,possible injury,0,1,traffic signs,broadside,no,no,no,0,0,0,0,0,0,Not Stated,ORANGE
9657183,2023-12-07,12,18,4,possible injury,0,2,automobile right of way,broadside,no,no,no,0,0,0,0,0,0,Passenger Car/Station Wagon,LOS ANGELES
9657185,2023-12-21,12,15,4,possible injury,0,1,unsafe speed,rear end,no,no,yes,0,0,1,0,0,0,Motorcycle/Scooter,LOS ANGELES
9657186,2023-12-13,12,15,3,possible injury,0,1,automobile right of way,broadside,no,yes,no,0,1,0,0,0,0,Passenger Car/Station Wagon,LOS ANGELES
9657187,2023-12-07,12,14,4,minor injury,0,1,unsafe lane change,head-on,no,no,yes,0,0,1,0,0,0,Motorcycle/Scooter,SAN BERNARDINO
9657188,2023-12-30,12,12,6,minor injury,0,1,automobile right of way,broadside,no,yes,no,0,1,0,0,0,0,Passenger Car/Station Wagon,MARIN
9657189,2023-12-24,12,18,7,possible injury,0,2,automobile right of way,broadside,no,no,yes,0,0,1,0,0,0,Passenger Car/Station Wagon,LOS ANGELES
9657190,2023-12-13,12,15,3,minor injury,0,1,automobile right of way,broadside,no,no,yes,0,0,1,0,0,0,Passenger Car/Station Wagon,LOS ANGELES
9657192,2023-12-08,12,17,5,severe injury,0,3,improper turning,head-on,no,no,no,0,0,0,0,0,0,Passenger Car/Station Wagon,LOS ANGELES
9657193,2023-12-31,12,11,7,possible injury,0,2,unsafe speed,rear end,no,no,no,0,0,0,0,0,0,Passenger Car/Station Wagon,LOS ANGELES
9657194,2023-12-22,12,21,5,possible injury,0,1,unknown,broadside,no,yes,no,0,1,0,0,0,0,Not Stated,LOS ANGELES
9657195,2023-12-12,12,18,2,possible injury,0,1,traffic signs,vehicle/pedestrian,yes,no,no,1,0,0,0,0,0,Not Stated,LOS ANGELES
9657198,2023-12-16,12,14,6,possible injury,0,1,unsafe starting or backing,other,no,no,no,0,0,0,0,0,0,Not Stated,SANTA CLARA
9657199,2023-12-20,12,13,3,possible injury,0,1,other than driver or pedestrian,rear end,no,no,no,0,0,0,0,0,0,Not Stated,LOS ANGELES
9657200,2023-12-11,12,0,1,possible injury,0,1,wrong side of road,hit object,no,no,no,0,0,0,0,0,0,Passenger Car/Station Wagon,SAN BERNARDINO
9657201,2023-10-11,10,20,3,minor injury,0,1,unsafe speed,broadside,no,no,no,0,0,0,0,0,0,Passenger Car/Station Wagon,LOS ANGELES
9657202,2023-10-28,10,17,6,severe injury,0,3,unsafe speed,head-on,yes,no,no,3,0,0,0,0,0,Passenger Car/Station Wagon,LOS ANGELES
9657203,2023-10-05,10,15,4,minor injury,0,1,automobile right of way,broadside,no,no,no,0,0,0,0,0,0,Passenger Car/Station Wagon,ORANGE
9657204,2023-10-11,10,17,3,minor injury,0,1,traffic signs,vehicle/pedestrian,yes,no,no,1,0,0,0,0,0,Passenger Car/Station Wagon,LOS ANGELES
9657211,2023-10-04,10,17,3,possible injury,0,1,unsafe speed,rear end,no,no,no,0,0,0,0,0,0,Passenger Car/Station Wagon,ORANGE
9657217,2023-10-31,10,6,2,possible injury,0,1,pedestrian violation,vehicle/pedestrian,yes,no,no,1,0,0,0,0,0,Pedestrian,BUTTE
9657225,2023-09-23,9,17,6,minor injury,0,1,unsafe speed,broadside,no,no,no,0,0,0,0,0,0,Pickup or Panel Truck,LOS ANGELES
9657226,2023-09-05,9,8,2,minor injury,0,2,unsafe speed,rear end,no,no,no,0,0,0,0,0,0,Passenger Car/Station Wagon,LOS ANGELES
9657227,2023-09-08,9,9,5,possible injury,0,2,other hazardous violation,rear end,no,no,no,0,0,0,0,0,0,Pickup or Panel Truck,LOS ANGELES
9657228,2023-09-17,9,17,7,possible injury,0,1,improper turning,broadside,no,no,no,0,0,0,0,0,0,Passenger Car/Station Wagon,LOS ANGELES
9657229,2023-09-24,9,20,7,minor injury,0,1,improper turning,other,no,yes,no,0,1,0,0,0,0,Other Vehicle,ORANGE
9657230,2023-09-18,9,13,1,minor injury,0,1,automobile right of way,other,no,yes,no,0,1,0,0,0,0,Bicycle,LOS ANGELES
9657231,2023-09-17,9,0,7,minor injury,0,1,other hazardous violation,other,no,yes,no,0,1,0,0,0,0,Passenger Car/Station Wagon,LOS ANGELES
9657232,2023-09-21,9,14,4,minor injury,0,1,improper turning,overturned,no,no,no,0,0,0,0,0,0,Passenger Car/Station Wagon,ORANGE
9657233,2023-09-05,9,11,2,possible injury,0,1,unknown,broadside,no,no,no,0,0,0,0,0,0,Passenger Car/Station Wagon,LOS ANGELES
9657234,2023-09-09,9,9,6,possible injury,0,3,unknown,broadside,no,no,no,0,0,0,0,0,0,Not Stated,LOS ANGELES
9657235,2023-09-21,9,13,4,possible injury,0,1,traffic signs,broadside,no,no,no,0,0,0,0,0,0,Passenger Car/Station Wagon,ORANGE
9657236,2023-09-26,9,21,2,possible injury,0,2,unsafe speed,rear end,no,no,no,0,0,0,0,0,0,Passenger Car/Station Wagon,ORANGE
9657237,2023-09-03,9,0,7,minor injury,0,2,unsafe speed,rear end,no,no,no,0,0,0,0,0,0,Passenger Car/Station Wagon,LOS ANGELES
9657238,2023-09-16,9,21,6,possible injury,0,1,other hazardous violation,vehicle/pedestrian,no,no,no,0,0,0,0,0,0,Other Vehicle,LOS ANGELES
9657239,2023-09-26,9,1,2,severe injury,0,2,improper turning,hit object,no,no,no,0,0,0,0,0,0,Passenger Car/Station Wagon,LOS ANGELES
9657240,2023-09-16,9,13,6,minor injury,0,1,improper passing,sideswipe,no,no,no,0,0,0,0,0,0,Passenger Car/Station Wagon,LOS ANGELES
9657281,2023-09-18,9,16,1,possible injury,0,1,automobile right of way,sideswipe,no,yes,no,0,1,0,0,0,0,Bicycle,ALAMEDA
9657298,2023-10-13,10,8,5,minor injury,0,1,wrong side of road,head-on,no,no,no,0,0,0,0,0,0,Passenger Car/Station Wagon,SAN BERNARDINO
9657301,2023-10-10,10,13,2,possible injury,0,1,automobile right of way,broadside,no,no,no,0,0,0,0,0,0,Pickup or Panel Truck,LOS ANGELES
9657302,2023-10-14,10,19,6,minor injury,0,1,traffic signs,broadside,no,no,no,0,0,0,0,0,0,Pickup or Panel Truck,SAN BERNARDINO
9657303,2023-12-08,12,19,5,possible injury,0,1,automobile right of way,broadside,no,yes,no,0,1,0,0,0,0,Bicycle,VENTURA
9657304,2023-12-14,12,14,4,possible injury,0,1,following too closely,rear end,no,no,no,0,0,0,0,0,0,Pickup or Panel Truck,VENTURA
9657307,2023-12-12,12,21,2,minor injury,0,1,DUI,head-on,no,no,no,0,0,0,0,0,0,Pickup or Panel Truck,VENTURA
9657309,2023-12-03,12,5,7,minor injury,0,1,improper turning,head-on,no,no,no,0,0,0,0,0,0,Pickup or Panel Truck,ALAMEDA
9657320,2023-11-29,11,10,3,minor injury,0,2,unsafe speed,broadside,no,no,no,0,0,0,0,0,0,Passenger Car/Station Wagon,LOS ANGELES
9657326,2023-10-07,10,17,6,possible injury,0,1,automobile right of way,sideswipe,no,no,no,0,0,0,0,0,0,Pickup or Panel Truck,SAN BERNARDINO
9657327,2023-12-16,12,13,6,minor injury,0,1,unknown,broadside,no,no,no,0,0,0,0,0,0,Not Stated,LOS ANGELES
9657334,2023-12-22,12,20,5,possible injury,0,2,improper turning,broadside,no,no,no,0,0,0,0,0,0,Pickup or Panel Truck,VENTURA
9657337,2023-12-14,12,18,4,possible injury,0,1,unknown,broadside,no,no,no,0,0,0,0,0,0,Pickup or Panel Truck,ALAMEDA
9657353,2023-10-16,10,23,1,minor injury,0,3,traffic signs,broadside,no,no,no,0,0,0,0,0,0,Pickup or Panel Truck,ALAMEDA
9657360,2023-12-11,12,7,1,minor injury,0,3,unsafe speed,rear end,no,no,no,0,0,0,0,0,0,Passenger Car/Station Wagon,LOS ANGELES
9657362,2023-11-21,11,12,2,minor injury,0,1,unsafe lane change,head-on,no,no,no,0,0,0,0,0,0,Passenger Car/Station Wagon,LOS ANGELES
9657365,2023-11-18,11,11,6,possible injury,0,1,traffic signs,broadside,no,no,no,0,0,0,0,0,0,Passenger Car/Station Wagon,FRESNO
9657366,2023-12-19,12,15,2,possible injury,0,1,improper turning,rear end,no,no,no,0,0,0,0,0,0,Passenger Car/Station Wagon,LOS ANGELES
9657373,2023-11-20,11,9,1,minor injury,0,1,improper turning,overturned,no,no,no,0,0,0,0,0,0,Truck or Truck Tractor with Trailer,FRESNO
9657418,2023-11-29,11,12,3,possible injury,0,3,unsafe speed,rear end,no,no,no,0,0,0,0,0,0,Passenger Car/Station Wagon,ORANGE
9657434,2023-12-30,12,12,6,possible injury,0,1,unsafe speed,hit object,no,no,no,0,0,0,0,0,0,Truck or Truck Tractor,ORANGE
9657439,2023-12-18,12,6,1,possible injury,0,1,automobile right of way,broadside,no,no,no,0,0,0,0,0,0,Truck or Truck Tractor with Trailer,LOS ANGELES
9657461,2023-12-28,12,19,4,possible injury,0,2,unsafe speed,broadside,no,no,no,0,0,0,0,0,0,Passenger Car/Station Wagon,RIVERSIDE
9657462,2023-12-24,12,12,7,minor injury,0,1,wrong side of road,broadside,no,yes,no,0,1,0,0,0,0,Bicycle,LOS ANGELES
9657463,2023-12-21,12,17,4,possible injury,0,1,unsafe speed,rear end,no,no,no,0,0,0,0,0,0,Passenger Car/Station Wagon,ORANGE
9657464,2023-12-28,12,17,4,possible injury,0,1,automobile right of way,broadside,no,no,yes,0,0,1,0,0,0,Passenger Car/Station Wagon,ORANGE
9657465,2023-12-23,12,8,6,minor injury,0,3,traffic signs,head-on,no,no,no,0,0,0,0,0,0,Passenger Car/Station Wagon,VENTURA
9657466,2023-12-23,12,21,6,possible injury,0,1,unsafe speed,rear end,no,no,no,0,0,0,0,0,0,Passenger Car/Station Wagon,VENTURA
9657467,2023-12-31,12,17,7,possible injury,0,2,traffic signs,broadside,no,no,no,0,0,0,0,0,0,Passenger Car/Station Wagon,VENTURA
9657468,2023-12-13,12,14,3,severe injury,0,5,unsafe speed,overturned,no,no,no,0,0,0,0,0,0,Passenger Car/Station Wagon,VENTURA
9657469,2023-12-29,12,20,5,minor injury,0,1,DUI,rear end,no,no,no,0,0,0,0,0,0,Passenger Car/Station Wagon,VENTURA
9657470,2023-12-30,12,5,6,possible injury,0,2,unsafe speed,rear end,no,no,no,0,0,0,0,0,0,Passenger Car/Station Wagon,VENTURA
9657471,2023-12-13,12,1,3,minor injury,0,1,improper turning,hit object,no,no,no,0,0,0,0,0,0,Passenger Car/Station Wagon,RIVERSIDE
9657472,2023-12-23,12,23,6,possible injury,0,1,automobile right of way,sideswipe,no,no,no,0,0,0,0,0,0,Passenger Car/Station Wagon,VENTURA
9657473,2023-12-24,12,8,7,severe injury,0,1,pedestrian right of way,vehicle/pedestrian,yes,no,no,1,0,0,0,0,0,Passenger Car/Station Wagon,LOS ANGELES