CASE_ID,COLLISION_DATE,MONTH,HOUR,DAY_OF_WEEK,COLLISION_SEVERITY,NUMBER_KILLED,NUMBER_INJURED,PCF_VIOL_CATEGORY,TYPE_OF_COLLISION,PEDESTRIAN_ACCIDENT,BICYCLE_ACCIDENT,MOTORCYCLE_ACCIDENT,COUNT_PED_INJURED,COUNT_BICYCLIST_INJURED,COUNT_MC_INJURED,COUNT_PED_KILLED,COUNT_BICYCLIST_KILLED,COUNT_MC_KILLED,STWD_VEHTYPE_AT_FAULT,COUNTY
9670728,2023-11-29,11,11,3,possible injury,0,2,traffic signs,broadside,no,no,no,0,0,0,0,0,0,Passenger Car/Station Wagon,SAN FRANCISCO
9670729,2023-11-14,11,12,2,possible injury,0,1,unsafe speed,hit object,no,no,no,0,0,0,0,0,0,Passenger Car/Station Wagon,LOS ANGELES
9670730,2023-11-13,11,8,1,minor injury,0,1,pedestrian right of way,vehicle/pedestrian,yes,no,no,1,0,0,0,0,0,Not Stated,LOS ANGELES
9670731,2023-11-26,11,18,7,severe injury,0,1,DUI,broadside,no,no,yes,0,0,1,0,0,0,Passenger Car/Station Wagon,SAN BERNARDINO
9670732,2023-11-16,11,20,4,possible injury,0,1,other hazardous violation,other,no,yes,no,0,1,0,0,0,0,Passenger Car/Station Wagon,ALAMEDA
9670733,2023-11-15,11,8,3,possible injury,0,1,automobile right of way,other,no,yes,no,0,1,0,0,0,0,Bicycle,SANTA BARBARA
9670734,2023-11-26,11,14,7,possible injury,0,1,wrong side of road,vehicle/pedestrian,yes,no,no,1,0,0,0,0,0,Not Stated,LOS ANGELES
9670735,2023-11-07,11,17,2,severe injury,0,1,unknown,vehicle/pedestrian,yes,no,no,1,0,0,0,0,0,Pedestrian,SAN BERNARDINO
9670736,2023-11-28,11,10,2,minor injury,0,2,automobile right of way,broadside,no,no,no,0,0,0,0,0,0,Not Stated,LOS ANGELES
9670737,2023-11-17,11,23,5,minor injury,0,1,pedestrian violation,vehicle/pedestrian,yes,no,no,1,0,0,0,0,0,Pedestrian,CONTRA COSTA
9670738,2023-11-11,11,13,6,possible injury,0,1,other hazardous violation,broadside,no,no,yes,0,0,1,0,0,0,Motorcycle/Scooter,SANTA BARBARA
9670739,2023-11-15,11,9,3,possible injury,0,1,pedestrian right of way,vehicle/pedestrian,yes,no,no,1,0,0,0,0,0,Passenger Car/Station Wagon,SAN BERNARDINO
9670740,2023-11-14,11,18,2,minor injury,0,2,improper turning,other,no,no,no,0,0,0,0,0,0,Passenger Car/Station Wagon,LOS ANGELES
9670781,2023-12-11,12,8,1,possible injury,0,1,pedestrian right of way,other,no,no,no,0,0,0,0,0,0,Passenger Car/Station Wagon,ALAMEDA
9670782,2023-12-08,12,8,5,possible injury,0,1,unsafe lane change,sideswipe,no,no,no,0,0,0,0,0,0,Passenger Car/Station Wagon,RIVERSIDE
9670784,2023-11-11,11,15,6,minor injury,0,1,DUI,sideswipe,no,no,no,0,0,0,0,0,0,Passenger Car/Station Wagon,SAN DIEGO
9670785,2023-12-05,12,16,2,possible injury,0,1,unsafe speed,rear end,no,no,no,0,0,0,0,0,0,Passenger Car/Station Wagon,LOS ANGELES
9670787,2023-12-16,12,18,6,severe injury,0,2,unknown,sideswipe,no,no,yes,0,0,2,0,0,0,Not Stated,LOS ANGELES
9670788,2023-11-04,11,19,6,severe injury,0,1,traffic signs,broadside,no,no,yes,0,0,1,0,0,0,Not Stated,MERCED
9670790,2023-10-07,10,15,6,possible injury,0,1,unsafe starting or backing,rear end,no,no,no,0,0,0,0,0,0,Passenger Car/Station Wagon,RIVERSIDE
9670792,2023-07-15,7,1,6,severe injury,0,1,DUI,hit object,no,no,no,0,0,0,0,0,0,Passenger Car/Station Wagon,SANTA CLARA
9670794,2023-12-26,12,20,2,minor injury,0,1,wrong side of road,broadside,no,yes,no,0,1,0,0,0,0,Bicycle,SUTTER
9670795,2023-12-16,12,2,6,possible injury,0,3,automobile right of way,broadside,no,no,no,0,0,0,0,0,0,Passenger Car/Station Wagon,LOS ANGELES
9670797,2023-02-07,2,16,2,minor injury,0,2,unsafe speed,other,no,no,yes,0,0,2,0,0,0,Motorcycle/Scooter,ALAMEDA
9670798,2023-11-09,11,17,4,possible injury,0,2,unknown,rear end,no,no,no,0,0,0,0,0,0,Passenger Car/Station Wagon,SAN DIEGO
9670799,2023-12-31,12,13,7,possible injury,0,1,following too closely,rear end,no,no,yes,0,0,1,0,0,0,Motorcycle/Scooter,LOS ANGELES
9670801,2023-10-15,10,12,7,severe injury,0,1,impeding traffic,rear end,no,no,yes,0,0,1,0,0,0,Passenger Car/Station Wagon,SANTA BARBARA
9670802,2023-10-20,10,8,5,minor injury,0,1,unsafe speed,rear end,no,no,no,0,0,0,0,0,0,Passenger Car/Station Wagon,SANTA BARBARA
9670803,2023-10-27,10,6,5,minor injury,0,1,pedestrian right of way,vehicle/pedestrian,yes,no,no,1,0,0,0,0,0,Passenger Car/Station Wagon,SANTA BARBARA
9670804,2023-10-14,10,18,6,possible injury,0,1,wrong side of road,other,no,yes,no,0,1,0,0,0,0,Bicycle,SANTA BARBARA
9670805,2023-11-29,11,15,3,severe injury,0,1,pedestrian violation,vehicle/pedestrian,yes,no,no,1,0,0,0,0,0,Pedestrian,LOS ANGELES
9670806,2023-11-23,11,17,4,minor injury,0,1,automobile right of way,broadside,no,no,yes,0,0,1,0,0,0,Passenger Car/Station Wagon,LOS ANGELES
9670807,2023-11-21,11,17,2,minor injury,0,1,unsafe speed,rear end,no,no,no,0,0,0,0,0,0,Passenger Car/Station Wagon,SAN MATEO
9670809,2023-11-30,11,16,4,possible injury,0,1,following too closely,rear end,no,no,no,0,0,0,0,0,0,Passenger Car/Station Wagon,LOS ANGELES
9670810,2023-11-25,11,21,6,possible injury,0,1,unsafe speed,rear end,no,no,no,0,0,0,0,0,0,Passenger Car/Station Wagon,LOS ANGELES
9670811,2023-11-27,11,18,1,minor injury,0,1,DUI,head-on,no,yes,no,0,1,0,0,0,0,Bicycle,SANTA CLARA
9670812,2023-11-26,11,17,7,severe injury,0,1,automobile right of way,other,no,no,no,0,0,0,0,0,0,Passenger Car/Station Wagon,BUTTE
9670813,2023-10-26,10,10,4,possible injury,0,2,automobile right of way,broadside,no,no,no,0,0,0,0,0,0,Passenger Car/Station Wagon,LOS ANGELES
9670815,2023-10-29,10,9,7,possible injury,0,3,DUI,broadside,no,no,no,0,0,0,0,0,0,Passenger Car/Station Wagon,SAN BERNARDINO
9670816,2023-10-15,10,3,7,minor injury,0,1,unsafe speed,rear end,no,no,no,0,0,0,0,0,0,Passenger Car/Station Wagon,LOS ANGELES
9670817,2023-10-13,10,14,5,severe injury,0,3,traffic signs,broadside,no,no,no,0,0,0,0,0,0,Passenger Car/Station Wagon,LOS ANGELES
9670818,2023-10-07,10,21,6,possible injury,0,1,unsafe speed,rear end,no,no,no,0,0,0,0,0,0,Passenger Car/Station Wagon,LOS ANGELES
9670819,2023-10-02,10,9,1,severe injury,0,2,unknown,rear end,no,no,no,0,0,0,0,0,0,Not Stated,LOS ANGELES
9670820,2023-10-18,10,15,3,possible injury,0,1,unknown,other,no,yes,no,0,1,0,0,0,0,Not Stated,SANTA BARBARA
9670821,2023-11-15,11,17,3,minor injury,0,1,automobile right of way,broadside,no,no,no,0,0,0,0,0,0,Passenger Car/Station Wagon,SAN BERNARDINO
9670822,2023-11-04,11,17,6,possible injury,0,1,improper turning,head-on,no,no,yes,0,0,1,0,0,0,Motorcycle/Scooter,SAN BERNARDINO
9670823,2023-11-19,11,22,7,minor injury,0,1,DUI,broadside,no,no,no,0,0,0,0,0,0,Passenger Car/Station Wagon,SAN BERNARDINO
9670824,2023-11-05,11,19,7,minor injury,0,2,automobile right of way,broadside,no,no,no,0,0,0,0,0,0,Passenger Car/Station Wagon,SAN BERNARDINO
9670841,2023-11-22,11,3,3,minor injury,0,1,improper turning,sideswipe,no,no,no,0,0,0,0,0,0,Passenger Car/Station Wagon,LOS ANGELES
9670842,2023-11-20,11,13,1,possible injury,0,1,automobile right of way,hit object,no,no,no,0,0,0,0,0,0,Passenger Car/Station Wagon,LOS ANGELES
9670843,2023-11-20,11,19,1,severe injury,0,1,pedestrian violation,vehicle/pedestrian,yes,no,no,1,0,0,0,0,0,Pedestrian,LOS ANGELES
9670844,2023-11-20,11,19,1,severe injury,0,1,pedestrian violation,vehicle/pedestrian,yes,no,no,1,0,0,0,0,0,Pedestrian,LOS ANGELES
9670845,2023-11-17,11,8,5,minor injury,0,2,automobile right of way,broadside,yes,no,no,2,0,0,0,0,0,Passenger Car/Station Wagon,LOS ANGELES
9670846,2023-11-30,11,21,4,minor injury,0,1,DUI,sideswipe,no,no,no,0,0,0,0,0,0,Passenger Car/Station Wagon,LOS ANGELES
9670847,2023-11-28,11,8,2,possible injury,0,1,pedestrian violation,vehicle/pedestrian,yes,no,no,1,0,0,0,0,0,Pedestrian,LOS ANGELES
9670848,2023-10-05,10,12,4,possible injury,0,1,unsafe starting or backing,other,no,no,no,0,0,0,0,0,0,Truck or Truck Tractor,LOS ANGELES
9670849,2023-11-20,11,16,1,minor injury,0,1,traffic signs,broadside,no,no,no,0,0,0,0,0,0,Not Stated,LOS ANGELES
9670850,2023-11-24,11,22,5,possible injury,0,1,DUI,broadside,no,no,no,0,0,0,0,0,0,Passenger Car/Station Wagon,SAN DIEGO
9670851,2023-11-28,11,19,2,severe injury,0,1,automobile right of way,broadside,no,no,yes,0,0,1,0,0,0,Passenger Car/Station Wagon,LOS ANGELES
9670852,2023-11-07,11,18,2,possible injury,0,1,automobile right of way,broadside,no,no,no,0,0,0,0,0,0,Passenger Car/Station Wagon,LOS ANGELES
9670853,2023-11-24,11,19,5,minor injury,0,3,unknown,head-on,no,no,no,0,0,0,0,0,0,Not Stated,LOS ANGELES
9670854,2023-11-01,11,16,3,possible injury,0,1,unsafe speed,rear end,no,no,no,0,0,0,0,0,0,Passenger Car/Station Wagon,LOS ANGELES
9670855,2023-11-26,11,17,7,minor injury,0,3,unknown,broadside,no,no,no,0,0,0,0,0,0,Not Stated,LOS ANGELES
9670856,2023-11-16,11,20,4,minor injury,0,1,automobile right of way,broadside,no,no,no,0,0,0,0,0,0,Passenger Car/Station Wagon,LOS ANGELES
9670857,2023-11-17,11,7,5,possible injury,0,2,automobile right of way,broadside,no,no,no,0,0,0,0,0,0,Passenger Car/Station Wagon,LOS ANGELES
9670858,2023-11-19,11,0,7,severe injury,0,2,DUI,sideswipe,no,no,no,0,0,0,0,0,0,Passenger Car/Station Wagon,SAN DIEGO
9670859,2023-11-12,11,21,7,minor injury,0,1,DUI,broadside,no,no,no,0,0,0,0,0,0,Passenger Car/Station Wagon,SAN DIEGO
9670860,2023-11-05,11,16,7,possible injury,0,2,unsafe lane change,head-on,no,no,no,0,0,0,0,0,0,Passenger Car/Station Wagon,LOS ANGELES
9670861,2023-11-04,11,13,6,minor injury,0,1,improper turning,other,no,yes,no,0,1,0,0,0,0,Bicycle,SANTA BARBARA
9670862,2023-11-09,11,10,4,minor injury,0,1,improper turning,sideswipe,no,no,no,0,0,0,0,0,0,Passenger Car/Station Wagon,SANTA BARBARA
9670863,2023-11-15,11,12,3,minor injury,0,1,improper passing,other,no,yes,no,0,1,0,0,0,0,Passenger Car/Station Wagon,SANTA BARBARA
9670864,2023-11-21,11,13,2,possible injury,0,1,improper turning,other,no,yes,no,0,1,0,0,0,0,Passenger Car/Station Wagon,SANTA BARBARA
9670865,2023-11-02,11,16,4,possible injury,0,1,unsafe speed,rear end,no,no,no,0,0,0,0,0,0,Passenger Car/Station Wagon,SANTA BARBARA
9670866,2023-11-08,11,15,3,possible injury,0,1,other than driver or pedestrian,other,no,yes,no,0,1,0,0,0,0,Not Stated,SANTA BARBARA
9670867,2023-11-10,11,12,5,possible injury,0,1,unsafe speed,other,no,yes,no,0,1,0,0,0,0,Other Vehicle,SANTA BARBARA
9670868,2023-11-16,11,8,4,possible injury,0,2,traffic signs,broadside,no,no,no,0,0,0,0,0,0,Pickup or Panel Truck,SANTA BARBARA
9670869,2023-11-27,11,14,1,possible injury,0,1,following too closely,sideswipe,no,no,no,0,0,0,0,0,0,Passenger Car/Station Wagon,LOS ANGELES
9670870,2023-11-17,11,16,5,minor injury,0,1,pedestrian right of way,vehicle/pedestrian,yes,no,no,1,0,0,0,0,0,Passenger Car/Station Wagon,LOS ANGELES
9670872,2023-11-13,11,7,1,possible injury,0,1,unsafe speed,rear end,no,no,no,0,0,0,0,0,0,Passenger Car/Station Wagon,SAN BERNARDINO
9670894,2023-12-31,12,10,7,possible injury,0,1,improper turning,hit object,no,no,no,0,0,0,0,0,0,Emergency Vehicle,SAN BERNARDINO
9670898,2023-08-23,8,21,3,possible injury,0,1,unsafe lane change,sideswipe,no,no,no,0,0,0,0,0,0,Passenger Car/Station Wagon,ORANGE
9670899,2023-08-11,8,10,5,possible injury,0,1,automobile right of way,rear end,no,no,no,0,0,0,0,0,0,Pickup or Panel Truck,ORANGE
9670919,2023-12-29,12,22,5,possible injury,0,2,traffic signs,broadside,no,no,no,0,0,0,0,0,0,Passenger Car/Station Wagon,SAN FRANCISCO
9670927,2023-12-28,12,11,4,minor injury,0,1,unsafe speed,broadside,no,no,no,0,0,0,0,0,0,Passenger Car/Station Wagon,SAN FRANCISCO
9670930,2023-12-29,12,14,5,possible injury,0,3,traffic signs,broadside,no,no,no,0,0,0,0,0,0,Emergency Vehicle,SAN FRANCISCO
9670939,2023-01-14,1,1,6,possible injury,0,1,traffic signs,broadside,no,no,no,0,0,0,0,0,0,Passenger Car/Station Wagon,SAN FRANCISCO
9670954,2023-10-12,10,11,4,minor injury,0,4,unsafe speed,broadside,no,no,no,0,0,0,0,0,0,Passenger Car/Station Wagon,ORANGE
9670955,2023-11-11,11,3,6,minor injury,0,1,DUI,sideswipe,no,no,no,0,0,0,0,0,0,Passenger Car/Station Wagon,LOS ANGELES
9670959,2023-12-12,12,13,2,minor injury,0,1,automobile right of way,broadside,no,no,no,0,0,0,0,0,0,Passenger Car/Station Wagon,ORANGE
9670973,2023-09-23,9,0,6,possible injury,0,1,automobile right of way,broadside,no,no,no,0,0,0,0,0,0,Emergency Vehicle,LOS ANGELES
9670978,2023-12-05,12,15,2,possible injury,0,1,unsafe starting or backing,rear end,no,no,no,0,0,0,0,0,0,Emergency Vehicle,ORANGE
9670990,2023-12-05,12,17,2,possible injury,0,1,other than driver or pedestrian,broadside,no,no,no,0,0,0,0,0,0,Not Stated,SACRAMENTO
9670998,2023-12-28,12,8,4,possible injury,0,5,other improper driving,broadside,no,no,no,0,0,0,0,0,0,Emergency Vehicle,SAN DIEGO
9671008,2023-11-28,11,7,2,minor injury,0,1,unsafe speed,rear end,no,no,no,0,0,0,0,0,0,Emergency Vehicle,LOS ANGELES
9671016,2023-12-14,12,13,4,possible injury,0,2,automobile right of way,broadside,no,no,no,0,0,0,0,0,0,Passenger Car/Station Wagon,SAN BERNARDINO
9671028,2023-12-25,12,17,1,possible injury,0,1,improper turning,broadside,no,no,no,0,0,0,0,0,0,Passenger Car/Station Wagon,LOS ANGELES
9671029,2023-12-22,12,7,5,possible injury,0,1,improper turning,hit object,no,no,no,0,0,0,0,0,0,Passenger Car/Station Wagon,ALAMEDA
9671031,2023-12-28,12,12,4,minor injury,0,1,unsafe speed,broadside,no,no,no,0,0,0,0,0,0,Passenger Car/Station Wagon,LOS ANGELES
9671035,2023-12-31,12,21,7,minor injury,0,2,traffic signs,broadside,no,no,no,0,0,0,0,0,0,Passenger Car/Station Wagon,SAN JOAQUIN
9671038,2023-11-10,11,12,5,possible injury,0,1,pedestrian right of way,vehicle/pedestrian,yes,no,no,1,0,0,0,0,0,Passenger Car/Station Wagon,ALAMEDA
9671039,2023-11-11,11,17,6,severe injury,0,1,pedestrian violation,vehicle/pedestrian,yes,no,no,1,0,0,0,0,0,Pedestrian,ALAMEDA
9671047,2023-12-04,12,5,1,severe injury,0,1,automobile right of way,vehicle/pedestrian,yes,no,no,1,0,0,0,0,0,Pickup or Panel Truck,LOS ANGELES
9671051,2023-11-14,11,18,2,minor injury,0,1,automobile right of way,broadside,no,yes,no,0,1,0,0,0,0,Emergency Vehicle,LOS ANGELES
9671052,2023-10-03,10,18,2,possible injury,0,1,unsafe starting or backing,other,no,no,no,0,0,0,0,0,0,Emergency Vehicle,LOS ANGELES
9671054,2023-12-19,12,7,2,minor injury,0,3,automobile right of way,broadside,no,no,no,0,0,0,0,0,0,Emergency Vehicle,SAN BERNARDINO
9671057,2023-10-18,10,13,3,possible injury,0,1,unknown,broadside,no,no,no,0,0,0,0,0,0,Not Stated,LOS ANGELES
9671062,2023-12-31,12,22,7,minor injury,0,1,other improper driving,vehicle/pedestrian,yes,no,no,1,0,0,0,0,0,Emergency Vehicle,SAN DIEGO
9671067,2023-12-16,12,21,6,minor injury,0,1,pedestrian violation,vehicle/pedestrian,yes,no,no,1,0,0,0,0,0,Pedestrian,TULARE
9671077,2023-09-07,9,8,4,possible injury,0,3,automobile right of way,broadside,no,no,no,0,0,0,0,0,0,Emergency Vehicle,LOS ANGELES
9671079,2023-12-11,12,0,1,possible injury,0,3,unsafe speed,broadside,no,no,no,0,0,0,0,0,0,Emergency Vehicle,ALAMEDA
9671086,2023-11-01,11,16,3,possible injury,0,2,traffic signs,broadside,no,no,no,0,0,0,0,0,0,Passenger Car/Station Wagon,SAN BERNARDINO
9671091,2023-12-31,12,6,7,minor injury,0,2,traffic signs,broadside,no,no,no,0,0,0,0,0,0,Passenger Car/Station Wagon,LOS ANGELES
9671117,2023-06-29,6,18,4,minor injury,0,1,traffic signs,vehicle/pedestrian,yes,no,no,1,0,0,0,0,0,Passenger Car/Station Wagon,LOS ANGELES
9671119,2023-06-24,6,22,6,possible injury,0,2,wrong side of road,head-on,no,no,no,0,0,0,0,0,0,Passenger Car/Station Wagon,LOS ANGELES
9671120,2023-05-30,5,17,2,possible injury,0,1,unsafe speed,broadside,no,yes,no,0,1,0,0,0,0,Passenger Car/Station Wagon,LOS ANGELES
9671324,2023-09-11,9,15,1,possible injury,0,3,unsafe speed,rear end,no,no,no,0,0,0,0,0,0,Passenger Car/Station Wagon,ALAMEDA
9671327,2023-12-29,12,12,5,possible injury,0,1,unsafe speed,broadside,no,no,no,0,0,0,0,0,0,Passenger Car/Station Wagon,ALAMEDA
9671328,2023-12-10,12,20,7,minor injury,0,1,pedestrian violation,head-on,yes,no,no,1,0,0,0,0,0,Passenger Car/Station Wagon,ALAMEDA
9671331,2023-11-12,11,3,7,possible injury,0,1,DUI,hit object,no,no,no,0,0,0,0,0,0,Passenger Car/Station Wagon,LOS ANGELES
9671361,2023-12-17,12,2,7,severe injury,0,2,traffic signs,broadside,no,no,no,0,0,0,0,0,0,Not Stated,LOS ANGELES
9671362,2023-12-15,12,21,5,minor injury,0,2,unknown,broadside,no,no,yes,0,0,1,0,0,0,Motorcycle/Scooter,LOS ANGELES
9671364,2023-10-18,10,8,3,minor injury,0,1,improper turning,broadside,no,no,yes,0,0,1,0,0,0,Emergency Vehicle,LOS ANGELES
9671365,2023-07-07,7,17,5,possible injury,0,1,pedestrian right of way,vehicle/pedestrian,yes,no,no,1,0,0,0,0,0,Emergency Vehicle,LOS ANGELES
9671366,2023-07-16,7,13,7,minor injury,0,3,unknown,broadside,no,no,no,0,0,0,0,0,0,Passenger Car/Station Wagon,LOS ANGELES
9671367,2023-10-05,10,17,4,possible injury,0,1,automobile right of way,head-on,no,no,no,0,0,0,0,0,0,Emergency Vehicle,LOS ANGELES
9671368,2023-12-17,12,12,7,minor injury,0,2,other than driver or pedestrian,broadside,no,no,no,0,0,0,0,0,0,Not Stated,LOS ANGELES
9671369,2023-12-09,12,7,6,severe injury,0,1,other than driver or pedestrian,other,no,no,no,0,0,0,0,0,0,Not Stated,LOS ANGELES
9671371,2023-11-28,11,20,2,possible injury,0,2,traffic signs,head-on,no,no,no,0,0,0,0,0,0,Emergency Vehicle,LOS ANGELES
9671372,2023-12-13,12,14,3,minor injury,0,3,other improper driving,broadside,no,no,no,0,0,0,0,0,0,Emergency Vehicle,SAN DIEGO
9671373,2023-12-08,12,15,5,minor injury,0,2,unsafe lane change,sideswipe,no,no,no,0,0,0,0,0,0,Pickup or Panel Truck,SAN MATEO
9671374,2023-11-12,11,22,7,possible injury,0,1,traffic signs,rear end,no,no,no,0,0,0,0,0,0,Pickup or Panel Truck,LOS ANGELES
9671375,2023-12-31,12,17,7,possible injury,0,4,other than driver or pedestrian,sideswipe,no,no,no,0,0,0,0,0,0,Not Stated,LOS ANGELES
9671376,2023-11-12,11,23,7,possible injury,0,2,unsafe speed,rear end,no,no,no,0,0,0,0,0,0,Emergency Vehicle,LOS ANGELES
9671378,2023-06-16,6,20,5,minor injury,0,3,other improper driving,head-on,no,no,no,0,0,0,0,0,0,Emergency Vehicle,LOS ANGELES
9671394,2023-07-23,7,14,7,possible injury,0,1,automobile right of way,other,no,yes,no,0,1,0,0,0,0,Bicycle,LOS ANGELES
9671395,2023-09-10,9,1,7,possible injury,0,1,unsafe starting or backing,other,no,no,no,0,0,0,0,0,0,Emergency Vehicle,LOS ANGELES
9671605,2023-12-28,12,20,4,severe injury,0,1,unsafe speed,hit object,no,no,no,0,0,0,0,0,0,Pickup or Panel Truck,LOS ANGELES
9671621,2023-12-02,12,22,6,severe injury,0,4,DUI,rear end,no,no,no,0,0,0,0,0,0,Passenger Car/Station Wagon,LOS ANGELES
9671637,2023-10-11,10,14,3,minor injury,0,1,automobile right of way,other,no,yes,no,0,1,0,0,0,0,Pickup or Panel Truck,LOS ANGELES
9671647,2023-09-09,9,20,6,possible injury,0,1,unsafe speed,rear end,no,no,no,0,0,0,0,0,0,Pickup or Panel Truck,LOS ANGELES
9671668,2023-12-22,12,20,5,possible injury,0,2,unsafe speed,rear end,no,no,no,0,0,0,0,0,0,Pickup or Panel Truck,LOS ANGELES
9671799,2023-12-15,12,15,5,possible injury,0,1,improper turning,rear end,no,no,no,0,0,0,0,0,0,Passenger Car/Station Wagon,LOS ANGELES
9671873,2023-01-11,1,14,3,minor injury,0,1,pedestrian right of way,vehicle/pedestrian,yes,no,no,1,0,0,0,0,0,Passenger Car/Station Wagon,LOS ANGELES
9671881,2023-12-28,12,14,4,possible injury,0,1,improper turning,sideswipe,no,no,yes,0,0,1,0,0,0,Passenger Car/Station Wagon,SAN FRANCISCO
9671882,2023-12-30,12,8,6,minor injury,0,1,unsafe lane change,rear end,no,no,no,0,0,0,0,0,0,Passenger Car/Station Wagon,SAN FRANCISCO
9671883,2023-12-23,12,16,6,minor injury,0,1,wrong side of road,broadside,no,yes,no,0,1,0,0,0,0,Bicycle,SANTA CLARA
9671884,2023-12-01,12,15,5,minor injury,0,1,improper turning,rear end,no,no,no,0,0,0,0,0,0,Passenger Car/Station Wagon,ORANGE
9671885,2023-12-21,12,16,4,severe injury,0,2,traffic signs,broadside,no,no,no,0,0,0,0,0,0,Not Stated,TULARE
9671886,2023-12-18,12,17,1,possible injury,0,1,pedestrian right of way,broadside,yes,no,no,1,0,0,0,0,0,Passenger Car/Station Wagon,TULARE
9671887,2023-12-31,12,10,7,minor injury,0,1,unknown,broadside,no,no,no,0,0,0,0,0,0,Not Stated,TULARE
9671888,2023-12-20,12,5,3,possible injury,0,1,wrong side of road,other,no,no,no,0,0,0,0,0,0,Passenger Car/Station Wagon,TULARE
9671889,2023-12-15,12,19,5,severe injury,0,1,pedestrian violation,vehicle/pedestrian,yes,no,no,1,0,0,0,0,0,Pedestrian,BUTTE
9671890,2023-12-31,12,12,7,severe injury,0,1,unsafe speed,hit object,no,no,no,0,0,0,0,0,0,Passenger Car/Station Wagon,TULARE
9671891,2023-12-28,12,15,4,minor injury,0,2,traffic signs,other,no,no,no,0,0,0,0,0,0,Passenger Car/Station Wagon,LOS ANGELES
9671892,2023-12-08,12,21,5,minor injury,0,1,unsafe speed,rear end,no,no,no,0,0,0,0,0,0,Not Stated,LOS ANGELES
9671893,2023-12-16,12,10,6,possible injury,0,1,unsafe speed,rear end,no,no,no,0,0,0,0,0,0,Passenger Car/Station Wagon,LOS ANGELES
9671894,2023-12-26,12,18,2,possible injury,0,1,unknown,vehicle/pedestrian,yes,no,no,1,0,0,0,0,0,Not Stated,LOS ANGELES
9671895,2023-12-29,12,13,5,minor injury,0,1,automobile right of way,broadside,no,no,no,0,0,0,0,0,0,Passenger Car/Station Wagon,LOS ANGELES
9671896,2023-12-15,12,19,5,minor injury,0,1,DUI,rear end,no,no,no,0,0,0,0,0,0,Passenger Car/Station Wagon,LOS ANGELES
9671965,2023-12-31,12,0,7,severe injury,0,1,DUI,head-on,no,no,no,0,0,0,0,0,0,Passenger Car/Station Wagon,STANISLAUS
9672006,2023-09-26,9,16,2,minor injury,0,1,following too closely,rear end,no,no,no,0,0,0,0,0,0,Truck or Truck Tractor,MERCED
9672016,2023-11-14,11,8,2,minor injury,0,1,improper turning,broadside,no,no,no,0,0,0,0,0,0,Pickup or Panel Truck,LOS ANGELES
9672026,2023-07-05,7,18,3,minor injury,0,1,unsafe speed,rear end,no,no,no,0,0,0,0,0,0,Passenger Car/Station Wagon,MERCED
9672027,2023-10-23,10,15,1,severe injury,0,1,pedestrian right of way,vehicle/pedestrian,yes,no,no,1,0,0,0,0,0,Pickup or Panel Truck,MERCED
9672034,2023-09-05,9,7,2,possible injury,0,3,unsafe speed,rear end,no,no,no,0,0,0,0,0,0,Pickup or Panel Truck,MERCED
9672036,2023-10-17,10,10,2,possible injury,0,1,other improper driving,sideswipe,no,no,no,0,0,0,0,0,0,Other Vehicle,ALAMEDA
9672037,2023-12-24,12,2,7,minor injury,0,1,automobile right of way,sideswipe,no,no,no,0,0,0,0,0,0,Pickup or Panel Truck,SAN DIEGO
9672038,2023-09-05,9,7,2,possible injury,0,1,unsafe speed,rear end,no,no,no,0,0,0,0,0,0,Pickup or Panel Truck,MERCED
9672042,2023-09-11,9,14,1,minor injury,0,2,unsafe speed,rear end,no,no,no,0,0,0,0,0,0,Not Stated,MERCED
9672047,2023-10-19,10,18,4,minor injury,0,2,DUI,broadside,no,no,no,0,0,0,0,0,0,Pickup or Panel Truck,MERCED
9672048,2023-11-16,11,16,4,possible injury,0,1,improper turning,sideswipe,no,no,no,0,0,0,0,0,0,Truck or Truck Tractor,ALAMEDA
9672050,2023-09-18,9,8,1,possible injury,0,1,unsafe speed,rear end,no,no,no,0,0,0,0,0,0,Schoolbus,MERCED
9672055,2023-10-22,10,13,7,minor injury,0,1,improper turning,broadside,no,no,no,0,0,0,0,0,0,Other Vehicle,MERCED
9672056,2023-11-22,11,8,3,possible injury,0,1,automobile right of way,hit object,no,no,yes,0,0,1,0,0,0,Not Stated,ALAMEDA
9672058,2023-09-25,9,8,1,possible injury,0,2,traffic signs,broadside,no,no,no,0,0,0,0,0,0,Passenger Car/Station Wagon,MERCED
9672069,2023-07-11,7,19,2,minor injury,0,1,automobile right of way,broadside,no,no,no,0,0,0,0,0,0,Passenger Car/Station Wagon,MERCED
9672070,2023-12-20,12,17,3,possible injury,0,2,unsafe speed,rear end,no,no,no,0,0,0,0,0,0,Pickup or Panel Truck,LOS ANGELES
9672081,2023-12-20,12,15,3,minor injury,0,1,automobile right of way,broadside,no,no,no,0,0,0,0,0,0,Passenger Car/Station Wagon,LOS ANGELES
9672082,2023-12-24,12,18,7,severe injury,0,2,automobile right of way,broadside,no,no,no,0,0,0,0,0,0,Passenger Car/Station Wagon,LOS ANGELES
9672083,2023-12-23,12,1,6,minor injury,0,4,traffic signs,broadside,no,no,no,0,0,0,0,0,0,Passenger Car/Station Wagon,PLACER